{
  "stead_win_frac": 0.7708333333333334,
  "stead_mean_delta_zh_minus_pe": -8.14403344247313,
  "stead_win_by_distance_bin": {
    "0-40": {
      "win": 0.6923076923076923,
      "n": 13
    },
    "40-80": {
      "win": 0.75,
      "n": 12
    },
    "80-120": {
      "win": 0.8125,
      "n": 16
    },
    "120-200": {
      "win": 0.8571428571428571,
      "n": 7
    }
  },
  "synth_zhizi_wave_better_frac": 0.9375,
  "synth_mean_zhizi_wave": 0.9244259316474199,
  "synth_mean_perturb_wave": 0.982438649982214,
  "synth_mean_gn": 0.13579009441309609,
  "note": "gn_tt dominates absolute Vp RMSE on synth travel-time oracle; Zhizi claim is as FWI-lite init (Route A2)."
}