{
  "kernel_omegas": {
    "scale0_layer0": {
      "gamma": 0.6904696226119995,
      "omega": 0.8983631134033203,
      "wave_speed": 1.3904756307601929
    },
    "scale0_layer1": {
      "gamma": 1.013917088508606,
      "omega": 0.9218748807907104,
      "wave_speed": 1.3971824645996094
    },
    "scale0_layer2": {
      "gamma": 0.9346898198127747,
      "omega": 0.9755290746688843,
      "wave_speed": 2.63352370262146
    },
    "scale1_layer0": {
      "gamma": 0.7488853335380554,
      "omega": 0.8374077081680298,
      "wave_speed": 1.5503408908843994
    },
    "scale1_layer1": {
      "gamma": 0.927886962890625,
      "omega": 0.7715809345245361,
      "wave_speed": 1.1286381483078003
    },
    "scale1_layer2": {
      "gamma": 0.7980494499206543,
      "omega": 0.7948664426803589,
      "wave_speed": 1.474152684211731
    }
  },
  "anova_p_omega_proxy_hc_ad": 0.0018435239808242475,
  "n_test_epochs": 1336
}