{
  "hnf_weight": 0.05,
  "init_rmse": {
    "vp_rmse": 0.44666221737861633,
    "vs_rmse": 0.29514285922050476,
    "q_rmse": 0.0
  },
  "baseline": {
    "name": "baseline",
    "hnf_weight": 0.0,
    "rmse": {
      "vp_rmse": 0.8516969680786133,
      "vs_rmse": 0.462235689163208,
      "q_rmse": 0.0
    },
    "final_loss": {
      "loss": 0.03705664724111557,
      "loss_tp": 0.0009702855022624135,
      "loss_ts": 0.023028429597616196,
      "smooth": 0.09526871889829636,
      "anchor": 1.6588990688323975
    },
    "recovered": {
      "vp": [
        4.239439010620117,
        4.569688320159912,
        4.98613977432251,
        5.257625102996826,
        5.413208961486816
      ],
      "vs": [
        2.7654449939727783,
        2.7545690536499023,
        2.7554893493652344,
        3.2525854110717773,
        3.52553391456604
      ]
    }
  },
  "hnf_regularized": {
    "name": "hnf_regularized",
    "hnf_weight": 0.05,
    "rmse": {
      "vp_rmse": 1.140141248703003,
      "vs_rmse": 0.7477174401283264,
      "q_rmse": 0.0
    },
    "final_loss": {
      "loss": 0.2615145444869995,
      "loss_tp": 0.00429823063313961,
      "loss_ts": 0.02398482710123062,
      "smooth": 0.034177497029304504,
      "anchor": 2.6221139430999756,
      "loss_hnf": 4.3682403564453125
    },
    "recovered": {
      "vp": [
        4.278592109680176,
        4.550597190856934,
        4.78259801864624,
        4.865737438201904,
        4.903708457946777
      ],
      "vs": [
        2.759834051132202,
        2.7474496364593506,
        2.750438690185547,
        2.7608749866485596,
        2.7641825675964355
      ]
    }
  }
}