{
  "checkpoint": "outputs/run18/18_pick_refine/best.pt",
  "n_test": 126566,
  "default": {
    "det_threshold": 0.5,
    "pick_threshold": 0.3,
    "det": {
      "tp": 101523,
      "fp": 771,
      "fn": 1517,
      "precision": 0.992462901049915,
      "recall": 0.9852775621118013,
      "f1": 0.988857179035133
    },
    "p": {
      "tp": 93407,
      "fp": 8501,
      "fn": 9633,
      "precision": 0.9165816226400283,
      "recall": 0.9065120341614907,
      "f1": 0.9115190194585945
    },
    "s": {
      "tp": 90932,
      "fp": 7268,
      "fn": 12108,
      "precision": 0.9259877800407332,
      "recall": 0.8824922360248447,
      "f1": 0.9037169548797455
    }
  },
  "error_breakdown_pick03_det05": {
    "p_tp": 93407,
    "s_tp": 90932,
    "s_fn_no_peak": 2102,
    "s_fn_wrong_peak": 8489,
    "p_fn_wrong_peak": 4876,
    "p_fn_no_peak": 3240,
    "p_fn_missed_det": 1517,
    "s_fn_missed_det": 1517
  },
  "p_wrong_peak_distance": {
    ">1.0s": 3457,
    "0.5-1.0s": 1419
  },
  "s_wrong_peak_distance": {
    ">1.0s": 5453,
    "0.5-1.0s": 3036
  },
  "p_mae_sec": 0.09562345434492414,
  "s_mae_sec": 0.11435083358992819,
  "det_threshold_sweep": {
    "0.4": {
      "tp": 101687,
      "fp": 910,
      "fn": 1353,
      "precision": 0.9911303449418599,
      "recall": 0.9868691770186335,
      "f1": 0.9889951711024766
    },
    "0.45": {
      "tp": 101618,
      "fp": 839,
      "fn": 1422,
      "precision": 0.9918111988443933,
      "recall": 0.9861995341614906,
      "f1": 0.9889974062881697
    },
    "0.5": {
      "tp": 101523,
      "fp": 771,
      "fn": 1517,
      "precision": 0.992462901049915,
      "recall": 0.9852775621118013,
      "f1": 0.988857179035133
    },
    "0.55": {
      "tp": 101432,
      "fp": 732,
      "fn": 1608,
      "precision": 0.9928350495282096,
      "recall": 0.9843944099378882,
      "f1": 0.9885967135143564
    }
  },
  "pick_threshold_sweep": {
    "0.4": {
      "0.2": {
        "p_f1": 0.8830148759092653,
        "s_f1": 0.8851963451618251,
        "p_recall": 0.9153823757763975,
        "s_recall": 0.8809782608695652
      },
      "0.25": {
        "p_f1": 0.9007477092124863,
        "s_f1": 0.8958359002666325,
        "p_recall": 0.9125097049689441,
        "s_recall": 0.8820166925465839
      },
      "0.28": {
        "p_f1": 0.9082259931890075,
        "s_f1": 0.9012733963675267,
        "p_recall": 0.909772903726708,
        "s_recall": 0.8829968944099379
      },
      "0.3": {
        "p_f1": 0.9121824911129207,
        "s_f1": 0.9042886587697733,
        "p_recall": 0.9077251552795031,
        "s_recall": 0.8835112577639752
      },
      "0.32": {
        "p_f1": 0.9150322950843791,
        "s_f1": 0.9071118790238656,
        "p_recall": 0.9053571428571429,
        "s_recall": 0.8840159161490683
      },
      "0.35": {
        "p_f1": 0.9181681125033982,
        "s_f1": 0.9109144424844211,
        "p_recall": 0.9013489906832298,
        "s_recall": 0.8845302795031056
      }
    },
    "0.45": {
      "0.2": {
        "p_f1": 0.8827115406225419,
        "s_f1": 0.884962571017532,
        "p_recall": 0.9148194875776398,
        "s_recall": 0.8805609472049689
      },
      "0.25": {
        "p_f1": 0.900447502323754,
        "s_f1": 0.8956018495696497,
        "p_recall": 0.9119565217391304,
        "s_recall": 0.8815993788819876
      },
      "0.28": {
        "p_f1": 0.9079244478471125,
        "s_f1": 0.9010393444896908,
        "p_recall": 0.9092197204968944,
        "s_recall": 0.8825795807453416
      },
      "0.3": {
        "p_f1": 0.9118853558485395,
        "s_f1": 0.904060048782184,
        "p_recall": 0.9071816770186335,
        "s_recall": 0.883103649068323
      },
      "0.32": {
        "p_f1": 0.9147395582940063,
        "s_f1": 0.9068832766408853,
        "p_recall": 0.9048233695652174,
        "s_recall": 0.8836083074534161
      },
      "0.35": {
        "p_f1": 0.9178792688293259,
        "s_f1": 0.9106858133943789,
        "p_recall": 0.9008249223602485,
        "s_recall": 0.8841226708074534
      }
    },
    "0.5": {
      "0.2": {
        "p_f1": 0.8823504615773722,
        "s_f1": 0.8846198876053699,
        "p_recall": 0.9141498447204969,
        "s_recall": 0.8799495341614907
      },
      "0.25": {
        "p_f1": 0.9000838745237125,
        "s_f1": 0.8952587588451393,
        "p_recall": 0.9112868788819876,
        "s_recall": 0.8809879658385094
      },
      "0.28": {
        "p_f1": 0.9075591963355226,
        "s_f1": 0.9007016987452674,
        "p_recall": 0.9085500776397516,
        "s_recall": 0.8819778726708074
      },
      "0.3": {
        "p_f1": 0.9115190194585945,
        "s_f1": 0.9037169548797455,
        "p_recall": 0.9065120341614907,
        "s_recall": 0.8824922360248447
      },
      "0.32": {
        "p_f1": 0.9143720832086055,
        "s_f1": 0.9065401936949504,
        "p_recall": 0.9041537267080745,
        "s_recall": 0.8829968944099379
      },
      "0.35": {
        "p_f1": 0.9175153202791531,
        "s_f1": 0.9103481378151764,
        "p_recall": 0.9001649844720497,
        "s_recall": 0.8835209627329192
      }
    },
    "0.55": {
      "0.2": {
        "p_f1": 0.8820362900392134,
        "s_f1": 0.8843042150155661,
        "p_recall": 0.913567546583851,
        "s_recall": 0.879386645962733
      },
      "0.25": {
        "p_f1": 0.8997727556020059,
        "s_f1": 0.8949427090269659,
        "p_recall": 0.9107142857142857,
        "s_recall": 0.8804250776397515
      },
      "0.28": {
        "p_f1": 0.9072466859963344,
        "s_f1": 0.9003856487126868,
        "p_recall": 0.9079774844720497,
        "s_recall": 0.8814149844720497
      },
      "0.3": {
        "p_f1": 0.9112055796065187,
        "s_f1": 0.903406351431284,
        "p_recall": 0.9059394409937889,
        "s_recall": 0.881939052795031
      },
      "0.32": {
        "p_f1": 0.9140629985421094,
        "s_f1": 0.9062295996930299,
        "p_recall": 0.9035908385093168,
        "s_recall": 0.8824437111801242
      },
      "0.35": {
        "p_f1": 0.917204700061843,
        "s_f1": 0.9100375093773444,
        "p_recall": 0.8996020962732919,
        "s_recall": 0.8829677795031056
      }
    }
  }
}