{
  "checkpoint": "outputs/run14/14_main/best.pt",
  "split": "test",
  "kernel_params": {
    "shared_0": {
      "gamma": 1.4471997022628784,
      "omega": 1.972184658050537,
      "wave_speed": 6.003475666046143
    },
    "shared_1": {
      "gamma": 1.273430585861206,
      "omega": 0.914616048336029,
      "wave_speed": 6.003475666046143
    },
    "p_branch_0": {
      "gamma": 3.3689379692077637,
      "omega": 2.19577693939209,
      "wave_speed": 8.001336097717285
    },
    "p_branch_1": {
      "gamma": 2.421278476715088,
      "omega": 5.025907039642334,
      "wave_speed": 8.001336097717285
    },
    "s_branch_0": {
      "gamma": 0.09530879557132721,
      "omega": 2.0956950187683105,
      "wave_speed": 4.51204776763916
    },
    "s_branch_1": {
      "gamma": 0.8358411192893982,
      "omega": 2.4489245414733887,
      "wave_speed": 4.51204776763916
    }
  },
  "examples": [
    {
      "p_true_idx": 67,
      "s_true_idx": 277,
      "p_pred_idx": 66,
      "s_pred_idx": 277,
      "p_true_sec": 5.031289100646973,
      "s_true_sec": 20.801000595092773,
      "p_pred_sec": 4.956194877624512,
      "s_pred_sec": 20.801000595092773,
      "kernel_params": {
        "shared_0": {
          "gamma": 1.4471997022628784,
          "omega": 1.972184658050537,
          "wave_speed": 6.003475666046143
        },
        "shared_1": {
          "gamma": 1.273430585861206,
          "omega": 0.914616048336029,
          "wave_speed": 6.003475666046143
        },
        "p_branch_0": {
          "gamma": 3.3689379692077637,
          "omega": 2.19577693939209,
          "wave_speed": 8.001336097717285
        },
        "p_branch_1": {
          "gamma": 2.421278476715088,
          "omega": 5.025907039642334,
          "wave_speed": 8.001336097717285
        },
        "s_branch_0": {
          "gamma": 0.09530879557132721,
          "omega": 2.0956950187683105,
          "wave_speed": 4.51204776763916
        },
        "s_branch_1": {
          "gamma": 0.8358411192893982,
          "omega": 2.4489245414733887,
          "wave_speed": 4.51204776763916
        }
      },
      "dataset_idx": 82846
    },
    {
      "p_true_idx": 93,
      "s_true_idx": 198,
      "p_pred_idx": 93,
      "s_pred_idx": 199,
      "p_true_sec": 6.983729362487793,
      "s_true_sec": 14.868585586547852,
      "p_pred_sec": 6.983729362487793,
      "s_pred_sec": 14.943678855895996,
      "kernel_params": {
        "shared_0": {
          "gamma": 1.4471997022628784,
          "omega": 1.972184658050537,
          "wave_speed": 6.003475666046143
        },
        "shared_1": {
          "gamma": 1.273430585861206,
          "omega": 0.914616048336029,
          "wave_speed": 6.003475666046143
        },
        "p_branch_0": {
          "gamma": 3.3689379692077637,
          "omega": 2.19577693939209,
          "wave_speed": 8.001336097717285
        },
        "p_branch_1": {
          "gamma": 2.421278476715088,
          "omega": 5.025907039642334,
          "wave_speed": 8.001336097717285
        },
        "s_branch_0": {
          "gamma": 0.09530879557132721,
          "omega": 2.0956950187683105,
          "wave_speed": 4.51204776763916
        },
        "s_branch_1": {
          "gamma": 0.8358411192893982,
          "omega": 2.4489245414733887,
          "wave_speed": 4.51204776763916
        }
      },
      "dataset_idx": 11295
    },
    {
      "p_true_idx": 93,
      "s_true_idx": 191,
      "p_pred_idx": 92,
      "s_pred_idx": 191,
      "p_true_sec": 6.983729362487793,
      "s_true_sec": 14.342927932739258,
      "p_pred_sec": 6.90863561630249,
      "s_pred_sec": 14.342927932739258,
      "kernel_params": {
        "shared_0": {
          "gamma": 1.4471997022628784,
          "omega": 1.972184658050537,
          "wave_speed": 6.003475666046143
        },
        "shared_1": {
          "gamma": 1.273430585861206,
          "omega": 0.914616048336029,
          "wave_speed": 6.003475666046143
        },
        "p_branch_0": {
          "gamma": 3.3689379692077637,
          "omega": 2.19577693939209,
          "wave_speed": 8.001336097717285
        },
        "p_branch_1": {
          "gamma": 2.421278476715088,
          "omega": 5.025907039642334,
          "wave_speed": 8.001336097717285
        },
        "s_branch_0": {
          "gamma": 0.09530879557132721,
          "omega": 2.0956950187683105,
          "wave_speed": 4.51204776763916
        },
        "s_branch_1": {
          "gamma": 0.8358411192893982,
          "omega": 2.4489245414733887,
          "wave_speed": 4.51204776763916
        }
      },
      "dataset_idx": 97955
    }
  ],
  "interpretation_notes": {
    "rho(t)": "Learned medium density; higher values increase attenuation in the kernel.",
    "wave_energy": "Shared-layer propagation energy used for event detection.",
    "p/s_envelope": "P/S branch wave-field envelope before the picking head.",
    "kernel_contrib": "Absolute row of the last P-branch Huygens kernel at pick time (causal past sources).",
    "learned_params": "gamma (envelope width), omega (phase frequency), wave_speed (light-cone slope)."
  }
}