{
  "shared_0": {
    "gamma": 1.4471997022628784,
    "omega": 1.972184658050537,
    "wave_speed": 6.003475666046143
  },
  "shared_1": {
    "gamma": 1.273430585861206,
    "omega": 0.914616048336029,
    "wave_speed": 6.003475666046143
  },
  "p_branch_0": {
    "gamma": 3.3689379692077637,
    "omega": 2.19577693939209,
    "wave_speed": 8.001336097717285
  },
  "p_branch_1": {
    "gamma": 2.421278476715088,
    "omega": 5.025907039642334,
    "wave_speed": 8.001336097717285
  },
  "s_branch_0": {
    "gamma": 0.09530879557132721,
    "omega": 2.0956950187683105,
    "wave_speed": 4.51204776763916
  },
  "s_branch_1": {
    "gamma": 0.8358411192893982,
    "omega": 2.4489245414733887,
    "wave_speed": 4.51204776763916
  }
}