{
  "n": 64,
  "init_mean": {
    "zh": 0.30564199248328805,
    "pe": 0.15056913009902928
  },
  "init_med": {
    "zh": 0.2664118707180023,
    "pe": 0.14149947464466095
  },
  "wave_mean": {
    "zh": 0.9345932994037867,
    "pe": 0.9772066697478294
  },
  "wave_med": {
    "zh": 0.9109767973423004,
    "pe": 0.9660046994686127
  },
  "better_frac": 0.875,
  "near_tie_2pct": 0.109375,
  "delta_mean": -0.04261337034404278,
  "delta_med": -0.05304238200187683,
  "tail_bad_frac": 0.015625,
  "severe_frac": 0.0
}