{
  "checkpoint": "outputs/run20/20_wrongpeak_sharp/best.pt",
  "trainable_params": 9123,
  "total_params": 148525,
  "best_val_vp_rmse": 0.31503862887620926,
  "final_val": {
    "loss_tt": 0.1477639964723494,
    "loss_tp": 0.026619033356837463,
    "loss_ts": 0.12114496438880451,
    "loss_anchor": 0.0032289542505168356,
    "loss_anchor_vp": 0.2826194493100047,
    "loss_anchor_vs": 0.04027598211541772,
    "loss_rho_smooth": 0.06429618084803224,
    "rmse_vp_rmse": 0.35662423633039,
    "rmse_vs_rmse": 0.22003286750987172,
    "rmse_q_rmse": 0.0,
    "loss": 0.21528913197107613,
    "loss_unrolled_vp": 0.12708698166534305,
    "loss_unrolled_waveform": 0.0
  }
}