{
  "completed": [
    "14_main",
    "14_sharp"
  ],
  "results": [
    {
      "name": "14_main",
      "det_f1": 0.9907288783703168,
      "p_f1": 0.9290784273743287,
      "s_f1": 0.9198485902807594,
      "ps_sum": 1.848927017655088
    },
    {
      "name": "14_sharp",
      "det_f1": 0.9907775963071266,
      "p_f1": 0.9278142743638936,
      "s_f1": 0.9200664136622392,
      "ps_sum": 1.847880688026133
    }
  ]
}