{
  "01_seq800": {
    "0.1": {
      "det_f1": 0.988929925448436,
      "p_f1": 0.7206962252422081,
      "s_f1": 0.07229402575600961,
      "p_mae_sec": 0.22357786005805158,
      "s_mae_sec": 0.4303429370028183
    },
    "0.3": {
      "det_f1": 0.988929925448436,
      "p_f1": 0.7206962252422081,
      "s_f1": 0.07229402575600961,
      "p_mae_sec": 0.22357786005805158,
      "s_mae_sec": 0.4303429370028183
    }
  },
  "14_main": {
    "0.1": {
      "det_f1": 0.990704201935443,
      "p_f1": 0.8654865109004868,
      "s_f1": 0.8929532264883354,
      "p_mae_sec": 0.06198943826521938,
      "s_mae_sec": 0.09175122397370226
    },
    "0.3": {
      "det_f1": 0.990704201935443,
      "p_f1": 0.9290382094479778,
      "s_f1": 0.9198104826769321,
      "p_mae_sec": 0.06092451686399377,
      "s_mae_sec": 0.09171737170815403
    }
  },
  "14_sharp": {
    "0.1": {
      "det_f1": 0.9907775963071266,
      "p_f1": 0.8654595750031434,
      "s_f1": 0.8952750284578727,
      "p_mae_sec": 0.06022835765131853,
      "s_mae_sec": 0.09050654052535091
    },
    "0.3": {
      "det_f1": 0.9907775963071266,
      "p_f1": 0.9277890014485802,
      "s_f1": 0.9200496138128017,
      "p_mae_sec": 0.059182575820833805,
      "s_mae_sec": 0.0904605121814525
    }
  }
}