{
  "completed": [
    "19_detpick_split"
  ],
  "results": [
    {
      "name": "19_detpick_split",
      "det_f1": 0.9933014643897367,
      "p_f1": 0.9576346623607833,
      "s_f1": 0.9459299926346527,
      "ps_sum": 1.903564654995436,
      "n_params": 139402
    }
  ]
}