{
  "checkpoint": "outputs/run14/14_main/best.pt",
  "n_test": 126566,
  "default": {
    "det_threshold": 0.5,
    "pick_threshold": 0.3,
    "det": {
      "tp": 101300,
      "fp": 161,
      "fn": 1740,
      "precision": 0.9984131833906624,
      "recall": 0.9831133540372671,
      "f1": 0.990704201935443
    },
    "p": {
      "tp": 95677,
      "fp": 7253,
      "fn": 7363,
      "precision": 0.9295346351889634,
      "recall": 0.9285423136645963,
      "f1": 0.9290382094479778
    },
    "s": {
      "tp": 93186,
      "fp": 6394,
      "fn": 9854,
      "precision": 0.9357903193412331,
      "recall": 0.9043672360248447,
      "f1": 0.9198104826769321
    }
  },
  "error_breakdown_pick03_det05": {
    "p_tp": 95677,
    "s_tp": 93186,
    "p_fn_wrong_peak": 3677,
    "s_fn_wrong_peak": 6388,
    "p_fn_missed_det": 1740,
    "s_fn_missed_det": 1740,
    "p_fn_no_peak": 1946,
    "s_fn_no_peak": 1726
  },
  "p_wrong_peak_distance": {
    ">1.0s": 2705,
    "0.5-1.0s": 972
  },
  "s_wrong_peak_distance": {
    ">1.0s": 3931,
    "0.5-1.0s": 2457
  },
  "p_mae_sec": 0.06092451686399377,
  "s_mae_sec": 0.09171737170815403,
  "det_threshold_sweep": {
    "0.4": {
      "tp": 101537,
      "fp": 206,
      "fn": 1503,
      "precision": 0.9979752906833885,
      "recall": 0.9854134316770187,
      "f1": 0.9916545807024998
    },
    "0.45": {
      "tp": 101418,
      "fp": 191,
      "fn": 1622,
      "precision": 0.9981202452538653,
      "recall": 0.9842585403726708,
      "f1": 0.9911409291030009
    },
    "0.5": {
      "tp": 101300,
      "fp": 161,
      "fn": 1740,
      "precision": 0.9984131833906624,
      "recall": 0.9831133540372671,
      "f1": 0.990704201935443
    },
    "0.55": {
      "tp": 101169,
      "fp": 141,
      "fn": 1871,
      "precision": 0.9986082321587207,
      "recall": 0.9818420031055901,
      "f1": 0.9901541472963052
    }
  },
  "pick_threshold_sweep": {
    "0.4": {
      "0.2": {
        "p_f1": 0.9052851025467659,
        "s_f1": 0.9091388169162532,
        "p_recall": 0.9355784161490683,
        "s_recall": 0.9041052018633541
      },
      "0.25": {
        "p_f1": 0.9207085981165302,
        "s_f1": 0.9156783820930688,
        "p_recall": 0.9336471273291925,
        "s_recall": 0.9051921583850931
      },
      "0.28": {
        "p_f1": 0.9269020387866733,
        "s_f1": 0.9189271668561696,
        "p_recall": 0.931638198757764,
        "s_recall": 0.9059200310559006
      },
      "0.3": {
        "p_f1": 0.929978510897352,
        "s_f1": 0.9207745523937259,
        "p_recall": 0.9302989130434782,
        "s_recall": 0.9061238354037268
      },
      "0.32": {
        "p_f1": 0.9323209397921315,
        "s_f1": 0.9226088760260375,
        "p_recall": 0.9288916925465839,
        "s_recall": 0.9064829192546584
      },
      "0.35": {
        "p_f1": 0.9350219401347751,
        "s_f1": 0.9251553179376748,
        "p_recall": 0.9264557453416149,
        "s_recall": 0.9068614130434782
      }
    },
    "0.45": {
      "0.2": {
        "p_f1": 0.9048171548018883,
        "s_f1": 0.9086648767390774,
        "p_recall": 0.9346952639751552,
        "s_recall": 0.9032414596273292
      },
      "0.25": {
        "p_f1": 0.9202384086937788,
        "s_f1": 0.9152044629746944,
        "p_recall": 0.9327639751552795,
        "s_recall": 0.9043284161490683
      },
      "0.28": {
        "p_f1": 0.9264303861052348,
        "s_f1": 0.9184427198235109,
        "p_recall": 0.9307550465838509,
        "s_recall": 0.9050368788819876
      },
      "0.3": {
        "p_f1": 0.9295059691352034,
        "s_f1": 0.9202900695574959,
        "p_recall": 0.9294157608695652,
        "s_recall": 0.9052406832298137
      },
      "0.32": {
        "p_f1": 0.9318475279075774,
        "s_f1": 0.922124444751886,
        "p_recall": 0.9280085403726708,
        "s_recall": 0.9055997670807453
      },
      "0.35": {
        "p_f1": 0.934557551824324,
        "s_f1": 0.9246815507438737,
        "p_recall": 0.9255920031055901,
        "s_recall": 0.9059976708074534
      }
    },
    "0.5": {
      "0.2": {
        "p_f1": 0.904328210912167,
        "s_f1": 0.9081851924203946,
        "p_recall": 0.9337732919254659,
        "s_recall": 0.9023680124223602
      },
      "0.25": {
        "p_f1": 0.919757461971723,
        "s_f1": 0.9147247974609538,
        "p_recall": 0.9318614130434782,
        "s_recall": 0.9034549689440994
      },
      "0.28": {
        "p_f1": 0.9259531287750663,
        "s_f1": 0.9179631691480032,
        "p_recall": 0.9298621894409937,
        "s_recall": 0.9041634316770186
      },
      "0.3": {
        "p_f1": 0.9290382094479778,
        "s_f1": 0.9198104826769321,
        "p_recall": 0.9285423136645963,
        "s_recall": 0.9043672360248447
      },
      "0.32": {
        "p_f1": 0.9313841144183055,
        "s_f1": 0.9216449082289901,
        "p_recall": 0.927144798136646,
        "s_recall": 0.9047263198757765
      },
      "0.35": {
        "p_f1": 0.9340979829914466,
        "s_f1": 0.924202035416646,
        "p_recall": 0.9247379658385093,
        "s_recall": 0.9051242236024845
      }
    },
    "0.55": {
      "0.2": {
        "p_f1": 0.9038079073200777,
        "s_f1": 0.9076517150395779,
        "p_recall": 0.9327930900621118,
        "s_recall": 0.9013975155279503
      },
      "0.25": {
        "p_f1": 0.9192346579392499,
        "s_f1": 0.9141860007864727,
        "p_recall": 0.9308812111801242,
        "s_recall": 0.9024747670807454
      },
      "0.28": {
        "p_f1": 0.9254390841716984,
        "s_f1": 0.9174245000763994,
        "p_recall": 0.9289013975155279,
        "s_recall": 0.9031832298136646
      },
      "0.3": {
        "p_f1": 0.9285232014222499,
        "s_f1": 0.9192717720312662,
        "p_recall": 0.9275815217391304,
        "s_recall": 0.9033870341614907
      },
      "0.32": {
        "p_f1": 0.9308681593616949,
        "s_f1": 0.921106253338345,
        "p_recall": 0.9261840062111801,
        "s_recall": 0.9037461180124223
      },
      "0.35": {
        "p_f1": 0.9335857236032307,
        "s_f1": 0.9236687387842917,
        "p_recall": 0.9237868788819876,
        "s_recall": 0.9041537267080745
      }
    }
  }
}