{
  "checkpoint": "outputs/run20/20_wrongpeak_sharp/best.pt",
  "trainable_params": 9466,
  "total_params": 148868,
  "best_val_vp_rmse": 0.6079752929508686,
  "final_val": {
    "loss_tt": 0.6023024339228868,
    "loss_tp": 0.21708994451910257,
    "loss_ts": 0.3852124810218811,
    "loss_anchor": 0.005082473420770839,
    "loss_anchor_vp": 0.1784999668598175,
    "loss_anchor_vs": 0.32974738255143166,
    "loss_rho_smooth": 0.06533124763518572,
    "rmse_vp_rmse": 0.6079752929508686,
    "rmse_vs_rmse": 0.5299320034682751,
    "rmse_q_rmse": 0.0,
    "loss": 0.6727161575108767,
    "loss_unrolled_vp": 0.37945718970149755,
    "loss_unrolled_waveform": 0.0,
    "loss_pairwise": 0.3513534255325794,
    "pairwise_zh_err": 0.37945718970149755,
    "pairwise_pe_err": 0.02810376485285815
  }
}