{
  "waveform_noise": 0.02,
  "time_noise": 0.02,
  "true_vp": [
    3.5,
    4.5,
    5.5,
    6.199999809265137,
    6.800000190734863
  ],
  "init_vp": [
    3.753908634185791,
    4.865304470062256,
    5.96809196472168,
    6.7106757164001465,
    7.365437030792236
  ],
  "methods": [
    {
      "method": "FWI-lite (direct-wave)",
      "vp_rmse": 0.9529727101325989,
      "vs_rmse": 0.3411347270011902,
      "q_rmse": 0.0,
      "waveform_misfit": 0.03264397755265236
    },
    {
      "method": "Travel-time HNF-Adam",
      "vp_rmse": 0.7480237483978271,
      "vs_rmse": 0.45791250467300415,
      "q_rmse": 0.0,
      "time_misfit": 0.025326337665319443
    },
    {
      "method": "Travel-time Gauss-Newton",
      "vp_rmse": 0.3410443663597107,
      "vs_rmse": 0.2329137623310089,
      "q_rmse": 0.0,
      "time_misfit": 0.0006325390422716737
    }
  ],
  "fwi_recovered_vp": [
    5.179731369018555,
    5.380340576171875,
    5.609662055969238,
    5.795394420623779,
    5.92332649230957
  ],
  "hnf_tt_vp": [
    4.055970668792725,
    4.538910865783691,
    5.113786697387695,
    5.36904239654541,
    5.516478061676025
  ],
  "gn_tt_vp": [
    3.5218911170959473,
    4.476378917694092,
    5.496768474578857,
    6.7106757164001465,
    7.365437030792236
  ]
}