{
  "completed": [
    "18_pick_refine"
  ],
  "results": [
    {
      "name": "18_pick_refine",
      "det_f1": 0.9938366245553784,
      "p_f1": 0.9491527222180957,
      "s_f1": 0.9358349612519589,
      "ps_sum": 1.8849876834700545,
      "n_params": 129346
    }
  ]
}