{
  "completed": [
    "17_noise_warmup",
    "17_joint"
  ],
  "results": [
    {
      "name": "17_noise_warmup",
      "det_f1": 0.9942210387539537,
      "p_f1": 0.9503271219743917,
      "s_f1": 0.9271156402303943,
      "ps_sum": 1.877442762204786,
      "n_params": 129346
    },
    {
      "name": "17_joint",
      "det_f1": 0.9931300709876083,
      "p_f1": 0.9450991017703866,
      "s_f1": 0.9351759436980166,
      "ps_sum": 1.8802750454684032,
      "n_params": 129346
    }
  ]
}