{
  "completed": [
    "15_pick_refine"
  ],
  "results": [
    {
      "name": "15_pick_refine",
      "det_f1": 0.9907288783703168,
      "p_f1": 0.9261203888757156,
      "s_f1": 0.9230393183881556,
      "ps_sum": 1.8491597072638712
    }
  ]
}