{
  "noise_std_s": 0.02,
  "n_stations": 8,
  "true_vp": [
    3.5,
    4.5,
    5.5,
    6.199999809265137,
    6.800000190734863
  ],
  "true_vs": [
    2.0,
    2.5999999046325684,
    3.200000047683716,
    3.5999999046325684,
    3.9000000953674316
  ],
  "init_vp": [
    3.753908634185791,
    4.865304470062256,
    5.96809196472168,
    6.7106757164001465,
    7.365437030792236
  ],
  "methods": [
    {
      "method": "HNF-Adam",
      "vp_rmse": 0.81181800365448,
      "vs_rmse": 0.45868217945098877,
      "time_misfit": 0.028755564242601395,
      "wall_sec": 4.1703808242455125,
      "final_loss": {
        "loss": 0.040993377566337585,
        "loss_tp": 0.001181768486276269,
        "loss_ts": 0.025736398994922638,
        "smooth": 0.1239483505487442,
        "anchor": 1.5755590200424194
      },
      "recovered_vp": [
        4.132064342498779,
        4.5364909172058105,
        5.02622127532959,
        5.290521621704102,
        5.442506790161133
      ],
      "recovered_vs": [
        2.750185251235962,
        2.745342969894409,
        2.7487077713012695,
        3.255413770675659,
        3.5183722972869873
      ]
    },
    {
      "method": "L-BFGS (PyTorch)",
      "vp_rmse": 0.8829440474510193,
      "vs_rmse": 0.15551559627056122,
      "time_misfit": 0.2913040518760681,
      "wall_sec": 0.20756526850163937,
      "final_loss": {
        "loss": 0.33375823497772217,
        "loss_tp": 0.22700676321983337,
        "loss_ts": 0.06429728865623474
      },
      "recovered_vp": [
        4.2437520027160645,
        5.323339462280273,
        6.3954386711120605,
        7.137941837310791,
        7.7926483154296875
      ],
      "recovered_vs": [
        2.172105073928833,
        2.576859951019287,
        2.982578992843628,
        3.4688167572021484,
        3.737861394882202
      ]
    },
    {
      "method": "Gauss-Newton (damped)",
      "vp_rmse": 0.3410443663597107,
      "vs_rmse": 0.2329137623310089,
      "time_misfit": 0.0006325390422716737,
      "wall_sec": 0.7554644932970405,
      "final_loss": {
        "loss": 0.00031632030731998384,
        "loss_tp": 0.0003306041762698442,
        "loss_ts": 0.00030203640926629305
      },
      "recovered_vp": [
        3.5218911170959473,
        4.476378917694092,
        5.496768474578857,
        6.7106757164001465,
        7.365437030792236
      ],
      "recovered_vs": [
        1.8850001096725464,
        2.6911733150482178,
        3.1866817474365234,
        3.2611794471740723,
        3.532944440841675
      ]
    },
    {
      "method": "Homogeneous grid",
      "vp_rmse": 1.3555208444595337,
      "vs_rmse": 0.7544170618057251,
      "time_misfit": 0.03033086098730564,
      "wall_sec": 7.127219660207629,
      "final_loss": {
        "loss": 0.03033086098730564
      },
      "recovered_vp": [
        4.635592937469482,
        4.635592937469482,
        4.635592937469482,
        4.635592937469482,
        4.635592937469482
      ],
      "recovered_vs": [
        2.745762586593628,
        2.745762586593628,
        2.745762586593628,
        2.745762586593628,
        2.745762586593628
      ]
    }
  ]
}