{
  "vp_init": [
    3.967191457748413,
    5.105228900909424,
    6.195469856262207,
    6.965782642364502,
    7.6110334396362305
  ],
  "vs_init": [
    2.2371461391448975,
    2.878898859024048,
    3.4936985969543457,
    3.928086996078491,
    4.291951656341553
  ],
  "q_init": [
    76.08362579345703,
    119.86558532714844,
    150.0,
    200.1341094970703,
    252.37887573242188
  ],
  "obs_tp": [
    0.10000000149011612,
    0.10000000149011612,
    2.2786121368408203,
    2.386101245880127,
    0.699999988079071,
    2.692976474761963,
    2.878838062286377,
    3.078794479370117
  ],
  "obs_ts": [
    1.899999976158142,
    3.5999999046325684,
    3.799999952316284,
    4.300000190734863,
    59.900001525878906,
    5.5,
    6.199999809265137,
    6.900000095367432
  ],
  "kernel_vp": 8.001336097717285,
  "kernel_vs": 4.51204776763916,
  "kernel_ratio": 0.5639117907978406,
  "rho_per_layer": [
    71.3531265258789,
    67.9361572265625,
    67.86006164550781,
    67.81459045410156,
    67.22042083740234
  ],
  "pick_mae_p": 2.0083235422770183,
  "pick_mae_s": 7.347013229131698,
  "meta": {
    "raw_tp": [
      0.1,
      0.1,
      null,
      null,
      0.7,
      null,
      null,
      null
    ],
    "raw_ts": [
      1.9,
      3.6,
      3.8,
      4.3,
      59.9,
      5.5,
      6.2,
      6.9
    ],
    "det_prob": [
      1.0,
      1.0,
      1.0,
      1.0,
      1.0,
      1.0,
      1.0,
      1.0
    ]
  }
}