{
  "vp_init": [
    3.753908634185791,
    4.865304470062256,
    5.96809196472168,
    6.7106757164001465,
    7.365437030792236
  ],
  "vs_init": [
    2.116873264312744,
    2.7436025142669678,
    3.3654775619506836,
    3.784229278564453,
    4.153456687927246
  ],
  "q_init": [
    76.08362579345703,
    119.86558532714844,
    150.0,
    200.1341094970703,
    252.37887573242188
  ],
  "obs_tp": [
    2.1729352474212646,
    2.2065625190734863,
    2.254448175430298,
    2.394890308380127,
    2.518016815185547,
    2.6731367111206055,
    2.8763551712036133,
    3.078925371170044
  ],
  "obs_ts": [
    3.8210175037384033,
    3.922102928161621,
    4.250796318054199,
    4.6808552742004395,
    5.279264450073242,
    5.929419040679932,
    6.561580657958984,
    7.270918369293213
  ],
  "kernel_vp": 8.001336097717285,
  "kernel_vs": 4.51204776763916,
  "kernel_ratio": 0.5639117907978406,
  "rho_per_layer": [
    71.3531265258789,
    67.9361572265625,
    67.86006164550781,
    67.81459045410156,
    67.22042083740234
  ],
  "pick_mae_p": 2.0083235422770183,
  "pick_mae_s": 7.347013229131698,
  "meta": {
    "raw_tp": [
      0.1,
      0.1,
      null,
      null,
      0.7,
      null,
      null,
      null
    ],
    "raw_ts": [
      1.9,
      3.6,
      3.8,
      4.3,
      59.9,
      5.5,
      6.2,
      6.9
    ],
    "det_prob": [
      1.0,
      1.0,
      1.0,
      1.0,
      1.0,
      1.0,
      1.0,
      1.0
    ],
    "obs_fallback_true_noise": true
  }
}