{
  "checkpoint": "outputs/run20/20_wrongpeak_sharp/best.pt",
  "prior_cache": "outputs/inv06_run20_prior/prior_cache.json",
  "synthetic_prior": false,
  "seq_len": 800,
  "trace_noise": 0.05,
  "obs_noise": 0.02,
  "true_vp": [
    3.5,
    4.5,
    5.5,
    6.199999809265137,
    6.800000190734863
  ],
  "true_vs": [
    2.0,
    2.5999999046325684,
    3.200000047683716,
    3.5999999046325684,
    3.9000000953674316
  ],
  "true_q": [
    80.0,
    120.0,
    150.0,
    200.0,
    250.0
  ],
  "picking_prior": {
    "kernel_vp": 8.001336097717285,
    "kernel_vs": 4.51204776763916,
    "kernel_ratio": 0.5639117907978406,
    "pick_mae_p_sec": 2.0083235422770183,
    "pick_mae_s_sec": 7.347013229131698,
    "rho_per_layer": [
      71.3531265258789,
      67.9361572265625,
      67.86006164550781,
      67.81459045410156,
      67.22042083740234
    ],
    "raw_picks_tp": [
      0.1,
      0.1,
      null,
      null,
      0.7,
      null,
      null,
      null
    ],
    "raw_picks_ts": [
      1.9,
      3.6,
      3.8,
      4.3,
      59.9,
      5.5,
      6.2,
      6.9
    ],
    "true_tp": [
      2.1875901222229004,
      2.2108020782470703,
      2.2786121368408203,
      2.386101245880127,
      2.526578426361084,
      2.692976474761963,
      2.878838062286377,
      3.078794479370117
    ],
    "true_ts": [
      3.788461685180664,
      3.9061806201934814,
      4.233811378479004,
      4.713659763336182,
      5.287893772125244,
      5.914711952209473,
      6.569140434265137,
      7.238033771514893
    ]
  },
  "modes": [
    {
      "mode": "baseline",
      "rmse_init": {
        "vp_rmse": 0.44666221737861633,
        "vs_rmse": 0.29514285922050476,
        "q_rmse": 0.0
      },
      "rmse_recovered": {
        "vp_rmse": 0.7480237483978271,
        "vs_rmse": 0.45791250467300415,
        "q_rmse": 0.0
      },
      "final_loss": {
        "loss": 0.04036669433116913,
        "loss_tp": 0.0009982894407585263,
        "loss_ts": 0.02402675524353981,
        "smooth": 0.1625017672777176,
        "anchor": 1.443312644958496
      },
      "vp_init": [
        3.753908634185791,
        4.865304470062256,
        5.96809196472168,
        6.7106757164001465,
        7.365437030792236
      ],
      "vp_rec": [
        4.055970668792725,
        4.538910865783691,
        5.113786697387695,
        5.36904239654541,
        5.516478061676025
      ]
    },
    {
      "mode": "prior_only",
      "rmse_init": {
        "vp_rmse": 0.44666221737861633,
        "vs_rmse": 0.17879854142665863,
        "q_rmse": 2.05100417137146
      },
      "rmse_recovered": {
        "vp_rmse": 1.8289839029312134,
        "vs_rmse": 2.5925185680389404,
        "q_rmse": 2.05100417137146
      },
      "final_loss": {
        "loss": 1.4693711996078491,
        "loss_tp": 0.03249707818031311,
        "loss_ts": 1.1195576190948486,
        "smooth": 5.478048324584961,
        "anchor": 8.68282413482666
      },
      "vp_init": [
        3.753908634185791,
        4.865304470062256,
        5.96809196472168,
        6.7106757164001465,
        7.365437030792236
      ],
      "vp_rec": [
        1.6832077503204346,
        5.744844436645508,
        8.071220397949219,
        8.085992813110352,
        8.106673240661621
      ]
    },
    {
      "mode": "picks_obs",
      "rmse_init": {
        "vp_rmse": 0.44666221737861633,
        "vs_rmse": 0.29514285922050476,
        "q_rmse": 0.0
      },
      "rmse_recovered": {
        "vp_rmse": 0.7322255373001099,
        "vs_rmse": 0.4501558542251587,
        "q_rmse": 0.0
      },
      "final_loss": {
        "loss": 0.03834601119160652,
        "loss_tp": 0.0005242943298071623,
        "loss_ts": 0.022464636713266373,
        "smooth": 0.1656421422958374,
        "anchor": 1.4149949550628662
      },
      "vp_init": [
        3.753908634185791,
        4.865304470062256,
        5.96809196472168,
        6.7106757164001465,
        7.365437030792236
      ],
      "vp_rec": [
        4.074719429016113,
        4.568248748779297,
        5.145132064819336,
        5.398024559020996,
        5.5443267822265625
      ]
    },
    {
      "mode": "prior+picks",
      "rmse_init": {
        "vp_rmse": 0.44666221737861633,
        "vs_rmse": 0.17879854142665863,
        "q_rmse": 2.05100417137146
      },
      "rmse_recovered": {
        "vp_rmse": 1.8350512981414795,
        "vs_rmse": 2.5977118015289307,
        "q_rmse": 2.05100417137146
      },
      "final_loss": {
        "loss": 1.4813849925994873,
        "loss_tp": 0.03308038413524628,
        "loss_ts": 1.1308842897415161,
        "smooth": 5.476277828216553,
        "anchor": 8.72131633758545
      },
      "vp_init": [
        3.753908634185791,
        4.865304470062256,
        5.96809196472168,
        6.7106757164001465,
        7.365437030792236
      ],
      "vp_rec": [
        1.69533371925354,
        5.756450653076172,
        8.082202911376953,
        8.096881866455078,
        8.117439270019531
      ]
    }
  ]
}