{
  "pick_noise_std_s": 0.02,
  "source_depth_km": 10.0,
  "receiver_distances_km": [
    0.0,
    7.142857074737549,
    14.285714149475098,
    21.428571701049805,
    28.571428298950195,
    35.71428680419922,
    42.85714340209961,
    50.0
  ],
  "obs_tp": [
    2.1914703845977783,
    2.2540295124053955,
    2.2751710414886475,
    2.4030823707580566,
    2.4880905151367188,
    2.70603609085083,
    2.865849256515503,
    3.062443971633911
  ],
  "obs_ts": [
    3.7912445068359375,
    3.9040162563323975,
    4.219462871551514,
    4.728792667388916,
    5.295323371887207,
    5.894613265991211,
    6.569306373596191,
    7.244586944580078
  ],
  "true_tp": [
    2.1875901222229004,
    2.2108020782470703,
    2.2786121368408203,
    2.386101245880127,
    2.526578426361084,
    2.692976474761963,
    2.878838062286377,
    3.078794479370117
  ],
  "true_ts": [
    3.788461685180664,
    3.9061806201934814,
    4.233811378479004,
    4.713659763336182,
    5.287893772125244,
    5.914711952209473,
    6.569140434265137,
    7.238033771514893
  ],
  "rmse_init": {
    "vp_rmse": 0.6805542707443237,
    "vs_rmse": 0.17940650880336761,
    "q_rmse": 0.0
  },
  "rmse_recovered": {
    "vp_rmse": 0.8554226160049438,
    "vs_rmse": 0.4266952574253082,
    "q_rmse": 0.0
  },
  "final_loss": {
    "loss": 0.03946585953235626,
    "loss_tp": 0.002297756727784872,
    "loss_ts": 0.02239297702908516,
    "smooth": 0.08354577422142029,
    "anchor": 2.119567394256592
  }
}