{
  "checkpoint": "outputs/run17/17_noise_warmup/best.pt",
  "n_test": 126566,
  "default": {
    "det_threshold": 0.5,
    "pick_threshold": 0.3,
    "det": {
      "tp": 101523,
      "fp": 771,
      "fn": 1517,
      "precision": 0.992462901049915,
      "recall": 0.9852775621118013,
      "f1": 0.988857179035133
    },
    "p": {
      "tp": 93670,
      "fp": 16870,
      "fn": 9370,
      "precision": 0.8473855617875882,
      "recall": 0.9090644409937888,
      "f1": 0.8771420544994849
    },
    "s": {
      "tp": 88893,
      "fp": 5652,
      "fn": 14147,
      "precision": 0.9402189433603046,
      "recall": 0.8627038043478261,
      "f1": 0.8997950249259813
    }
  },
  "error_breakdown_pick03_det05": {
    "p_tp": 93670,
    "s_tp": 88893,
    "s_fn_no_peak": 2887,
    "s_fn_wrong_peak": 9743,
    "p_fn_wrong_peak": 6721,
    "p_fn_no_peak": 1132,
    "p_fn_missed_det": 1517,
    "s_fn_missed_det": 1517
  },
  "p_wrong_peak_distance": {
    ">1.0s": 5119,
    "0.5-1.0s": 1602
  },
  "s_wrong_peak_distance": {
    ">1.0s": 6618,
    "0.5-1.0s": 3125
  },
  "p_mae_sec": 0.1392708444539707,
  "s_mae_sec": 0.11921298639937478,
  "det_threshold_sweep": {
    "0.4": {
      "tp": 101687,
      "fp": 910,
      "fn": 1353,
      "precision": 0.9911303449418599,
      "recall": 0.9868691770186335,
      "f1": 0.9889951711024766
    },
    "0.45": {
      "tp": 101618,
      "fp": 839,
      "fn": 1422,
      "precision": 0.9918111988443933,
      "recall": 0.9861995341614906,
      "f1": 0.9889974062881697
    },
    "0.5": {
      "tp": 101523,
      "fp": 771,
      "fn": 1517,
      "precision": 0.992462901049915,
      "recall": 0.9852775621118013,
      "f1": 0.988857179035133
    },
    "0.55": {
      "tp": 101432,
      "fp": 732,
      "fn": 1608,
      "precision": 0.9928350495282096,
      "recall": 0.9843944099378882,
      "f1": 0.9885967135143564
    }
  },
  "pick_threshold_sweep": {
    "0.4": {
      "0.2": {
        "p_f1": 0.8568110080209884,
        "s_f1": 0.8784257425742574,
        "p_recall": 0.9128105590062112,
        "s_recall": 0.861034549689441
      },
      "0.25": {
        "p_f1": 0.8653181133760954,
        "s_f1": 0.891657926299889,
        "p_recall": 0.9118885869565218,
        "s_recall": 0.8621797360248448
      },
      "0.28": {
        "p_f1": 0.8728187201918876,
        "s_f1": 0.8972793509193292,
        "p_recall": 0.911131599378882,
        "s_recall": 0.8629173136645962
      },
      "0.3": {
        "p_f1": 0.8777830811129516,
        "s_f1": 0.9002736870861179,
        "p_recall": 0.9102484472049689,
        "s_recall": 0.8635384316770186
      },
      "0.32": {
        "p_f1": 0.883045895768542,
        "s_f1": 0.9027055520076229,
        "p_recall": 0.9093555900621118,
        "s_recall": 0.8642371894409938
      },
      "0.35": {
        "p_f1": 0.8905398523651559,
        "s_f1": 0.9053712335862047,
        "p_recall": 0.9079677795031056,
        "s_recall": 0.8652076863354037
      }
    },
    "0.45": {
      "0.2": {
        "p_f1": 0.8565297614979841,
        "s_f1": 0.8782313767236898,
        "p_recall": 0.9122864906832299,
        "s_recall": 0.8606948757763975
      },
      "0.25": {
        "p_f1": 0.8650359023015242,
        "s_f1": 0.8914687827819687,
        "p_recall": 0.9113645186335404,
        "s_recall": 0.8618497670807453
      },
      "0.28": {
        "p_f1": 0.8725357089718793,
        "s_f1": 0.8970901420107592,
        "p_recall": 0.9106075310559006,
        "s_recall": 0.8625873447204969
      },
      "0.3": {
        "p_f1": 0.8775046922756484,
        "s_f1": 0.9000844983479814,
        "p_recall": 0.9097340838509317,
        "s_recall": 0.8632084627329193
      },
      "0.32": {
        "p_f1": 0.8827668770355428,
        "s_f1": 0.9025164246897558,
        "p_recall": 0.9088412267080745,
        "s_recall": 0.8639072204968944
      },
      "0.35": {
        "p_f1": 0.890259925735504,
        "s_f1": 0.9051766605892242,
        "p_recall": 0.9074534161490683,
        "s_recall": 0.8648680124223602
      }
    },
    "0.5": {
      "0.2": {
        "p_f1": 0.8561701894944082,
        "s_f1": 0.8779369230159674,
        "p_recall": 0.911616847826087,
        "s_recall": 0.8601805124223603
      },
      "0.25": {
        "p_f1": 0.8646750949098817,
        "s_f1": 0.8911738126317904,
        "p_recall": 0.9106948757763975,
        "s_recall": 0.861335403726708
      },
      "0.28": {
        "p_f1": 0.8721738766435816,
        "s_f1": 0.8968006380551434,
        "p_recall": 0.9099378881987578,
        "s_recall": 0.8620826863354037
      },
      "0.3": {
        "p_f1": 0.8771420544994849,
        "s_f1": 0.8997950249259813,
        "p_recall": 0.9090644409937888,
        "s_recall": 0.8627038043478261
      },
      "0.32": {
        "p_f1": 0.8824034172882347,
        "s_f1": 0.9022270450074031,
        "p_recall": 0.9081715838509317,
        "s_recall": 0.8634025621118012
      },
      "0.35": {
        "p_f1": 0.8898952812263383,
        "s_f1": 0.904887452946645,
        "p_recall": 0.9067837732919255,
        "s_recall": 0.864363354037267
      }
    },
    "0.55": {
      "0.2": {
        "p_f1": 0.8558416870666429,
        "s_f1": 0.8776534347892857,
        "p_recall": 0.9110054347826086,
        "s_recall": 0.8596855590062111
      },
      "0.25": {
        "p_f1": 0.8643454616678574,
        "s_f1": 0.8908898251886967,
        "p_recall": 0.9100834627329193,
        "s_recall": 0.860840450310559
      },
      "0.28": {
        "p_f1": 0.8718433051084024,
        "s_f1": 0.8965221255023933,
        "p_recall": 0.9093264751552795,
        "s_recall": 0.8615974378881988
      },
      "0.3": {
        "p_f1": 0.8768107457485821,
        "s_f1": 0.899522112425077,
        "p_recall": 0.9084530279503106,
        "s_recall": 0.8622282608695652
      },
      "0.32": {
        "p_f1": 0.8820713561440328,
        "s_f1": 0.9019542206194874,
        "p_recall": 0.9075601708074534,
        "s_recall": 0.8629270186335404
      },
      "0.35": {
        "p_f1": 0.8895621355893449,
        "s_f1": 0.9046036585365853,
        "p_recall": 0.9061723602484472,
        "s_recall": 0.863868400621118
      }
    }
  }
}