{
  "completed": [
    "16_det_onset",
    "16_pick_refine"
  ],
  "results": [
    {
      "name": "16_det_onset",
      "det_f1": 0.9934445649118581,
      "p_f1": 0.9548012491885897,
      "s_f1": 0.9418072500748975,
      "ps_sum": 1.896608499263487
    },
    {
      "name": "16_pick_refine",
      "det_f1": 0.9934842113614725,
      "p_f1": 0.9486558464398774,
      "s_f1": 0.9355621680359917,
      "ps_sum": 1.8842180144758691
    }
  ]
}