{
  "checkpoint": "outputs/run20/20_wrongpeak_sharp/best.pt",
  "trainable_params": 9466,
  "total_params": 148868,
  "best_val_vp_rmse": 0.6187368457516035,
  "final_val": {
    "loss_tt": 0.6333995709816614,
    "loss_tp": 0.22134049919744334,
    "loss_ts": 0.41205906805892784,
    "loss_anchor": 0.003857631585560739,
    "loss_anchor_vp": 0.1406765958915154,
    "loss_anchor_vs": 0.2450865712016821,
    "loss_rho_smooth": 0.059530416348328195,
    "rmse_vp_rmse": 0.6437991100052992,
    "rmse_vs_rmse": 0.5127833882967631,
    "rmse_q_rmse": 0.0,
    "loss": 0.6967876243094603
  }
}