{
  "completed": [
    "20_wrongpeak_sharp"
  ],
  "results": [
    {
      "name": "20_wrongpeak_sharp",
      "det_f1": 0.9940792470016699,
      "p_f1": 0.9593805429066354,
      "s_f1": 0.9492358762370036,
      "ps_sum": 1.908616419143639,
      "n_params": 139402
    }
  ]
}