{
  "true_vp": [
    3.679616689682007,
    4.737722396850586,
    5.757826805114746,
    6.474932670593262,
    7.10969877243042
  ],
  "zhizi_init_vp": [
    2.7501978874206543,
    4.150249481201172,
    5.550300598144531,
    6.648204803466797,
    7.2428412437438965
  ],
  "zhizi_wave_vp": [
    4.656809329986572,
    4.980231285095215,
    5.322146415710449,
    5.59930419921875,
    5.752377986907959
  ],
  "perturb_init_vp": [
    3.812094211578369,
    4.908295154571533,
    5.965126037597656,
    6.70805025100708,
    7.3656697273254395
  ],
  "perturb_wave_vp": [
    5.290210723876953,
    5.542579650878906,
    5.800980567932129,
    5.99393367767334,
    6.153060436248779
  ]
}