{
  "checkpoint": "outputs/run19/19_detpick_split/best.pt",
  "n_test": 126566,
  "default": {
    "det_threshold": 0.5,
    "pick_threshold": 0.3,
    "det": {
      "tp": 101556,
      "fp": 606,
      "fn": 1484,
      "precision": 0.9940682445527691,
      "recall": 0.9855978260869566,
      "f1": 0.9898149140846582
    },
    "p": {
      "tp": 95531,
      "fp": 6181,
      "fn": 7509,
      "precision": 0.9392303759635048,
      "recall": 0.9271253881987578,
      "f1": 0.9331386262405251
    },
    "s": {
      "tp": 93381,
      "fp": 5496,
      "fn": 9659,
      "precision": 0.9444157893139962,
      "recall": 0.9062597049689441,
      "f1": 0.9249444078507506
    }
  },
  "error_breakdown_pick03_det05": {
    "p_tp": 95531,
    "s_tp": 93381,
    "p_fn_wrong_peak": 3915,
    "s_fn_wrong_peak": 6416,
    "p_fn_no_peak": 2110,
    "s_fn_no_peak": 1759,
    "p_fn_missed_det": 1484,
    "s_fn_missed_det": 1484
  },
  "p_wrong_peak_distance": {
    ">1.0s": 2945,
    "0.5-1.0s": 970
  },
  "s_wrong_peak_distance": {
    ">1.0s": 3980,
    "0.5-1.0s": 2436
  },
  "p_mae_sec": 0.0606235148799492,
  "s_mae_sec": 0.09121984129529592,
  "det_threshold_sweep": {
    "0.4": {
      "tp": 101744,
      "fp": 658,
      "fn": 1296,
      "precision": 0.9935743442510888,
      "recall": 0.9874223602484472,
      "f1": 0.9904887997585693
    },
    "0.45": {
      "tp": 101655,
      "fp": 628,
      "fn": 1385,
      "precision": 0.9938601722671412,
      "recall": 0.9865586180124224,
      "f1": 0.9901959351850499
    },
    "0.5": {
      "tp": 101556,
      "fp": 606,
      "fn": 1484,
      "precision": 0.9940682445527691,
      "recall": 0.9855978260869566,
      "f1": 0.9898149140846582
    },
    "0.55": {
      "tp": 101470,
      "fp": 568,
      "fn": 1570,
      "precision": 0.9944334463631196,
      "recall": 0.984763198757764,
      "f1": 0.9895746984074352
    }
  },
  "pick_threshold_sweep": {
    "0.4": {
      "0.2": {
        "p_f1": 0.9116724325861334,
        "s_f1": 0.9155407392881655,
        "p_recall": 0.9334821428571428,
        "s_recall": 0.9062111801242236
      },
      "0.25": {
        "p_f1": 0.9260004147796603,
        "s_f1": 0.9208512567320534,
        "p_recall": 0.9316576086956522,
        "s_recall": 0.9068517080745342
      },
      "0.28": {
        "p_f1": 0.9312817622652143,
        "s_f1": 0.9238720643532312,
        "p_recall": 0.9301339285714286,
        "s_recall": 0.9072981366459627
      },
      "0.3": {
        "p_f1": 0.9339040210054711,
        "s_f1": 0.9256573835318807,
        "p_recall": 0.9285520186335404,
        "s_recall": 0.9075601708074534
      },
      "0.32": {
        "p_f1": 0.9359592396629435,
        "s_f1": 0.9274435437891971,
        "p_recall": 0.9270574534161491,
        "s_recall": 0.9077542701863354
      },
      "0.35": {
        "p_f1": 0.9380170172536044,
        "s_f1": 0.9294410419181308,
        "p_recall": 0.9243982919254659,
        "s_recall": 0.9079774844720497
      }
    },
    "0.45": {
      "0.2": {
        "p_f1": 0.9113422392460631,
        "s_f1": 0.9152003766256694,
        "p_recall": 0.9328610248447204,
        "s_recall": 0.9055900621118013
      },
      "0.25": {
        "p_f1": 0.9256687974912557,
        "s_f1": 0.9205108362948103,
        "p_recall": 0.9310364906832298,
        "s_recall": 0.9062305900621118
      },
      "0.28": {
        "p_f1": 0.9309493492481605,
        "s_f1": 0.9235316505123098,
        "p_recall": 0.9295128105590063,
        "s_recall": 0.9066770186335403
      },
      "0.3": {
        "p_f1": 0.9335709229379744,
        "s_f1": 0.925311655263236,
        "p_recall": 0.927930900621118,
        "s_recall": 0.9069293478260869
      },
      "0.32": {
        "p_f1": 0.9356255145646294,
        "s_f1": 0.9270977980559413,
        "p_recall": 0.9264363354037267,
        "s_recall": 0.907123447204969
      },
      "0.35": {
        "p_f1": 0.9376822444637087,
        "s_f1": 0.929095281631355,
        "p_recall": 0.9237771739130435,
        "s_recall": 0.9073466614906832
      }
    },
    "0.5": {
      "0.2": {
        "p_f1": 0.9109033913336273,
        "s_f1": 0.9148491537895511,
        "p_recall": 0.932036102484472,
        "s_recall": 0.9049495341614907
      },
      "0.25": {
        "p_f1": 0.9252384261940615,
        "s_f1": 0.9201489041737544,
        "p_recall": 0.9302309782608695,
        "s_recall": 0.9055706521739131
      },
      "0.28": {
        "p_f1": 0.9305179430082798,
        "s_f1": 0.9231697247479617,
        "p_recall": 0.928707298136646,
        "s_recall": 0.9060170807453416
      },
      "0.3": {
        "p_f1": 0.9331386262405251,
        "s_f1": 0.9249444078507506,
        "p_recall": 0.9271253881987578,
        "s_recall": 0.9062597049689441
      },
      "0.32": {
        "p_f1": 0.9351976232264898,
        "s_f1": 0.926730531673703,
        "p_recall": 0.9256405279503106,
        "s_recall": 0.9064538043478261
      },
      "0.35": {
        "p_f1": 0.9372530082486622,
        "s_f1": 0.9287333240551127,
        "p_recall": 0.9229813664596274,
        "s_recall": 0.9066867236024845
      }
    },
    "0.55": {
      "0.2": {
        "p_f1": 0.910572731110974,
        "s_f1": 0.9145616204439734,
        "p_recall": 0.9314149844720497,
        "s_recall": 0.9044254658385094
      },
      "0.25": {
        "p_f1": 0.9249063381097677,
        "s_f1": 0.919850660143323,
        "p_recall": 0.9296098602484472,
        "s_recall": 0.9050271739130434
      },
      "0.28": {
        "p_f1": 0.9301850545923206,
        "s_f1": 0.9228714854472169,
        "p_recall": 0.9280861801242236,
        "s_recall": 0.9054736024844721
      },
      "0.3": {
        "p_f1": 0.9328102633751693,
        "s_f1": 0.9246461674122293,
        "p_recall": 0.9265139751552796,
        "s_recall": 0.9057162267080745
      },
      "0.32": {
        "p_f1": 0.9348686436729748,
        "s_f1": 0.926432275512989,
        "p_recall": 0.9250291149068323,
        "s_recall": 0.9059103260869565
      },
      "0.35": {
        "p_f1": 0.936922993508446,
        "s_f1": 0.9284350575741305,
        "p_recall": 0.922369953416149,
        "s_recall": 0.906143245341615
      }
    }
  }
}