{
  "true_vp": [
    3.679616689682007,
    4.737722396850586,
    5.757826805114746,
    6.474932670593262,
    7.10969877243042
  ],
  "zhizi_init_vp": [
    3.364675998687744,
    4.631728649139404,
    5.898781776428223,
    6.785717964172363,
    7.545950889587402
  ],
  "zhizi_wave_vp": [
    5.09616231918335,
    5.3892130851745605,
    5.698923587799072,
    5.92915153503418,
    6.113893508911133
  ],
  "perturb_init_vp": [
    3.812094211578369,
    4.908295154571533,
    5.965126037597656,
    6.70805025100708,
    7.3656697273254395
  ],
  "perturb_wave_vp": [
    5.290210723876953,
    5.542579650878906,
    5.800980567932129,
    5.99393367767334,
    6.153060436248779
  ]
}