{
  "checkpoint": "outputs/run20/20_wrongpeak_sharp/best.pt",
  "synthetic_prior": true,
  "seq_len": 800,
  "trace_noise": 0.05,
  "obs_noise": 0.02,
  "true_vp": [
    3.5,
    4.5,
    5.5,
    6.199999809265137,
    6.800000190734863
  ],
  "true_vs": [
    2.0,
    2.5999999046325684,
    3.200000047683716,
    3.5999999046325684,
    3.9000000953674316
  ],
  "true_q": [
    80.0,
    120.0,
    150.0,
    200.0,
    250.0
  ],
  "picking_prior": {
    "kernel_vp": 8.0,
    "kernel_vs": 4.5,
    "kernel_ratio": 0.5625,
    "pick_mae_p_sec": 0.02,
    "pick_mae_s_sec": 0.02,
    "rho_per_layer": [
      1.8749998807907104,
      1.25,
      1.0,
      0.75,
      0.6000000238418579
    ],
    "raw_picks_tp": [
      2.1998438835144043,
      2.1872949600219727,
      2.263319253921509,
      2.372769832611084,
      2.5414657592773438,
      2.680070161819458,
      2.851057529449463,
      3.0733351707458496
    ],
    "raw_picks_ts": [
      3.8072736263275146,
      3.8538272380828857,
      4.214788436889648,
      4.709266662597656,
      5.291248321533203,
      5.914605140686035,
      6.527283668518066,
      7.241645336151123
    ],
    "true_tp": [
      2.1875901222229004,
      2.2108020782470703,
      2.2786121368408203,
      2.386101245880127,
      2.526578426361084,
      2.692976474761963,
      2.878838062286377,
      3.078794479370117
    ],
    "true_ts": [
      3.788461685180664,
      3.9061806201934814,
      4.233811378479004,
      4.713659763336182,
      5.287893772125244,
      5.914711952209473,
      6.569140434265137,
      7.238033771514893
    ]
  },
  "modes": [
    {
      "mode": "baseline",
      "rmse_init": {
        "vp_rmse": 0.44666221737861633,
        "vs_rmse": 0.29514285922050476,
        "q_rmse": 0.0
      },
      "rmse_recovered": {
        "vp_rmse": 0.7211655378341675,
        "vs_rmse": 0.45338526368141174,
        "q_rmse": 0.0
      },
      "final_loss": {
        "loss": 0.041473839432001114,
        "loss_tp": 0.0008693150011822581,
        "loss_ts": 0.024309024214744568,
        "smooth": 0.18659353256225586,
        "anchor": 1.3931649923324585
      },
      "vp_init": [
        3.753908634185791,
        4.865304470062256,
        5.96809196472168,
        6.7106757164001465,
        7.365437030792236
      ],
      "vp_rec": [
        3.9990313053131104,
        4.524712562561035,
        5.148088455200195,
        5.397760391235352,
        5.5416975021362305
      ]
    },
    {
      "mode": "prior_only",
      "rmse_init": {
        "vp_rmse": 0.39733853936195374,
        "vs_rmse": 0.16440515220165253,
        "q_rmse": 13.661044120788574
      },
      "rmse_recovered": {
        "vp_rmse": 1.8443965911865234,
        "vs_rmse": 2.560178756713867,
        "q_rmse": 13.661044120788574
      },
      "final_loss": {
        "loss": 1.4710289239883423,
        "loss_tp": 0.03288084268569946,
        "loss_ts": 1.114202618598938,
        "smooth": 5.543546676635742,
        "anchor": 9.353617668151855
      },
      "vp_init": [
        4.074790954589844,
        4.947947978973389,
        5.90595817565918,
        6.45695686340332,
        6.965887546539307
      ],
      "vp_rec": [
        1.6750749349594116,
        5.774620532989502,
        8.090360641479492,
        8.100577354431152,
        8.115987777709961
      ]
    },
    {
      "mode": "picks_obs",
      "rmse_init": {
        "vp_rmse": 0.44666221737861633,
        "vs_rmse": 0.29514285922050476,
        "q_rmse": 0.0
      },
      "rmse_recovered": {
        "vp_rmse": 0.720556378364563,
        "vs_rmse": 0.46226122975349426,
        "q_rmse": 0.0
      },
      "final_loss": {
        "loss": 0.038072191178798676,
        "loss_tp": 0.0007910488056950271,
        "loss_ts": 0.021410854533314705,
        "smooth": 0.1786818504333496,
        "anchor": 1.3872389793395996
      },
      "vp_init": [
        3.753908634185791,
        4.865304470062256,
        5.96809196472168,
        6.7106757164001465,
        7.365437030792236
      ],
      "vp_rec": [
        4.041387557983398,
        4.549372673034668,
        5.159571170806885,
        5.408285617828369,
        5.5518951416015625
      ]
    },
    {
      "mode": "prior+picks",
      "rmse_init": {
        "vp_rmse": 0.39733853936195374,
        "vs_rmse": 0.16440515220165253,
        "q_rmse": 13.661044120788574
      },
      "rmse_recovered": {
        "vp_rmse": 1.839707374572754,
        "vs_rmse": 2.562347888946533,
        "q_rmse": 13.661044120788574
      },
      "final_loss": {
        "loss": 1.4820476770401,
        "loss_tp": 0.031518854200839996,
        "loss_ts": 1.1284648180007935,
        "smooth": 5.507046699523926,
        "anchor": 9.34234619140625
      },
      "vp_init": [
        4.074790954589844,
        4.947947978973389,
        5.90595817565918,
        6.45695686340332,
        6.965887546539307
      ],
      "vp_rec": [
        1.6934078931808472,
        5.779420375823975,
        8.087557792663574,
        8.097825050354004,
        8.113289833068848
      ]
    }
  ]
}