{
  "shared_0": {
    "gamma": 1.2312021255493164,
    "omega": 1.3393628597259521,
    "wave_speed": 6.003475666046143
  },
  "shared_1": {
    "gamma": 1.1679049730300903,
    "omega": 0.7462929487228394,
    "wave_speed": 6.003475666046143
  },
  "p_branch_0": {
    "gamma": 2.3272006511688232,
    "omega": 1.7337994575500488,
    "wave_speed": 8.001336097717285
  },
  "p_branch_1": {
    "gamma": 1.7452285289764404,
    "omega": 3.3774402141571045,
    "wave_speed": 8.001336097717285
  },
  "s_branch_0": {
    "gamma": 0.3195244371891022,
    "omega": 1.0027605295181274,
    "wave_speed": 4.51204776763916
  },
  "s_branch_1": {
    "gamma": 0.71966552734375,
    "omega": 1.2198463678359985,
    "wave_speed": 4.51204776763916
  }
}