{
  "checkpoint": "outputs/run20/20_wrongpeak_sharp/best.pt",
  "dataset": "mixed",
  "geo_condition": true,
  "trainable_params": 6720,
  "total_params": 148621,
  "best_val_score": 0.3799567552088272,
  "best_val_vp_rmse": 0.5630100702835341,
  "final_val": {
    "loss_tt": 27.631763961355563,
    "loss_tp": 10.910711963045395,
    "loss_ts": 16.72105195891049,
    "loss_anchor": 0.06027845425878541,
    "loss_anchor_vp": 0.9684822902841083,
    "loss_anchor_vs": 0.23708678163209204,
    "loss_rho_smooth": 0.04637853599200815,
    "rmse_vp_rmse": 0.5630100702835341,
    "rmse_vs_rmse": 0.06476682273008055,
    "rmse_q_rmse": 0.0,
    "loss": 27.73842097541033,
    "loss_unrolled_vp": 0.7924169584856195,
    "loss_unrolled_waveform": 0.021520818978295487,
    "loss_waveform": 0.010961495008382756,
    "synth_loss_tt": 1.5080601076285045,
    "synth_loss_tp": 1.2827101945877075,
    "synth_loss_ts": 0.22534992856283984,
    "synth_loss_anchor": 0.05276223116864761,
    "synth_loss_anchor_vp": 0.9742035840948423,
    "synth_loss_anchor_vs": 0.08104102437694867,
    "synth_loss_rho_smooth": 0.034814970567822456,
    "synth_rmse_vp_rmse": 1.3840664227803547,
    "synth_rmse_vs_rmse": 0.15921843921144804,
    "synth_rmse_q_rmse": 0.0,
    "synth_loss": 1.595637321472168,
    "synth_loss_unrolled_vp": 1.9480250229438145,
    "synth_loss_unrolled_waveform": 0.0,
    "stead_loss_tt": 45.54516088962555,
    "stead_loss_tp": 17.512770318559237,
    "stead_loss_ts": 28.03239049400602,
    "stead_loss_anchor": 0.06543243580630848,
    "stead_loss_anchor_vp": 0.9645591173853193,
    "stead_loss_anchor_vs": 0.34408958660704747,
    "stead_loss_rho_smooth": 0.054307837997164043,
    "stead_loss": 45.66490119525364,
    "stead_loss_waveform": 0.018477948728416647,
    "stead_loss_unrolled_waveform": 0.036277951991983824
  }
}