{
  "checkpoint": "outputs/run20/20_wrongpeak_sharp/best.pt",
  "physics_head": "outputs/zhizi_inversion_bridge_macro/best_physics_head.pt",
  "head_mode": "macro",
  "training_curves": "outputs/proof_suite/training_curves.png",
  "stead_summary": {
    "n": 48,
    "pick_mae_p": 0.9421874999999998,
    "pick_mae_s": 0.156382978723404,
    "zhizi_refined_tt_mean": 3.075677059496575,
    "perturb_refined_tt_mean": 11.219710501969706,
    "zhizi_refine_win_frac": 0.7708333333333334,
    "wilcoxon_zhizi_vs_perturb_refined_tt": {
      "n": 48,
      "w_min": 196.0,
      "w_pos": 196.0,
      "w_neg": 980.0,
      "z_approx": -4.0205656882593335,
      "p_approx_two_sided": 2.9029278458415735e-05,
      "mean_delta_a_minus_b": -8.14403344247313
    }
  },
  "synth_summary": {
    "n": 32,
    "means": {
      "zhizi_wave": 0.9244259316474199,
      "perturb_wave": 0.982438649982214,
      "zhizi_init": 0.30040742084383965,
      "perturb_init": 0.17637092771474272,
      "gn_tt": 0.13579009441309609,
      "lbfgs_tt": 0.20057974464725703,
      "adam_tt": 1.5969993639737368
    },
    "medians": {
      "zhizi_wave": 0.9092351198196411,
      "perturb_wave": 0.9725323617458344,
      "zhizi_init": 0.2724475711584091,
      "perturb_init": 0.14029037207365036,
      "gn_tt": 0.10302283987402916,
      "lbfgs_tt": 0.18527187407016754,
      "adam_tt": 1.7069845795631409
    },
    "zhizi_wave_better_than_perturb_frac": 0.9375,
    "wilcoxon_zhizi_wave_vs_perturb_wave": {
      "n": 32,
      "w_min": 5.0,
      "w_pos": 5.0,
      "w_neg": 523.0,
      "z_approx": -4.843025408243808,
      "p_approx_two_sided": 6.393846449734698e-07,
      "mean_delta_a_minus_b": -0.058012718334794044
    },
    "wilcoxon_zhizi_wave_vs_gn": {
      "n": 32,
      "w_min": 0.0,
      "w_pos": 528.0,
      "w_neg": 0.0,
      "z_approx": -4.936520107244654,
      "p_approx_two_sided": 3.9764420713463787e-07,
      "mean_delta_a_minus_b": 0.7886358372343238
    }
  },
  "latent_n": 8,
  "analysis": {
    "stead_win_frac": 0.7708333333333334,
    "stead_mean_delta_zh_minus_pe": -8.14403344247313,
    "stead_win_by_distance_bin": {
      "0-40": {
        "win": 0.6923076923076923,
        "n": 13
      },
      "40-80": {
        "win": 0.75,
        "n": 12
      },
      "80-120": {
        "win": 0.8125,
        "n": 16
      },
      "120-200": {
        "win": 0.8571428571428571,
        "n": 7
      }
    },
    "synth_zhizi_wave_better_frac": 0.9375,
    "synth_mean_zhizi_wave": 0.9244259316474199,
    "synth_mean_perturb_wave": 0.982438649982214,
    "synth_mean_gn": 0.13579009441309609,
    "note": "gn_tt dominates absolute Vp RMSE on synth travel-time oracle; Zhizi claim is as FWI-lite init (Route A2)."
  },
  "artifacts": {
    "training_curves": "outputs/proof_suite/training_curves.png",
    "stead_scatter": "outputs/proof_suite/stead_refine_scatter.png",
    "synth_bars": "outputs/proof_suite/synth_full_compare_bars.png",
    "example_paths": "outputs/proof_suite/example_paths.png",
    "latent_dir": "outputs/proof_suite/latent/",
    "analysis_dir": "outputs/proof_suite/analysis/"
  },
  "verdict": {
    "stead_geom_gate": "PASS",
    "route_a2_wave_init": "PASS",
    "absolute_tt_oracle": "GN/LBFGS still better than Zhizi+wave on synth VpRMSE (expected; claim is FWI init not TT oracle)"
  }
}