{
  "true_vp": [
    3.679616689682007,
    4.737722396850586,
    5.757826805114746,
    6.474932670593262,
    7.10969877243042
  ],
  "zhizi_init_vp": [
    2.7501919269561768,
    4.150243759155273,
    5.550295829772949,
    6.403207778930664,
    6.889873504638672
  ],
  "zhizi_wave_vp": [
    4.575621604919434,
    4.897526741027832,
    5.235589504241943,
    5.458239555358887,
    5.58591365814209
  ],
  "perturb_init_vp": [
    3.812094211578369,
    4.908295154571533,
    5.965126037597656,
    6.70805025100708,
    7.3656697273254395
  ],
  "perturb_wave_vp": [
    5.290210723876953,
    5.542579650878906,
    5.800980567932129,
    5.99393367767334,
    6.153060436248779
  ]
}