{
  "checkpoint": "outputs/run16/16_det_onset/best.pt",
  "n_test": 126566,
  "default": {
    "det_threshold": 0.5,
    "pick_threshold": 0.3,
    "det": {
      "tp": 101645,
      "fp": 388,
      "fn": 1395,
      "precision": 0.9961973087138475,
      "recall": 0.9864615683229814,
      "f1": 0.9913055351021345
    },
    "p": {
      "tp": 95979,
      "fp": 7253,
      "fn": 7061,
      "precision": 0.9297407780533168,
      "recall": 0.9314732142857143,
      "f1": 0.9306061898852
    },
    "s": {
      "tp": 93606,
      "fp": 6394,
      "fn": 9434,
      "precision": 0.93606,
      "recall": 0.9084433229813664,
      "f1": 0.9220449172576832
    }
  },
  "error_breakdown_pick03_det05": {
    "p_tp": 95979,
    "s_tp": 93606,
    "p_fn_wrong_peak": 3685,
    "s_fn_wrong_peak": 6291,
    "p_fn_no_peak": 1981,
    "s_fn_no_peak": 1748,
    "p_fn_missed_det": 1395,
    "s_fn_missed_det": 1395
  },
  "p_wrong_peak_distance": {
    ">1.0s": 2731,
    "0.5-1.0s": 954
  },
  "s_wrong_peak_distance": {
    ">1.0s": 3849,
    "0.5-1.0s": 2442
  },
  "p_mae_sec": 0.06066717719497303,
  "s_mae_sec": 0.09139398115501174,
  "det_threshold_sweep": {
    "0.4": {
      "tp": 101823,
      "fp": 454,
      "fn": 1217,
      "precision": 0.9955610743373388,
      "recall": 0.9881890527950311,
      "f1": 0.99186136559564
    },
    "0.45": {
      "tp": 101737,
      "fp": 424,
      "fn": 1303,
      "precision": 0.9958496882371942,
      "recall": 0.9873544254658385,
      "f1": 0.9915838616770873
    },
    "0.5": {
      "tp": 101645,
      "fp": 388,
      "fn": 1395,
      "precision": 0.9961973087138475,
      "recall": 0.9864615683229814,
      "f1": 0.9913055351021345
    },
    "0.55": {
      "tp": 101538,
      "fp": 364,
      "fn": 1502,
      "precision": 0.9964279405703519,
      "recall": 0.9854231366459627,
      "f1": 0.9908949849225634
    }
  },
  "pick_threshold_sweep": {
    "0.4": {
      "0.2": {
        "p_f1": 0.9066352777868965,
        "s_f1": 0.9110039456378781,
        "p_recall": 0.9381308229813664,
        "s_recall": 0.9075116459627329
      },
      "0.25": {
        "p_f1": 0.9220394390968963,
        "s_f1": 0.9175540125347302,
        "p_recall": 0.9361510093167702,
        "s_recall": 0.9086180124223603
      },
      "0.28": {
        "p_f1": 0.9282473371811006,
        "s_f1": 0.9208075983824447,
        "p_recall": 0.9341614906832298,
        "s_recall": 0.9093555900621118
      },
      "0.3": {
        "p_f1": 0.931321156920692,
        "s_f1": 0.9226710245227853,
        "p_recall": 0.9328125,
        "s_recall": 0.9095885093167702
      },
      "0.32": {
        "p_f1": 0.9336660489052976,
        "s_f1": 0.9245210463522613,
        "p_recall": 0.9314052795031056,
        "s_recall": 0.9099767080745341
      },
      "0.35": {
        "p_f1": 0.9363606571810084,
        "s_f1": 0.9270939368483472,
        "p_recall": 0.9289499223602484,
        "s_recall": 0.9104037267080746
      }
    },
    "0.45": {
      "0.2": {
        "p_f1": 0.9062916330474923,
        "s_f1": 0.910701495373551,
        "p_recall": 0.9374805900621118,
        "s_recall": 0.9069584627329192
      },
      "0.25": {
        "p_f1": 0.9216941486945838,
        "s_f1": 0.9172515881107364,
        "p_recall": 0.9355007763975155,
        "s_recall": 0.9080648291925466
      },
      "0.28": {
        "p_f1": 0.927906157905145,
        "s_f1": 0.9205052590189718,
        "p_recall": 0.9335209627329193,
        "s_recall": 0.9088024068322982
      },
      "0.3": {
        "p_f1": 0.9309845162228307,
        "s_f1": 0.9223686737140634,
        "p_recall": 0.9321816770186335,
        "s_recall": 0.9090353260869565
      },
      "0.32": {
        "p_f1": 0.9333443623217317,
        "s_f1": 0.9242187384419646,
        "p_recall": 0.9308035714285714,
        "s_recall": 0.9094235248447204
      },
      "0.35": {
        "p_f1": 0.9360380063311267,
        "s_f1": 0.9267916545155279,
        "p_recall": 0.9283482142857142,
        "s_recall": 0.9098505434782609
      }
    },
    "0.5": {
      "0.2": {
        "p_f1": 0.9059066997658344,
        "s_f1": 0.9103776343750609,
        "p_recall": 0.9367527173913044,
        "s_recall": 0.9063664596273292
      },
      "0.25": {
        "p_f1": 0.9213073670919977,
        "s_f1": 0.916927753671153,
        "p_recall": 0.9347729037267081,
        "s_recall": 0.9074728260869566
      },
      "0.28": {
        "p_f1": 0.927523365162386,
        "s_f1": 0.9201815151500252,
        "p_recall": 0.9328027950310559,
        "s_recall": 0.908210403726708
      },
      "0.3": {
        "p_f1": 0.9306061898852,
        "s_f1": 0.9220449172576832,
        "p_recall": 0.9314732142857143,
        "s_recall": 0.9084433229813664
      },
      "0.32": {
        "p_f1": 0.9329653534262045,
        "s_f1": 0.9238950276243094,
        "p_recall": 0.9300951086956522,
        "s_recall": 0.9088315217391304
      },
      "0.35": {
        "p_f1": 0.9356578599606487,
        "s_f1": 0.9264679706504758,
        "p_recall": 0.927639751552795,
        "s_recall": 0.9092585403726708
      }
    },
    "0.55": {
      "0.2": {
        "p_f1": 0.9054341447383865,
        "s_f1": 0.9099632363696647,
        "p_recall": 0.9358598602484473,
        "s_recall": 0.9056094720496894
      },
      "0.25": {
        "p_f1": 0.9208376993411516,
        "s_f1": 0.9165133879741216,
        "p_recall": 0.9338897515527951,
        "s_recall": 0.9067158385093168
      },
      "0.28": {
        "p_f1": 0.9270522586188586,
        "s_f1": 0.9197672645717854,
        "p_recall": 0.9319196428571429,
        "s_recall": 0.9074534161490683
      },
      "0.3": {
        "p_f1": 0.9301342024725849,
        "s_f1": 0.9216359632051162,
        "p_recall": 0.9305900621118013,
        "s_recall": 0.9076960403726708
      },
      "0.32": {
        "p_f1": 0.9324925129653527,
        "s_f1": 0.9234861307817196,
        "p_recall": 0.9292119565217392,
        "s_recall": 0.9080842391304348
      },
      "0.35": {
        "p_f1": 0.9351940261965969,
        "s_f1": 0.926059107209101,
        "p_recall": 0.9267760093167702,
        "s_recall": 0.9085112577639751
      }
    }
  }
}