{
  "checkpoint": "/media/bob/Work/TRELLIS/HNF/outputs/run21/21_s_only_refine/best.pt",
  "dataset": "stead",
  "geo_condition": true,
  "trainable_params": 9219,
  "total_params": 148621,
  "best_val_score": 0.033701584782397404,
  "best_val_vp_rmse": null,
  "final_val": {
    "loss_tt": 42.19966024419536,
    "loss_tp": 15.41620666773288,
    "loss_ts": 26.7834539038966,
    "loss_anchor": 0.022810603100536526,
    "loss_anchor_vp": 1.2883784857349119,
    "loss_anchor_vs": 0.9926818868388301,
    "loss_rho_smooth": 0.014991398387845013,
    "loss": 42.23746274865192,
    "loss_waveform": 0.03309520282715127,
    "loss_unrolled_waveform": 0.03567318577805291
  }
}