{
  "n_stations": 8,
  "source_depth_km": 10.0,
  "noise_std_s": 0.0,
  "receiver_distances_km": [
    0.0,
    7.142857074737549,
    14.285714149475098,
    21.428571701049805,
    28.571428298950195,
    35.71428680419922,
    42.85714340209961,
    50.0
  ],
  "obs_tp": [
    2.1875901222229004,
    2.2108020782470703,
    2.2786121368408203,
    2.386101245880127,
    2.526578426361084,
    2.692976474761963,
    2.878838062286377,
    3.078794479370117
  ],
  "obs_ts": [
    3.788461685180664,
    3.9061806201934814,
    4.233811378479004,
    4.713659763336182,
    5.287893772125244,
    5.914711952209473,
    6.569140434265137,
    7.238033771514893
  ],
  "true": {
    "vp": [
      3.5,
      4.5,
      5.5,
      6.199999809265137,
      6.800000190734863
    ],
    "vs": [
      2.0,
      2.5999999046325684,
      3.200000047683716,
      3.5999999046325684,
      3.9000000953674316
    ],
    "q": [
      80.0,
      120.0,
      150.0,
      200.0,
      250.0
    ]
  },
  "init": {
    "vp": [
      3.753908634185791,
      4.865304470062256,
      5.96809196472168,
      6.7106757164001465,
      7.365437030792236
    ],
    "vs": [
      1.8117663860321045,
      2.3552961349487305,
      2.8988263607025146,
      3.2611794471740723,
      3.532944440841675
    ]
  },
  "recovered": {
    "vp": [
      4.162433624267578,
      4.559224605560303,
      5.044623374938965,
      5.308639049530029,
      5.460500240325928
    ],
    "vs": [
      2.773503303527832,
      2.746185541152954,
      2.7554771900177,
      3.274339437484741,
      3.5362634658813477
    ],
    "q": [
      80.0,
      120.0,
      150.0,
      200.0,
      250.0
    ]
  },
  "rmse_init": {
    "vp_rmse": 0.44666221737861633,
    "vs_rmse": 0.29514285922050476,
    "q_rmse": 0.0
  },
  "rmse_recovered": {
    "vp_rmse": 0.8047953844070435,
    "vs_rmse": 0.45948606729507446,
    "q_rmse": 0.0
  },
  "final_loss": {
    "loss": 0.03886127099394798,
    "loss_tp": 0.0008597989799454808,
    "loss_ts": 0.02405218407511711,
    "smooth": 0.1215091347694397,
    "anchor": 1.5747662782669067
  }
}