{"type": "FeatureCollection", "features": [{"type": "Feature", "geometry": {"type": "LineString", "coordinates": [[-124.07160999998537, 40.06145300125832], [-124.0819189997106, 40.086575999976525], [-124.08458500004787, 40.09323699970535], [-124.08734300044664, 40.09905999987495], [-124.08877100015154, 40.10135000029333], [-124.08949500004972, 40.103116000144205], [-124.0901279997113, 40.109031999749966], [-124.08985200042508, 40.1112709997484], [-124.08987699964112, 40.1128669998052], [-124.08989300043297, 40.11393100124901], [-124.09012400041166, 40.114665000322596], [-124.09045599977436, 40.11512000009119], [-124.0905649995543, 40.11569200027037], [-124.09069400032405, 40.11756400000441]]}, "properties": {"fault_name": "San Andreas fault zone", "section_name": "Shelter Cove Section", "class": "A"}}, {"type": "Feature", "geometry": {"type": "LineString", "coordinates": [[-124.07799599937267, 40.046409999793454], [-124.07948900027317, 40.04822900033479]]}, "properties": {"fault_name": "San Andreas fault zone", "section_name": "Shelter Cove Section", "class": "A"}}, {"type": "Feature", "geometry": {"type": "LineString", "coordinates": [[-124.07643199922535, 40.04447099993993], [-124.074633000698, 40.04217399986393]]}, "properties": {"fault_name": "San Andreas fault zone", "section_name": "Shelter Cove Section", "class": "A"}}, {"type": "Feature", "geometry": {"type": "LineString", "coordinates": [[-124.07384399960418, 40.04120000004698], [-124.07281400028258, 40.039820000275505], [-124.07224900039304, 40.038966999714404]]}, "properties": {"fault_name": "San Andreas fault zone", "section_name": "Shelter Cove Section", "class": "A"}}, {"type": "Feature", "geometry": {"type": "LineString", "coordinates": [[-124.0774709996661, 40.04578299987621], [-124.07786700039955, 40.046240999795586]]}, "properties": {"fault_name": "San Andreas fault zone", "section_name": "Shelter Cove Section", "class": "A"}}, {"type": "Feature", "geometry": {"type": "LineString", "coordinates": [[-124.07448199928865, 40.04202400017013], [-124.07406000041257, 40.0414450000447]]}, "properties": {"fault_name": "San Andreas fault zone", "section_name": "Shelter Cove Section", "class": "A"}}, {"type": "Feature", "geometry": {"type": "LineString", "coordinates": [[-124.07188100014702, 40.03835200020753], [-124.07218800029366, 40.038831001220366]]}, "properties": {"fault_name": "San Andreas fault zone", "section_name": "Shelter Cove Section", "class": "A"}}, {"type": "Feature", "geometry": {"type": "LineString", "coordinates": [[-124.06984400017168, 40.054729999940946], [-124.06998599956358, 40.05495200007467], [-124.07017899990744, 40.055396999992325], [-124.07048000020633, 40.056426999818804], [-124.07054499960535, 40.057065001335744], [-124.07067999932454, 40.05780399979062], [-124.07100999993574, 40.05902400005088], [-124.0713160002575, 40.06022600130743]]}, "properties": {"fault_name": "San Andreas fault zone", "section_name": "Shelter Cove Section", "class": "A"}}, {"type": "Feature", "geometry": {"type": "LineString", "coordinates": [[-124.07039900001546, 40.03617000009391], [-124.0700480003862, 40.03571000120795]]}, "properties": {"fault_name": "San Andreas fault zone", "section_name": "Shelter Cove Section", "class": "A"}}, {"type": "Feature", "geometry": {"type": "LineString", "coordinates": [[-124.06963199956127, 40.036087000240265], [-124.06897600033346, 40.03516700030918], [-124.0683450003217, 40.03435000031928], [-124.06804100144639, 40.03394199978509], [-124.0678299997626, 40.03365199968808]]}, "properties": {"fault_name": "San Andreas fault zone", "section_name": "Shelter Cove Section", "class": "A"}}, {"type": "Feature", "geometry": {"type": "LineString", "coordinates": [[-124.06255300023794, 40.02904399874357], [-124.06262499930963, 40.02845700068642], [-124.06273800018585, 40.02776399971476], [-124.062895001443, 40.027001999715196], [-124.06292300013378, 40.026449001275125], [-124.06283700081836, 40.02588100032025]]}, "properties": {"fault_name": "San Andreas fault zone", "section_name": "Shelter Cove Section", "class": "A"}}, {"type": "Feature", "geometry": {"type": "LineString", "coordinates": [[-124.0605530000725, 40.02649099994693], [-124.06046500020898, 40.02586400121666]]}, "properties": {"fault_name": "San Andreas fault zone", "section_name": "Shelter Cove Section", "class": "A"}}, {"type": "Feature", "geometry": {"type": "LineString", "coordinates": [[-124.0590800001618, 40.02581999971365], [-124.05913299986521, 40.02529600020625]]}, "properties": {"fault_name": "San Andreas fault zone", "section_name": "Shelter Cove Section", "class": "A"}}, {"type": "Feature", "geometry": {"type": "LineString", "coordinates": [[-124.07729999996188, 40.045569999934486], [-124.07659299978215, 40.044709999704125]]}, "properties": {"fault_name": "San Andreas fault zone", "section_name": "Shelter Cove Section", "class": "A"}}, {"type": "Feature", "geometry": {"type": "LineString", "coordinates": [[-124.07171999959024, 40.03808900128166], [-124.07148299976377, 40.037743998705], [-124.07129299979297, 40.03746899925843], [-124.07091100020155, 40.03684899985138], [-124.07072099933244, 40.036607001319986], [-124.07053100025995, 40.03633200003935]]}, "properties": {"fault_name": "San Andreas fault zone", "section_name": "Shelter Cove Section", "class": "A"}}, {"type": "Feature", "geometry": {"type": "LineString", "coordinates": [[-124.06966599989643, 40.054117001218174], [-124.0696550000258, 40.05376800017314], [-124.06964300033022, 40.053349999690184], [-124.06976499963065, 40.05289399967746], [-124.06993799988304, 40.05261200017851]]}, "properties": {"fault_name": "San Andreas fault zone", "section_name": "Shelter Cove Section", "class": "A"}}, {"type": "Feature", "geometry": {"type": "LineString", "coordinates": [[-124.06979300011807, 40.05450700000159], [-124.06962100058892, 40.0541180003064], [-124.06947000007787, 40.053632000261175], [-124.0692619996654, 40.05279799877939], [-124.06919699936809, 40.05217199966365]]}, "properties": {"fault_name": "San Andreas fault zone", "section_name": "Shelter Cove Section", "class": "A"}}, {"type": "Feature", "geometry": {"type": "LineString", "coordinates": [[-124.0691279997711, 40.0518700003168], [-124.06880499973093, 40.05013400002597], [-124.06843599965997, 40.04836199975701], [-124.06815400142429, 40.04650400028639], [-124.06776199999051, 40.044683001338065], [-124.06751799959304, 40.04334099872714], [-124.06721600036757, 40.0422440012128], [-124.06696899959702, 40.04150599974444], [-124.0667740014, 40.041024999706174]]}, "properties": {"fault_name": "San Andreas fault zone", "section_name": "Shelter Cove Section", "class": "A"}}, {"type": "Feature", "geometry": {"type": "LineString", "coordinates": [[-124.0666280000135, 40.04072799966377], [-124.06624100039922, 40.03996699867827], [-124.06565300004515, 40.03854899993878], [-124.06525300001206, 40.03737000133202], [-124.06510499987408, 40.03695400007532], [-124.06500499941664, 40.03667700013081], [-124.06472099973449, 40.03626300022427], [-124.06443600022747, 40.03584999991152], [-124.0631509997394, 40.033919000194764], [-124.06234600144701, 40.03278200025211], [-124.06168600022461, 40.03199199985484], [-124.06144900039816, 40.03164700013673]]}, "properties": {"fault_name": "San Andreas fault zone", "section_name": "Shelter Cove Section", "class": "A"}}, {"type": "Feature", "geometry": {"type": "LineString", "coordinates": [[-124.06251600042799, 40.03130499969259], [-124.06245199995557, 40.03071199974326], [-124.06245699997847, 40.03015499922923], [-124.06248699921738, 40.029648000232015], [-124.06250300000923, 40.02938600020671], [-124.06254100144068, 40.02917599968044]]}, "properties": {"fault_name": "San Andreas fault zone", "section_name": "Shelter Cove Section", "class": "A"}}, {"type": "Feature", "geometry": {"type": "LineString", "coordinates": [[-124.06184600005818, 40.030183000035436], [-124.06215200037994, 40.02979399979372], [-124.06243500023714, 40.029438999962274]]}, "properties": {"fault_name": "San Andreas fault zone", "section_name": "Shelter Cove Section", "class": "A"}}, {"type": "Feature", "geometry": {"type": "LineString", "coordinates": [[-124.0615090006726, 40.029561000151425], [-124.06181500009605, 40.02917099966005], [-124.0622320007459, 40.02871000019304]]}, "properties": {"fault_name": "San Andreas fault zone", "section_name": "Shelter Cove Section", "class": "A"}}, {"type": "Feature", "geometry": {"type": "LineString", "coordinates": [[-124.06126199990209, 40.028884999808504], [-124.06148299983502, 40.02869000066044], [-124.06187799984524, 40.028262999781994], [-124.06200699971666, 40.028051999767534]]}, "properties": {"fault_name": "San Andreas fault zone", "section_name": "Shelter Cove Section", "class": "A"}}, {"type": "Feature", "geometry": {"type": "LineString", "coordinates": [[-124.06195700038627, 40.03045199992366], [-124.06157200042179, 40.02976100022636], [-124.06123099993995, 40.02899900121103], [-124.060926999268, 40.02795799997469], [-124.06067699992107, 40.02719499990797], [-124.06061799857322, 40.02674299968913]]}, "properties": {"fault_name": "San Andreas fault zone", "section_name": "Shelter Cove Section", "class": "A"}}, {"type": "Feature", "geometry": {"type": "LineString", "coordinates": [[-124.06121500004642, 40.031442000235266], [-124.06036699940137, 40.03041000025137], [-124.05965599992197, 40.029446000238345], [-124.0592340001476, 40.02896499973866], [-124.05904400017678, 40.02869000066044], [-124.05889600003879, 40.02830900001797], [-124.05887999924694, 40.02778499968089], [-124.05894399971933, 40.02687700130205], [-124.05905300039761, 40.026039001254404]]}, "properties": {"fault_name": "San Andreas fault zone", "section_name": "Shelter Cove Section", "class": "A"}}, {"type": "Feature", "geometry": {"type": "LineString", "coordinates": [[-123.48070800042309, 40.423671999775756], [-123.48597499990197, 40.42931899984599], [-123.48779299959422, 40.432475000256616], [-123.49039700000719, 40.436522000320174], [-123.49189400020735, 40.438544000225946], [-123.49692300003488, 40.443833999824314], [-123.5043000001824, 40.45024900011692], [-123.50893299927647, 40.45470500126461], [-123.51144800000102, 40.457438999699605], [-123.51348299942819, 40.458624000097075], [-123.51598599955885, 40.45992599970863], [-123.51708499937577, 40.46087699990092], [-123.51850499958303, 40.46307900023669], [-123.51937800034247, 40.46504399994167], [-123.52166100036509, 40.46772000012423], [-123.5231619998649, 40.4702200002414], [-123.52395600008327, 40.472006999769924], [-123.52546400015412, 40.475341998780934], [-123.52766800143233, 40.47813799970671], [-123.52971900075303, 40.4811729997779], [-123.53160500021733, 40.48325400132333], [-123.53364700021554, 40.48515499966228], [-123.53623900003464, 40.487829000076694], [-123.53774000043278, 40.4901499999836], [-123.53971600030874, 40.49354399977897], [-123.54113999981563, 40.49622299976782], [-123.54192900001117, 40.497413000672815], [-123.54349800018136, 40.498719001239806]]}, "properties": {"fault_name": "Grogan fault", "section_name": "", "class": "A"}}, {"type": "Feature", "geometry": {"type": "LineString", "coordinates": [[-123.4467740004283, 40.3621709996844], [-123.45010399859268, 40.3691390002031]]}, "properties": {"fault_name": "Grogan fault", "section_name": "", "class": "A"}}, {"type": "Feature", "geometry": {"type": "LineString", "coordinates": [[-123.44217800024579, 40.35294100018958], [-123.4447890003315, 40.35770400033364]]}, "properties": {"fault_name": "Grogan fault", "section_name": "", "class": "A"}}, {"type": "Feature", "geometry": {"type": "LineString", "coordinates": [[-123.45010399859268, 40.3691390002031], [-123.45014600022208, 40.37409200002645], [-123.4506249998979, 40.37540300008692], [-123.45534100062929, 40.3804560003065], [-123.4579340002733, 40.383190000021905], [-123.4592719995665, 40.38485500004298], [-123.46023400001438, 40.388072998776394], [-123.46079399988103, 40.38980199977747], [-123.46166199971925, 40.391110998708974], [-123.46597299859808, 40.394374000118816], [-123.4669950002187, 40.395562999914745], [-123.46731700043398, 40.396814999787914], [-123.46756299958298, 40.39812699977475], [-123.46811199957897, 40.39860199872021], [-123.47014000023177, 40.39889200021671], [-123.4713110000187, 40.39930499987547], [-123.4717049993057, 40.399781000247025], [-123.47163099968586, 40.400257998773824], [-123.47132600008733, 40.40103500132213], [-123.47149099994377, 40.402109001233406], [-123.47203999993978, 40.40258400013121], [-123.47508099929745, 40.402989000187816], [-123.47742299976962, 40.40363599975939], [-123.47978199996021, 40.40631200025344], [-123.47994299961871, 40.40696699977372], [-123.47964000056832, 40.40798300000506], [-123.47886699936801, 40.40858300016652], [-123.47793300030587, 40.408706000185305], [-123.47747699929799, 40.410021000329486], [-123.4774069998761, 40.41091599972706], [-123.47757000008271, 40.41181000023654], [-123.47835300043042, 40.41234400024137], [-123.47913599987984, 40.4128179987629], [-123.4803140002378, 40.41394699871858], [-123.48063400080325, 40.41490100022781], [-123.48088099977713, 40.416571000199774], [-123.48065599964625, 40.417525999965456], [-123.480196000237, 40.418363000021785], [-123.48036200081667, 40.41955600028264], [-123.48083599957128, 40.420390000144145], [-123.48107499994589, 40.420926000137506], [-123.48115600013675, 40.42140299995204], [-123.4807719999972, 40.42206099979414], [-123.48070800042309, 40.423671999775756]]}, "properties": {"fault_name": "Grogan fault", "section_name": "", "class": "A"}}, {"type": "Feature", "geometry": {"type": "LineString", "coordinates": [[-123.4447890003315, 40.35770400033364], [-123.44479699982911, 40.358718999677905], [-123.44558100000171, 40.359251999695054], [-123.44605200017993, 40.35978799981274], [-123.4467740004283, 40.3621709996844]]}, "properties": {"fault_name": "Grogan fault", "section_name": "", "class": "A"}}, {"type": "Feature", "geometry": {"type": "LineString", "coordinates": [[-124.00110800034386, 41.232420999995675], [-124.00271399942565, 41.234135999983614], [-124.0036899992189, 41.23542299985242], [-124.00437999968022, 41.23682800024938], [-124.00466400026066, 41.23756699985154], [-124.00478800010923, 41.23832900031822], [-124.00443699958163, 41.24056699968617], [-124.00395900062907, 41.24249599977873], [-124.0038630003696, 41.243424000081525], [-124.00398700021815, 41.24459099997206], [-124.00403800027178, 41.25013999976906]]}, "properties": {"fault_name": "Grogan fault", "section_name": "", "class": "A"}}, {"type": "Feature", "geometry": {"type": "LineString", "coordinates": [[-124.04543300007964, 41.3247559997583], [-124.03949200003296, 41.31660899990669]]}, "properties": {"fault_name": "Grogan fault", "section_name": "", "class": "A"}}, {"type": "Feature", "geometry": {"type": "LineString", "coordinates": [[-124.0700789985517, 41.3829059992794], [-124.06447600041045, 41.37393699972256], [-124.06123899943755, 41.365762998692254], [-124.05911100012392, 41.35867400012772], [-124.05694199990411, 41.34953199968813], [-124.0538710004092, 41.34040000031361], [-124.05047899962561, 41.33332199974141], [-124.04543300007964, 41.3247559997583]]}, "properties": {"fault_name": "Grogan fault", "section_name": "", "class": "A"}}, {"type": "Feature", "geometry": {"type": "LineString", "coordinates": [[-124.03949200003296, 41.31660899990669], [-124.03754799994404, 41.30951599998831], [-124.03675700009872, 41.30596800000786], [-124.03523600140574, 41.30201700033017], [-124.03281200001948, 41.298073999672226], [-124.03059500011908, 41.295498000161416], [-124.02799800027711, 41.29196700025168], [-124.02576599940978, 41.288570000126064], [-124.02087199930148, 41.27822400029026], [-124.01593299988562, 41.27061499983964], [-124.00889899986981, 41.26116399976077], [-124.00500300019438, 41.25435300020134], [-124.00417999966369, 41.250415999764215]]}, "properties": {"fault_name": "Grogan fault", "section_name": "", "class": "A"}}, {"type": "Feature", "geometry": {"type": "LineString", "coordinates": [[-123.98898400040116, 41.21397599997811], [-123.98979699998779, 41.21563800133159], [-123.99091200059655, 41.217416999669055], [-123.99188400019185, 41.218449998713524], [-123.99323500080213, 41.21948799990102], [-123.99442999998021, 41.22086700030111], [-123.99531999955973, 41.222415999869106], [-123.99598599973159, 41.2237329987211]]}, "properties": {"fault_name": "Grogan fault", "section_name": "", "class": "A"}}, {"type": "Feature", "geometry": {"type": "LineString", "coordinates": [[-123.91675600023062, 41.11995299993734], [-123.91803199959953, 41.12070500033208], [-123.9193749998139, 41.12208600029436], [-123.92139200059607, 41.12392800025261], [-123.92341600015261, 41.12531299989716], [-123.92581999965076, 41.126587000310685], [-123.92724999990376, 41.127111000277665], [-123.92897500060788, 41.12820799990347], [-123.92979500076552, 41.12912800019843], [-123.93059899923303, 41.131305000328744], [-123.93190899983544, 41.13537199882315], [-123.93293400003252, 41.138064999686556], [-123.93341299970831, 41.141954000161405], [-123.93457000014988, 41.146133999664066], [-123.93467599955675, 41.14973499987394], [-123.93525300004016, 41.151911000230626], [-123.93620399971904, 41.15448899972426], [-123.93798200012662, 41.15741500021975], [-123.941333000004, 41.161666999923504], [-123.9430350002436, 41.16476400026642], [-123.94512999994525, 41.166662999940584], [-123.94669699956731, 41.168443999752995], [-123.94862999978555, 41.17114300018823], [-123.95020099960557, 41.17263899868483], [-123.95230000040348, 41.17419599976345], [-123.95379699970535, 41.175520001254945], [-123.95580899956632, 41.177990999782196], [-123.95819299987127, 41.181034999740696], [-123.9599909985737, 41.18259000016126], [-123.96148400037255, 41.18419900119871], [-123.96393499972635, 41.18804400014626], [-123.96557900023959, 41.189825999871324], [-123.96827900001375, 41.191900999936465], [-123.97060800006713, 41.193343999777305], [-123.97315700022855, 41.19530399986732], [-123.97532700027327, 41.1974319998956], [-123.97689800009327, 41.198985000218975], [-123.97899699999287, 41.20071199966803], [-123.98101800007471, 41.20255399981751], [-123.98392999956094, 41.20594400025079]]}, "properties": {"fault_name": "Grogan fault", "section_name": "", "class": "A"}}, {"type": "Feature", "geometry": {"type": "LineString", "coordinates": [[-123.8497100000485, 40.999572999667734], [-123.85215900065081, 41.00256300126818], [-123.85499099977109, 41.00515600122714], [-123.8573700000532, 41.00780299997945], [-123.85950900013577, 41.01136199980168], [-123.86163200032485, 41.01623499970695], [-123.86248599991936, 41.02001300011883], [-123.86285499999032, 41.020586999724095], [-123.86373799989715, 41.02230800003868], [-123.86634099958692, 41.02512799987458], [-123.86708399975166, 41.02599000028733], [-123.86782199989355, 41.02725300025021], [-123.8685429994187, 41.02971599989468], [-123.86919799971989, 41.03154899967259], [-123.87081999959354, 41.03436199975366], [-123.87191200063607, 41.03734099878694], [-123.87231800141522, 41.040830999664365], [-123.87234100008315, 41.04465999968868], [-123.87167300026147, 41.04928499975778], [-123.87178099931819, 41.05254300013922], [-123.87182199932606, 41.05494400005689], [-123.87237900061629, 41.05849099978838], [-123.87251099996246, 41.05992100030543], [-123.8728720014341, 41.06112400024293], [-123.87443199958683, 41.06307800069793], [-123.87546699982964, 41.064742999774516], [-123.87676600056139, 41.06920899985634], [-123.87806299984672, 41.073848000203746], [-123.87930899997671, 41.076656998817136], [-123.88034399932121, 41.07837900007832], [-123.88130499994418, 41.07992899971056], [-123.88219899972165, 41.08085000029326], [-123.88362399995181, 41.0816600002586], [-123.8863980002441, 41.083336999789864], [-123.89036699971446, 41.08610900076113], [-123.89201299987756, 41.08732099985625], [-123.89320499958089, 41.08858600019113], [-123.89386400008006, 41.0901910000553], [-123.89473100009339, 41.09316900126917], [-123.89531500024948, 41.09471600029625], [-123.89634999959395, 41.09649500007889], [-123.89829100020815, 41.09828099878685], [-123.9002310000991, 41.10017999999286], [-123.90089400079623, 41.10149899993871], [-123.90101400044682, 41.10384299976574], [-123.90143500039632, 41.10630400009238], [-123.90201100015648, 41.10853699981466], [-123.90311499999626, 41.110772999774476], [-123.90370599982504, 41.111806000073265], [-123.9043779998447, 41.11255399979424], [-123.90790399962427, 41.11463399984236]]}, "properties": {"fault_name": "Grogan fault", "section_name": "", "class": "A"}}, {"type": "Feature", "geometry": {"type": "LineString", "coordinates": [[-123.83162899926727, 40.951759001283264], [-123.83386800070558, 40.95250000029743]]}, "properties": {"fault_name": "Grogan fault", "section_name": "", "class": "A"}}, {"type": "Feature", "geometry": {"type": "LineString", "coordinates": [[-123.8244000001561, 40.949978000037426], [-123.8261679996196, 40.950156000077], [-123.82738500033558, 40.95039300003666], [-123.82836800069987, 40.95072000011313]]}, "properties": {"fault_name": "Grogan fault", "section_name": "", "class": "A"}}, {"type": "Feature", "geometry": {"type": "LineString", "coordinates": [[-123.81920200027415, 40.9305209997344], [-123.82277599973432, 40.93102599982211]]}, "properties": {"fault_name": "Grogan fault", "section_name": "", "class": "A"}}, {"type": "Feature", "geometry": {"type": "LineString", "coordinates": [[-123.81224699990106, 40.920760999786914], [-123.81542700007424, 40.920464998776744], [-123.81892100006675, 40.92005100132278]]}, "properties": {"fault_name": "Grogan fault", "section_name": "", "class": "A"}}, {"type": "Feature", "geometry": {"type": "LineString", "coordinates": [[-123.81314299932839, 40.913882999808486], [-123.81195099962507, 40.914382999709396], [-123.80976999970967, 40.91530400002864], [-123.80890300059468, 40.91566199967993]]}, "properties": {"fault_name": "Grogan fault", "section_name": "", "class": "A"}}, {"type": "Feature", "geometry": {"type": "LineString", "coordinates": [[-123.80639999956571, 40.92888600024151], [-123.80989500028146, 40.929124000237074], [-123.811622999562, 40.9294210001869]]}, "properties": {"fault_name": "Grogan fault", "section_name": "", "class": "A"}}, {"type": "Feature", "geometry": {"type": "LineString", "coordinates": [[-123.80014300004983, 40.89804099877959], [-123.80414700057862, 40.89994100030476], [-123.8063850003954, 40.90106900019534], [-123.80881900003078, 40.902434000103405]]}, "properties": {"fault_name": "Grogan fault", "section_name": "", "class": "A"}}, {"type": "Feature", "geometry": {"type": "LineString", "coordinates": [[-123.79173800023057, 40.87288799978447], [-123.78997299934349, 40.873332000313205], [-123.78871700006606, 40.87368699997527], [-123.78750100007328, 40.87404199977162], [-123.78597100026117, 40.87442699978126], [-123.78514699990554, 40.874664000335834], [-123.78334299955871, 40.87516700014615], [-123.78200899956514, 40.87564000001509], [-123.78106700010707, 40.87608500026872]]}, "properties": {"fault_name": "Grogan fault", "section_name": "", "class": "A"}}, {"type": "Feature", "geometry": {"type": "LineString", "coordinates": [[-123.78043899957005, 40.86899599978414], [-123.77871299993934, 40.87006300017549], [-123.77773200012322, 40.87080299972922], [-123.77694700012567, 40.87130700025726], [-123.77525900012978, 40.872166000011546]]}, "properties": {"fault_name": "Grogan fault", "section_name": "", "class": "A"}}, {"type": "Feature", "geometry": {"type": "LineString", "coordinates": [[-123.77894800011597, 40.866621999825355], [-123.77686899940953, 40.868844999904255], [-123.77674999958386, 40.86896400006326], [-123.77635800084502, 40.869468000323934], [-123.77549500013133, 40.87014899974602], [-123.77467099977574, 40.87071200003642], [-123.77404399996193, 40.87109800030713], [-123.77357299978374, 40.87127500029467]]}, "properties": {"fault_name": "Grogan fault", "section_name": "", "class": "A"}}, {"type": "Feature", "geometry": {"type": "LineString", "coordinates": [[-123.76984999856404, 40.8364239998358], [-123.76902600000507, 40.83704600028067], [-123.76828100019048, 40.837697998693066], [-123.7676140001937, 40.8383800003042], [-123.76675200020324, 40.839061001294404], [-123.76624199966702, 40.83947599969443], [-123.76573200002909, 40.84027700005119]]}, "properties": {"fault_name": "Grogan fault", "section_name": "", "class": "A"}}, {"type": "Feature", "geometry": {"type": "LineString", "coordinates": [[-123.76871100036078, 40.849473000138744], [-123.76726000019138, 40.850539999772835], [-123.7657699996639, 40.85151800006741], [-123.76463200038724, 40.852050999733706], [-123.76321999967759, 40.85258299967224], [-123.76235699986223, 40.85296799874267], [-123.76168999986545, 40.85323500016748], [-123.76121900058557, 40.853441999730016], [-123.76066999969127, 40.8535309996878], [-123.75992499987666, 40.853560000205526], [-123.7583560006048, 40.85352900000304], [-123.75682699971928, 40.85346799973771]]}, "properties": {"fault_name": "Grogan fault", "section_name": "", "class": "A"}}, {"type": "Feature", "geometry": {"type": "LineString", "coordinates": [[-123.7653760003769, 40.858369000688846], [-123.7641989998439, 40.858694000000106], [-123.76270799859319, 40.85931600002444], [-123.76106100040182, 40.85964099876585]]}, "properties": {"fault_name": "Grogan fault", "section_name": "", "class": "A"}}, {"type": "Feature", "geometry": {"type": "LineString", "coordinates": [[-123.76412299967592, 40.84401300129093], [-123.76290699968314, 40.84783800068513]]}, "properties": {"fault_name": "Grogan fault", "section_name": "", "class": "A"}}, {"type": "Feature", "geometry": {"type": "LineString", "coordinates": [[-123.75894999990832, 40.83386600000467], [-123.75965600026316, 40.833717001206786], [-123.76028300007698, 40.83365799998002], [-123.76169499988832, 40.83374900028346], [-123.76377299987152, 40.833838999982795]]}, "properties": {"fault_name": "Grogan fault", "section_name": "", "class": "A"}}, {"type": "Feature", "geometry": {"type": "LineString", "coordinates": [[-123.66718600038583, 40.643619998815474], [-123.66857200025792, 40.64640899976971], [-123.66966100002908, 40.649371998706904], [-123.67105799977182, 40.6530759987223], [-123.67198500005959, 40.65506799991112], [-123.67336500008388, 40.65728600125164], [-123.67481300077856, 40.658987998775274], [-123.677549998566, 40.66165099999285], [-123.6789970003341, 40.663295999288884], [-123.68335699961669, 40.66943200013401], [-123.6870320002575, 40.67494400031601], [-123.68924400013503, 40.677611999941305], [-123.69205900043521, 40.68044399980248], [-123.69532200044908, 40.682873999661695], [-123.70002700041151, 40.686547999827646], [-123.70154700017788, 40.687905999681995], [-123.70231000043412, 40.68881399971787], [-123.70322999925256, 40.69029200017386], [-123.70400000007982, 40.69171400023434], [-123.70469899986364, 40.69348000033906], [-123.70502000025402, 40.69502100006022], [-123.7051170003384, 40.69667700029434], [-123.70526399975317, 40.70210600032736], [-123.70507399978237, 40.704851000270224], [-123.70510399991961, 40.707137000220754], [-123.70550200030287, 40.708848000172104], [-123.70620899958428, 40.71124199993631], [-123.7069829997112, 40.71294999986074], [-123.7085180004445, 40.715336999701826], [-123.70989400027084, 40.717153999720324], [-123.71189600008609, 40.72073699969001], [-123.71949900018937, 40.7329010000382]]}, "properties": {"fault_name": "Grogan fault", "section_name": "", "class": "A"}}, {"type": "Feature", "geometry": {"type": "LineString", "coordinates": [[-123.64698799926332, 40.61875499867036], [-123.65193300032358, 40.6241440001485]]}, "properties": {"fault_name": "Grogan fault", "section_name": "", "class": "A"}}, {"type": "Feature", "geometry": {"type": "LineString", "coordinates": [[-123.61884899972534, 40.587205999951735], [-123.62280499967521, 40.59180299876052], [-123.62782699983006, 40.597764000060664], [-123.63482700040899, 40.605880999757396]]}, "properties": {"fault_name": "Grogan fault", "section_name": "", "class": "A"}}, {"type": "Feature", "geometry": {"type": "LineString", "coordinates": [[-123.58351299996491, 40.54655899867675], [-123.58608399986764, 40.54853999982523], [-123.58850699963237, 40.55069300020745], [-123.5912359997188, 40.5531870000586], [-123.59427000030213, 40.5563640000047], [-123.597084999704, 40.55994300000402], [-123.5998179999884, 40.562893999782204], [-123.60415300005499, 40.56817499971311], [-123.60628899976454, 40.571245000247494]]}, "properties": {"fault_name": "Grogan fault", "section_name": "", "class": "A"}}, {"type": "Feature", "geometry": {"type": "LineString", "coordinates": [[-123.56127300064084, 40.51426399874424], [-123.56416699968541, 40.51858600031487], [-123.56584899983353, 40.52166000018297], [-123.5679949995888, 40.52598799877447]]}, "properties": {"fault_name": "Grogan fault", "section_name": "", "class": "A"}}, {"type": "Feature", "geometry": {"type": "LineString", "coordinates": [[-123.99598599973159, 41.2237329987211], [-123.99761500017625, 41.22688599991462], [-123.9983499999451, 41.228833999875874], [-123.9988579999332, 41.230666000017706], [-123.99952499992997, 41.23198399875372], [-124.00034500008762, 41.233074999331365], [-124.00154099998892, 41.23439700010147]]}, "properties": {"fault_name": "Grogan fault", "section_name": "", "class": "A"}}, {"type": "Feature", "geometry": {"type": "LineString", "coordinates": [[-123.98392999956094, 41.20594400025079], [-123.9854180004386, 41.208181999834665], [-123.9867619995796, 41.209732998786464], [-123.98758199973722, 41.21093800122957], [-123.98824700008416, 41.21231400032343], [-123.98898400040116, 41.21397599997811]]}, "properties": {"fault_name": "Grogan fault", "section_name": "", "class": "A"}}, {"type": "Feature", "geometry": {"type": "LineString", "coordinates": [[-123.90790399962427, 41.11463399984236], [-123.90978400013908, 41.11539100030968], [-123.91098500006323, 41.11608399925252], [-123.91195799858514, 41.11683400014821], [-123.91278000018926, 41.1175260012061], [-123.91345000055907, 41.118330000334005], [-123.91419799984838, 41.11896399968262], [-123.91570199972124, 41.11960300007293], [-123.91675600023062, 41.11995299993734]]}, "properties": {"fault_name": "Grogan fault", "section_name": "", "class": "A"}}, {"type": "Feature", "geometry": {"type": "LineString", "coordinates": [[-123.82836800069987, 40.95072000011313], [-123.82978200016105, 40.95110599968988], [-123.8310390001617, 40.95152100006239], [-123.83162899926727, 40.951759001283264], [-123.83170799980829, 40.952321999792495], [-123.83186500016711, 40.952886000322934], [-123.83202299855424, 40.95333099993692], [-123.83229799981216, 40.95416100131035], [-123.83253500143528, 40.954962000218735], [-123.83261400017967, 40.95626700073688], [-123.83269400144391, 40.95801699979175], [-123.83257700036975, 40.959055000149775], [-123.83232299992652, 40.96053799966319], [-123.83191200002281, 40.96178300027477], [-123.83183400020499, 40.96243600004627], [-123.83242300038395, 40.96216900028993], [-123.83293299912357, 40.96193199986801], [-123.83320799858487, 40.96196099969059], [-123.83399400020399, 40.96246600021816], [-123.83525200002953, 40.96335600024489], [-123.83607800003496, 40.96403800032127], [-123.83643200003729, 40.9644830000536], [-123.83694500004827, 40.965550999242815], [-123.83702400058931, 40.96641099999999], [-123.83706399987398, 40.96744899993902], [-123.837143000415, 40.96824999971262], [-123.83702700006405, 40.969435999708956], [-123.837067000247, 40.97017699970514], [-123.83730299935026, 40.97106700019171], [-123.83749999989209, 40.971423000009175], [-123.838129000254, 40.97222399969696], [-123.83915200080123, 40.97358799873066], [-123.83938899972938, 40.974299999759296], [-123.83970399937367, 40.975249000129445], [-123.83982300009765, 40.97619799973388], [-123.83994100009845, 40.97696999977726], [-123.84029500010077, 40.97771099993195], [-123.84064999992799, 40.9782749998606], [-123.8411219999311, 40.978868000244844], [-123.84171199993497, 40.979341999978665], [-123.84257700029848, 40.97999399997647], [-123.84375599958301, 40.98064699992783], [-123.84438499994495, 40.981001999978204], [-123.84473999977222, 40.981357999758515], [-123.84501500013181, 40.981921999698145], [-123.84525199995828, 40.9824559996761], [-123.84548799995983, 40.98299000007737], [-123.84576300031945, 40.9835240002237], [-123.84603899960563, 40.9839979997257], [-123.84623599924915, 40.98447300012672], [-123.84631499979017, 40.98503600032424], [-123.84655199961664, 40.9861340000381], [-123.84667100034062, 40.986905000222265], [-123.84686899980903, 40.98735000033377], [-123.84710399998568, 40.98764599929187], [-123.84796999927576, 40.98850600022637], [-123.84922899982458, 40.989782000105194], [-123.85001699929687, 40.99070099992936], [-123.85052799965801, 40.9915309998418], [-123.85100100038436, 40.99236200027176], [-123.85159200021313, 40.99348900024744], [-123.85194699914206, 40.99443799980366], [-123.85214399968386, 40.99503099995292], [-123.85234099932735, 40.99553500018764], [-123.85249900040941, 40.99603899995919], [-123.85265699969484, 40.99689999994895], [-123.85273600023588, 40.99752200011066], [-123.85277600041886, 40.99784899989542], [-123.85301200042039, 40.998175000062695], [-123.85340600060569, 40.99850099997366], [-123.85466400043126, 40.99933200000473], [-123.85497900007555, 40.99962800008625], [-123.85533300007786, 40.999984000329135], [-123.85710599956425, 41.00297900001489]]}, "properties": {"fault_name": "Grogan fault", "section_name": "", "class": "A"}}, {"type": "Feature", "geometry": {"type": "LineString", "coordinates": [[-123.80973099935161, 40.915333999891786], [-123.81028000024594, 40.915333999891786], [-123.81090899970957, 40.91542200022647], [-123.81134100042799, 40.915569999969776], [-123.81177300024812, 40.91580799972448], [-123.81247899970465, 40.916223999822], [-123.813501000427, 40.91696499972672], [-123.81397300043011, 40.917498999894896], [-123.81452300025101, 40.91821099974434], [-123.81503299988894, 40.91886399871015], [-123.81519100007269, 40.919367999773414], [-123.81542700007424, 40.920464998776744], [-123.81538799971618, 40.920791999733424], [-123.81582000043463, 40.92096999969256], [-123.81684100043374, 40.92138500005021], [-123.81782300007478, 40.921770998667064], [-123.81849000007153, 40.92209800130762], [-123.8194720006109, 40.922720999992855], [-123.82025800043338, 40.923313999971334], [-123.82076899989623, 40.92384799975415], [-123.82112200007366, 40.92435200014419], [-123.8213580000752, 40.92482700025391], [-123.82155499971869, 40.925538999899814], [-123.82163400025972, 40.926131999705866], [-123.82163400025972, 40.926784999825834], [-123.82155600044189, 40.92725899966889], [-123.82124199972421, 40.92797100026038], [-123.82077200026926, 40.928742000027626], [-123.82014399973221, 40.9294830000857], [-123.81955499955328, 40.93013599966828], [-123.81920200027415, 40.9305209997344], [-123.81759200009608, 40.930253999856454], [-123.81570699955842, 40.929957000257424], [-123.81437199973995, 40.92971899986887], [-123.81307600027954, 40.92954000000697], [-123.81209399974018, 40.9294509997511], [-123.811622999562, 40.9294210001869], [-123.81193700027967, 40.929718000159156], [-123.81225100009902, 40.92992599985901], [-123.8131940002803, 40.93031199881341], [-123.81437199973995, 40.930787000197164], [-123.81594299955997, 40.93143999978734], [-123.817592999921, 40.93227000010028], [-123.81939999974256, 40.93318999991471], [-123.82073600028426, 40.934021000283], [-123.82211099938736, 40.93497100127489], [-123.82336800028634, 40.93583099868526], [-123.82446800082647, 40.936661999764304], [-123.82548999975215, 40.9374029998963], [-123.82619799975681, 40.93811499975338], [-123.82710100065346, 40.93927200011772], [-123.827730999942, 40.94019200013818], [-123.82839999958858, 40.941644999835496], [-123.8289910003157, 40.94354400008043], [-123.82930599995998, 40.944965999869424], [-123.82942499978566, 40.946004001196535], [-123.82942499978566, 40.947072000161405], [-123.82922999979198, 40.94811000027497], [-123.82887699961456, 40.94938499986246], [-123.8286810006943, 40.95006699977795], [-123.82836800069987, 40.95072000011313]]}, "properties": {"fault_name": "Grogan fault", "section_name": "", "class": "A"}}, {"type": "Feature", "geometry": {"type": "LineString", "coordinates": [[-123.80940900003466, 40.90649800068672], [-123.81031299985791, 40.90747699881142], [-123.81097999985468, 40.90836699995915], [-123.81149100021584, 40.90937600013639], [-123.81200200057701, 40.910620999945984], [-123.81219900022047, 40.911570999270054], [-123.81215999986242, 40.912430999813864], [-123.8120040002268, 40.91338000032864], [-123.81195099962507, 40.914382999709396]]}, "properties": {"fault_name": "Grogan fault", "section_name": "", "class": "A"}}, {"type": "Feature", "geometry": {"type": "LineString", "coordinates": [[-123.80414700057862, 40.89994100030476], [-123.80383299986094, 40.901215999334866], [-123.80332400004794, 40.90249199970985], [-123.80324500040521, 40.903085001231254], [-123.80375600076636, 40.90341099978554], [-123.80528700040342, 40.90400499995519], [-123.80740699932113, 40.90498499976547]]}, "properties": {"fault_name": "Grogan fault", "section_name": "", "class": "A"}}, {"type": "Feature", "geometry": {"type": "LineString", "coordinates": [[-123.79080000007215, 40.89026599996819], [-123.79154499988671, 40.89017799875199], [-123.79256599988581, 40.89000000010134], [-123.79346800005924, 40.88982300128494], [-123.79441000041562, 40.88967500028052], [-123.79523400077123, 40.88952700030329], [-123.79609699968827, 40.88949799991562], [-123.79688300040904, 40.88946900019437], [-123.7977460002244, 40.88952799994172], [-123.79915800003576, 40.889707000177005], [-123.80010100021704, 40.88994499998269], [-123.80139600075087, 40.89030099981749], [-123.80222100003306, 40.890597999675286], [-123.80316300038945, 40.89098400011633], [-123.80359400038466, 40.891220999790285], [-123.80430100056442, 40.891873999792445], [-123.80516499930636, 40.89285299980136], [-123.80563599858624, 40.89347599973422], [-123.80622499966351, 40.894544000327535], [-123.80650000002314, 40.89510799980346], [-123.80677500038274, 40.895523000211895], [-123.80697100020133, 40.89590899976031], [-123.80704999984404, 40.89641299994255], [-123.80693300056649, 40.89786600012919], [-123.80681600039064, 40.89952699993981], [-123.80673699984958, 40.900090999708894], [-123.80662000057207, 40.90056500018016], [-123.8063850003954, 40.90106900019534]]}, "properties": {"fault_name": "Grogan fault", "section_name": "", "class": "A"}}, {"type": "Feature", "geometry": {"type": "LineString", "coordinates": [[-123.79350700041729, 40.88828100033734], [-123.79295800042128, 40.88866700003369], [-123.7924080006004, 40.88905100022444], [-123.79174100060361, 40.889407000115426], [-123.79127000042543, 40.88982300128494], [-123.79080000007215, 40.89026599996819], [-123.79017200043342, 40.89062200011317], [-123.78895500061573, 40.8914219997683]]}, "properties": {"fault_name": "Grogan fault", "section_name": "", "class": "A"}}, {"type": "Feature", "geometry": {"type": "LineString", "coordinates": [[-123.78514699990554, 40.874664000335834], [-123.7856570004418, 40.875227000272176], [-123.78648099989907, 40.876295999775486], [-123.78734500043767, 40.877453000271885], [-123.78773700007484, 40.87792700128085], [-123.78820800025302, 40.87834299990287], [-123.78891400060786, 40.878877000186435], [-123.78942400024582, 40.879262999718684], [-123.79001300042478, 40.880004999926214], [-123.79087700006502, 40.881043000149255], [-123.79170100042066, 40.88214099968706], [-123.79240700077548, 40.88294199973885], [-123.79295699969805, 40.88371400007808], [-123.79327100041576, 40.88407000015667], [-123.79334899933524, 40.88433699980786], [-123.79334899933524, 40.88504799979128], [-123.79319299969961, 40.88570100026985], [-123.79299600005612, 40.8863519996862], [-123.79248699934477, 40.88739000019965], [-123.7921340000657, 40.88822200015722], [-123.79174100060361, 40.889407000115426]]}, "properties": {"fault_name": "Grogan fault", "section_name": "", "class": "A"}}, {"type": "Feature", "geometry": {"type": "LineString", "coordinates": [[-123.7757310001329, 40.85395699978433], [-123.77604499995226, 40.85428299984862], [-123.77655499959019, 40.85466900007661], [-123.77714299994426, 40.855085000103195], [-123.77757499976437, 40.85555900021295], [-123.77824199976115, 40.85636099928879], [-123.7785549997556, 40.85683400032816], [-123.77883000011522, 40.857487001235135], [-123.77894800011597, 40.85810999979705], [-123.77894800011597, 40.8590290000672], [-123.77883000011522, 40.859919000057154], [-123.7785549997556, 40.86077900018334], [-123.77812399976038, 40.86172799982935], [-123.77769199994025, 40.862320999830594], [-123.77690799976762, 40.86332899980526], [-123.77592699995147, 40.86445499879586], [-123.7752599999547, 40.86516699970601], [-123.77482800013459, 40.86570000029215], [-123.77467099977574, 40.86590800030162], [-123.77471099995871, 40.86614500010082], [-123.77490699977729, 40.866619999856475], [-123.77529900031276, 40.86706500027638], [-123.77576999959265, 40.86750999974388], [-123.77612300066838, 40.86792500068193], [-123.77647599994748, 40.86845900008569], [-123.77663299940798, 40.86869700021867], [-123.77674999958386, 40.86896400006326], [-123.77663399923291, 40.869142000267324], [-123.77635800084502, 40.869468000323934], [-123.77686799958464, 40.86940899967622], [-123.77733899976283, 40.86940899967622], [-123.77769299976514, 40.86943899997758], [-123.7780839995774, 40.86955799974845], [-123.77835899993703, 40.86973599971432], [-123.77859499993858, 40.86994399995362], [-123.77871299993934, 40.87006300017549], [-123.7791049995765, 40.870092000248505], [-123.77965499939742, 40.87009300018054], [-123.78028200010954, 40.87015200021878], [-123.78122399956762, 40.87027199999612], [-123.78212600063934, 40.87053900028294], [-123.78302800081275, 40.87086600017488], [-123.78396999937252, 40.87128199969343], [-123.78557900062398, 40.87226100002035], [-123.78651999935882, 40.872973999761385], [-123.7873050002547, 40.87377500070498], [-123.78750100007328, 40.87404199977162]]}, "properties": {"fault_name": "Grogan fault", "section_name": "", "class": "A"}}, {"type": "Feature", "geometry": {"type": "LineString", "coordinates": [[-123.7653760003769, 40.858369000688846], [-123.76651299982865, 40.85810299968545], [-123.76796499982298, 40.85771799988151], [-123.76937700143098, 40.8572150000081], [-123.77031800016582, 40.85679999990073], [-123.77145600034079, 40.85629700121009], [-123.77263299997549, 40.85567500001569], [-123.77361299996672, 40.85511200030371], [-123.77475100014166, 40.85445999993489], [-123.7757310001329, 40.85395699978433], [-123.77702599976838, 40.85327500014321], [-123.7778490002991, 40.85288999877991]]}, "properties": {"fault_name": "Grogan fault", "section_name": "", "class": "A"}}, {"type": "Feature", "geometry": {"type": "LineString", "coordinates": [[-123.76573200002909, 40.84027700005119], [-123.76526200057408, 40.84110700009448], [-123.7648700000386, 40.841995999912946], [-123.76436000040067, 40.84312300032465], [-123.76412299967592, 40.843775000124815], [-123.76412299967592, 40.84401300129093], [-123.76439899986043, 40.84419100127319], [-123.76545700056778, 40.84490299981938], [-123.76612399966622, 40.845438000299374], [-123.76635899984286, 40.84573399931498], [-123.76647699984365, 40.84603100002201], [-123.76647699984365, 40.846475998782346], [-123.76639800020092, 40.84703900120728], [-123.76627999930184, 40.84766200016717], [-123.76608399858496, 40.848048000235906], [-123.76573099930584, 40.84849200014324], [-123.76533900056701, 40.8492039986877], [-123.76514200002521, 40.8497970000451], [-123.76475000038803, 40.85083500023854], [-123.76463200038724, 40.851338999844955], [-123.76463200038724, 40.852050999733706]]}, "properties": {"fault_name": "Grogan fault", "section_name": "", "class": "A"}}, {"type": "Feature", "geometry": {"type": "LineString", "coordinates": [[-123.7507939996111, 40.83326600017264], [-123.75424499994591, 40.83323899990642], [-123.75514700011931, 40.83329899995448], [-123.75569600011532, 40.833299999762254], [-123.75628399957105, 40.833389000264624], [-123.75718499991957, 40.83365700017764], [-123.75828299991157, 40.83386500020543], [-123.75894999990832, 40.83386600000467], [-123.75985200008174, 40.83401399867069], [-123.76098900043182, 40.834429999911684], [-123.76188999988199, 40.83484600126101], [-123.76298799987399, 40.835618000272575], [-123.76377200004663, 40.83621199994589], [-123.76455600021926, 40.8369840000415], [-123.76561499985321, 40.83834899979626], [-123.76624199966702, 40.83947599969443]]}, "properties": {"fault_name": "Grogan fault", "section_name": "", "class": "A"}}, {"type": "Feature", "geometry": {"type": "LineString", "coordinates": [[-123.75068300018131, 40.82430499877717], [-123.7552309997849, 40.82430799996682], [-123.75821099994154, 40.82425199971696], [-123.76017100082228, 40.82413500002556], [-123.76244499972577, 40.823839999678164], [-123.76573799987685, 40.823546000012826]]}, "properties": {"fault_name": "Grogan fault", "section_name": "", "class": "A"}}, {"type": "Feature", "geometry": {"type": "LineString", "coordinates": [[-123.76235699986223, 40.85296799874267], [-123.76263099860029, 40.85326500032143], [-123.7631799985963, 40.85368100033089], [-123.76372899859228, 40.85412600003665], [-123.76419999966882, 40.85472000031344], [-123.76474900056311, 40.855639000731195], [-123.76510199984223, 40.85644100019748], [-123.76525800037615, 40.85727100027206], [-123.7653760003769, 40.858369000688846]]}, "properties": {"fault_name": "Grogan fault", "section_name": "", "class": "A"}}, {"type": "Feature", "geometry": {"type": "LineString", "coordinates": [[-123.75084100036506, 40.81410600006104], [-123.75178199999823, 40.81458100031453], [-123.75217400143202, 40.814819000228994], [-123.75264499981358, 40.815204999823216], [-123.752878999267, 40.81553100013714], [-123.75315399962659, 40.815887000285045], [-123.75338899980324, 40.81615500022838], [-123.75374199998066, 40.81651099974713], [-123.75393799979925, 40.81689699969442], [-123.75421199943561, 40.81719299970001], [-123.75452600015329, 40.81734200027566], [-123.75491699996556, 40.81746099980606], [-123.75554500140089, 40.817609999779705], [-123.7559759995995, 40.81781799983573], [-123.75699499994876, 40.818352001327035], [-123.75769999958037, 40.818886999904294], [-123.7583270002925, 40.8195400001479], [-123.75879699974745, 40.82013299973113], [-123.75926799992564, 40.82084599970481], [-123.75969899992089, 40.8217950002417], [-123.75989399991452, 40.82235900017604], [-123.76005100027338, 40.823455999937934], [-123.76017100082228, 40.82413500002556]]}, "properties": {"fault_name": "Grogan fault", "section_name": "", "class": "A"}}, {"type": "Feature", "geometry": {"type": "LineString", "coordinates": [[-123.7510329999857, 40.82531699970552], [-123.75169900015754, 40.82582200023619], [-123.75252199978993, 40.82662400029774], [-123.75307100068424, 40.827158000228216], [-123.7537369999578, 40.82787000024395], [-123.75397199923613, 40.82825600002396], [-123.75420699941274, 40.82873100023371], [-123.75444199958939, 40.82932399988857], [-123.75459899994823, 40.829918000216516], [-123.75459899994823, 40.83095599977679], [-123.75440199940641, 40.83208300029629], [-123.75424499994591, 40.83323899990642]]}, "properties": {"fault_name": "Grogan fault", "section_name": "", "class": "A"}}, {"type": "Feature", "geometry": {"type": "LineString", "coordinates": [[-123.71949900018937, 40.7329010000382], [-123.72080999971838, 40.73534600013254], [-123.72212300069386, 40.737964001260494], [-123.72282499995241, 40.73984299874265], [-123.7232959992323, 40.74138199999364], [-123.7237749998064, 40.74343600032046], [-123.72403799957212, 40.74623400120809], [-123.72407300063057, 40.74886300015545], [-123.72387000024095, 40.75052199970705]]}, "properties": {"fault_name": "Grogan fault", "section_name": "", "class": "A"}}, {"type": "Feature", "geometry": {"type": "LineString", "coordinates": [[-123.65193300032358, 40.6241440001485], [-123.65383099858511, 40.625958000299164], [-123.6552739992569, 40.62731700019383], [-123.6567930000967, 40.628791000284146], [-123.65808299970932, 40.62992199999614], [-123.65937499987007, 40.63122599981056], [-123.66044199989993, 40.632532000270864], [-123.66150800010487, 40.6337229996614], [-123.66273099977033, 40.63542699977828], [-123.66471599986714, 40.63815399977215], [-123.66571500012492, 40.6399749996605], [-123.6664869997037, 40.641683000253416], [-123.66718600038583, 40.643619998815474]]}, "properties": {"fault_name": "Grogan fault", "section_name": "", "class": "A"}}, {"type": "Feature", "geometry": {"type": "LineString", "coordinates": [[-123.63482700040899, 40.605880999757396], [-123.63900599994163, 40.61024799978231], [-123.64227499980326, 40.61376399986765], [-123.64698799926332, 40.61875499867036]]}, "properties": {"fault_name": "Grogan fault", "section_name": "", "class": "A"}}, {"type": "Feature", "geometry": {"type": "LineString", "coordinates": [[-123.60628899976454, 40.571245000247494], [-123.60782199994973, 40.574090999670744], [-123.60873700144022, 40.575455000258856], [-123.61003099855587, 40.57704500003565], [-123.61246400016293, 40.57994100125403], [-123.61520299939681, 40.583233999707154], [-123.61763499938239, 40.58601500008864], [-123.61884899972534, 40.587205999951735]]}, "properties": {"fault_name": "Grogan fault", "section_name": "", "class": "A"}}, {"type": "Feature", "geometry": {"type": "LineString", "coordinates": [[-123.5679949995888, 40.52598799877447], [-123.5696069994167, 40.529519999763885], [-123.57045000003887, 40.53117100075882], [-123.57151899971855, 40.532991999745015], [-123.57296700041324, 40.53509499999058], [-123.57494599976394, 40.537823998775885], [-123.5766960005824, 40.5402109996945], [-123.57737899957438, 40.540948999735384], [-123.57851499920122, 40.54196899980007], [-123.5799550003983, 40.543387000121015], [-123.58132000035398, 40.54480499977669], [-123.58230399964484, 40.545653999838386], [-123.58351299996491, 40.54655899867675]]}, "properties": {"fault_name": "Grogan fault", "section_name": "", "class": "A"}}, {"type": "Feature", "geometry": {"type": "LineString", "coordinates": [[-123.54635600013924, 40.4996290002729], [-123.54967799970433, 40.502119000005955], [-123.55300400036568, 40.50489500032068], [-123.5559560000349, 40.507730999827565], [-123.55883699955902, 40.510795999946986], [-123.56028099915743, 40.51267099992961], [-123.56127300064084, 40.51426399874424]]}, "properties": {"fault_name": "Grogan fault", "section_name": "", "class": "A"}}, {"type": "Feature", "geometry": {"type": "LineString", "coordinates": [[-123.94539899955876, 40.999845999937556], [-123.94465200009435, 40.999021999722025], [-123.94412300018983, 40.99847099991614], [-123.94358099986655, 40.99791099995155], [-123.942824999283, 40.997357000225534], [-123.9423459996072, 40.99706599966811], [-123.94158599972398, 40.99665699990027], [-123.94093499962074, 40.99628100019404], [-123.94006599995761, 40.995811999813945], [-123.9393050002495, 40.99537599982743], [-123.93852100007688, 40.99475200027273], [-123.9377290004066, 40.99373999986412], [-123.93686499986804, 40.99249600027509], [-123.93621200011496, 40.99144299986755], [-123.93571400017258, 40.99059299867743], [-123.93493199964979, 40.98955400130959], [-123.93424799993458, 40.988556000188], [-123.93389999978004, 40.987854999801634], [-123.9233159996952, 40.98191100005444], [-123.92297699976147, 40.98178700030678], [-123.92260799969053, 40.98156499996835], [-123.92241100004703, 40.9814349999059], [-123.92215900015196, 40.981181000056495], [-123.92178000003528, 40.98076000130501], [-123.92176799944139, 40.98054399996822], [-123.9215919997143, 40.9801539997566], [-123.92142500020805, 40.97970700133113], [-123.9213800000022, 40.97932199978119], [-123.92122199981846, 40.97903799984866], [-123.92096599972542, 40.97870400011609], [-123.92067499857396, 40.97858599968847], [-123.92040599985876, 40.97845999981495], [-123.9198739995812, 40.978286999763405], [-123.91943000006547, 40.978210999663965], [-123.91884199971143, 40.97811199994739], [-123.9182320014127, 40.978031999663735], [-123.91801600060433, 40.97799399981713], [-123.91763299939137, 40.977943000327755], [-123.91708299957047, 40.977878999808944], [-123.9163119998166, 40.977920999711344], [-123.91551900032145, 40.97776600027791], [-123.91448600062678, 40.97755499966306], [-123.91347099957714, 40.97703600119955], [-123.91285700018216, 40.97667700008486], [-123.91195100070907, 40.976182000034505], [-123.91137400022568, 40.97584899977272], [-123.91088299995599, 40.975340998801244], [-123.91042400037169, 40.9747689998768], [-123.91013500066667, 40.97403900018769], [-123.91001099991982, 40.9735199998346], [-123.91001900031574, 40.973022999690585], [-123.9100100000949, 40.97263599966863], [-123.9099810006809, 40.97232099994655], [-123.9098750003757, 40.97145900073733], [-123.90975299927861, 40.97075000022737], [-123.90946299974873, 40.97000200007949], [-123.90944100000743, 40.96981299966404], [-123.90926000025745, 40.96934100022068], [-123.906679000309, 40.96535500070431], [-123.90599499969547, 40.964574000310726], [-123.90557999959378, 40.96392900030582], [-123.90524499985803, 40.96345200008708], [-123.90484499982495, 40.96287899927642], [-123.90447999995195, 40.962051000134714], [-123.90445599966249, 40.96182699869636], [-123.90408499994173, 40.96091899991832], [-123.90395799972013, 40.96010199982068], [-123.90379900060978, 40.95935900010001], [-123.90361700013659, 40.958418000109496], [-123.90366300016736, 40.95774000015783], [-123.90363499967994, 40.95700100020828], [-123.90361200011372, 40.956578001187715], [-123.90345000063034, 40.95578099879567], [-123.90332599988346, 40.95501800121628], [-123.9030329999805, 40.954007999696806], [-123.90261599933065, 40.95310199994303], [-123.90194300038442, 40.952302000224165], [-123.90119799967152, 40.95127099995418], [-123.90085500043817, 40.95087499998405], [-123.90033599968109, 40.9503049987768], [-123.89963600007235, 40.949444999843145], [-123.89906699998487, 40.94834299968964]]}, "properties": {"fault_name": "Bald Mountain-Big Lagoon fault zone", "section_name": "", "class": "A"}}, {"type": "Feature", "geometry": {"type": "LineString", "coordinates": [[-123.91623700037185, 40.967390999677804], [-123.91548100068661, 40.96594499967943], [-123.91537700003124, 40.96556099973404], [-123.91460699920397, 40.964303998756826], [-123.91416199986335, 40.96333599994931], [-123.91342799991943, 40.961843999743735], [-123.91318699989502, 40.961345999928376], [-123.91279799973258, 40.96053799966319], [-123.91227899987382, 40.95929199869151], [-123.9116289995955, 40.95848199983328], [-123.9111800000569, 40.95786500029331], [-123.91040000008223, 40.95686200011225], [-123.9095180000003, 40.95571700120211], [-123.90845500016842, 40.954299000293204], [-123.90708099999189, 40.95262800030287], [-123.90638200020805, 40.95135200017979], [-123.90566300033277, 40.95013900009011], [-123.90527599982016, 40.949591999972505], [-123.90472799964907, 40.94868100017754], [-123.90408599976665, 40.94779000028933], [-123.90393300140241, 40.94718999995308], [-123.90380000043469, 40.9469239997221], [-123.90344600043237, 40.94629499975231], [-123.90330700141351, 40.94593000016075], [-123.90316400040008, 40.94569999877782], [-123.90299299979752, 40.945191999799846], [-123.90280200000181, 40.94472799994726], [-123.90223000043959, 40.943384999917264], [-123.90180199991912, 40.942289999766686], [-123.90134599980952, 40.94110500008279], [-123.90102399959424, 40.93998799976121], [-123.9008849996771, 40.93918100026678], [-123.9006670001172, 40.938439000144115], [-123.89999799957228, 40.93705300011148], [-123.8990970001221, 40.93511599975669], [-123.8988179995645, 40.934349000310824], [-123.89817199858582, 40.93337700001804], [-123.8973890000347, 40.93231100017669], [-123.89703599985732, 40.93171799881302], [-123.89686699980291, 40.93144300019561], [-123.89487599985834, 40.9280159999104], [-123.89484200042145, 40.92782799982689], [-123.89474199996404, 40.92751500022344], [-123.8940080000201, 40.926239999919545], [-123.89288299936563, 40.92453500031639], [-123.89141200000304, 40.92239799971664], [-123.8902989999424, 40.920926999681484], [-123.88960200070673, 40.91966799971312], [-123.88864100008378, 40.91770600014989], [-123.88826799981486, 40.91696000021327], [-123.88800599987405, 40.91628300014442], [-123.88787799982752, 40.915899001221085], [-123.8876710001383, 40.91513900019847], [-123.88719300028741, 40.91420700022989], [-123.8865819985705, 40.91300899967033], [-123.88613700012819, 40.91224800007222], [-123.88490999936646, 40.91041099990399]]}, "properties": {"fault_name": "Bald Mountain-Big Lagoon fault zone", "section_name": "", "class": "A"}}, {"type": "Feature", "geometry": {"type": "LineString", "coordinates": [[-123.89856499984454, 40.9472150003304], [-123.89842699975226, 40.94664100024624], [-123.89836800020102, 40.94643700011159], [-123.89825100002517, 40.946025000099944], [-123.89815899996367, 40.94563999878685], [-123.89801799860005, 40.94523000021659], [-123.89796399996999, 40.94489800133622], [-123.8979149995662, 40.94443100027822], [-123.89787600010644, 40.94415299978905], [-123.89784900034228, 40.94386499978111], [-123.89787300063172, 40.94364800030015], [-123.89783599992349, 40.94340500015086], [-123.89778300022003, 40.943308000148754], [-123.89769700000632, 40.94324800002011], [-123.89759700044718, 40.94316999990716], [-123.8960290001019, 40.94075699999887], [-123.89582799936213, 40.94011399980899], [-123.89527599989142, 40.93848100071931], [-123.8951410001722, 40.93794400032018], [-123.89476299988041, 40.93689200004922], [-123.89438299993884, 40.93602899996449], [-123.89410000008161, 40.935398000133006], [-123.89354600006273, 40.934387000179804], [-123.89301299996029, 40.93331299971199], [-123.89261099937904, 40.93246900018334], [-123.89199199996116, 40.93134300121666], [-123.89139899958425, 40.93047799982945], [-123.89096900031224, 40.929787998806496], [-123.89014900015458, 40.92866800001243], [-123.88957599986914, 40.927738999979894], [-123.88894700040555, 40.9266409997844], [-123.88889100032901, 40.92648899932476], [-123.8887850000238, 40.92629399928147], [-123.8884519999379, 40.92605200021312], [-123.88820300041586, 40.92587099970521], [-123.88781000005547, 40.92563000021682], [-123.88748199999239, 40.92548700014718], [-123.88706800061394, 40.925301999664484], [-123.88519899996977, 40.924340999728244], [-123.88273900039515, 40.92232599970684], [-123.8805469997108, 40.920212000339134], [-123.87879500014083, 40.917671001224626], [-123.87848700016926, 40.91703000015577], [-123.87812199939793, 40.91664600014106], [-123.8776250001788, 40.916019998750144], [-123.87735600056529, 40.91564900000905], [-123.87718199958971, 40.91529400075009], [-123.87700600076091, 40.914885999704246], [-123.87698799942093, 40.91455299976469], [-123.87685699989969, 40.91367300130211], [-123.87684699985395, 40.912816999803994], [-123.87691599855262, 40.91166999967267], [-123.8771320002593, 40.910174999739766], [-123.87718100066311, 40.908883999908404], [-123.8771680002443, 40.90730700025044], [-123.87705699991623, 40.90614700008177], [-123.87691599855262, 40.90506099998369], [-123.87689099933657, 40.90373600002496], [-123.87682799958738, 40.902539001331995], [-123.87697599972539, 40.90068600132763], [-123.87701099988548, 40.89957600128428], [-123.87689600025774, 40.89897499881743], [-123.87681300041709, 40.89809400129821], [-123.87672499965521, 40.897781000093836], [-123.87659199958583, 40.89730700004284], [-123.87618600060327, 40.89549000018472]]}, "properties": {"fault_name": "Bald Mountain-Big Lagoon fault zone", "section_name": "", "class": "A"}}, {"type": "Feature", "geometry": {"type": "LineString", "coordinates": [[-124.10785600031511, 41.17803899980251], [-124.10521099989424, 41.17204800000606], [-124.10381800034945, 41.16563500129046], [-124.10315800002537, 41.159759999999], [-124.10262900012086, 41.15142200019747], [-124.10194500040565, 41.144317000113546]]}, "properties": {"fault_name": "Bald Mountain-Big Lagoon fault zone", "section_name": "", "class": "A"}}, {"type": "Feature", "geometry": {"type": "LineString", "coordinates": [[-124.10785600031511, 41.17803899980251], [-124.1092570002558, 41.18486300032197], [-124.11059899974697, 41.19270100016712], [-124.11163399998978, 41.20348200003512], [-124.11223500076261, 41.2158789996824]]}, "properties": {"fault_name": "Bald Mountain-Big Lagoon fault zone", "section_name": "", "class": "A"}}, {"type": "Feature", "geometry": {"type": "LineString", "coordinates": [[-124.01705500016708, 41.12466499972667], [-124.02019699980708, 41.127087999991154], [-124.02710500032451, 41.1320879999687], [-124.03385700030803, 41.13653500026871], [-124.03860099973019, 41.13963299990949], [-124.0429729996067, 41.14205199994451], [-124.04553300143539, 41.14394100032309], [-124.04899900004222, 41.14609399978889], [-124.05262899957884, 41.14742599989385], [-124.05626100056196, 41.14889299999757], [-124.06026600001732, 41.15090400006827], [-124.06353800025201, 41.15237599871722], [-124.06682200018226, 41.15439399999615], [-124.07064500006277, 41.15626799966865], [-124.07375499991574, 41.15856200031355], [-124.07944400006733, 41.16370100001427], [-124.08278099970101, 41.16831599980612], [-124.08446000037438, 41.17117099975058], [-124.08588500060453, 41.17447800016575], [-124.08978100027998, 41.18227800012078], [-124.09387399959888, 41.19104300011682], [-124.09972900033016, 41.20411200029853], [-124.10164799940642, 41.20983600021665], [-124.10364400027217, 41.21925200021348]]}, "properties": {"fault_name": "Bald Mountain-Big Lagoon fault zone", "section_name": "", "class": "A"}}, {"type": "Feature", "geometry": {"type": "LineString", "coordinates": [[-124.08091300067841, 41.08353499977107], [-124.06975499958492, 41.065459000319514], [-124.06493900019272, 41.058532999801486], [-124.06175700036972, 41.05227400033792], [-124.05798599857113, 41.04342099876729], [-124.05679999961389, 41.03796199992182], [-124.0548770003397, 41.03155299979629], [-124.05460000033025, 41.02663199974788], [-124.0530250003123, 41.01884600011934], [-124.05072800004598, 41.012446000219654], [-124.04636899968995, 41.000864000097884]]}, "properties": {"fault_name": "Bald Mountain-Big Lagoon fault zone", "section_name": "", "class": "A"}}, {"type": "Feature", "geometry": {"type": "LineString", "coordinates": [[-123.95236499980251, 41.05437999977275], [-123.95584600027455, 41.05988900023132], [-123.95903800014328, 41.06448200072834], [-123.96276099956637, 41.06890600011546], [-123.96521499929321, 41.07206600000812], [-123.96676099989719, 41.075390000026495], [-123.96829300025746, 41.07985799973416], [-123.97067200143785, 41.083187000289215], [-123.97469700008641, 41.08778399978627], [-123.97970499999755, 41.09238800029834], [-123.98441800035587, 41.09641799969838], [-123.98987200033085, 41.101767000282734], [-123.99607699996817, 41.10769199987278], [-124.00058100008916, 41.111715999751404], [-124.01687600006693, 41.12466599986452]]}, "properties": {"fault_name": "Bald Mountain-Big Lagoon fault zone", "section_name": "", "class": "A"}}, {"type": "Feature", "geometry": {"type": "LineString", "coordinates": [[-123.94127100007972, 40.99967099970348], [-123.94244400041481, 41.00242200028068], [-123.94287600023492, 41.004025000290106], [-123.94284300062294, 41.00665400016717], [-123.94234300013244, 41.010422001184054], [-123.94201300041958, 41.01264899984282], [-123.94214800013877, 41.01385000019579], [-123.9426560001269, 41.01556800033462], [-123.9423940001861, 41.018424000189476], [-123.94174899993064, 41.02167700023169], [-123.94087100004664, 41.02538600032904], [-123.94066799965705, 41.029498998803824], [-123.94092999959788, 41.03264399991251], [-123.94136199941799, 41.034304000071394], [-123.94209299988718, 41.03625200020014], [-123.94304799976405, 41.03837300029554], [-123.94408100035704, 41.040266000291034], [-123.9460869985736, 41.04290800005816], [-123.94726200035514, 41.045545000195624]]}, "properties": {"fault_name": "Bald Mountain-Big Lagoon fault zone", "section_name": "", "class": "A"}}, {"type": "Feature", "geometry": {"type": "LineString", "coordinates": [[-123.83320799858487, 40.849830999989585], [-123.83827200036914, 40.84761900006611], [-123.84132299977254, 40.84697000019322], [-123.8442079985963, 40.84832400005067], [-123.84818899955886, 40.85089499998824], [-123.85171699988659, 40.85655799995109], [-123.85757799956734, 40.864040001248284], [-123.86908500064031, 40.87838800005099], [-123.87371400043475, 40.88716899992751], [-123.87608399959771, 40.89500599970533]]}, "properties": {"fault_name": "Bald Mountain-Big Lagoon fault zone", "section_name": "", "class": "A"}}, {"type": "Feature", "geometry": {"type": "LineString", "coordinates": [[-123.83177499975542, 40.84969199870748], [-123.82736299969598, 40.85128199978648], [-123.82363199987697, 40.851013999784115], [-123.8211620002566, 40.84996300068782], [-123.82025400023541, 40.848466999800515], [-123.81862599961568, 40.84552399990628], [-123.81838100029161, 40.835181000247644], [-123.81819399979554, 40.82289199981505], [-123.81776000032559, 40.82151100020459], [-123.81732299958426, 40.81987799967615], [-123.81665899996054, 40.81859500009742], [-123.81699200004645, 40.817673999866436], [-123.81820800003923, 40.8162690002058], [-123.82402000021449, 40.81318999993161], [-123.82533299939335, 40.81172599878869], [-123.82546699928766, 40.80983999985876], [-123.82435100065062, 40.807967000104284], [-123.82294600141026, 40.80435999981811], [-123.82344100008127, 40.79280499968016], [-123.82599400044064, 40.77668500003338], [-123.8253159996749, 40.76799099976356], [-123.82438400026255, 40.7656460000625], [-123.82255600142291, 40.762476000312496], [-123.82005000002091, 40.75957799977613]]}, "properties": {"fault_name": "Bald Mountain-Big Lagoon fault zone", "section_name": "", "class": "A"}}, {"type": "Feature", "geometry": {"type": "LineString", "coordinates": [[-124.10194500040565, 41.144317000113546], [-124.10071500016917, 41.13694400030617], [-124.09746200020106, 41.127542000243004], [-124.09162400008654, 41.114883000011844], [-124.0846360001015, 41.08965199996645], [-124.08241099980518, 41.0773650002263], [-124.08214200019165, 41.063825999935226]]}, "properties": {"fault_name": "Bald Mountain-Big Lagoon fault zone", "section_name": "", "class": "A"}}, {"type": "Feature", "geometry": {"type": "LineString", "coordinates": [[-123.94726200035514, 41.045545000195624], [-123.94866699959547, 41.04795500032601], [-123.95029499931691, 41.05065100024287], [-123.95236499980251, 41.05437999977275]]}, "properties": {"fault_name": "Bald Mountain-Big Lagoon fault zone", "section_name": "", "class": "A"}}, {"type": "Feature", "geometry": {"type": "LineString", "coordinates": [[-123.9028499996824, 40.83475600021009], [-123.90416600013258, 40.83584599973304], [-123.90576299989188, 40.836493000275624], [-123.90742900014642, 40.83686300001051], [-123.91002799963825, 40.83695000030226], [-123.91716799995929, 40.83677400009392], [-123.92035500070347, 40.83701100014183]]}, "properties": {"fault_name": "Mad River fault zone", "section_name": "", "class": "A"}}, {"type": "Feature", "geometry": {"type": "LineString", "coordinates": [[-123.97231299978144, 40.74083699982693], [-123.97356700030734, 40.741894999984595], [-123.97452899985691, 40.74280000030141], [-123.97616900017225, 40.74480000004846], [-123.97759900042522, 40.746644999333384], [-123.9791109997957, 40.74839500007877], [-123.98053699985076, 40.7499570000875], [-123.98238499968022, 40.75208200008887], [-123.98306099989783, 40.75314600030361], [-123.98374299996323, 40.75458899987792], [-123.98447699990712, 40.75666100022314], [-123.98552800004346, 40.75794200020146], [-123.98661800143617, 40.759065999669474], [-123.9880789998547, 40.76021799878657], [-123.99184700038191, 40.763869000310244], [-123.992972999963, 40.764709000034756], [-123.99347799957809, 40.765333999757324], [-123.9942470005804, 40.76708999989535], [-123.99608999859036, 40.76889899966763], [-123.99809800005, 40.77077100020229], [-123.99944000043946, 40.772207001217915], [-124.00335299983334, 40.77456500017274], [-124.00535299999876, 40.77593200004219], [-124.00619200042296, 40.77674300025326], [-124.00636499977703, 40.77730900006892], [-124.00673000144663, 40.77950999992362], [-124.00684199980299, 40.7813989999371], [-124.00722599994253, 40.7835599997899]]}, "properties": {"fault_name": "Mad River fault zone", "section_name": "", "class": "A"}}, {"type": "Feature", "geometry": {"type": "LineString", "coordinates": [[-123.91234399927284, 40.66004699990372], [-123.91525199856115, 40.66292200017887], [-123.91730699987646, 40.66453300004133], [-123.91841400008924, 40.665436999774286], [-123.91998499990927, 40.666059001183626], [-123.921978000402, 40.66703500015486], [-123.92366700022279, 40.66852999985084], [-123.92562100035745, 40.67033999973971], [-123.92693799973424, 40.67136199986321], [-123.92815600027514, 40.67270199993572], [-123.9291739999012, 40.6745620012547], [-123.93071700013212, 40.676733998770274], [-123.93221099995922, 40.679025000003385], [-123.93265600019815, 40.68084899991334], [-123.93364399968699, 40.68414000130591], [-123.93356800041732, 40.68596900012502], [-123.93301900042134, 40.687485000180814], [-123.93271800012245, 40.68816399878844], [-123.93304199998755, 40.68895600125887], [-123.93448599958595, 40.6914069999858], [-123.93694400040907, 40.69551900024131], [-123.93890300056661, 40.700908000120904], [-123.94095800008529, 40.709197000025554], [-123.94291099859838, 40.717687000316396], [-123.94477699976783, 40.72379099994471], [-123.9455090000619, 40.72732199990982], [-123.94644200019748, 40.730453999958385], [-123.94699400056653, 40.7324759998395], [-123.94750099983142, 40.73493700011106], [-123.94794000022256, 40.73636400015572], [-123.94858399975479, 40.73763000010954], [-123.94991899957326, 40.739804000322096], [-123.95119099964253, 40.74126300021719], [-123.9526749994239, 40.742999000316914], [-123.95436700141437, 40.74465300024116], [-123.95668700034861, 40.74657999975257], [-123.95894899955651, 40.748069999883555], [-123.96226099997415, 40.74986399979239]]}, "properties": {"fault_name": "Mad River fault zone", "section_name": "", "class": "A"}}, {"type": "Feature", "geometry": {"type": "LineString", "coordinates": [[-124.10315700020045, 40.921817000331934], [-124.10674300025448, 40.92346300017568], [-124.10847899993095, 40.92445600003715], [-124.10900700001054, 40.92469300127025], [-124.11008200043632, 40.925175000093596]]}, "properties": {"fault_name": "Mad River fault zone", "section_name": "", "class": "A"}}, {"type": "Feature", "geometry": {"type": "LineString", "coordinates": [[-124.080256999654, 40.8748599996806], [-124.08109199988027, 40.87555199972668], [-124.0833630002073, 40.87724599967355], [-124.0850650004469, 40.87845400016766], [-124.08603500039236, 40.87899599997431], [-124.08684399978105, 40.87947900027301], [-124.08772800041109, 40.87965400001344], [-124.08884899996933, 40.87958300011242]]}, "properties": {"fault_name": "Mad River fault zone", "section_name": "", "class": "A"}}, {"type": "Feature", "geometry": {"type": "LineString", "coordinates": [[-124.0655919999458, 40.863266999696926], [-124.06744699944792, 40.86404599867108], [-124.06971299975213, 40.865371998662354], [-124.07150299985526, 40.867069998806194], [-124.07328399973754, 40.868217001294], [-124.07539400040613, 40.86991100007683], [-124.07726800017483, 40.87185299978323], [-124.07841399984741, 40.87337300026231], [-124.080256999654, 40.8748599996806]]}, "properties": {"fault_name": "Mad River fault zone", "section_name": "", "class": "A"}}, {"type": "Feature", "geometry": {"type": "LineString", "coordinates": [[-124.03996800023403, 40.91283000003175], [-124.03910899971834, 40.911510000203016], [-124.03861099977595, 40.91060799996273], [-124.03824300042822, 40.90999699990438]]}, "properties": {"fault_name": "Mad River fault zone", "section_name": "", "class": "A"}}, {"type": "Feature", "geometry": {"type": "LineString", "coordinates": [[-124.03974700030106, 40.91502799969835], [-124.03909700002275, 40.91407599991965], [-124.03878800022626, 40.91301000031167]]}, "properties": {"fault_name": "Mad River fault zone", "section_name": "", "class": "A"}}, {"type": "Feature", "geometry": {"type": "LineString", "coordinates": [[-124.03919900013, 40.90992099992789], [-124.03830799982723, 40.910073999800446], [-124.03363800002491, 40.91102400019504]]}, "properties": {"fault_name": "Mad River fault zone", "section_name": "", "class": "A"}}, {"type": "Feature", "geometry": {"type": "LineString", "coordinates": [[-124.02928600023988, 40.90160200029155], [-124.02998000000083, 40.902336999699735], [-124.03101600006856, 40.90323199996393], [-124.03201500032634, 40.90411100014456], [-124.0329829997237, 40.905081000276724], [-124.03376199987348, 40.90604700016804], [-124.0344059994057, 40.90673000016639], [-124.03533000021875, 40.90774599981883], [-124.03581199936929, 40.9082979997035], [-124.03607099983537, 40.90867799989304], [-124.03660200028803, 40.909471999704365], [-124.03690099914044, 40.909940000099915], [-124.03718200024615, 40.91038199984581], [-124.03730500026978, 40.91057699931353], [-124.0376509998762, 40.91102500018753], [-124.0384950003233, 40.912304999923656]]}, "properties": {"fault_name": "Mad River fault zone", "section_name": "", "class": "A"}}, {"type": "Feature", "geometry": {"type": "LineString", "coordinates": [[-124.11008200043632, 40.925175000093596], [-124.1118259996104, 40.925481000147016], [-124.1131499995582, 40.925757000270785], [-124.11511600028675, 40.92689100014605], [-124.11708700013982, 40.92831300008948], [-124.11823000033766, 40.92907100019247], [-124.11917999929334, 40.929542000110516], [-124.12063200018596, 40.92991300027872], [-124.12265999994048, 40.93095099995903], [-124.12430500027865, 40.93170399990565], [-124.12715200036588, 40.932830000185206], [-124.13043799994597, 40.93395200033674], [-124.13346400013334, 40.934500000018254]]}, "properties": {"fault_name": "Mad River fault zone", "section_name": "", "class": "A"}}, {"type": "Feature", "geometry": {"type": "LineString", "coordinates": [[-124.06764099961669, 40.93784199979276], [-124.06939800010784, 40.93965000024461], [-124.07089899960765, 40.941172999807094], [-124.07249399971714, 40.94269400118836], [-124.0732379997068, 40.944056000207006], [-124.07363000024228, 40.94503599932406], [-124.07405000036684, 40.94577699982859], [-124.07460299966247, 40.94687599967346], [-124.07527700023026, 40.94775800000196], [-124.07591699956454, 40.948496000183056], [-124.07648899912675, 40.94894700011573], [-124.07703200017329, 40.9494700000452]]}, "properties": {"fault_name": "Mad River fault zone", "section_name": "", "class": "A"}}, {"type": "Feature", "geometry": {"type": "LineString", "coordinates": [[-124.04032300006126, 40.91528799982451], [-124.04062500018506, 40.915792000321176], [-124.04108100029461, 40.91631799980457], [-124.04181200076383, 40.91706099981567], [-124.0424720001896, 40.917598998780726], [-124.04399999855528, 40.91855899980165], [-124.04497199994718, 40.91915900023254], [-124.04623099959767, 40.91979400118234], [-124.04809100002102, 40.92075000013079], [-124.05007600011783, 40.92194400024692], [-124.05138200142058, 40.923061000221495], [-124.05221299965224, 40.923719001181865], [-124.05339400038322, 40.924654000111936], [-124.0552370001898, 40.92638900031423], [-124.05727499999006, 40.928118999732924], [-124.06100699963396, 40.93158899999408], [-124.06665300012784, 40.93693900028918]]}, "properties": {"fault_name": "Mad River fault zone", "section_name": "", "class": "A"}}, {"type": "Feature", "geometry": {"type": "LineString", "coordinates": [[-124.00114099995584, 40.89702600029854], [-124.00175000022627, 40.89752099970712], [-124.00221200018365, 40.89793000013162], [-124.00271699979871, 40.898264999961725], [-124.00326800034283, 40.898563000237345], [-124.00415000042476, 40.899039999957665], [-124.00517199935047, 40.899494001230984], [-124.00584300044352, 40.89960799978701], [-124.00638400004358, 40.899715999881685], [-124.00669599931481, 40.89978800007318], [-124.00737999992833, 40.89990999872872], [-124.00799200057186, 40.900034999672364], [-124.00842999934144, 40.90021000005344], [-124.00882400042505, 40.900259999689254], [-124.00958699978297, 40.9007499999596], [-124.01007600040282, 40.90100499983509], [-124.01058699986571, 40.90122200017965], [-124.01078700078057, 40.901395999998], [-124.01201699922039, 40.90215899981385], [-124.0120530001037, 40.902167000147045], [-124.01242100034973, 40.90237199995279], [-124.01280399976608, 40.90307199976647], [-124.01312400033154, 40.90306199999587], [-124.01391900037481, 40.9032609997631], [-124.01465900016653, 40.903967999688916], [-124.01505200142525, 40.90420799998327], [-124.01546300043067, 40.90454600019951], [-124.0160709999779, 40.904996000686886], [-124.01672499955586, 40.9056509999752], [-124.01697800017418, 40.90593099967134], [-124.01706500021281, 40.906216999931395], [-124.01719699955898, 40.90667300026138], [-124.01740800034449, 40.907054000336835], [-124.01753599859437, 40.90741900018216], [-124.01771799996588, 40.90770199998883], [-124.0179520003176, 40.90785600028401], [-124.0184749985777, 40.908073999912304], [-124.01929800000673, 40.908361999795446], [-124.02010300009577, 40.908742000296094], [-124.02104200007909, 40.90939799983755], [-124.02132999995919, 40.90987499880987], [-124.02151200043237, 40.91078900017823], [-124.0217390002131, 40.9116740002824], [-124.02225100039918, 40.91232500006232], [-124.0226349996404, 40.91261900024886], [-124.02335299969081, 40.91292100019679], [-124.02388199959533, 40.91325500016922], [-124.02462499976009, 40.9140159997168], [-124.02480900078143, 40.91411799968985], [-124.02491600001325, 40.914321999842564], [-124.02512100005264, 40.91480199975539], [-124.02528900028214, 40.91526600004664], [-124.02554900057311, 40.91587999868849], [-124.02570400038383, 40.91610000020386], [-124.0261110000896, 40.916582999830176], [-124.02674599940102, 40.917320000194586], [-124.02740700044832, 40.91767699989741], [-124.02796399994192, 40.91807399990771], [-124.02854300007515, 40.9184519998133], [-124.02868800073841, 40.918708999741156], [-124.029137000277, 40.91887500003771], [-124.02955099965546, 40.91906899970054], [-124.0299760007012, 40.91901900070963], [-124.03043100008755, 40.9190760001536], [-124.03093299932958, 40.91913199967856], [-124.03141000025386, 40.919180000203276], [-124.03185899979243, 40.91933699983778], [-124.03205700015914, 40.91948399977581], [-124.03221100014497, 40.91968599993771], [-124.03223700008421, 40.91993799985222], [-124.03219100005346, 40.9201829998285], [-124.03206899985472, 40.92033099977318], [-124.03194099980821, 40.92057900123069], [-124.03181499941151, 40.920672999771824], [-124.03223400060946, 40.92135399970298], [-124.03268899999581, 40.921654999963245], [-124.03335799964242, 40.92192199996913], [-124.03366800016215, 40.92215500013274], [-124.03409599978431, 40.922159000107975], [-124.03452500012972, 40.92260500024133], [-124.03475599921008, 40.92291300028105], [-124.03519600032445, 40.92355700004523], [-124.03548199965638, 40.92421500013977], [-124.03578500140172, 40.92474699986006], [-124.03591400037486, 40.925139001271766], [-124.0360109995609, 40.92537999983577], [-124.0361870001863, 40.92555399988611], [-124.03651499935107, 40.92569699981077], [-124.03778599959543, 40.9269629999336], [-124.0383390006877, 40.92749599967283], [-124.03890400057725, 40.928478000290866], [-124.03955699943198, 40.929314000137126], [-124.04009800082868, 40.92984600020855], [-124.0403540000234, 40.93038799978006], [-124.04056500080891, 40.93097599969662], [-124.04109300088851, 40.93191499984844], [-124.041402000685, 40.93233800009721], [-124.04169600041287, 40.932924000303814], [-124.04183000030717, 40.93318999991471], [-124.0422060000508, 40.93354700008452], [-124.04285299995611, 40.93385100007895], [-124.0435979997707, 40.93401600070243], [-124.04484800009863, 40.93426399966751], [-124.04639899982716, 40.934593000160724], [-124.04804400016533, 40.93490899973955], [-124.04991299991117, 40.93519000001528], [-124.05095200035194, 40.935481999694765], [-124.0519690001531, 40.936061001184875], [-124.05256199963169, 40.93664700026377], [-124.05307099944473, 40.93725200071684], [-124.05351200038402, 40.93770600020168], [-124.05411900010633, 40.938138000329886], [-124.05481200004238, 40.938422001212416], [-124.05633299963367, 40.938858999944046], [-124.05732500021877, 40.9391700002837], [-124.05819999972968, 40.93952899983259], [-124.05892600017599, 40.939955999764656], [-124.05966299959468, 40.94040099966146], [-124.06028600010883, 40.940903999789995], [-124.06084899855189, 40.94141799976983], [-124.06119199958187, 40.941802999910855], [-124.06152900076408, 40.942306000219325], [-124.0619389999446, 40.94303300024262], [-124.06214800018196, 40.94379199991645], [-124.06238800038147, 40.94447900006848], [-124.06238899930806, 40.944903000093255], [-124.06227399968034, 40.950236000235776]]}, "properties": {"fault_name": "Mad River fault zone", "section_name": "", "class": "A"}}, {"type": "Feature", "geometry": {"type": "LineString", "coordinates": [[-124.04236800043252, 40.91497100015805], [-124.03904500014423, 40.915075999809055]]}, "properties": {"fault_name": "Mad River fault zone", "section_name": "", "class": "A"}}, {"type": "Feature", "geometry": {"type": "LineString", "coordinates": [[-124.03772399967113, 40.913168000304374], [-124.03877299925934, 40.91300399985766], [-124.03993899992172, 40.91284100032689], [-124.04095999992082, 40.91265499978009]]}, "properties": {"fault_name": "Mad River fault zone", "section_name": "", "class": "A"}}, {"type": "Feature", "geometry": {"type": "LineString", "coordinates": [[-123.87780500010386, 40.79623900030203], [-123.8792090004176, 40.79678100015865], [-123.8799399999885, 40.7971460000317], [-123.88065100036617, 40.797367000099136], [-123.8813009997462, 40.79753599977429], [-123.88168999990862, 40.79749699983515], [-123.88223000058211, 40.797616000275255], [-123.8831100001159, 40.79767800127727], [-123.88422100142502, 40.797608000229516], [-123.88508399944374, 40.79778799966583], [-123.88597399992159, 40.79802199997145], [-123.88698600059817, 40.79832399982669], [-123.88736699856804, 40.79834799970224], [-123.8877990001848, 40.798442998784346], [-123.88831000144428, 40.79868799972677], [-123.88889600035188, 40.799003999740236], [-123.88953999988412, 40.79908300018855], [-123.8905719997539, 40.79931199976905], [-123.89112900014581, 40.79952000006634], [-123.89189200040205, 40.79982100027428], [-123.892662000331, 40.80003100027521], [-123.89342300003908, 40.80028700007725], [-123.89394800064396, 40.8005680003064], [-123.89445600063205, 40.80097600021796], [-123.89536499957985, 40.801551000097305], [-123.89561699857664, 40.80181400009429], [-123.89593299984243, 40.802183001280824], [-123.89607500013267, 40.80239499979625], [-123.89610500026988, 40.802727000062504], [-123.89628400037006, 40.80318999975823], [-123.89663699964913, 40.803575999686636], [-123.89694700016886, 40.80362100030552], [-123.89736500064357, 40.80366199987574], [-123.89797599966558, 40.80378700029982], [-123.89869000041631, 40.80405299966255], [-123.89939800042096, 40.804427998699204], [-123.8997659997687, 40.80464999992107], [-123.90010600042562, 40.805027000132306], [-123.90034900009988, 40.805353000137664], [-123.90097300043895, 40.80591999977172], [-123.90115599983872, 40.80601299981767], [-123.9013869998174, 40.80613099973228], [-123.9018570001707, 40.806487000001106], [-123.90217500018801, 40.80689100010146], [-123.90238299970216, 40.80721900019162], [-123.90277100003966, 40.80759499989264], [-123.90348700044026, 40.80790499987385], [-123.90608699975698, 40.809049000698984], [-123.9092210007977, 40.81109700120146], [-123.9099890001785, 40.81191100002382], [-123.91046299983142, 40.812337999868895], [-123.91068899978724, 40.81257500023064], [-123.91091700029118, 40.812855998745036], [-123.9112570000498, 40.8132149999813], [-123.911467999937, 40.81359600022529], [-123.91168300002215, 40.81405800013962], [-123.91176699968776, 40.81430799966121], [-123.91184899970351, 40.814728999870376], [-123.91183600018303, 40.815144000318554], [-123.91177700063182, 40.815587999666676], [-123.91160799967909, 40.815963000145565]]}, "properties": {"fault_name": "Mad River fault zone", "section_name": "", "class": "A"}}, {"type": "Feature", "geometry": {"type": "LineString", "coordinates": [[-123.89653000041733, 40.807303000020305], [-123.89758000072875, 40.80808200006029], [-123.89822599991082, 40.80862899998418], [-123.89894099958816, 40.809121000224344], [-123.8995820014423, 40.809577999875714], [-123.90016199960381, 40.80999199974843], [-123.90098299958638, 40.810499000316064], [-123.9021249999593, 40.810995000185564], [-123.9030829993109, 40.811378999994545], [-123.90378599929265, 40.81166399867096], [-123.90469999916166, 40.81213099975536], [-123.90532200074921, 40.81267100014489], [-123.90569000009695, 40.813109999845324], [-123.90619600043523, 40.813697999962166], [-123.90681599967803, 40.814409000250514]]}, "properties": {"fault_name": "Mad River fault zone", "section_name": "", "class": "A"}}, {"type": "Feature", "geometry": {"type": "LineString", "coordinates": [[-123.8937910002851, 40.798709001203235], [-123.89388699964627, 40.79882800015071], [-123.89398900065186, 40.79885999973986], [-123.89408300036315, 40.798880999801874], [-123.8941770000745, 40.79890799977468], [-123.89428000000667, 40.79893400009077], [-123.8943529998016, 40.79896100004202], [-123.89442599959652, 40.7990100003285], [-123.89451999930787, 40.79903099966302], [-123.8945999996738, 40.79905800025485], [-123.89468000003976, 40.79911200004549], [-123.89476700007839, 40.79913300002777], [-123.89488500007916, 40.79919700025666], [-123.89495700004919, 40.79921900121361], [-123.89505800033152, 40.79926199870459], [-123.89516100026368, 40.79930999980879], [-123.8952629985743, 40.799358999837644], [-123.89534299983856, 40.79941300006345], [-123.89543799937478, 40.79943900018169], [-123.89553199998444, 40.79949299966244], [-123.89558500058621, 40.79954800009582], [-123.89568500014532, 40.79956800030395], [-123.89578000057989, 40.79963399870387], [-123.89590600007826, 40.79970400033526], [-123.8960000006879, 40.79975800028045], [-123.89611800068867, 40.79982799974097], [-123.896204999829, 40.79985399969671], [-123.89627699979903, 40.799908999830976], [-123.8963650005609, 40.79995699978723], [-123.89644599985343, 40.80000000020032], [-123.89653299989207, 40.80003199990447], [-123.89656899987708, 40.80008099872032], [-123.89665799956553, 40.80011299974552], [-123.8967520001752, 40.8001569996849], [-123.89678199941409, 40.800216999740655], [-123.89688400041965, 40.80026500015427], [-123.89696399988729, 40.80029699973071], [-123.89700099969721, 40.80034599971095], [-123.89707399859383, 40.80037299976789], [-123.89714100033761, 40.80044400024299], [-123.89720699956155, 40.80051399966016], [-123.89727100003394, 40.80053600018058], [-123.89730799984386, 40.8005899987689], [-123.8973739999661, 40.800649999793315], [-123.89741300032416, 40.800704999948046], [-123.89747900044641, 40.80079200007498], [-123.89754599859694, 40.80086199980513], [-123.89758299930517, 40.80092199990364], [-123.8976130003407, 40.80100499992788], [-123.89765000015063, 40.80106499989713], [-123.89767999938955, 40.801124999812146], [-123.89768199993769, 40.80119099870403], [-123.89771200007492, 40.80126199966418], [-123.89771299989984, 40.80132799977982], [-123.89774300003705, 40.80139300022114], [-123.89774399986197, 40.80145900020653], [-123.8977809996719, 40.8015139996909], [-123.8977819985985, 40.80157399988005], [-123.89778300022003, 40.801634000014964], [-123.89778499986984, 40.8017060001053], [-123.89781500000706, 40.80179899993633], [-123.89781599983198, 40.80185899986786], [-123.8978169996569, 40.80192500006987], [-123.89778300022003, 40.801996999844526], [-123.89775500063092, 40.80206299990933], [-123.89772700014353, 40.80211800025318], [-123.89772799996845, 40.80217799989634], [-123.89769299980834, 40.80224499869713], [-123.8976580014449, 40.802293999959296], [-123.89759400007415, 40.802372000298], [-123.89755899991401, 40.80244400026772], [-123.89749500033993, 40.8024990002959], [-123.89746000017985, 40.80255400027846], [-123.89739599970743, 40.80261499979784], [-123.89733200013332, 40.802692999759316], [-123.89726800055921, 40.80276500006082], [-123.8972049999117, 40.80282600006623], [-123.8971480000103, 40.80290300019373], [-123.8971060001775, 40.802969000037606], [-123.89704199970508, 40.803047000263014], [-123.89700700044331, 40.803108000009296], [-123.89697899995589, 40.80316299880719], [-123.89697999978081, 40.80322300022562], [-123.89694499962073, 40.80330099879257], [-123.89691799985653, 40.80337799972894], [-123.89691200000875, 40.803454999896026], [-123.89691299983365, 40.803525999794275], [-123.89690699998586, 40.80355900009465]]}, "properties": {"fault_name": "Mad River fault zone", "section_name": "", "class": "A"}}, {"type": "Feature", "geometry": {"type": "LineString", "coordinates": [[-123.8937910002851, 40.798709001203235], [-123.89316100009827, 40.7984700002954], [-123.89251399929468, 40.798264000099934], [-123.89204100036498, 40.79814999978961], [-123.89135999922617, 40.79810700021828], [-123.89093699962687, 40.79811999985437], [-123.89067300003623, 40.79818999968221]]}, "properties": {"fault_name": "Mad River fault zone", "section_name": "", "class": "A"}}, {"type": "Feature", "geometry": {"type": "LineString", "coordinates": [[-124.00722599994253, 40.7835599997899], [-124.00786299980209, 40.78499099988867], [-124.00845700000394, 40.786081000334846], [-124.00950099956925, 40.787372000044016], [-124.0102060000992, 40.78875600024123], [-124.01051300024585, 40.78979200025621], [-124.01076000011805, 40.79146999995237], [-124.01107899996026, 40.7929380000768], [-124.0111500001054, 40.79356699975452], [-124.01081899966927, 40.794019998818534], [-124.01068800014802, 40.794637001241746], [-124.01059400043671, 40.795091000189494], [-124.01063100024663, 40.79575700010741], [-124.01110400007464, 40.79678799994595], [-124.01166300011639, 40.79744599977547], [-124.012303000349, 40.79809100024411], [-124.01327499994427, 40.79892700120979], [-124.0139379997431, 40.79956199976614], [-124.01443499986054, 40.80060100003744], [-124.01482799932262, 40.801480999733755], [-124.01497700018383, 40.80224300018521], [-124.01493199997802, 40.802712999699764], [-124.01468500010579, 40.80338800027673], [-124.0147050001973, 40.80373899971329], [-124.0148130001523, 40.80418700021078], [-124.01496399976504, 40.80520099982134], [-124.01510299968221, 40.8061969997659], [-124.01542600062074, 40.807321999732046], [-124.01572299982334, 40.80817799967583], [-124.01627199981932, 40.80953100024423], [-124.01654899982877, 40.81001799980206], [-124.01668600009613, 40.81035600025183], [-124.01706700076095, 40.81080400027452], [-124.01790200008892, 40.811525000302034], [-124.0185499998191, 40.8125229987177], [-124.01930800005248, 40.81356300015689], [-124.01999000011786, 40.814532998697175], [-124.02026699922897, 40.815236000274425], [-124.02056199968008, 40.81605599971332], [-124.02054299941351, 40.816569999914456], [-124.02041000024242, 40.817161000112186], [-124.02034599977, 40.81772199989092], [-124.02045500044827, 40.81839500001885], [-124.02047600036467, 40.81897099991799], [-124.0204809985909, 40.81949400011111], [-124.02059600001525, 40.82027399978848], [-124.02071499984096, 40.82112699989627], [-124.02086299997896, 40.82186200031019], [-124.02102000033778, 40.82234399990357]]}, "properties": {"fault_name": "Mad River fault zone", "section_name": "", "class": "A"}}, {"type": "Feature", "geometry": {"type": "LineString", "coordinates": [[-123.96226099997415, 40.74986399979239], [-123.96455400004253, 40.75277599985234], [-123.96526700007006, 40.75346500024811], [-123.96599899856753, 40.754073000210774], [-123.96677299959275, 40.75456200025972], [-123.96741500037348, 40.75503800021353], [-123.96771499994914, 40.755749000011704], [-123.9676630000706, 40.7563189988031], [-123.96772200141848, 40.75674100028948], [-123.96785800006427, 40.757276999679505], [-123.96812800040101, 40.75786400006714], [-123.96850800034258, 40.75853700015094], [-123.96921799999708, 40.75980299992331], [-123.9695920000909, 40.76035999979638], [-123.97005299932503, 40.760985000270985], [-123.97055000034081, 40.76161799993163], [-123.9712469995765, 40.76265999980676], [-123.9715480007737, 40.76337199991378], [-123.97176200013564, 40.76381599993024], [-123.97245099987371, 40.76470399990988], [-123.97269600009608, 40.76506600008772], [-123.97304000005268, 40.765496999776765], [-123.97327100003137, 40.76581400071922], [-123.97343900026084, 40.7660789996728], [-123.9736750002624, 40.76647700129183], [-123.97410200005964, 40.76692300123131], [-123.97469500043658, 40.76736400029388], [-123.97513599957922, 40.767629999307005], [-123.97570599859331, 40.76806199880653], [-123.9758720000713, 40.76829100127815], [-123.97611899994351, 40.76847300011269], [-123.97642999938982, 40.76874199975017], [-123.97679599998602, 40.76913600001039], [-123.97708600041423, 40.76945199983289], [-123.97749200029513, 40.76994399993246], [-123.97757200066106, 40.77010300125163], [-123.97767899989289, 40.77032500023637], [-123.97790200037393, 40.770714999672286], [-123.9781249999567, 40.77109600031759], [-123.97847899995902, 40.77193200032716], [-123.97852400016487, 40.772317999669305], [-123.97849900005049, 40.772940999867544], [-123.97829500073432, 40.773550999984835], [-123.97810700041336, 40.77400800029857], [-123.97795300042756, 40.77442800033505], [-123.9778350004268, 40.77486399989009], [-123.97779400041892, 40.775207999772675], [-123.97787999973431, 40.775467000725705], [-123.978074999728, 40.7757759997302], [-123.97868200034861, 40.77603599981991], [-123.97873300040224, 40.77631400000947], [-123.97886699939824, 40.776391000274636], [-123.97971400021838, 40.77669799978216], [-123.98034999935471, 40.77705600002625], [-123.98084900002027, 40.77730100029743], [-123.98148900025288, 40.7777320002198], [-123.98161800012433, 40.77791700029145], [-123.98173699995, 40.778137999738526], [-123.98194499856582, 40.778465999732546], [-123.98213400140668, 40.77866699969795], [-123.98246000002328, 40.77899000007067], [-123.9827079997204, 40.77919000122841], [-123.98326099991435, 40.77955100009995], [-123.98360999989382, 40.77964699880448], [-123.98390100014694, 40.77975400005261], [-123.98418200035434, 40.77990800000162], [-123.98438000072106, 40.78007300018243], [-123.98461200142297, 40.78039900029533], [-123.98483099990943, 40.78072500016873], [-123.98500300033692, 40.781035999714746], [-123.98521400022409, 40.781434000172226], [-123.98530299991258, 40.78197300010393], [-123.98550700012706, 40.78243499977068], [-123.98759700070416, 40.78463100119649]]}, "properties": {"fault_name": "Mad River fault zone", "section_name": "", "class": "A"}}, {"type": "Feature", "geometry": {"type": "LineString", "coordinates": [[-123.87606400040453, 40.75970999979151], [-123.8793359997409, 40.76171700067167], [-123.87993900016357, 40.762357000179726], [-123.8803149999072, 40.76273200133389], [-123.8807169995901, 40.76316200032548], [-123.88108400001123, 40.76358299969688], [-123.881382999762, 40.76386199977462], [-123.88177100009948, 40.764237998729016], [-123.88207300022329, 40.764570998762835], [-123.88241599855833, 40.76521799975878], [-123.8825319998076, 40.7656109996738], [-123.88266200040225, 40.76604900021658], [-123.88274699989275, 40.76629900026067], [-123.88293900041168, 40.76679800011928], [-123.88301699933116, 40.767137999763726], [-123.88316900056546, 40.76753900015834], [-123.88341899991241, 40.76799999872655], [-123.88373599920648, 40.76861200018778], [-123.88402799928453, 40.76918900022972], [-123.88446099982788, 40.76974300010789], [-123.88504699963381, 40.77028399980857], [-123.88562799941685, 40.77073499972122], [-123.88619100055487, 40.77106899992059], [-123.89372699981271, 40.774537999824844], [-123.89611600014054, 40.77597799966309], [-123.89677499974141, 40.7765519997368], [-123.89731799988962, 40.77694100005935], [-123.89795199937609, 40.77748900011496], [-123.89857900008825, 40.77790200017614], [-123.89908899972617, 40.77835499930822], [-123.89947399969063, 40.778892999788866], [-123.89984799978444, 40.77944900026154], [-123.90012399996897, 40.77995500020207], [-123.90032300016061, 40.780345000249504], [-123.90056699965976, 40.78092299966973], [-123.90073499988925, 40.781396000207614], [-123.90075300033094, 40.7819359996692], [-123.90228899999083, 40.78228499982483], [-123.90500800003156, 40.78325399990826], [-123.90542099958512, 40.783440000124344], [-123.90850799987187, 40.784191000296126], [-123.90976200039778, 40.784575000106024], [-123.91022600000497, 40.78483100033298], [-123.91080000011532, 40.7851459997921], [-123.91120900036924, 40.78569199980439], [-123.91146999958681, 40.78613499979826], [-123.91177899938332, 40.78635999981049], [-123.91241500031626, 40.786510999908145], [-123.91326700026097, 40.78670999967459], [-123.91408400004556, 40.78689999972225], [-123.91480700011883, 40.787120999888536], [-123.91549700058013, 40.787387999880835], [-123.91630599996883, 40.787875999854066], [-123.91679999971323, 40.78824000126767], [-123.91747900030389, 40.7889399997384], [-123.91812200001122, 40.78943299881302], [-123.91856899989997, 40.78980699972674], [-123.91927299970668, 40.79009999881644], [-123.91996700036592, 40.790213998667625], [-123.92074500069079, 40.790350999954065], [-123.92222699992402, 40.79058399881692], [-123.92252100144852, 40.790754001245595], [-123.92293999995155, 40.79104800068187], [-123.92320400044052, 40.79131900024919], [-123.92366300002482, 40.79190899980094], [-123.92568100063191, 40.7950180000199], [-123.92692800058681, 40.795276999895435], [-123.92774600019632, 40.79549400127405], [-123.92838200023095, 40.795637000039775], [-123.93024400030411, 40.79628999992885], [-123.93123400034108, 40.79662000008734], [-123.93227300078183, 40.79697400033785], [-123.93300600000255, 40.79736599974969], [-123.93364299986207, 40.79775200022563], [-123.93436900030838, 40.79844999975645], [-123.93473399928307, 40.79905199967093], [-123.93513300038954, 40.80006699983955], [-123.93527500067977, 40.800504000039375], [-123.93545800007956, 40.800814001183284], [-123.93583499964812, 40.801848000167794], [-123.93595600002195, 40.80211399982173], [-123.93629599978055, 40.80248199974806], [-123.93667300024742, 40.80286700012756], [-123.93713399858325, 40.80327599976751], [-123.9373979999705, 40.80355700026236], [-123.9377419999271, 40.80397800068891], [-123.93798999962422, 40.80439399994736], [-123.93826399926061, 40.80486300031257], [-123.93848400026695, 40.80540700024678], [-123.93857999962809, 40.80609800003082], [-123.93863800025275, 40.80735800010145], [-123.93879399988833, 40.80782200031913], [-123.93899800010286, 40.80829299994606], [-123.93927699976211, 40.80886199997084], [-123.93968499929277, 40.80936299932189], [-123.93998800013979, 40.80969600025047], [-123.9402629996011, 40.80996599968463], [-123.94054499963342, 40.81034499992032], [-123.94107400043625, 40.810914000027005], [-123.94159699959465, 40.81137600025964], [-123.94210399975785, 40.81174799967189], [-123.94257999995891, 40.81199400126291], [-123.94326900059532, 40.81223399983014], [-123.94407399978604, 40.81243300000369], [-123.94539600008403, 40.81275200019818], [-123.94778899971152, 40.813786000155694], [-123.94847200139844, 40.81413199986229], [-123.9492170003147, 40.814532998697175], [-123.9497529998919, 40.81478599872926], [-123.9503859995535, 40.81508199999555], [-123.95136000059526, 40.81577200025901], [-123.95218999990031, 40.81642199970661], [-123.95245999933873, 40.81679199926719], [-123.95288200001144, 40.81735600027147], [-123.95309500044678, 40.817773000006376], [-123.95332399987734, 40.81828799985495], [-123.95349700012967, 40.81861700006247], [-123.95403000023218, 40.819267000186734], [-123.95442900044031, 40.81961500124783], [-123.95470899992449, 40.81975000029473], [-123.95512900004906, 40.8198450000133], [-123.95562600016653, 40.81981100032288], [-123.95659699993692, 40.819779999970095], [-123.95718699994079, 40.819735000112104], [-123.95754099994312, 40.819696000301086], [-123.9580399997104, 40.81971700124803], [-123.95850500004083, 40.81975599968704], [-123.95927900016773, 40.81981200033403], [-123.9601650004476, 40.81998299997746], [-123.96096999963835, 40.82017299997068], [-123.9615230007306, 40.82029099985714], [-123.9621239997068, 40.82045200029113], [-123.96296600140242, 40.82066000027322], [-123.9636429996483, 40.82090000012188], [-123.96489399980116, 40.821436999875516], [-123.96552200033821, 40.82163399966859], [-123.96602900139972, 40.82178899967426], [-123.96675699969921, 40.82208099969649], [-123.96714300038691, 40.82241099873768], [-123.96740399960453, 40.8228359997291], [-123.96778699991916, 40.82334699986504], [-123.96819699999799, 40.82366699987565], [-123.96840700006025, 40.82404799991207], [-123.96858799981024, 40.82453799877342], [-123.96873199975029, 40.824993999700006], [-123.96893400031496, 40.825635999804284], [-123.96912000008778, 40.82621700029284], [-123.96930600075893, 40.826805999695445], [-123.96942699933615, 40.82727099975013], [-123.96966999990872, 40.82780400001792], [-123.9698749999481, 40.8282929997933], [-123.97013699988894, 40.82874500122431], [-123.97052199985339, 40.82906600021018], [-123.9710559997808, 40.829275000235036], [-123.97155999957094, 40.82939399874827], [-123.97209000019869, 40.8295390003265], [-123.9725010001024, 40.82967900023689], [-123.97302700143052, 40.82995999970876], [-123.9733859996591, 40.8302460013373], [-123.9736629996685, 40.830534999921255], [-123.97402000004391, 40.83097399966903], [-123.9743299996653, 40.83143300002847], [-123.9746190002686, 40.831946999336914], [-123.97488000038452, 40.83238000032209], [-123.97513500065264, 40.83269700011532], [-123.97545099922351, 40.83305699981357], [-123.97577900018487, 40.833415999790105], [-123.97608099941034, 40.833730999785246], [-123.97628999964773, 40.83406700012412], [-123.97654100061622, 40.8345279997196], [-123.97669100040402, 40.83488300007175], [-123.97689600044346, 40.83537299975174]]}, "properties": {"fault_name": "Mad River fault zone", "section_name": "", "class": "A"}}, {"type": "Feature", "geometry": {"type": "LineString", "coordinates": [[-123.95066499921276, 40.874867999239555], [-123.95109899958102, 40.87542200013637], [-123.9512810000542, 40.87593000019933], [-123.95162400018587, 40.87655000033707], [-123.95204199976233, 40.87724899982469], [-123.9523370002134, 40.87764600005633], [-123.95264400036008, 40.8780509997982], [-123.95288100018655, 40.87826899984931], [-123.9531049995942, 40.87845999968101], [-123.95339500002243, 40.878541000190005], [-123.95371800006264, 40.87860300026108], [-123.95406200001922, 40.87859199970492], [-123.95444400140727, 40.87863400027482], [-123.95532200039291, 40.8786329997926], [-123.9559979997122, 40.8786120012087], [-123.95668399997557, 40.878562999958945], [-123.95711199959773, 40.87858499972057], [-123.95783399984609, 40.87876999983494], [-123.95884800017248, 40.87908000125393], [-123.9596440000407, 40.87929899974683], [-123.96117400075116, 40.87971899976037], [-123.96227699986768, 40.87991799979041], [-123.9630440003219, 40.88005599967158], [-123.96407100016879, 40.88014100006547], [-123.96509200016789, 40.880171000258365], [-123.96533999986498, 40.880128000204095], [-123.96630099958963, 40.88012399972376], [-123.96711800027256, 40.88007099978896], [-123.96765199930162, 40.880081000318164], [-123.9683669998773, 40.880138999825725], [-123.96936000028731, 40.88027900016093], [-123.97008300036056, 40.88047300031052], [-123.97056700005926, 40.88063799969621], [-123.97090500016805, 40.880743999973724], [-123.97125600069565, 40.880868000006004], [-123.97219899997864, 40.88138800024072], [-123.97244000000305, 40.881659999990006], [-123.97262999997386, 40.88187900013444], [-123.9728869998918, 40.88246599983469], [-123.97327100003137, 40.883183999721496], [-123.97341700141786, 40.8836760002809], [-123.97362299858722, 40.88418299976405], [-123.97375699937986, 40.88445800007596], [-123.97415800013616, 40.88484200024198], [-123.97434300008409, 40.88497199966952], [-123.97467000032225, 40.88507799979744], [-123.97505199991365, 40.88533699980565], [-123.9753439999917, 40.88547200015545], [-123.97550200017544, 40.88574600016953], [-123.97579199970535, 40.88606200033867], [-123.97616599979916, 40.88638300014546], [-123.97666099936849, 40.88674599992965]]}, "properties": {"fault_name": "Mad River fault zone", "section_name": "", "class": "A"}}, {"type": "Feature", "geometry": {"type": "LineString", "coordinates": [[-123.97076200005293, 40.88770399997763], [-123.9708649999851, 40.88776000026595], [-123.97133300068853, 40.88806099998507], [-123.9724070003911, 40.888604000229975], [-123.97321599977977, 40.889272000323054], [-123.97392399978443, 40.88984500069936], [-123.97447599925515, 40.89016999968512], [-123.97500000003514, 40.89062200011317]]}, "properties": {"fault_name": "Mad River fault zone", "section_name": "", "class": "A"}}, {"type": "Feature", "geometry": {"type": "LineString", "coordinates": [[-123.95828199955973, 40.88025899984008], [-123.95859499955421, 40.880297000240716], [-123.95956899969761, 40.88053599970466], [-123.96004400007378, 40.880756001301556], [-123.9602850000982, 40.88082000019636], [-123.96085300036076, 40.880991000717735], [-123.96137199932124, 40.88114599980375], [-123.96198099959169, 40.88142399979226], [-123.96260400010584, 40.88174700123197], [-123.9632340002927, 40.882204999959335], [-123.96395599964272, 40.88279500006389], [-123.96459300040058, 40.88337899991693], [-123.9654800014037, 40.88417199877697], [-123.96601699990751, 40.88486699975993], [-123.96675000002654, 40.8856819999257], [-123.96780000033796, 40.88621699977333], [-123.96860500042699, 40.8865969998307], [-123.96879900059574, 40.886681000292356], [-123.96946999989215, 40.887001999813066], [-123.97076200005293, 40.88770399997763]]}, "properties": {"fault_name": "Mad River fault zone", "section_name": "", "class": "A"}}, {"type": "Feature", "geometry": {"type": "LineString", "coordinates": [[-123.94908699972004, 40.8748720000375], [-123.94932699991955, 40.87535200030345], [-123.94944900011828, 40.87584399930756], [-123.94967300042428, 40.876477000152455], [-123.9496260005686, 40.876919999876556], [-123.94953699998183, 40.87723900022612], [-123.94939699934143, 40.87750499976592], [-123.94918499962934, 40.87774600011396], [-123.94891299964276, 40.87798000021545], [-123.94851400033292, 40.87828100026749], [-123.94800200014686, 40.878675998780395], [-123.94737299978489, 40.87910999989005], [-123.94694299961459, 40.87950299998923], [-123.946494000076, 40.8799770012612], [-123.94643100032681, 40.880338999728764], [-123.94645899991592, 40.880636000150695], [-123.94657799974162, 40.88085800027492], [-123.94669699956731, 40.881069999276306], [-123.94693099991903, 40.88123400012679], [-123.94700299988904, 40.881249999740746], [-123.94729099976914, 40.881294999950136], [-123.94757799982429, 40.88134900002521], [-123.94774400040396, 40.88134399985662], [-123.94866099974769, 40.88139599968996], [-123.94913699994875, 40.881417000107405], [-123.9513440007017, 40.88140099985462], [-123.9522240002355, 40.88121100012313], [-123.95300400021019, 40.88093399968744], [-123.95355000073144, 40.88071799980602], [-123.95380499920293, 40.880610999713745], [-123.9541740001722, 40.88041900019996], [-123.95488300000177, 40.8801349986669], [-123.95542499942675, 40.88007300003076], [-123.95605499961363, 40.88008899992538], [-123.95702199918604, 40.880184000111306], [-123.95775800057643, 40.88019699996173], [-123.95828199955973, 40.88025899984008]]}, "properties": {"fault_name": "Mad River fault zone", "section_name": "", "class": "A"}}, {"type": "Feature", "geometry": {"type": "LineString", "coordinates": [[-123.94933500031547, 40.85905999973423], [-123.94980399994553, 40.85941499981832], [-123.95000800016003, 40.859643000304324], [-123.95026099988002, 40.859940999899344], [-123.95053099931846, 40.86033700124455], [-123.95073900062924, 40.860637999979915], [-123.95098399995328, 40.860999000175845], [-123.95123099982548, 40.86138800018696], [-123.95130999856991, 40.86175600009777], [-123.9514559999564, 40.86224700021201], [-123.95197000069061, 40.86383500020694], [-123.95203599991451, 40.86480699982089], [-123.95217099963376, 40.86554199968499], [-123.95226300059356, 40.866134000191984], [-123.95225900039561, 40.866720000264785], [-123.95223299955802, 40.86732499873314], [-123.95216399996104, 40.86779599966874], [-123.95210799988455, 40.86828499992093], [-123.95199200043193, 40.86877499991056], [-123.95183899937271, 40.8692310001899], [-123.95146200070249, 40.86991900023372], [-123.95120600060947, 40.870225001264075], [-123.95107399856833, 40.87041900031012], [-123.95081700044703, 40.870922999685405], [-123.95063499997383, 40.871297999675], [-123.95037700023097, 40.871784000158854], [-123.95023400011583, 40.87220299972374], [-123.95015400064821, 40.872475999751494], [-123.95007299955903, 40.8731549997112], [-123.95020800017656, 40.873899000206954], [-123.95066499921276, 40.874867999239555]]}, "properties": {"fault_name": "Mad River fault zone", "section_name": "", "class": "A"}}, {"type": "Feature", "geometry": {"type": "LineString", "coordinates": [[-123.94933500031547, 40.85905999973423], [-123.94934899966084, 40.859312000324785], [-123.94934799983595, 40.859744999874295], [-123.94933800068853, 40.86018700004591], [-123.94925199957648, 40.86057699878705], [-123.94915100019243, 40.86112000030181], [-123.94899700020666, 40.86176599999667], [-123.94848900021857, 40.86310800072082], [-123.94849199969327, 40.86338599968924], [-123.94842999976902, 40.86398400127203], [-123.94854699994487, 40.864593000339376], [-123.94867400016648, 40.8654010001105], [-123.94872500022011, 40.865893999687906], [-123.94878900069254, 40.866415000008004], [-123.94880700023589, 40.86695599989591], [-123.94881199936043, 40.86726199967371], [-123.94845900008133, 40.86819300020347], [-123.94821999970674, 40.86857900021397], [-123.94801800004035, 40.86901899995605], [-123.9477469998787, 40.8694779997377], [-123.94713400030861, 40.870210000274184], [-123.94667800019901, 40.87054000020818], [-123.94613599987572, 40.8710620012534], [-123.94575599993414, 40.871480000041956], [-123.9456270000627, 40.871735999875646], [-123.94570700042863, 40.871886999955635], [-123.94596799964623, 40.87210400002523], [-123.94629799935912, 40.87228299983851], [-123.94659399963514, 40.87249000033217], [-123.94686299924864, 40.872635000010284], [-123.94729299941896, 40.87289999981959], [-123.94797399965942, 40.87341099986115], [-123.94908699972004, 40.8748720000375]]}, "properties": {"fault_name": "Mad River fault zone", "section_name": "", "class": "A"}}, {"type": "Feature", "geometry": {"type": "LineString", "coordinates": [[-123.92035500070347, 40.83701100014183], [-123.92493099989615, 40.837605000246654], [-123.9255409999915, 40.837910999685676], [-123.92589200141742, 40.83804400007643], [-123.9263979999591, 40.838180999816664], [-123.92682700030447, 40.83844699992751], [-123.9270470004125, 40.83878300015148], [-123.92724299933276, 40.83932600019591], [-123.92736700007964, 40.83964700028545], [-123.92764200043926, 40.84011599881546], [-123.92786200144556, 40.84046100011079], [-123.92804499994705, 40.840743998810304], [-123.92836700016234, 40.84121199872478], [-123.92867000011104, 40.84157199975612], [-123.92907300141547, 40.84199199984719], [-123.92950999856356, 40.84240199989315], [-123.93016700031122, 40.842903999754306], [-123.93057300019208, 40.84316199995005], [-123.93132600040258, 40.843480999822845], [-123.93195200039148, 40.843650000292186], [-123.93255300026598, 40.84379400026354], [-123.93338899941887, 40.843901999697], [-123.93512699964346, 40.843784998660546], [-123.9356639999439, 40.8438399997543], [-123.93626399999351, 40.84396499990816], [-123.93679600027106, 40.844146999955285], [-123.93725499985538, 40.84429399981146], [-123.9378399998364, 40.84458199868156], [-123.93818100031827, 40.844752000055735], [-123.93842800019044, 40.84492499989127], [-123.9385870001991, 40.8452259993378], [-123.93889199979763, 40.845604000309606], [-123.93903300026294, 40.84600499981423], [-123.93912099922818, 40.846534998793736], [-123.9391360001951, 40.84702100024056], [-123.93900699942537, 40.84749400000895], [-123.93875899972825, 40.8479520012422], [-123.93840899992387, 40.84849500023811], [-123.93807500001304, 40.84888499986109], [-123.93780800004934, 40.8494249999927], [-123.93779800000361, 40.849894000000425], [-123.9380380002031, 40.85038299992469], [-123.93943000082128, 40.85153800023687], [-123.94159599976975, 40.85253300002594], [-123.94214999978861, 40.85267799991553], [-123.9427909998461, 40.85290100020885], [-123.94325999857787, 40.85322000008544], [-123.94370299916696, 40.85372899875268], [-123.94401600005972, 40.8542509998133], [-123.9442699996046, 40.85476599969405], [-123.94439800144777, 40.855374999945205], [-123.94472099969133, 40.85585199978012], [-123.94541899965024, 40.85604600016487], [-123.94684899990327, 40.85658699982324], [-123.94709900014853, 40.85681300026602], [-123.94742200018871, 40.85729899970692], [-123.947956999941, 40.85752600123961], [-123.9484970006145, 40.85786000030259], [-123.94892600006155, 40.858315000213985], [-123.94933500031547, 40.85905999973423]]}, "properties": {"fault_name": "Mad River fault zone", "section_name": "", "class": "A"}}, {"type": "Feature", "geometry": {"type": "LineString", "coordinates": [[-123.87610500041242, 40.805857000127176], [-123.87724699988703, 40.80680399980964], [-123.87755200038384, 40.80696599986286], [-123.87782300144384, 40.8071380001833], [-123.87818900024342, 40.807333998724125], [-123.87889300005013, 40.80764600031368], [-123.88335900143456, 40.80976099997544], [-123.88368000002832, 40.8099850006737], [-123.88401499976405, 40.810262998813236], [-123.8842770006032, 40.810507000167924], [-123.88460599959284, 40.810902999788006], [-123.88466500004242, 40.81110800004851], [-123.8849189995873, 40.81142500021925], [-123.88538300009279, 40.811681000266205], [-123.88590099922833, 40.81182699990915], [-123.88649199995544, 40.812007000218905], [-123.88675300007135, 40.81222399993552], [-123.88689000033871, 40.812354999931635], [-123.88709499858149, 40.81263700017699], [-123.887276999953, 40.81292899969355], [-123.88778199956806, 40.813282999307276], [-123.88830799999783, 40.81357300120948], [-123.89082900057015, 40.81458600008441], [-123.89227600143992, 40.81568500005362], [-123.89245199937041, 40.815887000285045], [-123.89292799957147, 40.81633999999139], [-123.89328300029702, 40.81654599982966], [-123.89351099990265, 40.816827001240966], [-123.89367400010926, 40.817200000053916], [-123.89387599977562, 40.817646000006036], [-123.89405700042391, 40.81814400022607], [-123.89417600024959, 40.81859099997939], [-123.89431299961862, 40.81914599977486], [-123.89492000023927, 40.81985699878019], [-123.89552199993871, 40.82134399969396], [-123.89785899859137, 40.82266799986745], [-123.89904499934525, 40.82354200019337], [-123.899498999805, 40.82405099975379], [-123.89964500029319, 40.82432600030416], [-123.899842000835, 40.82468899971966], [-123.89991599955653, 40.82493899996324], [-123.89989299999031, 40.825409001187055], [-123.89990300003603, 40.826020999755116], [-123.89979599990592, 40.826448999778385], [-123.89974799932702, 40.82687400072418], [-123.90013300018981, 40.82787200002322], [-123.9002810003278, 40.82817300009889], [-123.90037800041219, 40.828441000023645], [-123.90055999998705, 40.82873299998696], [-123.90077700062035, 40.82900499985756], [-123.90108600041683, 40.82945599996815], [-123.9016329998647, 40.8303669998511], [-123.90179100004846, 40.83065100002879], [-123.9020549996391, 40.831146998761966], [-123.90218000021088, 40.83148600014672], [-123.90231400010518, 40.832202999711676], [-123.90239500029605, 40.83325500024171], [-123.9028499996824, 40.83475600021009]]}, "properties": {"fault_name": "Mad River fault zone", "section_name": "", "class": "A"}}, {"type": "Feature", "geometry": {"type": "LineString", "coordinates": [[-123.97872099980836, 40.88445199974798], [-123.98041899985, 40.88541600132659], [-123.9829199994325, 40.88649399983054], [-123.98542199973824, 40.88757300013676], [-123.98856500010149, 40.88870699966235], [-123.9921989998361, 40.89044900010075], [-123.9947049994415, 40.89177299974547], [-123.99600499999816, 40.89292399972693], [-123.99827899979996, 40.894800998799575], [-123.99982100020597, 40.896072000286544]]}, "properties": {"fault_name": "Mad River fault zone", "section_name": "", "class": "A"}}, {"type": "Feature", "geometry": {"type": "LineString", "coordinates": [[-124.10631999975686, 40.927342000331166], [-124.1072069998617, 40.928322998756], [-124.10794599982849, 40.92877599879614], [-124.10931800035517, 40.92950600027417], [-124.11113500022249, 40.93053800002049], [-124.11233799979647, 40.931634001252085], [-124.11397499973872, 40.93284200020781], [-124.11530899973226, 40.93374499870829], [-124.11713999984326, 40.93521799974302], [-124.11895300041093, 40.93659200025623], [-124.12019600016788, 40.937552000226844], [-124.12160700015433, 40.93874999974688], [-124.12459100140723, 40.941878999872664]]}, "properties": {"fault_name": "Mad River fault zone", "section_name": "", "class": "A"}}, {"type": "Feature", "geometry": {"type": "LineString", "coordinates": [[-124.1201040001064, 40.96330999969166], [-124.11955199973734, 40.9628050001953], [-124.11878600000635, 40.962091000141974], [-124.11770399990789, 40.96103500023406], [-124.11679700060989, 40.96014500011363], [-124.11588199911941, 40.959310000332124], [-124.11458199856271, 40.95839699972025], [-124.11373899973718, 40.957783999917716], [-124.11311899959607, 40.957336001238104], [-124.11211700076184, 40.95643100033046], [-124.11108100069414, 40.95557199977819], [-124.10977899958931, 40.95441599868865], [-124.10847000060845, 40.953133000320534], [-124.1070110000431, 40.952134999724706], [-124.10513799920096, 40.950762999732994], [-124.10304500004747, 40.94969500075897], [-124.09941200013776, 40.94764999968076], [-124.0982389998027, 40.94686899877288], [-124.09686299997637, 40.94628299878094], [-124.09613700042834, 40.94584699978065], [-124.09554599970124, 40.94527999973168], [-124.09494700037486, 40.944975001286544], [-124.09380200142549, 40.9440750000664], [-124.09256999974258, 40.9430869987724], [-124.09095700008977, 40.941679000106966], [-124.08966599975395, 40.94048600122971], [-124.08849099976904, 40.939261999715164], [-124.08719899960829, 40.93805100132297], [-124.08598099996567, 40.93668400124244], [-124.08460199976629, 40.935007000169456], [-124.0834540004439, 40.93341199877006], [-124.08247999940215, 40.93194699966833], [-124.08210100018378, 40.931338000076046], [-124.08168899955683, 40.930574999670014], [-124.08104700057271, 40.92951399933456], [-124.08050199987638, 40.928288000023024], [-124.07977700015327, 40.92722000002494], [-124.07650499991858, 40.92082599987708]]}, "properties": {"fault_name": "Mad River fault zone", "section_name": "", "class": "A"}}, {"type": "Feature", "geometry": {"type": "LineString", "coordinates": [[-124.11297999967888, 40.9939539998307], [-124.11277600036269, 40.993716999674284], [-124.11239499969788, 40.99349500017107], [-124.11221899997078, 40.99332900027401], [-124.1119679999006, 40.993094000117516], [-124.11157100024057, 40.99239500007014], [-124.11057100015786, 40.99132800025582], [-124.1095319997171, 40.990414999882006], [-124.1084110001589, 40.98951400032137], [-124.1073059995959, 40.988701999831825], [-124.10625399963463, 40.98797899966769], [-124.10565299976011, 40.98764799966976], [-124.10488000035642, 40.98723100026137], [-124.1033550005672, 40.98655100028075], [-124.10214299987406, 40.98594100022509], [-124.10103400001141, 40.98523800006906], [-124.10021300002884, 40.98462499869159], [-124.099033999846, 40.98375299977326], [-124.09814599991627, 40.98277199873663], [-124.09752800032331, 40.98215200033558], [-124.09691300020508, 40.9817749996844], [-124.08719899960829, 40.97399499973465]]}, "properties": {"fault_name": "Mad River fault zone", "section_name": "", "class": "A"}}, {"type": "Feature", "geometry": {"type": "LineString", "coordinates": [[-124.11062499968624, 40.99892800014869], [-124.11010300035272, 40.99852999999372], [-124.1095119996256, 40.99817099994566], [-124.10839499936705, 40.997559000192574], [-124.10741100007618, 40.99720299973407], [-124.10628999961966, 40.99672600008051], [-124.10558100068839, 40.99638900026428], [-124.10506399958115, 40.996071999951084], [-124.10274799994653, 40.994038000153715], [-124.10205400018559, 40.99352800008043], [-124.1013500003789, 40.992875000201494], [-124.10022600044763, 40.9921180003252], [-124.09112600014419, 40.98598700127534], [-124.09035899968997, 40.98547099997972], [-124.08963800016484, 40.98491699878846], [-124.08911199973507, 40.98444700073864], [-124.08809199956089, 40.983650998810596], [-124.08639400041754, 40.982624999939304], [-124.08534699958089, 40.981568000133706], [-124.08433199942955, 40.980644999337564], [-124.08336499985714, 40.97973899969419]]}, "properties": {"fault_name": "Mad River fault zone", "section_name": "", "class": "A"}}, {"type": "Feature", "geometry": {"type": "LineString", "coordinates": [[-124.08513800024183, 40.97245699878372], [-124.08518600082073, 40.97267199973487], [-124.08719899960829, 40.97399499973465]]}, "properties": {"fault_name": "Mad River fault zone", "section_name": "", "class": "A"}}, {"type": "Feature", "geometry": {"type": "LineString", "coordinates": [[-124.0740200002296, 40.99816100032991], [-124.07437500005686, 40.99854599969538], [-124.07489999976339, 40.99879100027798], [-124.07583899974672, 40.999201999713804], [-124.07660700002583, 40.999547000131905], [-124.07737399958174, 40.99986400000502]]}, "properties": {"fault_name": "Mad River fault zone", "section_name": "", "class": "A"}}, {"type": "Feature", "geometry": {"type": "LineString", "coordinates": [[-124.06228700009913, 40.95109200014191], [-124.06223900041857, 40.9519320003323], [-124.06246500037436, 40.95362000007236], [-124.06236900011493, 40.9548410000455]]}, "properties": {"fault_name": "Mad River fault zone", "section_name": "", "class": "A"}}, {"type": "Feature", "geometry": {"type": "LineString", "coordinates": [[-124.05152399991417, 40.88449800021139], [-124.0517469985986, 40.88488799975514], [-124.05188299993935, 40.88519000001714], [-124.05198199967356, 40.885692000286255], [-124.05200900033607, 40.886168999768124], [-124.05200000011524, 40.88643000031016]]}, "properties": {"fault_name": "Mad River fault zone", "section_name": "", "class": "A"}}, {"type": "Feature", "geometry": {"type": "LineString", "coordinates": [[-124.00969100043838, 40.94072799968287], [-124.00874499988404, 40.94144300029661], [-124.00875400010486, 40.94182199973989], [-124.00905399968052, 40.94229900019141], [-124.00992499989181, 40.94301000001353], [-124.01095599993663, 40.943816000048166], [-124.01220500043969, 40.944696000211586], [-124.01336899965561, 40.94554199988304], [-124.01396500040558, 40.946216999845504], [-124.0143199993345, 40.94703500025233], [-124.0145799996255, 40.94871300001762], [-124.0145870001965, 40.94969599880943], [-124.01513799984235, 40.950831999758705], [-124.0157260001964, 40.95158899991723], [-124.0167129998603, 40.95244099974491], [-124.0175859997214, 40.95298099975293], [-124.01876799937898, 40.953502000237954], [-124.02053400009098, 40.9540670002058], [-124.02157000015869, 40.954736999814685], [-124.0217380003882, 40.95584099974821], [-124.02158900042527, 40.956360000080714], [-124.02135000005067, 40.95694500021457], [-124.02087099857825, 40.957736000301566], [-124.02044500040253, 40.95840799989269], [-124.02032200037888, 40.95918700010375]]}, "properties": {"fault_name": "Mad River fault zone", "section_name": "", "class": "A"}}, {"type": "Feature", "geometry": {"type": "LineString", "coordinates": [[-124.0097569996623, 40.93766899979544], [-124.01041400140996, 40.93831699996987], [-124.01082899971502, 40.93944499998824], [-124.01034900021432, 40.940421000120104], [-124.00975900021044, 40.940673999903034], [-124.00969100043838, 40.94072799968287]]}, "properties": {"fault_name": "Mad River fault zone", "section_name": "", "class": "A"}}, {"type": "Feature", "geometry": {"type": "LineString", "coordinates": [[-123.9857840001365, 40.89698799999744], [-123.98938600008405, 40.901395999998], [-123.99256299988419, 40.90852500018479]]}, "properties": {"fault_name": "Mad River fault zone", "section_name": "", "class": "A"}}, {"type": "Feature", "geometry": {"type": "LineString", "coordinates": [[-123.97918299976573, 40.819665999907905], [-123.98003499971043, 40.81983699992772], [-123.98034799970486, 40.819917000059995], [-123.98094000025688, 40.820122999667454], [-123.98145300026788, 40.82039600018451], [-123.98208799957928, 40.82072700012858], [-123.98254400058718, 40.821028000003345], [-123.98296399981345, 40.8213389997536], [-123.98352100020534, 40.821754000318634], [-123.9841179998819, 40.8222669999018], [-123.9846379995656, 40.82265600024947], [-123.98524699983606, 40.82316000000866], [-123.98569000042515, 40.8236590002511], [-123.9860370007548, 40.824152999730074], [-123.98630499964509, 40.824495999925745], [-123.98658500002756, 40.8248300002883], [-123.9868540014377, 40.82519999985369], [-123.98713999987133, 40.82565100001192], [-123.9874899996757, 40.82683899997347], [-123.98769999973801, 40.82784199992949]]}, "properties": {"fault_name": "Mad River fault zone", "section_name": "", "class": "A"}}, {"type": "Feature", "geometry": {"type": "LineString", "coordinates": [[-123.97724300077309, 40.88095399980433], [-123.97735099982981, 40.88139499992864], [-123.977533000303, 40.88189500027166], [-123.97771700042601, 40.882664000013754], [-123.97781000031242, 40.88304900013778], [-123.97804200011602, 40.88338399993182], [-123.97828099959233, 40.88362900019774], [-123.97848700035495, 40.88391100019603], [-123.97863999961753, 40.88411299968741], [-123.97884100035728, 40.88431400020334]]}, "properties": {"fault_name": "Mad River fault zone", "section_name": "", "class": "A"}}, {"type": "Feature", "geometry": {"type": "LineString", "coordinates": [[-123.93037400000046, 40.83214099970101], [-123.93162099995537, 40.83194899967288], [-123.93214400001209, 40.831967999803126], [-123.93255300026598, 40.83208199979051], [-123.93305000038347, 40.83228200005789], [-123.93362899961838, 40.83244399975065], [-123.9341729995915, 40.832634999886906], [-123.93485899985484, 40.83282000126291], [-123.93560000036979, 40.83313999974235], [-123.93569800027909, 40.833199999879994], [-123.93626700036654, 40.83362299873209], [-123.9367350001717, 40.834158999661], [-123.93699700011253, 40.83439399995974], [-123.93750699975045, 40.83504500020579], [-123.93790599995864, 40.83560900027776], [-123.93825499993808, 40.83613000022984], [-123.93855599933866, 40.83663499996989], [-123.93891299971403, 40.8371010001703], [-123.93928299960987, 40.837584999949854], [-123.94018800015634, 40.83827799978401], [-123.94093799999378, 40.83875899994923], [-123.94163699977763, 40.83939500033362], [-123.94214999978861, 40.840100999841276], [-123.94261299957088, 40.84054599968142], [-123.9432820001158, 40.841065000188], [-123.94413299933728, 40.84166100002675], [-123.94491199858874, 40.84202399968677], [-123.94588399998064, 40.84243500124354], [-123.94657799974162, 40.84276500025193], [-123.9471970000578, 40.843023999970285], [-123.94770099984797, 40.84354899870032], [-123.94799999959872, 40.84402699973393], [-123.94868199966409, 40.8447810003386], [-123.94907000000158, 40.84536299986361], [-123.94985400017426, 40.84603299993306], [-123.95063400014891, 40.84663900009103], [-123.9513089996433, 40.84726700011761], [-123.95220599979385, 40.84782499991771], [-123.9531099996171, 40.84829199985529], [-123.9537450007251, 40.848632000121555], [-123.95480299963585, 40.84910399969372], [-123.95589599960495, 40.84956500003831], [-123.95716100000152, 40.85012000017216], [-123.95836899959836, 40.85074000007073], [-123.95904600143753, 40.851395000319556], [-123.95978200013295, 40.852047000274844], [-123.96017700014316, 40.85254800026353], [-123.96062999987971, 40.85301200031887], [-123.96133700005946, 40.85376400025543], [-123.96179900001682, 40.85440900017733], [-123.96205099991188, 40.85487800023847], [-123.96243099985348, 40.855541999674166], [-123.96267000022807, 40.856003000069066], [-123.96308199995674, 40.856368999723735], [-123.96342799956314, 40.85684499974333], [-123.96444600008749, 40.85786699976043], [-123.96479500006697, 40.858181000304945], [-123.96521699984135, 40.85851000028691], [-123.9657130001339, 40.85890000006957], [-123.96612600058577, 40.859291999784496], [-123.96648100041301, 40.85969600028698], [-123.96688599957065, 40.8601610013164], [-123.96763799995625, 40.86111099969365], [-123.96938799987639, 40.86378700027569], [-123.96956399960351, 40.86418699977173], [-123.96983099956718, 40.864944999951554]]}, "properties": {"fault_name": "Mad River fault zone", "section_name": "", "class": "A"}}, {"type": "Feature", "geometry": {"type": "LineString", "coordinates": [[-123.94678000030629, 40.827619998814214], [-123.94750899932903, 40.82794900031486], [-123.94775399955138, 40.828084999958406], [-123.9480709997438, 40.82824599982559], [-123.94841600042362, 40.828488001212634], [-123.94856499858992, 40.82860900021547], [-123.94887799858434, 40.82889699994256], [-123.94940199936433, 40.82936700030382], [-123.94992399959612, 40.82979200022086], [-123.95029900041318, 40.83015899972472], [-123.95045300039895, 40.8303620012707], [-123.95059700033902, 40.83061899877719], [-123.9506869998524, 40.83074199970153], [-123.95098599960312, 40.83122800004441], [-123.95154399981995, 40.8329510000073]]}, "properties": {"fault_name": "Mad River fault zone", "section_name": "", "class": "A"}}, {"type": "Feature", "geometry": {"type": "LineString", "coordinates": [[-123.95025000000936, 40.84741800026662], [-123.9489989998565, 40.84667300029678], [-123.94855500034079, 40.84637100033679], [-123.94825300021701, 40.846046999988026], [-123.94780799997807, 40.845719000253], [-123.94742699931325, 40.84527100024612], [-123.94701200010988, 40.84484300008051], [-123.9463660000295, 40.844304000307574], [-123.94583399975193, 40.84390600032702], [-123.94517299960293, 40.84352999985048], [-123.94459000017008, 40.84328700002348], [-123.94393100056921, 40.842947000196475], [-123.94341399856364, 40.84261199968033], [-123.94310099856921, 40.84229699974999], [-123.94232700023893, 40.84160099871205]]}, "properties": {"fault_name": "Mad River fault zone", "section_name": "", "class": "A"}}, {"type": "Feature", "geometry": {"type": "LineString", "coordinates": [[-123.93037400000046, 40.83214099970101], [-123.93309999971387, 40.83339899968741], [-123.93366399977846, 40.833750999885424], [-123.93422199999529, 40.834192998792666], [-123.93467699938167, 40.83448499993269], [-123.93526399991082, 40.835024999816305], [-123.93570600067501, 40.835516000260064], [-123.93601600029639, 40.83597499976011], [-123.93623299913304, 40.83646500020433], [-123.93655799972139, 40.83700399983998], [-123.9370520003641, 40.8375660000701], [-123.9375029995525, 40.838210000256176], [-123.93780200020156, 40.83867799971221], [-123.9383339995808, 40.83930999996659], [-123.93876100027639, 40.83973900023406], [-123.9393549995799, 40.84018000029063], [-123.939946000307, 40.840584998784365], [-123.9404869999071, 40.84093700024418], [-123.94083200058691, 40.84137700011977], [-123.94099499989521, 40.84175999969874], [-123.94118600058923, 40.842213999732756], [-123.941437999586, 40.84269299986703], [-123.94247399965371, 40.84449900016671]]}, "properties": {"fault_name": "Mad River fault zone", "section_name": "", "class": "A"}}, {"type": "Feature", "geometry": {"type": "LineString", "coordinates": [[-123.93787799857293, 40.8409390003089], [-123.93845199958157, 40.841245000667676], [-123.93896799996561, 40.84157199975612], [-123.93938100041751, 40.84195500024705], [-123.93962600063988, 40.84231700066387], [-123.93997600044423, 40.84286500133628], [-123.94019199855768, 40.84313800133334], [-123.94068899957345, 40.84354599974071], [-123.94135700029345, 40.844039000241544], [-123.94247399965371, 40.84449900016671]]}, "properties": {"fault_name": "Mad River fault zone", "section_name": "", "class": "A"}}, {"type": "Feature", "geometry": {"type": "LineString", "coordinates": [[-123.93037400000046, 40.83214099970101], [-123.93010400056203, 40.83393499970859], [-123.93005599998313, 40.834351000085924], [-123.93004500011246, 40.834811001319956], [-123.93007900044768, 40.83520699994398], [-123.9301930002505, 40.835555000283385], [-123.93043199972675, 40.83602499966624], [-123.93071899978196, 40.836511999783305], [-123.93112300001299, 40.83695000030226], [-123.93137899920772, 40.837293999978016], [-123.9316669999861, 40.8375730003126], [-123.93231899991426, 40.83800399974167], [-123.9327990003133, 40.83833099986734], [-123.93374299942118, 40.838869000238404], [-123.93787799857293, 40.8409390003089]]}, "properties": {"fault_name": "Mad River fault zone", "section_name": "", "class": "A"}}, {"type": "Feature", "geometry": {"type": "LineString", "coordinates": [[-123.9262860007044, 40.83244200010926], [-123.92647599977686, 40.832660999902046], [-123.92657600023432, 40.83275799979012], [-123.92673599916957, 40.83286000132722], [-123.92702399994795, 40.832914000118365], [-123.92732099915058, 40.83293299997206], [-123.92760499973102, 40.832914000118365], [-123.9282729995527, 40.83276599967647], [-123.93037400000046, 40.83214099970101]]}, "properties": {"fault_name": "Mad River fault zone", "section_name": "", "class": "A"}}, {"type": "Feature", "geometry": {"type": "LineString", "coordinates": [[-123.87612600032882, 40.802728000331165], [-123.87683799963311, 40.803184000227795], [-123.87698300029638, 40.80322399980682], [-123.8773930003752, 40.80334699985724], [-123.87771800006523, 40.803219998762025], [-123.87790300001313, 40.80290699989762], [-123.87798100072928, 40.8023910000615], [-123.87805699999893, 40.801821000030834], [-123.87809700018191, 40.80145000033601], [-123.87835699957459, 40.80121599987445], [-123.87881500023231, 40.80113000127597], [-123.87918500012815, 40.801171999277045], [-123.87945200009185, 40.801290000318865], [-123.879807999744, 40.8015139996909], [-123.88014699967772, 40.80186399991635], [-123.88257799983835, 40.8036360000517], [-123.88292699981778, 40.80394100027553], [-123.88339200014822, 40.80442199996068], [-123.88378299996049, 40.804869999927604], [-123.88433000030663, 40.80554700009834], [-123.88474899970798, 40.80629100031855], [-123.88538300009279, 40.80705600123256], [-123.88571500035381, 40.807704000691544], [-123.88595300000519, 40.80860700010657], [-123.88616800009034, 40.809293999888276], [-123.88615000144532, 40.809844999985906], [-123.88622199961868, 40.81052799994444], [-123.88665900036004, 40.81113600130851], [-123.88727299975503, 40.81176600001824], [-123.88793100042929, 40.81208799972302], [-123.88879199969651, 40.81222399993552], [-123.8894850014292, 40.81231900023355], [-123.89044100023263, 40.81245200028626], [-123.8908749997026, 40.81259200023265], [-123.89135099990366, 40.8128469997402], [-123.89176199980739, 40.813203998763996], [-123.89206099955814, 40.81346499995993], [-123.8923879997963, 40.81380600015253], [-123.89276799973787, 40.81426400026517], [-123.8930560014146, 40.81476799988213], [-123.89355500028357, 40.81521299978755], [-123.8940289999365, 40.81543099997341], [-123.8945710002598, 40.81558600019687], [-123.89523700043169, 40.815619001298664], [-123.8988949995574, 40.8161630000781], [-123.89963400042254, 40.8164640002677], [-123.90025700003837, 40.816795998813824], [-123.90075300033094, 40.81719499980118], [-123.90114499996807, 40.817642999874636], [-123.90136000005324, 40.818113999810805], [-123.90178100000271, 40.818659999942135], [-123.90239300064621, 40.818794000226376], [-123.90280999860111, 40.81860999985805], [-123.90303200015558, 40.81832299967976], [-123.90338000031012, 40.8179610001333], [-123.9040330000632, 40.81776000014066], [-123.90445700038573, 40.81770199971497], [-123.90483699942902, 40.81771699967753], [-123.90529400026182, 40.817829000287944], [-123.90621300015367, 40.8181699998045], [-123.91503200024974, 40.822219999742046], [-123.91575100012506, 40.822568000265676], [-123.91659499967382, 40.82303699997559], [-123.91742300022739, 40.82344399978278], [-123.91819999982901, 40.823995999914715], [-123.91873900067759, 40.82451999985318], [-123.91954199932017, 40.82511700018221], [-123.92044299966868, 40.825549000300285], [-123.92147000041389, 40.82589500119139], [-123.92283599929617, 40.82615000122505], [-123.92404400068966, 40.8263370001281], [-123.92485800010121, 40.8264740002693], [-123.92564000062401, 40.826900000279345], [-123.92631699976822, 40.82756400000159], [-123.92664499983127, 40.828148000248504], [-123.92682800012939, 40.8286660000625], [-123.92692400038887, 40.82933899994174], [-123.92687299943691, 40.829935001211815], [-123.92684700039594, 40.83054800000202], [-123.92661999971692, 40.83116999984102], [-123.92640000140551, 40.8316900001808], [-123.9262860007044, 40.83244200010926]]}, "properties": {"fault_name": "Mad River fault zone", "section_name": "", "class": "A"}}, {"type": "Feature", "geometry": {"type": "LineString", "coordinates": [[-124.06732099994956, 40.8598999997861], [-124.06801300006067, 40.8595350000289], [-124.06836500041318, 40.85946900007586], [-124.06887900024908, 40.859532999845996], [-124.06928699977978, 40.85961900018286], [-124.06994700010385, 40.85995799998858], [-124.07083399931034, 40.860525000265206], [-124.07119599970856, 40.86085500022627], [-124.07218900011858, 40.86140900015749], [-124.07277699957432, 40.86174200132378], [-124.07344500029434, 40.86200799994276], [-124.0739569995821, 40.86225299983531], [-124.07436399928788, 40.86252800021579], [-124.07462799977682, 40.862762999796686], [-124.0752810004282, 40.86321099974644], [-124.07583600027199, 40.86355300028274], [-124.0765190001623, 40.863883000103336], [-124.0771129985675, 40.86409800122228], [-124.07782099857216, 40.86423700013335], [-124.078653000222, 40.864479999899245], [-124.07981399996319, 40.86486599981347], [-124.08070099916968, 40.86522500005175], [-124.0818559999614, 40.865701000290464], [-124.08306299973333, 40.86628400015027], [-124.08342800140296, 40.86643399976881], [-124.08419199968746, 40.86671600033283], [-124.0851580003333, 40.86700800016209], [-124.08589700030012, 40.86727300007451], [-124.08618600000509, 40.86735400000535], [-124.08662100019828, 40.86749300023442], [-124.08696599997977, 40.86770700121403], [-124.0874339997849, 40.86801600012905], [-124.0881640004292, 40.868533000235786], [-124.08894400040388, 40.86931900004918], [-124.08976000036358, 40.87010400011106], [-124.09055399968364, 40.87092500020358], [-124.09116799997697, 40.87168999869421], [-124.09156200016227, 40.87216400021011]]}, "properties": {"fault_name": "Mad River fault zone", "section_name": "", "class": "A"}}, {"type": "Feature", "geometry": {"type": "LineString", "coordinates": [[-124.02876900003095, 40.970185999719824], [-124.02872700019816, 40.97028600025283], [-124.02877400005382, 40.97069099970855], [-124.02899300033694, 40.971414000163215], [-124.02943600002773, 40.972328999925786], [-124.03038099985883, 40.97350600029257], [-124.03184800082012, 40.97507300001278], [-124.03296199980731, 40.975632999309056], [-124.0336870004287, 40.97565400031768], [-124.03457900055638, 40.97566199989277], [-124.03503999979051, 40.9756290012154], [-124.03537600024951, 40.97566300026348], [-124.03560200020532, 40.97568300021399], [-124.03619399985902, 40.97582600012438], [-124.0367150002659, 40.976007000059695], [-124.03733299985889, 40.97621299974523], [-124.03785099989274, 40.97634900005426], [-124.03884900032563, 40.97675900000724], [-124.04031599859195, 40.97747799973347], [-124.04205099934178, 40.978748000141], [-124.04369400003014, 40.9804889999042], [-124.0450919995978, 40.98230100072726], [-124.04627199960554, 40.983425999918865], [-124.04746000000924, 40.98403699974762], [-124.04844300037351, 40.98440200020859], [-124.04905699976851, 40.98495900031239], [-124.04972799996324, 40.985469999757754], [-124.05071200015242, 40.986276000137124], [-124.05113500065004, 40.986606000036225], [-124.05164399956475, 40.987210999743745], [-124.05161800142211, 40.98738299992837], [-124.05233599967588, 40.987676000207145], [-124.0533349999337, 40.98873400128969], [-124.05542899981042, 40.99042499999472], [-124.05741300008233, 40.9918840000451], [-124.05907599996384, 40.992695001239795], [-124.06094800008272, 40.99406800019468], [-124.06235199859985, 40.99554699966197], [-124.06370499975826, 40.99699100023883], [-124.06463799989383, 40.99792499973748], [-124.06534400024867, 40.998208999692004], [-124.06603100033693, 40.998177998794354], [-124.06665399995276, 40.99804000072351], [-124.0673329996451, 40.99786499976238], [-124.06773200075158, 40.99776200025411], [-124.06828500004723, 40.997653999721415], [-124.06888599992178, 40.99756200030827], [-124.06952400140287, 40.99749599976581], [-124.0702460007529, 40.99744499976364], [-124.07164000012257, 40.997498999884385], [-124.07301000010115, 40.997761000218595], [-124.0740200002296, 40.99816100032991]]}, "properties": {"fault_name": "Mad River fault zone", "section_name": "", "class": "A"}}, {"type": "Feature", "geometry": {"type": "LineString", "coordinates": [[-124.06732099994956, 40.8598999997861], [-124.06778700010487, 40.860164000203525], [-124.06845699957637, 40.86046699987981], [-124.06937199927026, 40.86090599977712], [-124.07016900076, 40.86135800031453], [-124.07073400064954, 40.861700000228446], [-124.07131900063052, 40.86196999991429]]}, "properties": {"fault_name": "Mad River fault zone", "section_name": "", "class": "A"}}, {"type": "Feature", "geometry": {"type": "LineString", "coordinates": [[-124.04947000022038, 40.87480999986826], [-124.04981000087736, 40.87558199996168], [-124.05003099991195, 40.87592599878607], [-124.05129100028564, 40.8768049997547], [-124.05176900013655, 40.877041999946925], [-124.05198900024459, 40.87717899988598], [-124.05221399857885, 40.877378999902646], [-124.05250800010334, 40.87754999980453], [-124.05321699993291, 40.87789700007091], [-124.05426700024434, 40.87843099987716], [-124.05520799987751, 40.8788870002168], [-124.05574799965265, 40.879193999666626], [-124.05601899981431, 40.87959999991392], [-124.05630800041762, 40.88029400022778], [-124.0565610001376, 40.881205999264914], [-124.05687199958392, 40.8820969998035], [-124.05725600062179, 40.88259000071588], [-124.05738700014304, 40.88300899980575], [-124.05772600007674, 40.88355700007785], [-124.05825599980618, 40.88432400009143], [-124.05882200041893, 40.88510000011024], [-124.05975400072958, 40.886249999671804], [-124.06081699966316, 40.887424001220815], [-124.06175999984445, 40.88835799971054], [-124.06264100010148, 40.88924000021619], [-124.06365999955244, 40.89027100014181], [-124.06436599990728, 40.89120400025743], [-124.0680220002815, 40.89518800075558], [-124.06892199990678, 40.896167998796315]]}, "properties": {"fault_name": "Mad River fault zone", "section_name": "", "class": "A"}}, {"type": "Feature", "geometry": {"type": "LineString", "coordinates": [[-124.0335129985548, 40.87486500033904], [-124.033376999909, 40.8752500003174], [-124.03337299971105, 40.87560999980643], [-124.0334820003893, 40.876066999722745], [-124.03377399956905, 40.87641800031662], [-124.03430699967151, 40.87638299991711], [-124.03513500022507, 40.87612199982846], [-124.03608900027703, 40.87599999874183], [-124.03671799974066, 40.87619600024436], [-124.03708800143313, 40.87667099989817], [-124.03729799969878, 40.877232999922846], [-124.03757800008128, 40.87736799982237], [-124.03824300042822, 40.87715700033625], [-124.03921700057165, 40.87696299997713], [-124.04043399859272, 40.87706800020009], [-124.0409659997686, 40.87766400017294], [-124.0409730003396, 40.87800600010021], [-124.04093900000441, 40.87845799871125], [-124.04123899958007, 40.87871899977793], [-124.04168700019206, 40.87867699994119], [-124.04285399978103, 40.878523000311866], [-124.04394500010032, 40.8791439997316], [-124.04437899957024, 40.87989700025578], [-124.04494000016012, 40.88078899984798], [-124.04555999940294, 40.88125599967989], [-124.04647599982006, 40.8814880000787], [-124.04793100018743, 40.88184700120676], [-124.0487739999113, 40.882278999687614], [-124.04891700002645, 40.88288800028428], [-124.04871500036006, 40.88374199987892], [-124.04872600023072, 40.8841380001599], [-124.0488159997441, 40.88448699995583], [-124.04878499978196, 40.884984000230745], [-124.04900900008795, 40.88537299992587], [-124.04918999983789, 40.8856469996707], [-124.04940000079851, 40.8860010001549], [-124.04952899977162, 40.88638399983139], [-124.04955999973376, 40.886735000047764], [-124.04960300028979, 40.88686000007965], [-124.04955300006107, 40.88723999984035], [-124.04942599983946, 40.887514999673364], [-124.04910899964705, 40.88778700004851], [-124.04859300016132, 40.88811899996991], [-124.04853600025994, 40.888355000063], [-124.04866699978119, 40.88857599976978], [-124.04886199977484, 40.888876999851746], [-124.0491539998529, 40.889161001223115], [-124.04917099957133, 40.8891839998222], [-124.04961400016045, 40.88980799930316], [-124.05006400042224, 40.890622999735115], [-124.05083900037404, 40.89174300005816], [-124.05146100016498, 40.892660999812286], [-124.05216800034471, 40.89362900030501], [-124.05287599855274, 40.8943999999942], [-124.05358400035405, 40.894945000297206], [-124.05451900013941, 40.895527999988225], [-124.05475599996588, 40.896159999774646], [-124.05514000010542, 40.89706800003414], [-124.05581499959982, 40.89787499981495], [-124.05588900011799, 40.89856700028206], [-124.05599100022522, 40.89933000014047], [-124.05635100007532, 40.90022900029974], [-124.05686800028427, 40.900763001201845], [-124.05736200002868, 40.90109800026393], [-124.05778299997817, 40.90141800031703], [-124.05885200055617, 40.90226699981699], [-124.05978599961831, 40.90301199976233], [-124.06118900010716, 40.904093999850204], [-124.06251200023004, 40.90524999972772], [-124.06349399987108, 40.906020999758354], [-124.06431300020384, 40.906651999712274], [-124.06502599933305, 40.906863000206314], [-124.0657049999237, 40.90711199996517], [-124.06651599986051, 40.90738299983686], [-124.06738299987381, 40.9076069999321], [-124.06826599978065, 40.90810100023043], [-124.0684929995614, 40.90832800003015], [-124.06863299930346, 40.90850400022379]]}, "properties": {"fault_name": "Mad River fault zone", "section_name": "", "class": "A"}}, {"type": "Feature", "geometry": {"type": "LineString", "coordinates": [[-124.05979699859066, 40.85694500132246], [-124.0606729997231, 40.857529999688275], [-124.0616150000795, 40.8580399993271], [-124.0626790006346, 40.85838300017571], [-124.06358399938446, 40.85864200067947], [-124.06497099997978, 40.859048001267524], [-124.06575699980223, 40.85931100022995], [-124.06651900023354, 40.85956500004759], [-124.06732099994956, 40.8598999997861]]}, "properties": {"fault_name": "Mad River fault zone", "section_name": "", "class": "A"}}, {"type": "Feature", "geometry": {"type": "LineString", "coordinates": [[-124.00058399956391, 40.74976699986552], [-124.00053099986047, 40.751156999692405], [-124.00051800033997, 40.75156300030399], [-124.00047199941092, 40.75199700014055], [-124.00036699982893, 40.752469000064984], [-124.00024399980529, 40.753022999813744], [-124.00019100010184, 40.75334899995049], [-124.0001330003755, 40.75357699970987], [-124.00004999963652, 40.75400300015579], [-124.00003399974298, 40.75435500032733], [-123.9999980006563, 40.75478000024124], [-124.00000699997882, 40.75537499991153], [-124.00001299982662, 40.755916000213944], [-124.00012299943144, 40.756390000108105], [-124.0001879997288, 40.75671200030209], [-124.00031100065074, 40.7570060000342], [-124.00038100007262, 40.75719200024865], [-124.00072300037938, 40.757811999926766], [-124.00116600007017, 40.758329999666735], [-124.00474599937809, 40.76111799974858], [-124.00585299959094, 40.762056000253736], [-124.00653899985427, 40.76268300013299], [-124.00705000021544, 40.76355900018419], [-124.00739799857337, 40.76426900121156], [-124.00796200043462, 40.76503499933774], [-124.00854300021766, 40.76546800020743], [-124.0090729999471, 40.766270999818055], [-124.00915699961269, 40.766710000224094], [-124.0091780004274, 40.76709700009096], [-124.00931800016949, 40.767686999831746], [-124.01021299977188, 40.76864099974588], [-124.01081600019457, 40.769262000218795], [-124.01143999963529, 40.76981899974069], [-124.01246900003034, 40.77104799990662], [-124.01397000042846, 40.77268600011587], [-124.01436000041579, 40.77330399874632], [-124.01467300041024, 40.77402499929389], [-124.0148829995742, 40.774612998723214], [-124.0150149998187, 40.77527599994203], [-124.01467500006008, 40.775981000317486], [-124.01448500008925, 40.77639300024499], [-124.01453600014288, 40.776671000301135], [-124.01465199959553, 40.77683800031633], [-124.01492699995512, 40.77710000028033], [-124.01526900026188, 40.77750299967487], [-124.01541499985177, 40.77776900027535], [-124.01559600139836, 40.77826799971003], [-124.01569299968611, 40.77871599999666], [-124.0157909995954, 40.77942499967658], [-124.01589500025081, 40.780431999848275], [-124.0159249985914, 40.78225200119248], [-124.01596800004573, 40.78386399987668], [-124.01596800004573, 40.7857940002583], [-124.01633700011668, 40.787521998703085], [-124.01676399991395, 40.788590000065135], [-124.01733700019938, 40.78950000027546], [-124.01805199987672, 40.79020700022759], [-124.01871200020082, 40.79098800118026], [-124.01964899963602, 40.79203900002322], [-124.02023900143651, 40.79285000012029], [-124.02051100142309, 40.793471999815445], [-124.02077299956726, 40.79412200008211], [-124.02076099987168, 40.79455499976759], [-124.02057799957359, 40.795102000329194], [-124.02038299957995, 40.795856000306], [-124.02005399969195, 40.79654300015174], [-124.01977300038287, 40.79724599987023], [-124.01979700067233, 40.79766999987888], [-124.01996400017858, 40.79811500020389], [-124.02031999983073, 40.798545000052634], [-124.02074900017612, 40.79900900000381], [-124.02103100020844, 40.79938800025403], [-124.0211759999734, 40.79965400024616], [-124.02156500013582, 40.800254000190044], [-124.021443999762, 40.80042899977543], [-124.02155300044026, 40.80066900004975], [-124.02162299986215, 40.80087399996519], [-124.02187300010739, 40.80129900021107], [-124.02219399959947, 40.80218100004709], [-124.02248400002767, 40.80312799982469], [-124.02256300056871, 40.803693000280305], [-124.02255399855126, 40.803945998807244], [-124.02256600004344, 40.80459500031546], [-124.02227699944014, 40.80514499976016], [-124.0220630000782, 40.805773998690874], [-124.02194200060269, 40.806156999938786], [-124.02188300015315, 40.8067990001333], [-124.02181200000805, 40.80722500003721], [-124.02178199987081, 40.80774899987129], [-124.02175500010662, 40.80833599971806], [-124.02177600002302, 40.80871400024626], [-124.02180000031247, 40.80912799871028], [-124.02187700030534, 40.80945899980391], [-124.02208300016967, 40.80995700028783], [-124.02233399934154, 40.810625000250404], [-124.0225209998376, 40.81121400009395], [-124.02296899955127, 40.81180400028012], [-124.02316500026815, 40.81213099975536], [-124.02339700007174, 40.812474999690664], [-124.0236260004006, 40.81296400030603], [-124.02405900004565, 40.81349100001239], [-124.02470700067416, 40.814038000218794], [-124.025218000137, 40.81449000022156], [-124.02580599959276, 40.815029999767624], [-124.02615999959508, 40.815424000112706], [-124.02666000008558, 40.816085000312114], [-124.02719900003584, 40.816814999886475], [-124.0277239997424, 40.81751100007635], [-124.02822000003493, 40.8181170012806], [-124.02906000028408, 40.81892800023992], [-124.02982299964202, 40.819643000277125], [-124.03063900139836, 40.820654000282865], [-124.03162199996598, 40.82169500000351], [-124.0324119999864, 40.82266100009055], [-124.03353199971971, 40.82382399979005], [-124.03490000004842, 40.8251589993164], [-124.03601200028413, 40.82595299989105], [-124.03628900029355, 40.82624900027016], [-124.03721599968304, 40.827131000193674], [-124.03772200002132, 40.82768099976117], [-124.03821599976573, 40.828468000204566], [-124.03838999984299, 40.829030000064584], [-124.03877399998255, 40.82972999999485], [-124.03908799980191, 40.8302609998225], [-124.03952499964493, 40.830851001214164], [-124.03985600008102, 40.831245999862816], [-124.0402050000605, 40.8315499997585], [-124.0404519999327, 40.83173199990999], [-124.04078699966843, 40.83198200011023], [-124.04140099996177, 40.83235899998638], [-124.0418450003758, 40.83265099968831], [-124.04241800066123, 40.8329390002109], [-124.04316599995056, 40.83337500025461], [-124.04367199939051, 40.83372799970168], [-124.04446999980686, 40.83419799980294], [-124.04509699962067, 40.83459300026126], [-124.04613299968838, 40.835091000331126], [-124.0466819996844, 40.83535300014087], [-124.04727599988622, 40.83558600005899], [-124.0475919993554, 40.83572000012811], [-124.04794500043114, 40.8358710000793], [-124.04823599978597, 40.83598699968662], [-124.04858800013845, 40.83613799970931], [-124.0492380004168, 40.83629799997012], [-124.05023500012646, 40.83651799969823], [-124.0512379996839, 40.83662900006555], [-124.05164399956475, 40.836688000007584], [-124.0531669997042, 40.83698100010519], [-124.05485899989802, 40.83732300012596], [-124.05640299995386, 40.83776900000614], [-124.05751600001449, 40.83815599966197], [-124.05866000003724, 40.83867799971221], [-124.0598350000221, 40.839316000307896], [-124.0610030003343, 40.83982800024757], [-124.061819000294, 40.84019799971745], [-124.0624460001078, 40.840583999766075], [-124.06325200002175, 40.84121499982883], [-124.06432599972428, 40.841947000110345], [-124.06563399977858, 40.842617000055476], [-124.06606399994888, 40.842891000057655], [-124.06670900020436, 40.843177000270316]]}, "properties": {"fault_name": "Mad River fault zone", "section_name": "", "class": "A"}}, {"type": "Feature", "geometry": {"type": "LineString", "coordinates": [[-124.05200000011524, 40.88643000031016], [-124.05194099966566, 40.88663999975697], [-124.05194199859227, 40.88686499983151], [-124.05190899987863, 40.88711899990491], [-124.05193900001588, 40.88744200003655], [-124.05205499857017, 40.887816998812944], [-124.05232300015543, 40.888150999939754], [-124.05248100033916, 40.88864199991395], [-124.05273300023426, 40.88931899979407], [-124.05319900038957, 40.890007000236636], [-124.05372099972305, 40.890638999795605], [-124.05415999921591, 40.89126499971942], [-124.05447099956054, 40.89159899973994], [-124.05515099997608, 40.89241400119976], [-124.05579600023155, 40.89332199990754], [-124.05636999944359, 40.89404300023521], [-124.05670300042783, 40.89446500019762], [-124.05741699938196, 40.89512700015715], [-124.05806199963743, 40.895828000136795], [-124.05850700077467, 40.89676900028474], [-124.05919899998749, 40.89767499994467], [-124.06015800006229, 40.898887999855056], [-124.06047100005676, 40.89959900033703], [-124.06080900016555, 40.900120000206286], [-124.06121700059455, 40.900593999790736], [-124.06194000066782, 40.901022000244474], [-124.06350499974175, 40.901790999736136], [-124.06469000067068, 40.902384000753045], [-124.06564999967212, 40.90298399996813], [-124.06624100039922, 40.90356900031032]]}, "properties": {"fault_name": "Mad River fault zone", "section_name": "", "class": "A"}}, {"type": "Feature", "geometry": {"type": "LineString", "coordinates": [[-124.00114800142515, 40.79771200006914], [-124.0016459995709, 40.79812800119852], [-124.00189499999122, 40.79833700010038], [-124.00224500069392, 40.798658999684605], [-124.00274299973798, 40.79910300121683], [-124.00294899960231, 40.799394000127535], [-124.00317799993117, 40.79967500005693], [-124.00339699931597, 40.79998399932242], [-124.00363199859427, 40.80037299976789], [-124.00403300024891, 40.801180000253304], [-124.00415899974729, 40.80172599966315], [-124.00438600042634, 40.80239499979625], [-124.00457300002405, 40.803019999933845], [-124.00476100034504, 40.803825999943314], [-124.00490699993492, 40.804099999773996], [-124.00501400006503, 40.80452100015599], [-124.00517899992147, 40.80515600027371], [-124.00533499955708, 40.80562000024863], [-124.00560099969587, 40.806549000196455], [-124.005968000117, 40.807392000734595], [-124.00675000063981, 40.80867600025455], [-124.0071799999118, 40.809157999789484], [-124.00862600005833, 40.81085000021796], [-124.00886799990768, 40.811148999752625], [-124.00917300040452, 40.81151800002916], [-124.00967400071993, 40.811997999739056], [-124.01025600032791, 40.81264599989021], [-124.01069199944769, 40.813029000229086], [-124.01101799986093, 40.81334299973452], [-124.01153300042003, 40.81385799998004], [-124.012115000028, 40.81430799966121], [-124.0133600003331, 40.81515200029025], [-124.01453100012002, 40.81615999987962], [-124.01519200026901, 40.81674299987204], [-124.01547900032419, 40.817201998795205], [-124.01564599983044, 40.81786399967508], [-124.01567900034074, 40.818242000309624], [-124.01585000004495, 40.818759001329916], [-124.0160640003052, 40.81941100009708], [-124.01635800003307, 40.81999600008736], [-124.01666299963159, 40.82056299968294], [-124.01706999933737, 40.82104599987126], [-124.01788799984519, 40.821471000092046], [-124.01833400080734, 40.821609998696786], [-124.01911999973149, 40.821873000091706], [-124.01972399997908, 40.822078999742594], [-124.02013900008077, 40.822272999746254], [-124.02037900028026, 40.82255400001028], [-124.02069499974947, 40.82289499970904], [-124.02105399977465, 40.823370000250776], [-124.02129900089535, 40.82372299993974], [-124.02145000140642, 40.82388099967132], [-124.02178100004592, 40.824068000213906], [-124.02226899994253, 40.82431400030637], [-124.02275600001425, 40.824551000029885], [-124.02323199931699, 40.82478800026599], [-124.02348199956222, 40.82502299979003], [-124.02365200033987, 40.825305999815406], [-124.02372900033276, 40.8256099997535], [-124.02372199976176, 40.82571000020669], [-124.0234709996916, 40.82608800031277], [-124.02346799931854, 40.82625900008993], [-124.02362099858112, 40.8264339997512], [-124.02394299969471, 40.826685000121685], [-124.02428900019942, 40.826945000034485], [-124.02461400078775, 40.82724100006425], [-124.0249050001426, 40.82756499989584], [-124.02497499956446, 40.827752000246655], [-124.02500600042491, 40.828084999958406], [-124.02495900056925, 40.82831099972871], [-124.02488800042414, 40.82874700029745], [-124.02497899976241, 40.82930299994441], [-124.02502200031844, 40.82965299973211], [-124.02518199925369, 40.829972000044314], [-124.0252730003886, 40.8301139987521], [-124.02573399962273, 40.830296999979446], [-124.02615599939713, 40.830410000269694], [-124.02670899959107, 40.83054499977448], [-124.02704400022515, 40.8306069999181], [-124.0276819999096, 40.83077499870052], [-124.02869099931483, 40.830994999763696], [-124.02895700035191, 40.83108600032375], [-124.02960899938178, 40.83149699969142], [-124.03000299956707, 40.83176399994472], [-124.03048699926573, 40.83213600125435], [-124.03068399980754, 40.83227400011314], [-124.0311309996963, 40.83263800001987], [-124.03190799929791, 40.83316300013003], [-124.03281500039253, 40.833682999792], [-124.0334100004193, 40.8341330002333], [-124.03368299933244, 40.83434899982242], [-124.03401799996652, 40.834617999720685], [-124.03476100013125, 40.83537799931371], [-124.03528699966272, 40.835883999793445], [-124.03582300013825, 40.836533999921876], [-124.03619999970681, 40.83733300031465], [-124.0364399999063, 40.837811999701934], [-124.0367200002888, 40.83836199970411], [-124.0370440001539, 40.83884800127851], [-124.03721100055846, 40.83907700022457], [-124.03739800015622, 40.839458000071595], [-124.03751399960885, 40.83982399869178], [-124.0375939999748, 40.8402010001878], [-124.03759300014988, 40.840596999915164], [-124.03755200014201, 40.84114000005082], [-124.03745300040782, 40.841710999721705], [-124.03749400041569, 40.84200699975267], [-124.0375789999062, 40.84225699994299], [-124.03796800006862, 40.84264100022003], [-124.03854099855742, 40.842911000112636], [-124.03911399974118, 40.843181000264565], [-124.03960599983577, 40.84350800067469], [-124.0398319997916, 40.84372600027833], [-124.04017100062363, 40.844264999995076], [-124.04054900001708, 40.84486599980565], [-124.04102500021814, 40.84532800003897], [-124.04151499976459, 40.84580799971175], [-124.04192600056665, 40.8463719999474], [-124.0421070003166, 40.846843999308355], [-124.04218899943406, 40.84724700001807], [-124.04220400040101, 40.84751700017308], [-124.04215599982209, 40.84792399989561], [-124.04213900010366, 40.848267000116635], [-124.04206600030874, 40.848656999722515], [-124.04205200006503, 40.84903699997067], [-124.04204700004216, 40.84936099929089], [-124.04201899955476, 40.84971399990754], [-124.04214699960127, 40.85009799978641], [-124.04223600018804, 40.85019399974816], [-124.04236399933623, 40.85037000033609], [-124.04264399971872, 40.850495999952464], [-124.04298100000261, 40.850575000242316], [-124.04339999940396, 40.850651999986866], [-124.04418500029982, 40.850671999738225], [-124.04507900007732, 40.85075099981818], [-124.04568599979963, 40.851001999860046], [-124.04643100141084, 40.85137399989232], [-124.04704699955737, 40.85175999872249], [-124.04758600040593, 40.85208500123953], [-124.04820700037195, 40.85256999983578], [-124.0483320000454, 40.852692001284495], [-124.04842999995472, 40.85294099970679], [-124.04847199978752, 40.85326500032143], [-124.04850399957458, 40.85382300125188], [-124.04855800000124, 40.85436199969986], [-124.04867099997914, 40.85489900023448], [-124.0487239996826, 40.85542000007638], [-124.04886900034583, 40.85589399982757], [-124.04898300014867, 40.85643100017411], [-124.04916899992152, 40.857010999713744], [-124.04943599988522, 40.85731799868572], [-124.0496409999246, 40.85758199988183], [-124.050243999449, 40.857761000222986], [-124.05089799992527, 40.85821700024626], [-124.05144600009636, 40.85846099978601], [-124.05256099980679, 40.85887599967889], [-124.0536179997909, 40.859516999739434], [-124.05412599977902, 40.8599069997078], [-124.0544769994083, 40.860238000111096], [-124.05480199999664, 40.86074100012917], [-124.05519299980888, 40.86156699975464], [-124.05528400004546, 40.861925000156326], [-124.05568400007857, 40.86248899975943], [-124.05579600023155, 40.862583998705645], [-124.05643100044126, 40.862698999750634], [-124.05679999961389, 40.86271399972449], [-124.05773299974946, 40.862639001179865], [-124.05817600033856, 40.862497000133644], [-124.05873799985503, 40.86235300004403], [-124.05894899974223, 40.86231899973182], [-124.05975899985413, 40.862364001260275], [-124.06008400044244, 40.86244399967474], [-124.06042099982805, 40.86253199972124], [-124.0612710001229, 40.86286499999709], [-124.06182299959363, 40.86298199995358], [-124.06259099987275, 40.86312899878723], [-124.06314600061485, 40.86309299879805], [-124.06367500141768, 40.86299399974581], [-124.06449300012888, 40.862976999756484], [-124.0655919999458, 40.863266999696926]]}, "properties": {"fault_name": "Mad River fault zone", "section_name": "", "class": "A"}}, {"type": "Feature", "geometry": {"type": "LineString", "coordinates": [[-124.02377300071369, 40.880527998793056], [-124.02556399974343, 40.88112899972016], [-124.02639199939867, 40.88151700125998], [-124.02719800021094, 40.881923000162864], [-124.02841800040166, 40.882505999815706], [-124.02974699857573, 40.88333800005242], [-124.0304909985654, 40.88413399992193], [-124.03101199987061, 40.88473100118168], [-124.03183799987605, 40.88550600012463], [-124.03250400004791, 40.88594499973627], [-124.033489000062, 40.886354998745404], [-124.03466900006975, 40.886667999678146], [-124.03534000026448, 40.886773000125885], [-124.03570500013748, 40.886932000001664], [-124.03619399985902, 40.88718700017088], [-124.03654000036373, 40.88764499996219], [-124.03775800000635, 40.888406999820695], [-124.03818600142512, 40.88860000026196], [-124.03877200033273, 40.88890600119064], [-124.03909799984768, 40.88920299983991], [-124.03950000042889, 40.889594998773816], [-124.03983099996668, 40.889998999790876], [-124.0399659996859, 40.8902829997421], [-124.0409730003396, 40.89173799931669], [-124.04164899965889, 40.89277100024203], [-124.04237000008234, 40.89398300018934], [-124.04319699991268, 40.8949759987678], [-124.04400799984948, 40.89545400013627], [-124.0444010002099, 40.89569400008916], [-124.04467200037153, 40.8960729998261], [-124.04494800055605, 40.89634399875813], [-124.04517899963643, 40.89665200028065], [-124.04538200002602, 40.89708699982494], [-124.04570099986825, 40.89769900121042], [-124.04633500025305, 40.89798499972354], [-124.04704699955737, 40.89819600003007], [-124.04752399958335, 40.89866699996281], [-124.04777200017875, 40.89948899971741], [-124.0479079997229, 40.89998999998457], [-124.04800399998236, 40.90043699978033], [-124.04812399963294, 40.900883999271144], [-124.04840400001544, 40.90143399980375], [-124.04893599939471, 40.902030000333326], [-124.04966600003897, 40.902331000314035], [-124.05060199964926, 40.902517000027885], [-124.05160799957974, 40.90245700019928], [-124.05278199973972, 40.90241900030225], [-124.05387899990681, 40.902924999999186], [-124.05448399997933, 40.90354499981659], [-124.05499699999028, 40.90420499969641], [-124.05509200042485, 40.90486000070857], [-124.05503600034834, 40.905322000005434], [-124.05486499974583, 40.90589499987381], [-124.05473699969929, 40.90613399989784]]}, "properties": {"fault_name": "Mad River fault zone", "section_name": "", "class": "A"}}, {"type": "Feature", "geometry": {"type": "LineString", "coordinates": [[-124.00119299983436, 40.834999999830686], [-124.00167900008115, 40.83499399977837], [-124.00201000141558, 40.83519000030052], [-124.00227099973489, 40.83538900025168], [-124.00247900014735, 40.83551799980868], [-124.00290299957153, 40.83567599998313], [-124.00344099969689, 40.83596499868691], [-124.00389299960851, 40.83619400011636], [-124.00433799984744, 40.83629700020756], [-124.0045539997575, 40.836343999905694], [-124.00475900069523, 40.83640999978704], [-124.00490899958474, 40.83654899970318], [-124.00502300028587, 40.836671999821114], [-124.00520600058397, 40.83677400009392], [-124.00551200000741, 40.83693500129128], [-124.00588500027631, 40.8370410001649], [-124.00632399976914, 40.837035000297305], [-124.00708700002536, 40.83711000132182], [-124.00742400030929, 40.83718900125807], [-124.0075100014213, 40.83724099974522], [-124.00766000031084, 40.837371000202275], [-124.00779599985495, 40.83747500024849], [-124.00797900015307, 40.83757699996535], [-124.00826799985806, 40.837658000188426], [-124.00849499963876, 40.837677999783615], [-124.00880399943526, 40.837685999755884], [-124.00905599933033, 40.83794800018399], [-124.00938000009374, 40.838236000123885], [-124.00976300040841, 40.83872800029811], [-124.01024599938387, 40.839307999852714], [-124.010644999592, 40.83985400016023], [-124.01107800013537, 40.84018300008216], [-124.0114749997954, 40.84028699979423], [-124.01183800001856, 40.840402000128826], [-124.01228099970935, 40.84047799976181], [-124.01295100007917, 40.8405819996906], [-124.01418399979039, 40.84078600027936], [-124.01515600028398, 40.84097099997725], [-124.01644900026966, 40.84119099982753], [-124.01716800014498, 40.841312000113525], [-124.01786100008103, 40.84162299987998], [-124.01803199978522, 40.841716999845666], [-124.01831100034282, 40.84203199981413], [-124.01857299938531, 40.842475000263526], [-124.01874000068823, 40.842712999981764], [-124.01884899956983, 40.842953000208546], [-124.01892599956274, 40.84326599974492], [-124.01897400014163, 40.84371500004426], [-124.01896099972284, 40.844120999687924], [-124.0189850000123, 40.84476099880921], [-124.01908099937346, 40.84541599971823], [-124.01921599999096, 40.845926000191874], [-124.01931399990026, 40.84619300009376], [-124.01948200012974, 40.84643900032633], [-124.01970899991045, 40.84667599979444], [-124.01995599978265, 40.846838000328056], [-124.02063999859956, 40.84718600008491], [-124.02145999965552, 40.84762900006051], [-124.02225600042206, 40.84807199979269], [-124.02278100012859, 40.848550999718746], [-124.0236769995559, 40.84951400126938], [-124.02435500032166, 40.850185999926545], [-124.02503800021196, 40.85050699974041], [-124.02576299993507, 40.8507449998326], [-124.02668100000199, 40.85103999870609], [-124.02720200040892, 40.85123000008376], [-124.02816599960828, 40.85150600023468], [-124.02855300012088, 40.85163700010338], [-124.02916300021624, 40.85193300132703], [-124.03024299976659, 40.852575000139055], [-124.03126299994076, 40.853199999744284], [-124.03199600005979, 40.85378899995851], [-124.03304999967087, 40.854819000181514], [-124.03356100003201, 40.85545200022651], [-124.03378499943969, 40.85586800009254], [-124.03458500040416, 40.856788999798646], [-124.03538299992219, 40.857485000310945], [-124.03594199996395, 40.857926999936225], [-124.03663200042523, 40.85860799982115], [-124.03756599858909, 40.85938900010641], [-124.03818300015377, 40.86021599968814], [-124.03863300041556, 40.861049000226615], [-124.03902000002985, 40.86180299872622], [-124.0394959993326, 40.86268100032096], [-124.03986599922844, 40.863353999974954], [-124.04046100015351, 40.864010999883504], [-124.04105599928198, 40.86446999973075], [-124.04171700032929, 40.86503400008019], [-124.0424219999609, 40.86555199969162], [-124.04325799911375, 40.866274000254194], [-124.04394000007746, 40.86700899878201], [-124.04485200029663, 40.86781800029114], [-124.04558399969238, 40.86838000006363], [-124.04620999968128, 40.86896400006326], [-124.04669199973013, 40.86951700015412], [-124.04783199955492, 40.8703720003238], [-124.04835499961165, 40.87081499878363], [-124.0494550001518, 40.87180699868308], [-124.04999499992695, 40.872330001185446], [-124.05066500029676, 40.872840000301686], [-124.05152799921379, 40.87341599994976], [-124.05240899857252, 40.87409100029238], [-124.0531170003738, 40.8748700003178]]}, "properties": {"fault_name": "Mad River fault zone", "section_name": "", "class": "A"}}, {"type": "Feature", "geometry": {"type": "LineString", "coordinates": [[-124.04472699972483, 40.87636999931769], [-124.04501200013016, 40.87657600010423], [-124.04548400013327, 40.87695799879797], [-124.04588800036433, 40.877377000258676], [-124.04640800004798, 40.87777500021786], [-124.04659299999594, 40.87789499976335], [-124.04692799973166, 40.87815499984359], [-124.04731499934599, 40.878485000251175], [-124.04790500024816, 40.8792770002225], [-124.04827900034198, 40.87979700005164], [-124.0485630000241, 40.88018499989093], [-124.04907399858864, 40.88082699994435], [-124.04941199959578, 40.8813660000523], [-124.04977900001688, 40.88196699880371], [-124.05018599972264, 40.882450001193824], [-124.05074699941422, 40.883144000150246], [-124.05123699985899, 40.88383999874905], [-124.05152399991417, 40.88449800021139]]}, "properties": {"fault_name": "Mad River fault zone", "section_name": "", "class": "A"}}, {"type": "Feature", "geometry": {"type": "LineString", "coordinates": [[-124.00120100023028, 40.83929200029867], [-124.00145700032333, 40.83953600021437], [-124.00166599966236, 40.83966500121622], [-124.00196299976328, 40.839880000062685], [-124.00235199992574, 40.8402740002639], [-124.00270400027823, 40.84084799968095], [-124.0029270007593, 40.84122000030937], [-124.00323300018275, 40.84160700020512], [-124.00349299957543, 40.842022000334346], [-124.0036230001701, 40.842215999758935], [-124.0040259996779, 40.842438000253416], [-124.00466599991049, 40.842633999833126], [-124.00491799980558, 40.84268000012899], [-124.00582300035204, 40.842741000132285], [-124.00681599986372, 40.84269099985524], [-124.0076369998463, 40.84271900001501], [-124.00894900009853, 40.84285699995029], [-124.0094319999723, 40.842995000277774], [-124.01013499995406, 40.84327900004761], [-124.01079799975288, 40.843672000100376], [-124.01091999995162, 40.84373099988984], [-124.01106700026472, 40.843816999673145], [-124.0112569993372, 40.84424299970414], [-124.0114239997418, 40.84468899991312], [-124.01151499997837, 40.84526300118925], [-124.01153500006986, 40.845829998803644], [-124.01159699999413, 40.846305999791916], [-124.011678000185, 40.846899001261114], [-124.01188400004929, 40.84740599969132], [-124.01199899967705, 40.84755599993085], [-124.01244899993884, 40.847748000285605], [-124.01301599857987, 40.847928000282884], [-124.01346900011302, 40.84795899970829], [-124.01398899979671, 40.84792399989561], [-124.0147410001823, 40.847801000271424], [-124.01579499979337, 40.84776699996488], [-124.01673299995181, 40.84776399983706], [-124.01816700040276, 40.84815000067067], [-124.01866199997208, 40.848306000112544], [-124.01916099973938, 40.848749000075486], [-124.01947200008401, 40.8492169998641], [-124.01961800057218, 40.849699999947774], [-124.01958800043496, 40.850222999688036], [-124.01942400040343, 40.85068799994265], [-124.01925199997596, 40.851224999678976], [-124.01924100010531, 40.851459999949626], [-124.01928399976302, 40.85157600013448], [-124.01940799961159, 40.851680000315035], [-124.0198450003529, 40.85185599967369], [-124.02028100037099, 40.85201299874952], [-124.02079100000893, 40.85222999871212], [-124.02178199987081, 40.85254999997789], [-124.02246999978397, 40.85276199993133], [-124.02310199962065, 40.853030999847704], [-124.02363700027126, 40.8534639996849], [-124.02397600020497, 40.85381400033169], [-124.02407900013714, 40.85394599988966], [-124.02424499981849, 40.85416600015392], [-124.02441100039816, 40.85457500013671], [-124.02444199856366, 40.85471900014933], [-124.0245199992798, 40.85504999997781], [-124.02456399966073, 40.85562499998502], [-124.02454500029246, 40.85613099877109], [-124.02456500038396, 40.856481999733965], [-124.02457899972933, 40.85715800024886], [-124.02455799981293, 40.85784399979191], [-124.02442999976643, 40.858117998661896], [-124.02447400014735, 40.85826099969509], [-124.0245620000109, 40.85833900012849], [-124.02479199926637, 40.85842200033206], [-124.0251380006694, 40.85845599992698], [-124.0257720001559, 40.85855300011427], [-124.02670699994127, 40.85872099872975], [-124.0278789995531, 40.85909800007341], [-124.028800999818, 40.85945600023176], [-124.02971899988493, 40.859967000074], [-124.03008700013096, 40.8603789998072], [-124.03029899984308, 40.86078700008471], [-124.03047200009544, 40.861331001300975], [-124.03048499961592, 40.86197999978087], [-124.03043199991247, 40.86252300066375], [-124.03034600059706, 40.862886000178705], [-124.03023799974372, 40.863286999716316], [-124.03001500016096, 40.863763000297084], [-124.029700001415, 40.86427800027937], [-124.02965100011288, 40.864477999865684], [-124.0297570004181, 40.86466400001225], [-124.02984699993145, 40.86479599968982], [-124.03000900031317, 40.86492599976355], [-124.03069600040143, 40.865336999896215], [-124.03146499960715, 40.86570000029215], [-124.03260000030737, 40.86604200020343], [-124.03399599932689, 40.86638399970727], [-124.03540800003657, 40.86659100030087], [-124.03651900044733, 40.86671700031585], [-124.03767400034076, 40.867005000226264], [-124.03842399927989, 40.86725999972415], [-124.03935999978849, 40.8676619999195], [-124.04063299968266, 40.86835100127876], [-124.04160900037422, 40.868815999964376], [-124.0425509998323, 40.86932600033404], [-124.04315500007989, 40.869720999292966], [-124.04336800141351, 40.869931000127636], [-124.04386200025964, 40.87025800030506], [-124.04433300043782, 40.870630000213495], [-124.04523100041328, 40.8711779997192], [-124.04598200007563, 40.87165800027532], [-124.04688899937364, 40.87239499997266], [-124.04763900010938, 40.87305699996495], [-124.0481520001204, 40.8735259997655], [-124.04865199971256, 40.87397799975761], [-124.04914200015733, 40.874459000258184], [-124.04947000022038, 40.87480999986826]]}, "properties": {"fault_name": "Mad River fault zone", "section_name": "", "class": "A"}}, {"type": "Feature", "geometry": {"type": "LineString", "coordinates": [[-124.0011680006183, 40.845018000299696], [-124.00165899998969, 40.845092999766756], [-124.00195799974041, 40.84513699977702], [-124.00236299979639, 40.84516000007964], [-124.00297799991462, 40.8453480000381], [-124.00337499957465, 40.84544299978174], [-124.00397700017243, 40.84561300030647], [-124.00439099955088, 40.84578900015037], [-124.0047930001321, 40.84597499977087], [-124.0051379999136, 40.846216000029884], [-124.00549800066202, 40.846502000164456], [-124.00570700000108, 40.846639999697565], [-124.00612600030072, 40.84692399879771], [-124.0065809996871, 40.84720699980089], [-124.00680099979513, 40.847326000104296], [-124.00715300014761, 40.847458999950675], [-124.00765899958762, 40.84760499966371], [-124.00810499965145, 40.84772599979185], [-124.00832899995741, 40.847700000249084], [-124.00842900041486, 40.84779700123558], [-124.0085520004385, 40.8478740001312], [-124.0086639996932, 40.84795999997449], [-124.00886700008276, 40.84798100012468], [-124.00923399960556, 40.84796900033088], [-124.0096350003619, 40.847920000187635], [-124.00977599992886, 40.84811399933599], [-124.01002000032635, 40.84824100010659], [-124.01022200089102, 40.848460000029], [-124.0105669997742, 40.84890000024509], [-124.01074999917401, 40.849407999918476], [-124.01070400004156, 40.84986000008833], [-124.01063899974423, 40.85041199978184], [-124.01056299957625, 40.85117199971382], [-124.01047100041303, 40.85186900032974], [-124.01055000005576, 40.85241700015759], [-124.01080100012594, 40.85265200027735], [-124.01107800013537, 40.85275200071157], [-124.01162200010849, 40.85272500022867], [-124.01218900144448, 40.85266200019166], [-124.01282399985757, 40.85257799869012], [-124.01358000044114, 40.85269799973483], [-124.01468599993072, 40.8529690002922], [-124.01583300032654, 40.853327999785066], [-124.01660200043054, 40.85391600004408], [-124.01705500016708, 40.85438900019509], [-124.01738299933183, 40.854720999798126], [-124.01767699995801, 40.85509900028402], [-124.01790299991382, 40.85533499987849], [-124.01817800027341, 40.85579500020701], [-124.01852700025286, 40.85629799999152], [-124.01879500004146, 40.85664099966841], [-124.0189730003167, 40.856859999684076], [-124.01918900022677, 40.8571150001954], [-124.01943199990103, 40.85743200127693], [-124.01951100044207, 40.85757299879291], [-124.01972800017703, 40.85804399978304], [-124.019973999326, 40.85863200030894], [-124.02028300002083, 40.859280000000965], [-124.02049900082922, 40.859967000074], [-124.02049800010597, 40.860787998798436], [-124.02040100002158, 40.86140399984158], [-124.02050300012885, 40.86195100023158], [-124.02065799993952, 40.86216199994219], [-124.0210210001627, 40.862501999687645], [-124.02166900079122, 40.862851000098786], [-124.02228900003401, 40.86353399969538], [-124.0228320001822, 40.86412099969864], [-124.0229019996041, 40.86453299872886], [-124.02285100044878, 40.8650940012368], [-124.02278499942825, 40.86541199878242], [-124.02293000009152, 40.865668000337216], [-124.02327199860163, 40.866045000182936], [-124.02392400032645, 40.8664660000329], [-124.0247939998145, 40.866960999792646], [-124.02551000021505, 40.86765900001325], [-124.02614900062277, 40.86846799969526], [-124.02672899968256, 40.869306000100494], [-124.02723800039392, 40.870317000196216], [-124.02780300028346, 40.87130900008459], [-124.0278929997968, 40.87205500007166], [-124.02794300002552, 40.87232299985964], [-124.02817300017931, 40.87261300030914], [-124.02884100000095, 40.87289000024332], [-124.02952800008924, 40.87307499929156], [-124.03010499967431, 40.873190999664736], [-124.03093799935245, 40.87324600012203], [-124.0316300003619, 40.87331299981456], [-124.03223400060946, 40.873491999755494], [-124.0325179993933, 40.87368099867078], [-124.03302899975445, 40.874134000192726], [-124.03329399917001, 40.87441400015619], [-124.0333890014012, 40.874626999961215], [-124.0335129985548, 40.87486500033904]]}, "properties": {"fault_name": "Mad River fault zone", "section_name": "", "class": "A"}}, {"type": "Feature", "geometry": {"type": "LineString", "coordinates": [[-124.02723400019595, 40.96908999997933], [-124.02748000024326, 40.96902799995373], [-124.0277409985625, 40.96902000025253], [-124.02811200007993, 40.969070999857365], [-124.02843899941975, 40.969168999785346], [-124.02871199923123, 40.96938499970795], [-124.02881000003882, 40.96963399993776], [-124.02876900003095, 40.970185999719824]]}, "properties": {"fault_name": "Mad River fault zone", "section_name": "", "class": "A"}}, {"type": "Feature", "geometry": {"type": "LineString", "coordinates": [[-124.02032200037888, 40.95918700010375], [-124.01995799943249, 40.95926199979045], [-124.01978000005556, 40.95990799988602], [-124.01982899956106, 40.96056500025578], [-124.02003100012574, 40.96099099992779], [-124.02050999980153, 40.9614799998641], [-124.02141300069817, 40.96211800077763], [-124.0224220001034, 40.96294200021628], [-124.0231400001538, 40.96366799973012], [-124.02344000062777, 40.9643699999622], [-124.02350900022475, 40.96517900132684], [-124.02379100025706, 40.96575599985308], [-124.02430399936974, 40.96642499969088], [-124.02493399955657, 40.96728000013511], [-124.02543100057234, 40.96808400070393], [-124.0258009995699, 40.968748998778395], [-124.02608500015033, 40.9691629996832], [-124.0266069985855, 40.96935400018017], [-124.0268560008025, 40.969336999710876], [-124.02705300044599, 40.969248999964734], [-124.02723400019595, 40.96908999997933]]}, "properties": {"fault_name": "Mad River fault zone", "section_name": "", "class": "A"}}, {"type": "Feature", "geometry": {"type": "LineString", "coordinates": [[-124.00119000035963, 40.84391700120896], [-124.00181299997546, 40.84423099923347], [-124.00230499917173, 40.84433300010689], [-124.00283199942643, 40.84442400070695], [-124.00357999961406, 40.84464300033211], [-124.00396599940343, 40.844757000269475], [-124.00495100031584, 40.84497800009616], [-124.00563700057918, 40.84516300032535], [-124.00622100073531, 40.845207999917314], [-124.00659900012873, 40.84517699988453], [-124.006917999971, 40.8451580001423], [-124.0072009998282, 40.84512199990035], [-124.00759699966333, 40.84520900022505], [-124.0079389999701, 40.845386999713284], [-124.0083780003612, 40.84559799985798], [-124.00869600037854, 40.84575900000923], [-124.00917699970415, 40.84609499986276], [-124.00941299970572, 40.84629499998609], [-124.01056400029947, 40.846934000256056], [-124.01079100008019, 40.84716200020725], [-124.0110739999374, 40.847567000206865], [-124.01124700018978, 40.847903999994365], [-124.01141799989401, 40.848413000088065], [-124.0115230003743, 40.84881499983644], [-124.01162200010849, 40.84931700004665]]}, "properties": {"fault_name": "Mad River fault zone", "section_name": "", "class": "A"}}, {"type": "Feature", "geometry": {"type": "LineString", "coordinates": [[-124.00115899860086, 40.92019099933867], [-124.00145499977519, 40.920387998764504], [-124.00161799998179, 40.92055400027471], [-124.00177999856687, 40.92109900023657], [-124.00187500079807, 40.92153799986486], [-124.00187700044789, 40.92220500014523], [-124.00190800041004, 40.922762999700524], [-124.00192900032641, 40.92357400008675], [-124.00198799987766, 40.92441899967627], [-124.00202700023571, 40.92490600008961], [-124.00209699965758, 40.925742000330565], [-124.00216100013002, 40.92646099997001], [-124.00272900039258, 40.927497000094874], [-124.00324999990117, 40.92832899985557], [-124.00332400041933, 40.929218000198745], [-124.00337700012278, 40.930398000168694], [-124.0032869997111, 40.93154600010554], [-124.00378300000365, 40.93255799976731], [-124.0044880014319, 40.93328400019972], [-124.00500199857285, 40.93375400029744], [-124.00583599987252, 40.934232000291196], [-124.00637399999785, 40.93451300005336], [-124.00637099962479, 40.93452499977021], [-124.00744100002771, 40.934862000091165], [-124.0077780003116, 40.9350820001787], [-124.00853499982173, 40.935565999828306], [-124.00888600034935, 40.9360469998046], [-124.00935099978143, 40.9367559998595], [-124.0094090004061, 40.936815000175805], [-124.00941299970572, 40.936822999708504], [-124.00970499978376, 40.937147000328906], [-124.00988700025694, 40.93743900018002], [-124.0097569996623, 40.93766899979544]]}, "properties": {"fault_name": "Mad River fault zone", "section_name": "", "class": "A"}}, {"type": "Feature", "geometry": {"type": "LineString", "coordinates": [[-123.98769999973801, 40.82784199992949], [-123.98785899974668, 40.82834999991196], [-123.98790700032555, 40.82858200009197], [-123.98802900142262, 40.82885800008108], [-123.98842899965906, 40.829215999813414], [-123.98874900022453, 40.82943900020955], [-123.98917700074502, 40.82966000013045], [-123.98982700012503, 40.82982799995278], [-123.99044799919271, 40.82990800026879], [-123.9909959993638, 40.82996200010467], [-123.99162199935272, 40.83012300017254], [-123.99193699989529, 40.830247999685476], [-123.9922410005672, 40.830580999777226], [-123.99246400015, 40.830979000242394], [-123.99247400019573, 40.831366999950276], [-123.9924809998684, 40.831718000229756], [-123.99288400027454, 40.832138000225214], [-123.99333599928784, 40.832366999920865], [-123.9938590002429, 40.832593999868436], [-123.99427900036746, 40.832679000011126], [-123.99462499997388, 40.8329390002109], [-123.9948300000133, 40.83322099994938], [-123.99499800024277, 40.83368400027368], [-123.99508399955818, 40.83414099995374], [-123.99514200018284, 40.834553999672025], [-123.99531999955973, 40.83498999996974], [-123.9955499997135, 40.835289000122074], [-123.9958739995786, 40.83557600028644], [-123.99621300041063, 40.83569199973033], [-123.99685000027017, 40.83581599984885], [-123.99754400003113, 40.8359380001995], [-123.9979850000721, 40.83597799974194], [-123.99869999974945, 40.83623400018401], [-123.99922300070448, 40.83646999968389], [-123.99957699980851, 40.836863999764546], [-123.99985800001589, 40.83722499969227], [-124.00004399978874, 40.83758000123397], [-124.00019300064997, 40.83792700025269], [-124.00032400017122, 40.83835500022456], [-124.00049900007342, 40.83872800029811], [-124.00120100023028, 40.83929200029867]]}, "properties": {"fault_name": "Mad River fault zone", "section_name": "", "class": "A"}}, {"type": "Feature", "geometry": {"type": "LineString", "coordinates": [[-123.98769999973801, 40.82784199992949], [-123.98793499991463, 40.82801499971688], [-123.98816800044146, 40.828140999690554], [-123.9884580008697, 40.82825000004108], [-123.9888539998065, 40.82833600019739], [-123.98919899958798, 40.82834399993753], [-123.98956700073235, 40.82834900002954], [-123.9911929999056, 40.828152999675545], [-123.99151299957276, 40.82815099990476], [-123.99205200042132, 40.82825099992493], [-123.99234299977614, 40.8283679998319], [-123.99264400007503, 40.82866500018484], [-123.9929520000466, 40.8290880001007], [-123.9933100002469, 40.8297620003161], [-123.99354400059862, 40.830124000028206], [-123.99386300044085, 40.83052900014459], [-123.99419900000153, 40.830823999964416], [-123.99455300000385, 40.83099299871923], [-123.99497399995333, 40.83110600122187], [-123.99532100028296, 40.831167000321344], [-123.99580200140521, 40.83128700003515], [-123.99621500006045, 40.83144500009743], [-123.9964290003207, 40.831673000315185], [-123.99668899971337, 40.83207900031203], [-123.99676200040662, 40.83232899988363], [-123.99680000004146, 40.83258899873718], [-123.99686199996573, 40.83306499966379], [-123.99698699963922, 40.83338600016564], [-123.99707000037819, 40.83360900013082], [-123.99732800012107, 40.83396099989362], [-123.99751700026697, 40.83418900029507], [-123.9978729999191, 40.83439399995974], [-123.99811800014147, 40.83453999990802], [-123.99849300006022, 40.834671999798665], [-123.99888899989533, 40.83474899967012], [-123.99941400139852, 40.834786999679686], [-124.00119299983436, 40.834999999830686]]}, "properties": {"fault_name": "Mad River fault zone", "section_name": "", "class": "A"}}, {"type": "Feature", "geometry": {"type": "LineString", "coordinates": [[-123.94026900034721, 40.74982399869613], [-123.94148499944167, 40.75408600030038], [-123.94151100027925, 40.755635999828485], [-123.9415379991451, 40.756131000329205], [-123.94156399998269, 40.756598999714235], [-123.94153200019564, 40.757321000102735], [-123.94151100027925, 40.757591999824854], [-123.9415220001499, 40.7579969996654], [-123.94168399963328, 40.75857799966083], [-123.94178900011359, 40.76006199968502], [-123.94193600042667, 40.76037300069785], [-123.94206799977285, 40.760631000057536], [-123.94221400026103, 40.76090499986867], [-123.94239699966082, 40.76122400000632], [-123.94259099982956, 40.761525000298], [-123.94292100044078, 40.76192899978793], [-123.9454930001684, 40.76431799988243], [-123.94663700019115, 40.76529099866705], [-123.94695999933302, 40.76555900015087], [-123.94756699995364, 40.76604599979396], [-123.9479779998574, 40.766420999864486], [-123.94827700140476, 40.76667200068172], [-123.94866800031869, 40.76710999967462], [-123.94929700068063, 40.76798300023081], [-123.94952800065933, 40.76830899980196], [-123.9496959999905, 40.76856499876571], [-123.94981399999128, 40.768984999872494], [-123.94978500057726, 40.76932900025929], [-123.949632999343, 40.769801999669276], [-123.94936099935643, 40.77088400118879], [-123.9492049997208, 40.771285000068104], [-123.94909299956782, 40.771821001230954], [-123.94913399957572, 40.77237799971111], [-123.9491200002303, 40.77276599994321], [-123.9491620000631, 40.773296999884884], [-123.9492249998123, 40.7740070002775], [-123.94936299990455, 40.774588999792435], [-123.94960899995186, 40.7749600012863], [-123.94999499974124, 40.775307999997615], [-123.950485000186, 40.775598999795996], [-123.9512169995818, 40.77597299970579], [-123.95205600000601, 40.77636100003175], [-123.95253300003199, 40.776642998786976], [-123.95301099988288, 40.7771420012378], [-123.95378500000977, 40.77827999987249], [-123.95425299981491, 40.779041000021756], [-123.95470000060197, 40.779630999823645], [-123.9549559997967, 40.780190999953184], [-123.95524500040001, 40.78070399980568], [-123.95555999914598, 40.78147899879551], [-123.95589800015308, 40.78245099875635], [-123.95585700014522, 40.783001999947466], [-123.95582500035816, 40.78349899976594], [-123.9557290000987, 40.78389900017324], [-123.95548600042444, 40.784654999900354], [-123.95524899969966, 40.78595999926174], [-123.95518000010269, 40.78643100030907], [-123.95527299998912, 40.786608999778785], [-123.95557000009003, 40.78684300003708], [-123.95594099981079, 40.78712000006486], [-123.95649699858119, 40.7875349997317], [-123.95702000043454, 40.78798700069089], [-123.95722099937765, 40.78819700003863], [-123.95757100008034, 40.78873600017645], [-123.95772499916782, 40.78918200032647], [-123.95796400044077, 40.7898499999132], [-123.95803300003772, 40.7904700002811], [-123.95816000025933, 40.79083599925298], [-123.95847800027664, 40.79143900132048], [-123.95880700016461, 40.79182500021247], [-123.95962499977415, 40.79225899966262], [-123.9602480002883, 40.79258199990524], [-123.9608190000256, 40.79284300127799], [-123.96134799993011, 40.792979000124895], [-123.9619179998425, 40.79320499980292], [-123.96247299968627, 40.79337600001097], [-123.96330899973746, 40.79370099970946], [-123.96391800000791, 40.794006999739715], [-123.96444100006462, 40.79445000002939], [-123.96474200036351, 40.79475599932781], [-123.96506899970336, 40.79507899966405], [-123.96539299956844, 40.7955920001285], [-123.96564899966148, 40.796150999960446], [-123.9658620000968, 40.796794000054454], [-123.965960999831, 40.79728600030751], [-123.965960999831, 40.797728000134605], [-123.96594900013545, 40.79814300014597], [-123.965888999861, 40.79856800019698], [-123.96588099856676, 40.799064000158175], [-123.9657349998752, 40.79965499988109], [-123.9656980000653, 40.79982799974097], [-123.96558899938702, 40.80022799971101], [-123.96544199997226, 40.80056699932516], [-123.96521099999357, 40.80089800027877], [-123.9650999996655, 40.80125299976696], [-123.96522600006219, 40.80160999996752], [-123.96558399936416, 40.80206699966384], [-123.96572499982946, 40.8022700001505], [-123.96624699916298, 40.802703999999295], [-123.96637299955967, 40.80283499975016], [-123.96669099957698, 40.80323100027466], [-123.96680399955491, 40.80335300005289], [-123.96686999967714, 40.80346900010225], [-123.96706200019605, 40.803724000670385], [-123.96737899859184, 40.804093000077806], [-123.96763999960608, 40.80431000119636], [-123.9680499996849, 40.804648000121645], [-123.96845499974084, 40.804914999669094], [-123.96890500000264, 40.805117000051865], [-123.96954100003727, 40.80524100022461], [-123.9700780003377, 40.805305000683745], [-123.97051899858205, 40.805344999664435], [-123.97104799938488, 40.805490000102154], [-123.97149599999683, 40.80565600018141], [-123.97173799984618, 40.805738999725364], [-123.9719860004416, 40.805928999716066], [-123.97222499991791, 40.80618300013515], [-123.97252200001883, 40.806633000193294], [-123.97266699978378, 40.80688999989554], [-123.9728169995716, 40.80723699972678], [-123.97286900034845, 40.80797500026141], [-123.97508700007374, 40.81636999984921], [-123.97533800014392, 40.81683099874598], [-123.97558600073934, 40.81722900015265], [-123.97581199979683, 40.81767199977966], [-123.97602600005708, 40.81812500021388], [-123.97615199955546, 40.81848200006934], [-123.97643799978574, 40.81893299968218], [-123.97668199928489, 40.81924999985567], [-123.976908000139, 40.81948599998324], [-123.97722799980616, 40.819700999685466], [-123.97752099970911, 40.819835999917], [-123.97789499980293, 40.819958999767856], [-123.97835299956235, 40.8200980001815], [-123.97889700043376, 40.820278999809126], [-123.97909099970423, 40.820362998739895], [-123.97939399965293, 40.82047000031535], [-123.97967099966235, 40.820542999683745], [-123.98003200023568, 40.82064800029197], [-123.98034599915674, 40.82073700010119], [-123.98062300006447, 40.82082799978258], [-123.98143900002415, 40.82121699973246], [-123.98188600081122, 40.82158099983358], [-123.98216099937422, 40.8218340001782], [-123.98240300012186, 40.82213200121908], [-123.98257899984895, 40.822532999961524], [-123.98321599970849, 40.82397299974606], [-123.98331799981577, 40.8243030002499], [-123.9835800006549, 40.82496199979688], [-123.98434399983773, 40.826344000196734], [-123.98457700036454, 40.82691400029708], [-123.98464099993865, 40.82742599881717], [-123.98460599977855, 40.8278689996746], [-123.98450700004436, 40.82822299977134], [-123.9842230003622, 40.82865599992595], [-123.98400800027709, 40.82884300127852], [-123.98388299970529, 40.82916299991984], [-123.98387900040565, 40.82951500017623], [-123.98397399994187, 40.82974599981754], [-123.98418200035434, 40.8300629999692], [-123.98450700004436, 40.83036900023474], [-123.98480300032035, 40.830566999854014], [-123.98522100079512, 40.830833001288525], [-123.98567099926028, 40.83126100016091], [-123.98587399964987, 40.831703999866896], [-123.98588000039595, 40.83203700012299], [-123.98585699993143, 40.83247199880154], [-123.9858259999693, 40.832761001276914], [-123.98583400036522, 40.83312099994797], [-123.9858770000229, 40.83326399987641], [-123.9860790005876, 40.83368999976486], [-123.9861859998194, 40.833912000268356], [-123.9863320003076, 40.834196000214504], [-123.98658300037775, 40.83444900001061], [-123.98696199959612, 40.83486999880197], [-123.98753800025463, 40.8352029987889], [-123.98812300023562, 40.83548199976792], [-123.98861699998002, 40.83561000073037], [-123.98923999959588, 40.83573500009365], [-123.98976699985056, 40.835817000298285], [-123.9902399996786, 40.836008999999414], [-123.99108400012568, 40.83645099880491], [-123.99135199991427, 40.8368029997897], [-123.99162399990085, 40.83719999985662], [-123.99193900044342, 40.837776000227215], [-123.9921659993258, 40.83822000031104], [-123.99248500006635, 40.838632999764336], [-123.9927410001594, 40.83894100001998], [-123.99297500140945, 40.83911400007206], [-123.99349099999685, 40.83943100028831], [-123.99402499992424, 40.83964799931786], [-123.99437800010165, 40.83979900119556], [-123.99450100012533, 40.83988499996437], [-123.99474499962447, 40.84000399982316], [-123.99506999931447, 40.840082999708486], [-123.99546600004791, 40.84017899990704], [-123.99570600024741, 40.840215999818966], [-123.99595700031759, 40.8402619997542], [-123.99624500019769, 40.840306999955416], [-123.99677099972915, 40.84039000032191], [-123.99739800044127, 40.84056799984041], [-123.99803699995063, 40.84075500021703], [-123.99874199958224, 40.84106599987861], [-123.99915500003414, 40.841242000244605], [-123.99939800060667, 40.841333000331616], [-123.99955699971703, 40.84141800014321], [-123.99986999971148, 40.841714999804374], [-124.00012299943144, 40.84200400004368], [-124.00030900010259, 40.84236800021448], [-124.00048400000479, 40.842741000132285], [-124.00059399960963, 40.842999000282994], [-124.00058300063732, 40.84323400118456], [-124.00059499943455, 40.84344999966182], [-124.00066399992986, 40.84362799979706], [-124.00078999942822, 40.843767999857704], [-124.00091300035018, 40.84384500003685], [-124.00119000035963, 40.84391700120896]]}, "properties": {"fault_name": "Mad River fault zone", "section_name": "", "class": "A"}}, {"type": "Feature", "geometry": {"type": "LineString", "coordinates": [[-123.93856100025985, 40.76577200008461], [-123.93878999969039, 40.76612500067239], [-123.93892000028504, 40.766338000152786], [-123.93955600031968, 40.767137999763726], [-123.94056800009794, 40.768088999745046], [-123.94113800001035, 40.76854000026842], [-123.94176600144569, 40.76897100123906], [-123.94223400035251, 40.76928899998937], [-123.94254200032408, 40.76950499980019], [-123.94300900030433, 40.769823000077025], [-123.94437799955966, 40.77166400005365], [-123.94467800003363, 40.77194300022136], [-123.94488200024813, 40.77221600029022], [-123.94507099859737, 40.77241700011741], [-123.9452059992149, 40.77270999973405], [-123.94529800017473, 40.773086000330345], [-123.94536199974881, 40.77339000005294], [-123.94537000014476, 40.77354299976082], [-123.94536500012187, 40.7738860003378], [-123.94531200041844, 40.77419399987451], [-123.94523900062352, 40.77459299984159], [-123.94517900034904, 40.77503699971947], [-123.9450429999066, 40.77535700005292], [-123.94483799986718, 40.775715000040584], [-123.94436599986409, 40.77619900011861], [-123.94497199976148, 40.776432000335284], [-123.94983900010564, 40.78285000014581], [-123.95008500015292, 40.783436999806874], [-123.95032299980431, 40.78389000132304], [-123.95055099940993, 40.78437799979361], [-123.9506869998524, 40.78468999978006], [-123.95086399940438, 40.785107999910664], [-123.9509710004328, 40.78554599980228], [-123.95101500081373, 40.78592299968778], [-123.9510120004407, 40.78608600021145], [-123.95093299989966, 40.78636800121162], [-123.95084299858966, 40.78666800000592], [-123.95067299960866, 40.78703400020936], [-123.95023699959057, 40.78794099986418], [-123.95002400005355, 40.78816400026285], [-123.94971199988403, 40.78853400027269], [-123.94939600041485, 40.78883299968624], [-123.94918499962934, 40.78908299969788], [-123.94898100031315, 40.789468000255404], [-123.94897700011518, 40.789828999714906], [-123.94908200059548, 40.7902220002845], [-123.94936700010253, 40.790664000214086], [-123.949567999944, 40.79087400129767], [-123.94987400026572, 40.7912699997267], [-123.9505989999888, 40.79195900028275], [-123.95086199975457, 40.79222099977078], [-123.9512169995818, 40.79263400004173], [-123.95136300006999, 40.79291800127163], [-123.9514130002987, 40.79339399989984], [-123.9514830006189, 40.79381500017897], [-123.95157200030735, 40.79435400027893], [-123.95163199968349, 40.794793000100796], [-123.95178999986723, 40.79530199989297], [-123.95217800020475, 40.795885000212536], [-123.95254999975045, 40.79640499971694], [-123.952893999707, 40.79684499993497], [-123.95331100035685, 40.797301000125266], [-123.95390399983546, 40.79775099988198], [-123.95454599971788, 40.79799200133843], [-123.9606369995524, 40.80007900014329], [-123.96102999991278, 40.80033699968953], [-123.96142900012096, 40.80069400005674], [-123.96172299984883, 40.801072001272715], [-123.96199300018556, 40.80167599973713], [-123.96235800005856, 40.80249500124738], [-123.96296800015392, 40.8051699987612], [-123.96299299936994, 40.80562000024863], [-123.96330199916645, 40.806494000124765], [-123.9634309999362, 40.80691400007359], [-123.96352700019567, 40.80714500023829], [-123.96377400006787, 40.807542999916244], [-123.9639959998257, 40.80791499973948], [-123.96426600016245, 40.80829399877099], [-123.96439800040692, 40.808532999661246], [-123.96465399960167, 40.80886799966786], [-123.9649520004258, 40.80933600020244], [-123.96512099958188, 40.80960999972149], [-123.96541199983501, 40.809934000010536], [-123.96593300024192, 40.81035100016318], [-123.96635099981835, 40.8106259997201], [-123.96952499924545, 40.813347000169], [-123.96986999992524, 40.81380500005084], [-123.97077899977135, 40.814587000174335], [-123.97097899978789, 40.81477000005646], [-123.97112899957573, 40.814908999785594], [-123.97139100041487, 40.81515399977312], [-123.97177399983119, 40.81542999989626], [-123.97213300075471, 40.81570700030389], [-123.9725770002704, 40.81600800120273], [-123.97288400041705, 40.81620600018881], [-123.97327600005423, 40.81643699995861], [-123.9734420006339, 40.81663000008836], [-123.97368500030815, 40.816965000005496], [-123.97379399918975, 40.817222999851936], [-123.97389399964719, 40.81752600008211], [-123.97399499992953, 40.81786599975607], [-123.97404899855957, 40.81818799976814], [-123.97406999937428, 40.81854899872549], [-123.97410300078289, 40.81895300016683], [-123.97435800015269, 40.81971099981276], [-123.97456400001703, 40.820201000124094], [-123.97472600039872, 40.820564999682496], [-123.9749139998214, 40.820964999747325], [-123.97503800056828, 40.821276999782036], [-123.97524299970937, 40.821549000323124], [-123.97541599996171, 40.82167900027768], [-123.97796799959788, 40.82300399984505], [-123.97860299980758, 40.82333600032793], [-123.97893400024371, 40.82352299968806], [-123.97920600023026, 40.823721999987555], [-123.97952800044554, 40.8239819999608], [-123.9797920000362, 40.82425299966115], [-123.97998200000697, 40.824463999782324], [-123.98024899997067, 40.8247890002021], [-123.98048999999509, 40.82507900006864], [-123.98085900006603, 40.825527001274914], [-123.98116499859117, 40.82591400033737], [-123.98125800027422, 40.826099999989516], [-123.98139700019136, 40.82645599983521], [-123.98151099999419, 40.826803999884085], [-123.9816590001322, 40.827340000199634], [-123.98169699976704, 40.827591999753686], [-123.98171900040666, 40.82799699970113], [-123.9816950001172, 40.82841200006882], [-123.98161800012433, 40.82895599996829], [-123.98156600024578, 40.829309001191476], [-123.98146699961326, 40.829655000137286], [-123.98139600036647, 40.82987299976005], [-123.98120399984754, 40.830258000261644], [-123.9810749999761, 40.830506000202554], [-123.9809260000132, 40.83081699968898], [-123.98086499991382, 40.83120700002348], [-123.98077899970008, 40.83158800024221], [-123.98071200065127, 40.831879000112], [-123.98069600075773, 40.832239999997384], [-123.98065799932625, 40.83261999989967], [-123.9806809997908, 40.833034000068764], [-123.9810030000061, 40.83349199995614], [-123.98106699958018, 40.8335889999878], [-123.98139399981834, 40.833912000268356], [-123.98189400030884, 40.83416700073767], [-123.98230299966443, 40.83427099969327], [-123.98266899936233, 40.83445699969292], [-123.98309000021013, 40.834767999677624], [-123.98341499990015, 40.83528099986049], [-123.98350899961147, 40.83569300018163], [-123.9834819998473, 40.83584700018207], [-123.98347299962646, 40.83611800032917], [-123.98356600041119, 40.83651099866471], [-123.98369699993245, 40.83694899986987], [-123.98394600035279, 40.83738300123543], [-123.98429600015716, 40.837696001249085], [-123.98463899939053, 40.8379020000022], [-123.98501199965942, 40.83798900028959], [-123.9854820000127, 40.83812699987843], [-123.98594200032025, 40.83829299985039], [-123.98647399969947, 40.838482999717414], [-123.9870549985842, 40.83868100025135], [-123.98767600034688, 40.83896800000281], [-123.98804200004477, 40.83915399973699], [-123.98821600012202, 40.839283999840546], [-123.98857400032233, 40.83953399874806], [-123.98888799924336, 40.83985799967539], [-123.98914199968658, 40.84015599991462], [-123.98949199859264, 40.84046899974719], [-123.98995800144291, 40.84074299979441], [-123.99054899857674, 40.84092200009656], [-123.99113399855776, 40.840984999742375], [-123.99158700009092, 40.8410239999462], [-123.99206199956875, 40.841036000317956], [-123.99232199985977, 40.841028000070324], [-123.99291400041176, 40.84099999987575], [-123.99338499969163, 40.84115599983841], [-123.99373399967111, 40.841244000300115], [-123.99414299992503, 40.84133899981018], [-123.99453999958506, 40.841443998752624], [-123.9952259998484, 40.84161999879446], [-123.99562599988148, 40.84177899973557], [-123.99612200017404, 40.84194300004168], [-123.99666999944682, 40.842196000173836], [-123.99712399990656, 40.84246999987767], [-123.99760899943013, 40.842868999990166], [-123.99793200036865, 40.84334600015567], [-123.99826200008151, 40.843732000219866], [-123.99860799968793, 40.84419899977987], [-123.99883999859321, 40.844542999891765], [-123.99921299976043, 40.84483700023955], [-123.99936099989844, 40.84495000021115], [-123.9994710004016, 40.845010001212295], [-123.99961499944335, 40.84504099996405], [-123.99978300057116, 40.84506299999011], [-124.00010299933997, 40.845061000049796], [-124.0011680006183, 40.845018000299696]]}, "properties": {"fault_name": "Mad River fault zone", "section_name": "", "class": "A"}}, {"type": "Feature", "geometry": {"type": "LineString", "coordinates": [[-123.98835099984124, 40.90360299980668], [-123.98864900066539, 40.904278999943024], [-123.98883099934196, 40.904777999737775], [-123.98911099972446, 40.90554500021728], [-123.98935799959665, 40.90635700008731], [-123.98961299986478, 40.907097999919074], [-123.98981000040658, 40.90765900017301], [-123.99020700006662, 40.90838599989885], [-123.9906220001683, 40.90901300027673], [-123.99097000032285, 40.909524999851655], [-123.99132000012722, 40.910054999666926], [-123.99198499957588, 40.91090800028243], [-123.99266700143787, 40.91163500026732], [-123.99333300071142, 40.91229000032482], [-123.99411100013795, 40.91284200029196], [-123.99486000015051, 40.913287000199944], [-123.99541300034447, 40.9136120001013], [-123.99571999959284, 40.9140169996641], [-123.99592999965509, 40.91437999988419], [-123.99641799955172, 40.914815000271666], [-123.99694399998153, 40.91530300010087], [-123.99750200019832, 40.915952000289465], [-123.99795699958467, 40.916640999245764], [-123.99838599993008, 40.91773699881396], [-123.99871399999316, 40.91830299985181], [-123.9990070007944, 40.91864500016157], [-123.99966500057036, 40.919174000309326], [-124.00015400029191, 40.91942000026779], [-124.00054999922871, 40.91992100023299], [-124.00115899860086, 40.92019099933867]]}, "properties": {"fault_name": "Mad River fault zone", "section_name": "", "class": "A"}}, {"type": "Feature", "geometry": {"type": "LineString", "coordinates": [[-123.98759700070416, 40.78463100119649], [-123.98944899983324, 40.78640199967392], [-123.99007300017232, 40.786751999996824], [-123.99054699982524, 40.78695300005385], [-123.99087799936305, 40.787158999978416], [-123.99120299995137, 40.78746399973334], [-123.99152599999155, 40.787940000052856], [-123.99178499955933, 40.788553999718175], [-123.99187000084645, 40.788794999874135], [-123.99200399984242, 40.78908800002855], [-123.99215100015554, 40.78938100025046], [-123.99229700064372, 40.7896739998596], [-123.99257599940465, 40.789989000151394], [-123.99322499985807, 40.79037400021676], [-123.99337299999608, 40.79047799982675], [-123.99343699957019, 40.79055700021945], [-123.99346800043064, 40.79069100012826], [-123.99357700021059, 40.79094000017968], [-123.99379200029574, 40.79118600069008], [-123.99419699855507, 40.79144299967484], [-123.9947670002641, 40.79166800006523], [-123.99538599968196, 40.79191900003633], [-123.99590899973872, 40.792163999892274], [-123.99639899928515, 40.79244499982158], [-123.99699300038532, 40.792904000200146], [-123.99734300018969, 40.793227000025375], [-123.99756900014549, 40.793463000222204], [-123.99791799922663, 40.79376699986194], [-123.99813199858856, 40.79398600017607], [-123.99843100013595, 40.794237999941814], [-123.99889299919498, 40.79444799992266], [-123.99934799858133, 40.79474900000634], [-123.99975799955847, 40.79508699933449], [-123.99996000012314, 40.79551400066338], [-124.00002899972012, 40.79591699986026], [-124.00022799991174, 40.79628999992885], [-124.00040600018698, 40.79651799994147], [-124.00066200028, 40.796844000257714], [-124.00114800142515, 40.79771200006914]]}, "properties": {"fault_name": "Mad River fault zone", "section_name": "", "class": "A"}}, {"type": "Feature", "geometry": {"type": "LineString", "coordinates": [[-123.88064299997025, 40.78531400011701], [-123.88260200012779, 40.786045999827905], [-123.88372000021127, 40.78656099969365], [-123.88680599977481, 40.78860199972305], [-123.8873829993599, 40.78918799976214], [-123.88799199963034, 40.7897100002795], [-123.88857999998442, 40.790286000262576], [-123.88901000015471, 40.79079599969022], [-123.89007299998663, 40.792033999914736], [-123.8904259992657, 40.79241899968443], [-123.89078000016636, 40.79284099976267], [-123.89117600000147, 40.79313500015942], [-123.89128699943124, 40.79323100031231], [-123.89183399977742, 40.79370099970946], [-123.89246200031445, 40.79413199930409], [-123.89285800014957, 40.79443500024755], [-123.89324800013691, 40.794629999867524], [-123.8938890001944, 40.79487200011998], [-123.89474799981181, 40.795187999936644], [-123.89619099958531, 40.795792000256306], [-123.8964359998077, 40.79593699980223], [-123.89674100030453, 40.796099001218444], [-123.8971060001775, 40.7962680000413], [-123.89751200005838, 40.796544001193666], [-123.89766100002129, 40.79665600014142], [-123.89788500032728, 40.79683000001417], [-123.89816799928619, 40.79702799978363], [-123.89839199959215, 40.79721899990148], [-123.89891399982398, 40.79747300033199], [-123.90009999967954, 40.797895999909365], [-123.90266599955936, 40.799096000313604], [-123.90317100007276, 40.799431999993935], [-123.90495499942976, 40.80085499976744], [-123.90622400002432, 40.80151800015852], [-123.90659700029323, 40.80183999995206], [-123.9072650001149, 40.80212599975539], [-123.90777800012589, 40.802406000085675], [-123.90898600062108, 40.80282900018769], [-123.90932000143022, 40.803079001218194], [-123.90990500141123, 40.803367000280616], [-123.91068400066268, 40.80373899971329], [-123.91129099858836, 40.80400900026587], [-123.91195900020666, 40.804303000162406], [-123.9125799992744, 40.804589999792675], [-123.91299399955116, 40.804802999696804], [-123.9141350000992, 40.80550600033264], [-123.92014400081624, 40.81113300020279], [-123.92060099985243, 40.811460999722485], [-123.92098399926877, 40.81175499992048], [-123.92144399957628, 40.812137999963554], [-123.92203300065358, 40.81249799976707], [-123.92263299980489, 40.81285700022084], [-123.92307599859737, 40.81312300130215], [-123.92353700142475, 40.8133340001158], [-123.9243450000902, 40.8137949997131], [-123.92471900018403, 40.81391899998723], [-123.9253650002644, 40.814025000301], [-123.92612700069573, 40.814063998686926], [-123.92693299971137, 40.81406600024226], [-123.92767699970102, 40.81399700026023], [-123.92839800012447, 40.81398300023539], [-123.9289780000826, 40.81394699870114], [-123.9294060006031, 40.81395099977908], [-123.9299260002868, 40.81392599932689], [-123.93035300008404, 40.81392200028705], [-123.93087399959265, 40.81392299970709], [-123.9317210004128, 40.81400499969034], [-123.93213899998922, 40.814063998686926], [-123.9324980000144, 40.81412499986449], [-123.93289300002462, 40.81418400011419], [-123.93325299987475, 40.81426300017038], [-123.93357799956475, 40.81435199970801], [-123.93397699977291, 40.81449299981572], [-123.93448599958595, 40.81470200021491], [-123.93567599963946, 40.81519599977724], [-123.93756499857845, 40.81636299872786], [-123.93822299925272, 40.8169009999146], [-123.938664000192, 40.817157999958845], [-123.93942099970215, 40.817547999721846], [-123.93993899973603, 40.81792000123952], [-123.94028900043868, 40.818242000309624], [-123.94062699964918, 40.818564001215854], [-123.94131299991253, 40.81919299871379], [-123.94160400016567, 40.819515999778005], [-123.94185699988564, 40.81981499968751], [-123.94214699941556, 40.82012999971221], [-123.94245899958509, 40.820400000193686], [-123.94280300044, 40.82084899969136], [-123.94299599988554, 40.82112199925974], [-123.94324399958263, 40.821529001301045], [-123.94363199992016, 40.82211200033342], [-123.9441840002892, 40.822897000318136], [-123.94438400030575, 40.82328700032843], [-123.94451800020005, 40.823579999828034], [-123.94463299982779, 40.823945999774296], [-123.9446839998814, 40.82443099968203], [-123.94492699955565, 40.8251899998742], [-123.94500500027176, 40.82552999969024], [-123.94508799921414, 40.82596899994531], [-123.94518799967156, 40.826282000145596], [-123.94522399965656, 40.82649700025035], [-123.94529700034981, 40.826964000239116], [-123.94541299980247, 40.827131000193674], [-123.94568800016208, 40.82718600015179], [-123.9462470002038, 40.82721300016395], [-123.94735500024154, 40.82730399979674], [-123.94772299958925, 40.8273020006801], [-123.94829699969961, 40.827382999862195], [-123.94882099958126, 40.82742899986559], [-123.94954600020267, 40.8274599986825], [-123.95003499992421, 40.82750799978217], [-123.95063300032402, 40.8275969999024], [-123.95119699859198, 40.827722999990556], [-123.95169199995796, 40.82787000024395], [-123.95218799935218, 40.82805300018734], [-123.9524789996053, 40.82817900008875], [-123.95294500065894, 40.82844299978565], [-123.95331500055482, 40.82869299879237], [-123.95336599971013, 40.82876400023346], [-123.95348299988599, 40.82894000131439], [-123.95358600071647, 40.829081000321715], [-123.95367799987966, 40.82924099994084], [-123.953891000315, 40.82967599997003], [-123.95389200013989, 40.829703000327804], [-123.95390800003344, 40.82977400000776], [-123.95392499975186, 40.83007100018071], [-123.95399000004919, 40.83039399992751], [-123.95401000014068, 40.83076299986968], [-123.95392899994981, 40.83101800021582], [-123.95374799930156, 40.831601000116464], [-123.95364899956733, 40.832180998815566], [-123.95363699987176, 40.83261400031161], [-123.95363799969668, 40.83305600068182], [-123.95371300003977, 40.83335099877411], [-123.95383299969035, 40.833582000683975], [-123.95395300023925, 40.83382100018859], [-123.9560889999488, 40.835348999674224], [-123.9572369992712, 40.8359530001157], [-123.95751900020183, 40.83613300020466], [-123.9580249996418, 40.83648699967878], [-123.95837399962126, 40.836791999765964], [-123.95874799971509, 40.837121999683625], [-123.95925400005338, 40.83770099995622], [-123.95996100023312, 40.838471999972505], [-123.9601720001203, 40.838637000032804], [-123.96041399996963, 40.83893600004709], [-123.96080200030715, 40.83931999985551], [-123.96145699971007, 40.84000299875724], [-123.96192799988823, 40.84059200006724], [-123.96224700062878, 40.840986999805644], [-123.96261600069973, 40.841443998752624], [-123.9631139997438, 40.84187900026885], [-123.96365900044013, 40.8422859999584], [-123.9643409996072, 40.84261599970867], [-123.96535599975854, 40.84294399985044], [-123.96623700001555, 40.84322300018931], [-123.96685899980649, 40.84352800122306], [-123.96729499982457, 40.84391899982458], [-123.96835499928342, 40.8448410001336], [-123.96897600014775, 40.84555999992983], [-123.96948799943553, 40.84603100002201], [-123.97039600035504, 40.84657899988521], [-123.9711689997587, 40.84681600021173], [-123.97205600076181, 40.846985999932514], [-123.97304900027349, 40.847125000095645], [-123.97380099976078, 40.847200998814905], [-123.97482799960767, 40.84734800005131], [-123.97523500021175, 40.847415999717875], [-123.9758510001549, 40.84759499966572], [-123.97636099979285, 40.84779500001873], [-123.97674699958223, 40.848134998757885], [-123.97701699991897, 40.848504998741255], [-123.97721500028567, 40.84887699988145], [-123.97739100001279, 40.84926800022068], [-123.97764200008294, 40.84972900010386], [-123.97793599981082, 40.85010699985246], [-123.97839500029343, 40.850470999686294], [-123.97887499979416, 40.85079899968312], [-123.97988999994547, 40.851767000183855], [-123.98013299961973, 40.85208399967664], [-123.98028400013078, 40.8524489997198], [-123.98056499943986, 40.852817999882696], [-123.98094399955654, 40.85322999991403], [-123.98124599968033, 40.85354500019702], [-123.98171499931038, 40.854088999736824], [-123.98190300142801, 40.85447999989569], [-123.98197799997443, 40.85477499980544], [-123.98203099967789, 40.85529599994304], [-123.98203200040109, 40.85573799990541], [-123.98202599965502, 40.85606299989487], [-123.98202400000517, 40.856459998742956], [-123.98207000003595, 40.857079999783664], [-123.98196000043109, 40.85980699988256]]}, "properties": {"fault_name": "Mad River fault zone", "section_name": "", "class": "A"}}, {"type": "Feature", "geometry": {"type": "LineString", "coordinates": [[-123.97409399966372, 40.8748720000375], [-123.97416100140752, 40.87522099978654], [-123.97428000033487, 40.87564999985521], [-123.97447100013062, 40.87588799995154], [-123.9746890005888, 40.87617799972858], [-123.97504699989076, 40.87664499880988], [-123.97545799979451, 40.87720899870436], [-123.97609800002711, 40.878053999912844], [-123.97655499996159, 40.87881499969283], [-123.9769290000554, 40.87956899967332], [-123.97695399927146, 40.88001900027308], [-123.97719799966893, 40.88076899968123], [-123.97724300077309, 40.88095399980433]]}, "properties": {"fault_name": "Mad River fault zone", "section_name": "", "class": "A"}}, {"type": "Feature", "geometry": {"type": "LineString", "coordinates": [[-123.94247399965371, 40.84449900016671], [-123.94523100022757, 40.845449000247406], [-123.9457400000406, 40.84564900028164], [-123.94662999962014, 40.846098999680876], [-123.94739899972417, 40.846479999936534], [-123.9480840001626, 40.8470720002487], [-123.94861399989203, 40.84765000031565], [-123.94896000039677, 40.84812599978307], [-123.94924200042905, 40.8487299999983], [-123.94936499955439, 40.84923099992592], [-123.94990100002991, 40.84971000030762], [-123.95046500009451, 40.849818000292686], [-123.95114399978686, 40.84986900018665], [-123.95179700043826, 40.84989299976346], [-123.95234100041138, 40.85006500021338], [-123.95739700000308, 40.85312399975164], [-123.95798700000698, 40.853690998730976], [-123.95850300039099, 40.854234000297815], [-123.95920800002258, 40.85455299987128], [-123.95954199993345, 40.85478699972562], [-123.95976500041452, 40.8549500002943], [-123.96018499964079, 40.85547000026172], [-123.96036700011396, 40.85578799985078], [-123.96074400058083, 40.856353000211776], [-123.96107500011864, 40.85677499997497], [-123.96161900009174, 40.85716400033312], [-123.96203200144193, 40.85734899983296], [-123.96277999983296, 40.85777599995632], [-123.96300600068705, 40.858012000205484], [-123.96314699935574, 40.858196998695966], [-123.9636070005616, 40.85857900015436], [-123.96404100003154, 40.85914200029585], [-123.964458999608, 40.859606999779146], [-123.96496199957322, 40.860132000291316], [-123.96528700016155, 40.86063599983032], [-123.96562499937203, 40.861175001274226], [-123.96623799984047, 40.861966999750194], [-123.9665560007561, 40.86257000010667], [-123.96673100065827, 40.862942999764606], [-123.96685199923546, 40.86342600032945], [-123.96689700033963, 40.863803000030224], [-123.96698000018031, 40.86423300005143], [-123.96704999960218, 40.864654999885694], [-123.96703399970866, 40.86499799976777], [-123.96699199987587, 40.8655399996835], [-123.9669040000123, 40.86609299983628], [-123.96691900008094, 40.86657099992059], [-123.96660699991139, 40.867157000202354], [-123.96648199933962, 40.86748599975578], [-123.96633599974975, 40.86785099985234], [-123.96616099984757, 40.86811799971157], [-123.9658620000968, 40.868497999743624], [-123.96644000040514, 40.86886699881947], [-123.96676799956988, 40.869001000206126], [-123.96716399940502, 40.86907800027194], [-123.96788499982843, 40.86925400028023], [-123.96868300024478, 40.86951700015412], [-123.9698590000546, 40.86997499994636], [-123.97080200023588, 40.87028800022175], [-123.97166800042429, 40.870702000129704], [-123.97218700028306, 40.87107299966439], [-123.97280599970095, 40.871550001251734], [-123.97369999858012, 40.87246800126208], [-123.97409399966372, 40.8748720000375]]}, "properties": {"fault_name": "Mad River fault zone", "section_name": "", "class": "A"}}, {"type": "Feature", "geometry": {"type": "LineString", "coordinates": [[-124.12307600076541, 41.03463699984154], [-124.12867599943192, 41.03860800024136], [-124.13362700033997, 41.04319199988648], [-124.14305999983105, 41.05100200027929], [-124.15875999978203, 41.06031800029004]]}, "properties": {"fault_name": "Mad River fault zone", "section_name": "", "class": "A"}}, {"type": "Feature", "geometry": {"type": "LineString", "coordinates": [[-123.84836099998633, 40.78585100016367], [-123.87118700001464, 40.8005029997372]]}, "properties": {"fault_name": "Mad River fault zone", "section_name": "", "class": "A"}}, {"type": "Feature", "geometry": {"type": "LineString", "coordinates": [[-124.10610700021988, 41.028299000082825], [-124.11224099971209, 41.03315899969081], [-124.11904899977209, 41.038530999800805]]}, "properties": {"fault_name": "Mad River fault zone", "section_name": "", "class": "A"}}, {"type": "Feature", "geometry": {"type": "LineString", "coordinates": [[-124.10610700021988, 41.028299000082825], [-124.10056700003116, 41.02435199995943], [-124.09577699967991, 41.019205000049716], [-124.08822200015553, 41.014088000275066], [-124.08316400001569, 41.01129899968984], [-124.08144500005766, 41.010506000178374], [-124.07931799967064, 41.010528000090936], [-124.07696699987594, 41.010065999706256], [-124.07588000065292, 41.00894100021325], [-124.0755209997294, 41.006995999853196], [-124.07463100014988, 41.005218999755556], [-124.0720359999577, 41.00321600009048], [-124.0672819995915, 41.000109999756326]]}, "properties": {"fault_name": "Mad River fault zone", "section_name": "", "class": "A"}}, {"type": "Feature", "geometry": {"type": "LineString", "coordinates": [[-124.10121200028665, 41.01459900033132], [-124.09431399981494, 41.0102879996616], [-124.08795200071711, 41.006273000335604], [-124.08352200021596, 41.003161999907974], [-124.07737399958174, 40.99986400000502]]}, "properties": {"fault_name": "Mad River fault zone", "section_name": "", "class": "A"}}, {"type": "Feature", "geometry": {"type": "LineString", "coordinates": [[-123.87028300019142, 40.796354999863105], [-123.86219399984131, 40.79042000003822], [-123.85058899975735, 40.78118499984741]]}, "properties": {"fault_name": "Mad River fault zone", "section_name": "", "class": "A"}}, {"type": "Feature", "geometry": {"type": "LineString", "coordinates": [[-124.1479780002288, 41.070315998673756], [-124.14829300077137, 41.07078000017005], [-124.14889299992271, 41.0714340001251], [-124.1493790001695, 41.071895999974686], [-124.15003299974748, 41.07224100022079]]}, "properties": {"fault_name": "Mad River fault zone", "section_name": "", "class": "A"}}, {"type": "Feature", "geometry": {"type": "LineString", "coordinates": [[-124.146802000419, 41.07106699971182], [-124.14747599919016, 41.07137900007185], [-124.14856100055998, 41.071780999941815], [-124.14936100062617, 41.07201000022093]]}, "properties": {"fault_name": "Mad River fault zone", "section_name": "", "class": "A"}}, {"type": "Feature", "geometry": {"type": "LineString", "coordinates": [[-124.14247300020018, 41.06431200005039], [-124.14285399996672, 41.064808000297056], [-124.14334099914012, 41.06528599971779]]}, "properties": {"fault_name": "Mad River fault zone", "section_name": "", "class": "A"}}, {"type": "Feature", "geometry": {"type": "LineString", "coordinates": [[-124.13860299956572, 41.06057199993598], [-124.13873700035836, 41.06076400018534], [-124.13894499987248, 41.061230999923424], [-124.13912399997263, 41.06145500028612]]}, "properties": {"fault_name": "Mad River fault zone", "section_name": "", "class": "A"}}, {"type": "Feature", "geometry": {"type": "LineString", "coordinates": [[-124.13678400004859, 41.05862599988016], [-124.13718200043185, 41.05902399933585]]}, "properties": {"fault_name": "Mad River fault zone", "section_name": "", "class": "A"}}, {"type": "Feature", "geometry": {"type": "LineString", "coordinates": [[-124.1130949993066, 40.97303900015611], [-124.11271100006536, 40.97255799968375], [-124.11209799959695, 40.97208100011778], [-124.1116709997997, 40.97167000118109]]}, "properties": {"fault_name": "Mad River fault zone", "section_name": "", "class": "A"}}, {"type": "Feature", "geometry": {"type": "LineString", "coordinates": [[-124.09934099999268, 40.96415600031549], [-124.09999299992083, 40.964389000081184]]}, "properties": {"fault_name": "Mad River fault zone", "section_name": "", "class": "A"}}, {"type": "Feature", "geometry": {"type": "LineString", "coordinates": [[-124.08738500027944, 40.918021999712074], [-124.08636799957996, 40.917830998681495], [-124.08534900012903, 40.91760500017528], [-124.08446700004708, 40.91730800006843], [-124.08362799962285, 40.916938000313], [-124.08320800039661, 40.916771999903844]]}, "properties": {"fault_name": "Mad River fault zone", "section_name": "", "class": "A"}}, {"type": "Feature", "geometry": {"type": "LineString", "coordinates": [[-124.08223400025317, 40.9164750001273], [-124.08116800004822, 40.916214999917806], [-124.0798709998646, 40.915889999914945], [-124.07885099969042, 40.91562900019704], [-124.0782930003719, 40.91546499974574]]}, "properties": {"fault_name": "Mad River fault zone", "section_name": "", "class": "A"}}, {"type": "Feature", "geometry": {"type": "LineString", "coordinates": [[-124.07731699968033, 40.91513299993769], [-124.07634000006216, 40.91469699966919], [-124.07484200003708, 40.913887000284305], [-124.07381099999223, 40.91327699993744], [-124.0732510001256, 40.91300899967033]]}, "properties": {"fault_name": "Mad River fault zone", "section_name": "", "class": "A"}}, {"type": "Feature", "geometry": {"type": "LineString", "coordinates": [[-124.00413500035616, 40.8619850000533], [-124.00318899980182, 40.86109399990034]]}, "properties": {"fault_name": "Mad River fault zone", "section_name": "", "class": "A"}}, {"type": "Feature", "geometry": {"type": "LineString", "coordinates": [[-123.99104200029288, 40.85148500120159], [-123.99062899984101, 40.85087400008204], [-123.98961899971258, 40.849594000253475], [-123.98858299964486, 40.848335000199185], [-123.98771100140527, 40.84725300032039], [-123.98706200005357, 40.84664499976885], [-123.986200999888, 40.8460020002862], [-123.9858259999693, 40.845748999732685], [-123.98555800018069, 40.84553400021677]]}, "properties": {"fault_name": "Mad River fault zone", "section_name": "", "class": "A"}}, {"type": "Feature", "geometry": {"type": "LineString", "coordinates": [[-123.97916299967423, 40.84071900030181], [-123.97878799975551, 40.840486000755384], [-123.97846300006552, 40.84013200020948], [-123.97816000011682, 40.83967899989793], [-123.97799199988731, 40.83932299968596]]}, "properties": {"fault_name": "Mad River fault zone", "section_name": "", "class": "A"}}, {"type": "Feature", "geometry": {"type": "LineString", "coordinates": [[-124.15651399956934, 41.075686000266266], [-124.15648699980515, 41.07550000014767], [-124.15641700038326, 41.0753309997256], [-124.15634799988797, 41.075194999851774]]}, "properties": {"fault_name": "Mad River fault zone", "section_name": "", "class": "A"}}, {"type": "Feature", "geometry": {"type": "LineString", "coordinates": [[-124.1342290000394, 41.05560199969615], [-124.13343200034629, 41.05480700016587], [-124.1323910002557, 41.053722999967356], [-124.13128200039303, 41.05255900027155], [-124.13046800008318, 41.05185999971107]]}, "properties": {"fault_name": "Mad River fault zone", "section_name": "", "class": "A"}}, {"type": "Feature", "geometry": {"type": "LineString", "coordinates": [[-124.12170599988855, 40.958321999729115], [-124.12121200014411, 40.95724999967787], [-124.12090199962441, 40.95617399990521], [-124.12065900084846, 40.95436499997023], [-124.12032400021441, 40.95252200124889], [-124.11999100012846, 40.950713999690585], [-124.11926899988013, 40.94828500027915], [-124.11870800018853, 40.946551001182506], [-124.11767499959556, 40.94447699973866], [-124.11688799994819, 40.94285199875428]]}, "properties": {"fault_name": "Mad River fault zone", "section_name": "", "class": "A"}}, {"type": "Feature", "geometry": {"type": "LineString", "coordinates": [[-124.11852599971536, 40.971024999995066], [-124.11704699995686, 40.970808000249065], [-124.1149609995777, 40.97032200024487], [-124.11291999940443, 40.969801998679344], [-124.11073399856785, 40.96907399991268], [-124.10906100043722, 40.968546000283894], [-124.10817500015735, 40.96817899996708]]}, "properties": {"fault_name": "Mad River fault zone", "section_name": "", "class": "A"}}, {"type": "Feature", "geometry": {"type": "LineString", "coordinates": [[-124.10549099937839, 40.96770400024871], [-124.1041819986009, 40.96703100119669], [-124.10319900003324, 40.96649000030016], [-124.10174700003893, 40.965680000240475], [-124.10034600009826, 40.965007000217575], [-124.09931900025136, 40.964572999771875], [-124.09829800025223, 40.96427699969385], [-124.09718500019163, 40.96401800023231], [-124.09626100027693, 40.963859999723816]]}, "properties": {"fault_name": "Mad River fault zone", "section_name": "", "class": "A"}}, {"type": "Feature", "geometry": {"type": "LineString", "coordinates": [[-124.10527100016868, 40.92850099879312], [-124.10483900034855, 40.927915999817046], [-124.10440800035333, 40.92736500126489], [-124.1040259998636, 40.926954000134096]]}, "properties": {"fault_name": "Mad River fault zone", "section_name": "", "class": "A"}}, {"type": "Feature", "geometry": {"type": "LineString", "coordinates": [[-124.08774500012954, 40.91807399990771], [-124.08811500002541, 40.918137000155234], [-124.08876699995356, 40.918404000117455], [-124.09002200030439, 40.918869999989866], [-124.09249100009986, 40.919871999708874], [-124.09431200016512, 40.920746000070274], [-124.09632299930287, 40.921826000152244], [-124.09810200043367, 40.922839999660944], [-124.09945800016853, 40.92354799978191], [-124.09974400039881, 40.923856999297854]]}, "properties": {"fault_name": "Mad River fault zone", "section_name": "", "class": "A"}}, {"type": "Feature", "geometry": {"type": "LineString", "coordinates": [[-124.09059199931846, 40.876622999761935], [-124.09036700008589, 40.87605200005647], [-124.090001000388, 40.8753610003346], [-124.08968599984541, 40.87484400123915]]}, "properties": {"fault_name": "Mad River fault zone", "section_name": "", "class": "A"}}, {"type": "Feature", "geometry": {"type": "LineString", "coordinates": [[-124.08007300042927, 40.8670970002356], [-124.07932600006656, 40.866726000162174], [-124.0785330005714, 40.86639100030235], [-124.0777920000565, 40.86619499966346], [-124.0773289993759, 40.86606400004989], [-124.07644500144077, 40.865765998791645], [-124.07556099991237, 40.86539800010183], [-124.074950999817, 40.86498999969566], [-124.07438399937935, 40.86451099973253]]}, "properties": {"fault_name": "Mad River fault zone", "section_name": "", "class": "A"}}, {"type": "Feature", "geometry": {"type": "LineString", "coordinates": [[-124.07889500007134, 40.86767700012796], [-124.0777300001322, 40.8671389999463], [-124.07656699984288, 40.866705999822685], [-124.07549999981302, 40.86641100005768], [-124.07466700013488, 40.86618099978973], [-124.07429200021616, 40.86597899992343], [-124.07331499969968, 40.865577999701735], [-124.07141400016677, 40.8650879998328], [-124.07016600038698, 40.86486599981347], [-124.06924199957393, 40.864707999254634]]}, "properties": {"fault_name": "Mad River fault zone", "section_name": "", "class": "A"}}, {"type": "Feature", "geometry": {"type": "LineString", "coordinates": [[-124.07601500037215, 40.939948998809086], [-124.07635699978059, 40.940605999664996], [-124.07674299956997, 40.941191999817306]]}, "properties": {"fault_name": "Mad River fault zone", "section_name": "", "class": "A"}}, {"type": "Feature", "geometry": {"type": "LineString", "coordinates": [[-124.07551799935636, 40.938772001208136], [-124.07537400031464, 40.938564999753744], [-124.07517900032094, 40.93825500021773]]}, "properties": {"fault_name": "Mad River fault zone", "section_name": "", "class": "A"}}, {"type": "Feature", "geometry": {"type": "LineString", "coordinates": [[-124.07493400009858, 40.93773600007567], [-124.07420600000245, 40.93649299985596], [-124.07361800144501, 40.93538700019866], [-124.07312899992684, 40.93441900015969], [-124.07268400058624, 40.93345000121394], [-124.07148100011393, 40.93172699999966], [-124.0699949997844, 40.92980099976874], [-124.06889099994464, 40.92828499879277], [-124.06802099955829, 40.926905999825465], [-124.06709299944562, 40.925212999809084], [-124.06646300015707, 40.92414300007315], [-124.06593200060271, 40.92331499977793]]}, "properties": {"fault_name": "Mad River fault zone", "section_name": "", "class": "A"}}, {"type": "Feature", "geometry": {"type": "LineString", "coordinates": [[-124.06436399935914, 40.921363000265124], [-124.06312200032541, 40.919850000099004], [-124.06202699980814, 40.918684000114304], [-124.06059300025548, 40.916896000297925], [-124.05930100009473, 40.91527899979283], [-124.05853499856713, 40.91428099878755], [-124.05805600068796, 40.913661999787664]]}, "properties": {"fault_name": "Mad River fault zone", "section_name": "", "class": "A"}}, {"type": "Feature", "geometry": {"type": "LineString", "coordinates": [[-124.02061199990881, 40.88148899983862], [-124.02092999992611, 40.882093000121365]]}, "properties": {"fault_name": "Mad River fault zone", "section_name": "", "class": "A"}}, {"type": "Feature", "geometry": {"type": "LineString", "coordinates": [[-124.01587099996135, 40.87590399881995], [-124.0154249998975, 40.875545000100125], [-124.01490499931552, 40.8751360012258], [-124.01457700015077, 40.874915000109894]]}, "properties": {"fault_name": "Mad River fault zone", "section_name": "", "class": "A"}}, {"type": "Feature", "geometry": {"type": "LineString", "coordinates": [[-123.98545199987545, 40.845460000193604], [-123.98526199990468, 40.845283001208], [-123.98509600022332, 40.84498700017803], [-123.98497099965155, 40.84434999876478], [-123.98454300002936, 40.842341999928806], [-123.98442800040164, 40.84198500007135], [-123.98413099940241, 40.84169099998417], [-123.98378099959804, 40.841457999777006], [-123.98322599975427, 40.84130799932689], [-123.98233000032694, 40.84122300005384], [-123.98111900035703, 40.84112400025937], [-123.98043300009368, 40.84105699994387], [-123.97977299976961, 40.84094800025965], [-123.97937600010955, 40.840815000258786]]}, "properties": {"fault_name": "Mad River fault zone", "section_name": "", "class": "A"}}, {"type": "Feature", "geometry": {"type": "LineString", "coordinates": [[-124.15617100033597, 41.07502000005333], [-124.15590600002211, 41.07476499978384], [-124.15564200043147, 41.0745590000336], [-124.15523799930209, 41.07433899984393], [-124.15433700075023, 41.073949999686015], [-124.15339399967061, 41.07362799966628], [-124.1526880002141, 41.073333001237714], [-124.15201400144296, 41.0730459987207], [-124.15164400064877, 41.07286600007998]]}, "properties": {"fault_name": "Mad River fault zone", "section_name": "", "class": "A"}}, {"type": "Feature", "geometry": {"type": "LineString", "coordinates": [[-124.15148200026708, 41.07281199876634], [-124.15067999965277, 41.072526999902266], [-124.15013700040288, 41.07230999978185]]}, "properties": {"fault_name": "Mad River fault zone", "section_name": "", "class": "A"}}, {"type": "Feature", "geometry": {"type": "LineString", "coordinates": [[-124.1479160003045, 41.070217998776705], [-124.1473589999126, 41.06959700000019], [-124.14671399965714, 41.0688470000907], [-124.14605199968324, 41.06820999881642], [-124.14547799957288, 41.067734999961004], [-124.14499100039947, 41.067272999318085], [-124.14443499983248, 41.066620000309825], [-124.14387800033887, 41.06594800026765], [-124.14343099955181, 41.065389999664305]]}, "properties": {"fault_name": "Mad River fault zone", "section_name": "", "class": "A"}}, {"type": "Feature", "geometry": {"type": "LineString", "coordinates": [[-124.1466330003646, 41.07099600032172], [-124.14578499971954, 41.07063999990591], [-124.14499899989708, 41.07016799983721], [-124.14451299965029, 41.06972200005638], [-124.14437200008328, 41.06938499984922], [-124.14435999859109, 41.068978999671096], [-124.1444939993837, 41.06850600023032], [-124.14464999991763, 41.06801699966399], [-124.14473900140273, 41.06744699976534], [-124.14479300003275, 41.067154999671345]]}, "properties": {"fault_name": "Mad River fault zone", "section_name": "", "class": "A"}}, {"type": "Feature", "geometry": {"type": "LineString", "coordinates": [[-124.14249199956848, 41.06422900030874], [-124.142591000201, 41.06396799989989], [-124.14262399981294, 41.063659999797714], [-124.14250499998727, 41.063288999791304], [-124.14240999955268, 41.06301400021955], [-124.14203599856057, 41.062729000201216], [-124.1413179994085, 41.062402999808974], [-124.14075699971693, 41.06223499999809], [-124.14021600011687, 41.06208200122415], [-124.13971899999939, 41.06196200023677], [-124.13941199985273, 41.06175700007544], [-124.13919199974471, 41.0615659997598]]}, "properties": {"fault_name": "Mad River fault zone", "section_name": "", "class": "A"}}, {"type": "Feature", "geometry": {"type": "LineString", "coordinates": [[-124.14231699966628, 41.064119000293864], [-124.14171800033988, 41.06348199995178], [-124.14107200025951, 41.06273100033161], [-124.14060999940384, 41.06233499974367]]}, "properties": {"fault_name": "Mad River fault zone", "section_name": "", "class": "A"}}, {"type": "Feature", "geometry": {"type": "LineString", "coordinates": [[-124.13854299929127, 41.06043500025146], [-124.13825499941117, 41.060099000306515], [-124.13787700001775, 41.05970100125951], [-124.1375230000154, 41.059350000220554], [-124.13730200008244, 41.05914299980657]]}, "properties": {"fault_name": "Mad River fault zone", "section_name": "", "class": "A"}}, {"type": "Feature", "geometry": {"type": "LineString", "coordinates": [[-124.13670299985775, 41.0585220000748], [-124.1364109997797, 41.05810599988649], [-124.1360529995794, 41.05759300118833], [-124.1357630000495, 41.05724199973818], [-124.13551900144866, 41.05698700028899], [-124.13529699989417, 41.05673100003358]]}, "properties": {"fault_name": "Mad River fault zone", "section_name": "", "class": "A"}}, {"type": "Feature", "geometry": {"type": "LineString", "coordinates": [[-124.13518399991626, 41.05657099987604], [-124.13491699995258, 41.056268000158234], [-124.13449900037617, 41.05593500009265], [-124.13432100010091, 41.055710999897606]]}, "properties": {"fault_name": "Mad River fault zone", "section_name": "", "class": "A"}}, {"type": "Feature", "geometry": {"type": "LineString", "coordinates": [[-124.11677999999316, 40.942611000133894], [-124.116528999923, 40.94198700013218], [-124.11593900081742, 40.94077600012876], [-124.11535799923776, 40.939880000304484], [-124.11473899981988, 40.93919400005925], [-124.11402800034048, 40.93850899973069], [-124.1136490002238, 40.9381680006863], [-124.11302599970965, 40.937376000009955], [-124.11240599956855, 40.93669000022534], [-124.11155399962382, 40.9359390000118], [-124.11089599984788, 40.93549600119478], [-124.11015100003331, 40.93523100031542], [-124.1094050003938, 40.93489599978238], [-124.10880299979605, 40.93476699970348], [-124.10824499957921, 40.93456900007082], [-124.10778099997205, 40.93440300118964], [-124.10731300016688, 40.93416600017132]]}, "properties": {"fault_name": "Mad River fault zone", "section_name": "", "class": "A"}}, {"type": "Feature", "geometry": {"type": "LineString", "coordinates": [[-124.11672999976447, 40.976225999707104], [-124.11623299964698, 40.97581599983244], [-124.11583199978898, 40.97547399978744]]}, "properties": {"fault_name": "Mad River fault zone", "section_name": "", "class": "A"}}, {"type": "Feature", "geometry": {"type": "LineString", "coordinates": [[-124.11564999931579, 40.93893299872409], [-124.11516899999017, 40.93824400008051], [-124.11449300067089, 40.93724399987884], [-124.11409500028765, 40.93631000022653], [-124.11351299978134, 40.935343998710216], [-124.11322400007637, 40.93493000013475], [-124.11275299989815, 40.93462599967629], [-124.11166600067513, 40.93366900024584], [-124.11067400009003, 40.93285000022167], [-124.10936600003575, 40.93200899991153], [-124.10795699969914, 40.93109299869569], [-124.10691800015668, 40.9302399999602], [-124.10611399989257, 40.929521999751394], [-124.10578199963155, 40.92921399997204], [-124.10535000070972, 40.928629001200065]]}, "properties": {"fault_name": "Mad River fault zone", "section_name": "", "class": "A"}}, {"type": "Feature", "geometry": {"type": "LineString", "coordinates": [[-124.11562000007689, 40.975339000084745], [-124.11486199984351, 40.974638000276435], [-124.11391799983731, 40.973871000026335], [-124.11329900041943, 40.97325399988887]]}, "properties": {"fault_name": "Mad River fault zone", "section_name": "", "class": "A"}}, {"type": "Feature", "geometry": {"type": "LineString", "coordinates": [[-124.1115500003242, 40.97157099978718], [-124.11003700023048, 40.970308000702474], [-124.1087630014097, 40.96931899877036], [-124.10715199961011, 40.96781299877709], [-124.10601000013548, 40.96664899976759], [-124.10502299957325, 40.9659680000592], [-124.10329100009479, 40.96502399976744], [-124.10175200006182, 40.96438800021787], [-124.10110199978347, 40.964190999715576], [-124.10050000008403, 40.964097999873324]]}, "properties": {"fault_name": "Mad River fault zone", "section_name": "", "class": "A"}}, {"type": "Feature", "geometry": {"type": "LineString", "coordinates": [[-124.10386999932969, 40.926783000317585], [-124.10344699973037, 40.92647599974704], [-124.10297800010031, 40.926170999991925], [-124.1022309997376, 40.925801000302016], [-124.10181099961304, 40.925633999981784], [-124.10153199995378, 40.92553399967739], [-124.10129299957919, 40.92525899975695], [-124.10119799914463, 40.92515700000638]]}, "properties": {"fault_name": "Mad River fault zone", "section_name": "", "class": "A"}}, {"type": "Feature", "geometry": {"type": "LineString", "coordinates": [[-124.10081899992626, 40.924780000220885], [-124.10043899998465, 40.924403000320986], [-124.10015600012744, 40.924163999817885], [-124.09991900030099, 40.92395899969736]]}, "properties": {"fault_name": "Mad River fault zone", "section_name": "", "class": "A"}}, {"type": "Feature", "geometry": {"type": "LineString", "coordinates": [[-124.09903200019617, 40.96402499999281], [-124.09749199943997, 40.96335600024489], [-124.0952469999505, 40.962210000122], [-124.0934219996873, 40.96119699969058], [-124.09201200042406, 40.96031599972359], [-124.0909310001505, 40.95956800001688]]}, "properties": {"fault_name": "Mad River fault zone", "section_name": "", "class": "A"}}, {"type": "Feature", "geometry": {"type": "LineString", "coordinates": [[-124.0844539996283, 40.95110400023928], [-124.0855030001148, 40.952270998778], [-124.08655500007606, 40.9535430000261], [-124.08751299942766, 40.954746999909226], [-124.08856099919095, 40.95587899878555], [-124.08970299956384, 40.95711300005321], [-124.09070500019467, 40.95824700033117], [-124.0917499995849, 40.959308999713464], [-124.09222799943582, 40.95985899984725]]}, "properties": {"fault_name": "Mad River fault zone", "section_name": "", "class": "A"}}, {"type": "Feature", "geometry": {"type": "LineString", "coordinates": [[-124.08964600056076, 40.874812000268996], [-124.0889800003889, 40.87409100029238], [-124.08826799928798, 40.8734059997722], [-124.08741799989141, 40.87265300013091], [-124.08628700028746, 40.87176599980198], [-124.08468999962984, 40.87071300131767], [-124.08379700057557, 40.87006599997278], [-124.08271599940373, 40.86931800010551], [-124.08177999979343, 40.86877699981435], [-124.08046300041661, 40.86782300012279], [-124.07957700013674, 40.86742000025309], [-124.07910699978346, 40.86707899996323], [-124.07840199925351, 40.86656899995018], [-124.07802700023312, 40.86633100032091], [-124.07774900039878, 40.86618799972697]]}, "properties": {"fault_name": "Mad River fault zone", "section_name": "", "class": "A"}}, {"type": "Feature", "geometry": {"type": "LineString", "coordinates": [[-124.08343100087768, 40.95043999881112], [-124.08251300081074, 40.94902600028635], [-124.08140100057506, 40.9473369996746], [-124.08039499974625, 40.946029000665796], [-124.07943499984651, 40.944755999703204], [-124.07842899991601, 40.94351799881243], [-124.07733500012199, 40.942351999802725], [-124.07638699991782, 40.941427000313425]]}, "properties": {"fault_name": "Mad River fault zone", "section_name": "", "class": "A"}}, {"type": "Feature", "geometry": {"type": "LineString", "coordinates": [[-124.07370099859075, 40.93788200021793], [-124.0743580003384, 40.93832399974126], [-124.07502100013721, 40.93893900021717], [-124.075539999996, 40.93934800027746], [-124.075872000257, 40.93969199869258]]}, "properties": {"fault_name": "Mad River fault zone", "section_name": "", "class": "A"}}, {"type": "Feature", "geometry": {"type": "LineString", "coordinates": [[-124.06560799983932, 40.92284499872971], [-124.0652260002479, 40.92236299988195], [-124.06494000001764, 40.9220190001516], [-124.06465599943718, 40.921779999851154]]}, "properties": {"fault_name": "Mad River fault zone", "section_name": "", "class": "A"}}, {"type": "Feature", "geometry": {"type": "LineString", "coordinates": [[-124.06339299958874, 40.921069998757595], [-124.06212600044067, 40.92025599998938], [-124.06137200040524, 40.91964200126558], [-124.06023699970504, 40.91865099874596], [-124.05937800008763, 40.91765399966471], [-124.05908600000959, 40.917135999830606]]}, "properties": {"fault_name": "Mad River fault zone", "section_name": "", "class": "A"}}, {"type": "Feature", "geometry": {"type": "LineString", "coordinates": [[-124.05791600004756, 40.91345900026948], [-124.05752600006021, 40.912769000089696], [-124.05704699858778, 40.912114000025525], [-124.05638500041051, 40.91153299985786], [-124.05571700058884, 40.91074299966404], [-124.05519299980888, 40.910159000331035], [-124.05471099976003, 40.90943499978128]]}, "properties": {"fault_name": "Mad River fault zone", "section_name": "", "class": "A"}}, {"type": "Feature", "geometry": {"type": "LineString", "coordinates": [[-124.02048899988516, 40.88119499982054], [-124.02022000027162, 40.88064099969361], [-124.01968999964389, 40.87984799995728], [-124.01906799985295, 40.87903900008474], [-124.01837699956674, 40.87823200013111], [-124.01752499962203, 40.87739300012572], [-124.01657900086433, 40.876519000026576], [-124.01606000010723, 40.87607499981506]]}, "properties": {"fault_name": "Mad River fault zone", "section_name": "", "class": "A"}}, {"type": "Feature", "geometry": {"type": "LineString", "coordinates": [[-124.01468199973277, 40.87485499970109], [-124.01420700025491, 40.874339999786095], [-124.01343800015088, 40.87323599991879], [-124.01261799999325, 40.871957999959626], [-124.01179799983558, 40.870717000328824], [-124.01097299965508, 40.86923000024489], [-124.01028800011494, 40.86784600070213]]}, "properties": {"fault_name": "Mad River fault zone", "section_name": "", "class": "A"}}, {"type": "Feature", "geometry": {"type": "LineString", "coordinates": [[-124.0084629998517, 40.8669710002643], [-124.00812800011597, 40.866559000097126], [-124.00784100006076, 40.866178999807524], [-124.00745899957106, 40.86569800029543], [-124.00726899960026, 40.86552699967228], [-124.00707900142608, 40.86528699968577]]}, "properties": {"fault_name": "Mad River fault zone", "section_name": "", "class": "A"}}, {"type": "Feature", "geometry": {"type": "LineString", "coordinates": [[-124.00437300000755, 40.862226001186585], [-124.00479899997988, 40.86267199992492], [-124.00508500021014, 40.86301599992544], [-124.00537200026533, 40.86336000017731], [-124.00589299977392, 40.863909998755986], [-124.0066080003496, 40.86473400027548]]}, "properties": {"fault_name": "Mad River fault zone", "section_name": "", "class": "A"}}, {"type": "Feature", "geometry": {"type": "LineString", "coordinates": [[-124.00290099992172, 40.860856999689894], [-124.00252399855654, 40.86054900005839], [-124.00210000003064, 40.86020700031596], [-124.00186300020417, 40.859967000074], [-124.00153199976808, 40.85965800029091]]}, "properties": {"fault_name": "Mad River fault zone", "section_name": "", "class": "A"}}, {"type": "Feature", "geometry": {"type": "LineString", "coordinates": [[-124.00138899965296, 40.85948699969901], [-124.0011520007248, 40.859282000191506]]}, "properties": {"fault_name": "Mad River fault zone", "section_name": "", "class": "A"}}, {"type": "Feature", "geometry": {"type": "LineString", "coordinates": [[-124.00112400023738, 40.85927899990565], [-124.00077800063099, 40.85910600017781], [-123.99992300031325, 40.85864299874611], [-123.9989080001619, 40.85812199979252], [-123.9978380006573, 40.85746200020979], [-123.99682000013294, 40.856820999966935], [-123.99620299856826, 40.85639299966388]]}, "properties": {"fault_name": "Mad River fault zone", "section_name": "", "class": "A"}}, {"type": "Feature", "geometry": {"type": "LineString", "coordinates": [[-123.99601500004391, 40.85627600029827], [-123.99489100011264, 40.855577000219085], [-123.99403199959694, 40.854954000257344], [-123.99287099985575, 40.85391700022037], [-123.99208400020838, 40.85305299993907], [-123.9915370007605, 40.852343999866854], [-123.99112000011068, 40.85159300033198]]}, "properties": {"fault_name": "Mad River fault zone", "section_name": "", "class": "A"}}, {"type": "Feature", "geometry": {"type": "LineString", "coordinates": [[-124.06740199924208, 41.47521499995624], [-124.05809700069585, 41.46782500019085], [-124.05274800030286, 41.462955000308135], [-124.04630500011584, 41.45755099986709], [-124.04223900056107, 41.45335099991229], [-124.0381289997271, 41.44682800130472]]}, "properties": {"fault_name": "Lost Man fault", "section_name": "", "class": "A"}}, {"type": "Feature", "geometry": {"type": "LineString", "coordinates": [[-124.0381289997271, 41.44682800130472], [-124.02833700021081, 41.427230000048326], [-124.02269900011282, 41.41634399969678], [-124.0119810001337, 41.39511299869219], [-124.00762700069886, 41.38489800000656], [-124.00436900070788, 41.37521900129442], [-124.00136100006385, 41.36909399996985], [-123.9948179994194, 41.35766799976054], [-123.99050499999245, 41.34936599987776], [-123.98705599930743, 41.338868000209146], [-123.98610399980363, 41.32656700032023], [-123.98589200009154, 41.31507999874205]]}, "properties": {"fault_name": "Lost Man fault", "section_name": "", "class": "A"}}, {"type": "Feature", "geometry": {"type": "LineString", "coordinates": [[-124.01841699974972, 41.447980000155475], [-124.0184879998948, 41.4516719987733], [-124.01910899986082, 41.455769000129344], [-124.02006999958547, 41.45863200024743], [-124.02138600003568, 41.46121799974686], [-124.02508200059289, 41.465010998789104], [-124.0317209997002, 41.47123600012337]]}, "properties": {"fault_name": "Lost Man fault", "section_name": "", "class": "A"}}, {"type": "Feature", "geometry": {"type": "LineString", "coordinates": [[-123.98042100039814, 41.512694999704124], [-123.97679599998602, 41.50288200031844]]}, "properties": {"fault_name": "Surpur Creek fault", "section_name": "", "class": "A"}}, {"type": "Feature", "geometry": {"type": "LineString", "coordinates": [[-123.99577199857305, 41.50024100004991], [-123.98425099995131, 41.46533799974486], [-123.97966699856607, 41.45252500123819], [-123.97230699993368, 41.43631900033496]]}, "properties": {"fault_name": "Surpur Creek fault", "section_name": "", "class": "A"}}, {"type": "Feature", "geometry": {"type": "LineString", "coordinates": [[-123.95988200059037, 41.439854000233034], [-123.95201199962509, 41.4250880002212], [-123.94993799983983, 41.42052499868685], [-123.94954900057573, 41.41902400024527], [-123.94951699989035, 41.41724600020187], [-123.94976600031069, 41.41601300010619], [-123.95020399997861, 41.415188999911095], [-123.95080800022619, 41.41360999971434], [-123.95124000004633, 41.41244400020392], [-123.95167100004154, 41.41127700017647], [-123.95201299855167, 41.41018099986811], [-123.95217400000679, 41.409084999934265], [-123.95195699937351, 41.40710399972046], [-123.95156199936329, 41.40526099981457], [-123.95107799966463, 41.40348799996883], [-123.95069000022542, 41.40205500075258], [-123.95046599991943, 41.39966399995218], [-123.95031799978142, 41.39145900031957], [-123.95068600002747, 41.381745000080116], [-123.95064699966939, 41.3695720001778], [-123.95067599998173, 41.36615300022111], [-123.95117000062444, 41.36348099978434], [-123.95208799979306, 41.35923299877385], [-123.9523990001377, 41.356425999711654], [-123.95253000055726, 41.353688999746275]]}, "properties": {"fault_name": "Surpur Creek fault", "section_name": "", "class": "A"}}, {"type": "Feature", "geometry": {"type": "LineString", "coordinates": [[-123.95741199917337, 41.42739800032156], [-123.95764400077361, 41.42786399970246]]}, "properties": {"fault_name": "Surpur Creek fault", "section_name": "", "class": "A"}}, {"type": "Feature", "geometry": {"type": "LineString", "coordinates": [[-123.95608699940068, 41.480100000221135], [-123.9557150007533, 41.46957199991243], [-123.95434499987643, 41.457970998773376], [-123.95218100057781, 41.4444390000454], [-123.95111499857623, 41.43555900017014]]}, "properties": {"fault_name": "Surpur Creek fault", "section_name": "", "class": "A"}}, {"type": "Feature", "geometry": {"type": "LineString", "coordinates": [[-124.01623699965924, 41.59440800029314], [-124.01383699856244, 41.59224400023169], [-124.01142000044213, 41.58925799970023], [-124.00879999923728, 41.58504400007606], [-124.00690200007746, 41.58068600015845], [-124.00574700018403, 41.5771410002011], [-124.00587900042855, 41.57454200001317], [-124.00507499926609, 41.57044599981349], [-124.00463999997125, 41.566621999765175], [-124.00366099980491, 41.56280199982633], [-124.00215600010714, 41.559945000278546], [-123.99955800044025, 41.55682399982599], [-123.99807899978343, 41.55533400000202], [-123.99658499995631, 41.55302299986767], [-123.99598900010464, 41.55029399967007], [-123.99593300002816, 41.547284998801864], [-123.99659900020002, 41.54413299998261], [-123.99655499981908, 41.54180899999047], [-123.99597800023398, 41.540035999973476], [-123.99427699981933, 41.53635999975619], [-123.99165600058622, 41.53200900031737]]}, "properties": {"fault_name": "Surpur Creek fault", "section_name": "", "class": "A"}}, {"type": "Feature", "geometry": {"type": "LineString", "coordinates": [[-123.99165600058622, 41.53200900031737], [-123.98586899962699, 41.52303800027649]]}, "properties": {"fault_name": "Surpur Creek fault", "section_name": "", "class": "A"}}, {"type": "Feature", "geometry": {"type": "LineString", "coordinates": [[-123.98586899962699, 41.52303800027649], [-123.98042100039814, 41.512694999704124]]}, "properties": {"fault_name": "Surpur Creek fault", "section_name": "", "class": "A"}}, {"type": "Feature", "geometry": {"type": "LineString", "coordinates": [[-123.95988200059037, 41.439854000233034], [-123.96494099965682, 41.44924399979651], [-123.97679599998602, 41.50288200031844]]}, "properties": {"fault_name": "Surpur Creek fault", "section_name": "", "class": "A"}}, {"type": "Feature", "geometry": {"type": "LineString", "coordinates": [[-123.95253000055726, 41.353688999746275], [-123.95202900024182, 41.34596600023756], [-123.95164500010227, 41.34467099966457], [-123.95116800007632, 41.343307000058765], [-123.95077600043913, 41.34160099929426], [-123.95057100039972, 41.34030399983336], [-123.95051100012527, 41.3369530001565], [-123.95076100037055, 41.33578900024439], [-123.9510130002656, 41.334759998809034], [-123.95116300005346, 41.33304899982862], [-123.9512390002214, 41.33222799996462], [-123.95095299999115, 41.33141000025658], [-123.95021500074759, 41.33059600118359], [-123.94948000008043, 41.329918999747385], [-123.94865599972482, 41.32931099968638], [-123.94800900071785, 41.328496998672065], [-123.94789699966655, 41.327267000303856], [-123.94787599975014, 41.326103999770474], [-123.94795499939285, 41.32548799968379], [-123.94847600069807, 41.32432100130424], [-123.94909400029105, 41.32349399991689], [-123.94989199980907, 41.32266700017736], [-123.95060100143527, 41.3219090001208], [-123.95130699999349, 41.320944999753394], [-123.95173500141229, 41.31964000032011], [-123.95333399992307, 41.31812100026513], [-123.95458699972575, 41.317495000685646], [-123.95557000009003, 41.3168710002946], [-123.95618699985808, 41.31604400017272], [-123.95662100022635, 41.315081999949626], [-123.95741799991946, 41.31418600000489], [-123.95858500040679, 41.313764999784865], [-123.96102299934178, 41.3137420002731]]}, "properties": {"fault_name": "Surpur Creek fault", "section_name": "", "class": "A"}}, {"type": "Feature", "geometry": {"type": "LineString", "coordinates": [[-122.2655689997318, 41.58199900030497], [-122.28369800019365, 41.61431500020707], [-122.29823200038058, 41.634283000328686], [-122.31174600039333, 41.64861900006114]]}, "properties": {"fault_name": "Yellow Butte fault", "section_name": "", "class": "A"}}, {"type": "Feature", "geometry": {"type": "LineString", "coordinates": [[-122.27632000022125, 41.586233000282014], [-122.28675500034313, 41.59952500009196]]}, "properties": {"fault_name": "Yellow Butte fault", "section_name": "", "class": "A"}}, {"type": "Feature", "geometry": {"type": "LineString", "coordinates": [[-122.25225399991068, 41.52703200031187], [-122.25728299973822, 41.53470700028129], [-122.26158199981977, 41.545903999791186], [-122.26378900057276, 41.56055199989978]]}, "properties": {"fault_name": "Yellow Butte fault", "section_name": "", "class": "A"}}, {"type": "Feature", "geometry": {"type": "LineString", "coordinates": [[-122.25879099980902, 41.57117099971666], [-122.2564359998164, 41.56563799982985], [-122.25367000081833, 41.560475999731224], [-122.24994400012388, 41.55504199970257], [-122.24834399999155, 41.55169999974497]]}, "properties": {"fault_name": "Yellow Butte fault", "section_name": "", "class": "A"}}, {"type": "Feature", "geometry": {"type": "LineString", "coordinates": [[-122.23123899990188, 41.53881900013679], [-122.23746500035394, 41.5454220001248], [-122.2433199992886, 41.557709000241594]]}, "properties": {"fault_name": "Yellow Butte fault", "section_name": "", "class": "A"}}, {"type": "Feature", "geometry": {"type": "LineString", "coordinates": [[-124.00954699960002, 40.5351470012242], [-124.00688500035902, 40.53418100005187]]}, "properties": {"fault_name": "Little Salmon fault zone", "section_name": "", "class": "A"}}, {"type": "Feature", "geometry": {"type": "LineString", "coordinates": [[-123.98527600014836, 40.53066700020895], [-123.98143100142487, 40.530166000087554]]}, "properties": {"fault_name": "Little Salmon fault zone", "section_name": "", "class": "A"}}, {"type": "Feature", "geometry": {"type": "LineString", "coordinates": [[-124.00666900044897, 40.53414200010429], [-124.00509300060607, 40.53357900022276], [-124.00356700009357, 40.53268499992575], [-124.00139799987377, 40.53220999991561], [-123.99885299991033, 40.53182099979699], [-123.99501400013631, 40.53160800013024], [-123.99068900011547, 40.531400999920756], [-123.98668499958667, 40.53094299995545], [-123.98516800019335, 40.53070900022886]]}, "properties": {"fault_name": "Little Salmon fault zone", "section_name": "", "class": "A"}}, {"type": "Feature", "geometry": {"type": "LineString", "coordinates": [[-123.98072800144311, 40.53009000013168], [-123.97737099992128, 40.529625000195956], [-123.9714169985575, 40.52885500003504], [-123.96897699997267, 40.52829900013957], [-123.96675100074974, 40.52757700017978]]}, "properties": {"fault_name": "Little Salmon fault zone", "section_name": "", "class": "A"}}, {"type": "Feature", "geometry": {"type": "LineString", "coordinates": [[-123.83712899927298, 40.47221199998321], [-123.84009900028217, 40.473452999696214]]}, "properties": {"fault_name": "Little Salmon fault zone", "section_name": "", "class": "A"}}, {"type": "Feature", "geometry": {"type": "LineString", "coordinates": [[-123.83140800023264, 40.46811899998166], [-123.83250300074991, 40.4686510002047]]}, "properties": {"fault_name": "Little Salmon fault zone", "section_name": "", "class": "A"}}, {"type": "Feature", "geometry": {"type": "LineString", "coordinates": [[-123.83010500020123, 40.47063000001851], [-123.83135399980596, 40.470922999955754]]}, "properties": {"fault_name": "Little Salmon fault zone", "section_name": "", "class": "A"}}, {"type": "Feature", "geometry": {"type": "LineString", "coordinates": [[-123.80124200076507, 40.09846399970565], [-123.80288399983188, 40.09947100027437]]}, "properties": {"fault_name": "Little Salmon fault zone", "section_name": "", "class": "A"}}, {"type": "Feature", "geometry": {"type": "LineString", "coordinates": [[-123.74683300143495, 40.05934400009869], [-123.74855400014447, 40.060409000015845]]}, "properties": {"fault_name": "Little Salmon fault zone", "section_name": "", "class": "A"}}, {"type": "Feature", "geometry": {"type": "LineString", "coordinates": [[-123.9261810002241, 40.400679000117], [-123.92860399998881, 40.40144600124646]]}, "properties": {"fault_name": "Little Salmon fault zone", "section_name": "", "class": "A"}}, {"type": "Feature", "geometry": {"type": "LineString", "coordinates": [[-123.84009900028217, 40.473452999696214], [-123.84314500056105, 40.47445400003293], [-123.84712400007716, 40.475273000328656], [-123.8526679995655, 40.47692100002776], [-123.85758699978818, 40.47845300001326], [-123.86282200037834, 40.48046000025159], [-123.86626000029439, 40.4816989999562], [-123.87173900038368, 40.48477999869657], [-123.87745199992645, 40.48803799997653], [-123.8827780007532, 40.491597000082955], [-123.88826600016505, 40.49593000026253], [-123.89437299989308, 40.4996630002903]]}, "properties": {"fault_name": "Little Salmon fault zone", "section_name": "", "class": "A"}}, {"type": "Feature", "geometry": {"type": "LineString", "coordinates": [[-123.89437299989308, 40.4996630002903], [-123.89742300036993, 40.501083000335264], [-123.90013100143831, 40.50178799997144], [-123.90194300038442, 40.5022509996983], [-123.90391500006243, 40.50295200075473], [-123.90659800011815, 40.50394600124432], [-123.90802099980014, 40.5046519987613], [-123.9145159998657, 40.50860700066432], [-123.91617899974722, 40.50960999970315], [-123.92439699996874, 40.51330999987897], [-123.93427300004893, 40.517773999762944], [-123.93545999972939, 40.51842199877907], [-123.93648500082477, 40.518771998806244], [-123.93806400014239, 40.51941699986457], [-123.94020099967683, 40.52059599995429], [-123.94154899991406, 40.52154099878582], [-123.94250100031618, 40.5221929998144], [-123.9432970001844, 40.52290299930785], [-123.94393100056921, 40.523316999688504], [-123.94448299914163, 40.52355200032723], [-123.94542899969598, 40.52384299999381], [-123.94669099971952, 40.524250000266385], [-123.94803399993388, 40.52477699974439], [-123.94898200013807, 40.52518799981332], [-123.9497739998083, 40.5256600001095], [-123.95120200041148, 40.52672599980255], [-123.9529499997835, 40.52808800011879], [-123.95397800035363, 40.52861800033663], [-123.95460799964218, 40.52879200030075], [-123.95641600018693, 40.52901500016709], [-123.95798899965679, 40.5292400012214], [-123.95893200073641, 40.52935199995944], [-123.96058800004693, 40.52993600010063], [-123.96287499936919, 40.5306939997371], [-123.9650019997562, 40.53121299978005], [-123.96696899941134, 40.53161499980946], [-123.96893500013988, 40.531896000278145], [-123.97003599960661, 40.53206600032974], [-123.9705910003487, 40.532420999930395], [-123.9715480007737, 40.533429999749885], [-123.97242699958426, 40.53450099976217], [-123.97283200143684, 40.53527600018458], [-123.97331399968907, 40.53605099983528], [-123.97363600080264, 40.536466999907475], [-123.97538599982448, 40.53800899971241], [-123.97689499972022, 40.53919399988673], [-123.9777650001066, 40.5396649997154], [-123.97871299941245, 40.54007599995625], [-123.97989099977039, 40.54018399990516], [-123.98083999979946, 40.540655999711824], [-123.98210000017318, 40.54094399988086], [-123.98328000018093, 40.5411720001037], [-123.9845320001587, 40.54092200024349], [-123.98578099976345, 40.54055100018131], [-123.98624600009387, 40.54018599877744], [-123.98686700005989, 40.53976200031685], [-123.98756799859521, 40.539394999814256], [-123.98850499982704, 40.539146999735166], [-123.98912999999101, 40.538961999893075], [-123.99046300015966, 40.53894900015808], [-123.99149099983144, 40.539419000213655], [-123.99267500003717, 40.539887000138734], [-123.99409100004648, 40.54017400008156], [-124.00036600000404, 40.5400560002753], [-124.00177899964027, 40.54016299877197], [-124.00414600022681, 40.540980000326954], [-124.00690999957507, 40.542154000212555], [-124.00840999924993, 40.542678998674525], [-124.01046499966697, 40.5437390002957], [-124.01371599998522, 40.54586599987028], [-124.01617899993293, 40.54788099981503], [-124.01760400016309, 40.54870699999016], [-124.01886600018659, 40.54911499871918], [-124.02005299986705, 40.54976299982267], [-124.02147800009718, 40.550588999992584], [-124.02401300001489, 40.552182999911444], [-124.02591800064405, 40.55360300018992], [-124.027666999841, 40.55508499876398], [-124.02917699956164, 40.55626999987713], [-124.03044300068144, 40.5569769997417], [-124.03139300143374, 40.557507999925086], [-124.03265399983573, 40.55785600017067], [-124.03406900002012, 40.558083000299355], [-124.03525099967771, 40.558370999923184], [-124.03705899932419, 40.55865500030108], [-124.03902800042577, 40.559116000730945], [-124.0408409991968, 40.55969799973621], [-124.04321000033148, 40.56063500005125], [-124.04431699964599, 40.56122499930204], [-124.04598200007563, 40.56234799977973], [-124.04732699993983, 40.56305500028884], [-124.04867500017708, 40.564000999935914], [-124.05034499973131, 40.5654239999197], [-124.05217099981945, 40.56672500020726], [-124.05415000006846, 40.56790500010996], [-124.05668199961312, 40.56925999998567], [-124.05897100038183, 40.570137999811884], [-124.06203999932862, 40.57076899971489], [-124.06644300006559, 40.57138700022946], [-124.06935700009997, 40.57208000033467], [-124.07281900030546, 40.57276700024623], [-124.07627899996278, 40.573274999808255], [-124.07863300013054, 40.57325300123956], [-124.08082599974146, 40.573053000210855], [-124.08208199991721, 40.573042000208545], [-124.0834970001016, 40.57320799967847], [-124.08507200011958, 40.57361299967423], [-124.08869300033372, 40.5743589996622], [-124.08908899927053, 40.5745950003138], [-124.09011099999287, 40.574764999799044], [-124.0908180001726, 40.574817999855256], [-124.09184099982153, 40.57498899973753], [-124.09288399956195, 40.575291999688574]]}, "properties": {"fault_name": "Little Salmon fault zone", "section_name": "", "class": "A"}}, {"type": "Feature", "geometry": {"type": "LineString", "coordinates": [[-123.83135399980596, 40.470922999955754], [-123.83712899927298, 40.47221199998321]]}, "properties": {"fault_name": "Little Salmon fault zone", "section_name": "", "class": "A"}}, {"type": "Feature", "geometry": {"type": "LineString", "coordinates": [[-123.83250300074991, 40.4686510002047], [-123.8371149999276, 40.47059999880292]]}, "properties": {"fault_name": "Little Salmon fault zone", "section_name": "", "class": "A"}}, {"type": "Feature", "geometry": {"type": "LineString", "coordinates": [[-123.82461299969309, 40.4658790006914], [-123.83140800023264, 40.46811899998166]]}, "properties": {"fault_name": "Little Salmon fault zone", "section_name": "", "class": "A"}}, {"type": "Feature", "geometry": {"type": "LineString", "coordinates": [[-123.8254190014037, 40.46909799990106], [-123.83010500020123, 40.47063000001851]]}, "properties": {"fault_name": "Little Salmon fault zone", "section_name": "", "class": "A"}}, {"type": "Feature", "geometry": {"type": "LineString", "coordinates": [[-124.21561000021684, 40.714370998799055], [-124.2226890004385, 40.72369899992387], [-124.22427699997695, 40.72575000003312], [-124.23320399912973, 40.73736000127927]]}, "properties": {"fault_name": "Little Salmon fault zone", "section_name": "", "class": "A"}}, {"type": "Feature", "geometry": {"type": "LineString", "coordinates": [[-124.21334599956249, 40.71170499988901], [-124.21411000144026, 40.712812999696624], [-124.21477100069093, 40.71359500012599]]}, "properties": {"fault_name": "Little Salmon fault zone", "section_name": "", "class": "A"}}, {"type": "Feature", "geometry": {"type": "LineString", "coordinates": [[-124.21140099964866, 40.70918500033024], [-124.21171399964308, 40.70971499979384], [-124.21230399964696, 40.7104110002472], [-124.21279999993953, 40.71097200026023]]}, "properties": {"fault_name": "Little Salmon fault zone", "section_name": "", "class": "A"}}, {"type": "Feature", "geometry": {"type": "LineString", "coordinates": [[-124.20943199944539, 40.70663100030488], [-124.21087400029228, 40.70836600001089]]}, "properties": {"fault_name": "Little Salmon fault zone", "section_name": "", "class": "A"}}, {"type": "Feature", "geometry": {"type": "LineString", "coordinates": [[-124.20731699965224, 40.708590000126954], [-124.20666299917595, 40.70799799969226], [-124.20616900032984, 40.707506999849365], [-124.20575900025102, 40.7068059999759]]}, "properties": {"fault_name": "Little Salmon fault zone", "section_name": "", "class": "A"}}, {"type": "Feature", "geometry": {"type": "LineString", "coordinates": [[-124.1937670005528, 40.681392998709526], [-124.19326799988721, 40.680036999812614]]}, "properties": {"fault_name": "Little Salmon fault zone", "section_name": "", "class": "A"}}, {"type": "Feature", "geometry": {"type": "LineString", "coordinates": [[-124.19303799973343, 40.679228999693365], [-124.19273799925946, 40.678406001284124], [-124.19264499937306, 40.67764700030697], [-124.19261800140548, 40.67683500003517]]}, "properties": {"fault_name": "Little Salmon fault zone", "section_name": "", "class": "A"}}, {"type": "Feature", "geometry": {"type": "LineString", "coordinates": [[-124.19259000001976, 40.675988999687775], [-124.19248200006473, 40.67474600000209]]}, "properties": {"fault_name": "Little Salmon fault zone", "section_name": "", "class": "A"}}, {"type": "Feature", "geometry": {"type": "LineString", "coordinates": [[-124.19134899991265, 40.69002299994987], [-124.19119400010193, 40.689439000134136], [-124.19096099957513, 40.68857899978872], [-124.19094899987957, 40.687524999927376], [-124.19098800023762, 40.686624999822044], [-124.19093099943788, 40.685589000183874]]}, "properties": {"fault_name": "Little Salmon fault zone", "section_name": "", "class": "A"}}, {"type": "Feature", "geometry": {"type": "LineString", "coordinates": [[-124.19085599999313, 40.684697999835294], [-124.19076800012958, 40.684060999780286], [-124.19045699978496, 40.682890000125205], [-124.1902690003623, 40.682028999697216]]}, "properties": {"fault_name": "Little Salmon fault zone", "section_name": "", "class": "A"}}, {"type": "Feature", "geometry": {"type": "LineString", "coordinates": [[-124.1903250004388, 40.67750100011988], [-124.19042199962487, 40.6769800002008], [-124.19066400037252, 40.67607699969754], [-124.1908049999395, 40.67552100013101]]}, "properties": {"fault_name": "Little Salmon fault zone", "section_name": "", "class": "A"}}, {"type": "Feature", "geometry": {"type": "LineString", "coordinates": [[-124.19006099994985, 40.681204999697705], [-124.18997199936308, 40.680550001216425], [-124.18989600009341, 40.67965199972615], [-124.19010500033077, 40.67840399972929]]}, "properties": {"fault_name": "Little Salmon fault zone", "section_name": "", "class": "A"}}, {"type": "Feature", "geometry": {"type": "LineString", "coordinates": [[-124.12048300022306, 40.59770900124968], [-124.1210999999911, 40.597213999683724], [-124.12186600062043, 40.59641500019652]]}, "properties": {"fault_name": "Little Salmon fault zone", "section_name": "", "class": "A"}}, {"type": "Feature", "geometry": {"type": "LineString", "coordinates": [[-124.08841399977614, 40.539849000223036], [-124.08781800082281, 40.53976900119233], [-124.08670999988674, 40.53972900027577], [-124.08563899965891, 40.539627999800885]]}, "properties": {"fault_name": "Little Salmon fault zone", "section_name": "", "class": "A"}}, {"type": "Feature", "geometry": {"type": "LineString", "coordinates": [[-124.07533499995655, 40.5453990001184], [-124.0744570000726, 40.545113000080555], [-124.07318800037638, 40.5450149996721], [-124.07060900007774, 40.54478999971023], [-124.06866700143529, 40.544643999752324], [-124.06648400007346, 40.544412000202534], [-124.06483200006258, 40.54429599978502], [-124.06352199856188, 40.54416799982085], [-124.06225100011413, 40.54398000000594], [-124.0611439999013, 40.54400000124587], [-124.06026899859374, 40.5438640002055], [-124.0595949998226, 40.5437860013213]]}, "properties": {"fault_name": "Little Salmon fault zone", "section_name": "", "class": "A"}}, {"type": "Feature", "geometry": {"type": "LineString", "coordinates": [[-124.05383099932794, 40.55549599993777], [-124.05685999988837, 40.5574940011992], [-124.0602500001238, 40.55966700030139], [-124.06141800043599, 40.560340001205674], [-124.0619819996023, 40.56066199978583], [-124.06254599966691, 40.56095299866025]]}, "properties": {"fault_name": "Little Salmon fault zone", "section_name": "", "class": "A"}}, {"type": "Feature", "geometry": {"type": "LineString", "coordinates": [[-124.21472599958678, 40.718684998801265], [-124.2136080004016, 40.717842998737005], [-124.21248500029527, 40.71682699968491], [-124.21215600040729, 40.71648799966402], [-124.21154399976378, 40.715843000190134], [-124.21101499985927, 40.714989000255876], [-124.21091200082542, 40.714611000158506]]}, "properties": {"fault_name": "Little Salmon fault zone", "section_name": "", "class": "A"}}, {"type": "Feature", "geometry": {"type": "LineString", "coordinates": [[-124.21299199956015, 40.71571199979215], [-124.21168299968095, 40.71459600005632]]}, "properties": {"fault_name": "Little Salmon fault zone", "section_name": "", "class": "A"}}, {"type": "Feature", "geometry": {"type": "LineString", "coordinates": [[-124.21292899981096, 40.71650799968503], [-124.21222500000425, 40.71583000011538]]}, "properties": {"fault_name": "Little Salmon fault zone", "section_name": "", "class": "A"}}, {"type": "Feature", "geometry": {"type": "LineString", "coordinates": [[-124.21209299975979, 40.71323999932793], [-124.211053999319, 40.712015000021225], [-124.21001799925129, 40.71089499980394], [-124.2093970001836, 40.710007999959494], [-124.20905700042496, 40.7093229987389]]}, "properties": {"fault_name": "Little Salmon fault zone", "section_name": "", "class": "A"}}, {"type": "Feature", "geometry": {"type": "LineString", "coordinates": [[-124.212086999912, 40.71168499978697], [-124.2115160001747, 40.71090099881686], [-124.21099800014085, 40.710322999949824], [-124.2105310001606, 40.70995200000189]]}, "properties": {"fault_name": "Little Salmon fault zone", "section_name": "", "class": "A"}}, {"type": "Feature", "geometry": {"type": "LineString", "coordinates": [[-124.21177899994042, 40.712001000288026], [-124.2110659999129, 40.711047000053114], [-124.21045499999262, 40.71040299991544], [-124.21031400042564, 40.710267000257176]]}, "properties": {"fault_name": "Little Salmon fault zone", "section_name": "", "class": "A"}}, {"type": "Feature", "geometry": {"type": "LineString", "coordinates": [[-124.21035700008332, 40.712928000295705], [-124.2098900001031, 40.71252199878545]]}, "properties": {"fault_name": "Little Salmon fault zone", "section_name": "", "class": "A"}}, {"type": "Feature", "geometry": {"type": "LineString", "coordinates": [[-124.20908299856762, 40.7211099997276], [-124.20915299978613, 40.72045200024763], [-124.20922199938309, 40.71979399970993], [-124.20938499958973, 40.71923799995717]]}, "properties": {"fault_name": "Little Salmon fault zone", "section_name": "", "class": "A"}}, {"type": "Feature", "geometry": {"type": "LineString", "coordinates": [[-124.20747800020904, 40.70416900029239], [-124.20823100041953, 40.70498500001811], [-124.20884799928929, 40.70580099996103], [-124.20928199965756, 40.70636100031906]]}, "properties": {"fault_name": "Little Salmon fault zone", "section_name": "", "class": "A"}}, {"type": "Feature", "geometry": {"type": "LineString", "coordinates": [[-124.20838799988005, 40.70971600010103], [-124.20876199997389, 40.710020000187455]]}, "properties": {"fault_name": "Little Salmon fault zone", "section_name": "", "class": "A"}}, {"type": "Feature", "geometry": {"type": "LineString", "coordinates": [[-124.2065800002336, 40.72091600029011], [-124.20752300041491, 40.72058700006394], [-124.20869000000386, 40.720185000243504]]}, "properties": {"fault_name": "Little Salmon fault zone", "section_name": "", "class": "A"}}, {"type": "Feature", "geometry": {"type": "LineString", "coordinates": [[-124.20835199989504, 40.71960300031732], [-124.20843300008589, 40.71790799984343]]}, "properties": {"fault_name": "Little Salmon fault zone", "section_name": "", "class": "A"}}, {"type": "Feature", "geometry": {"type": "LineString", "coordinates": [[-124.20668699856705, 40.72005000029279], [-124.20714500012312, 40.7187970003199], [-124.20743600037625, 40.717962000232475], [-124.2077359999519, 40.71743699996399], [-124.20808900012932, 40.71711899967877]]}, "properties": {"fault_name": "Little Salmon fault zone", "section_name": "", "class": "A"}}, {"type": "Feature", "geometry": {"type": "LineString", "coordinates": [[-124.20753999923501, 40.708765000097735], [-124.2080089997634, 40.709239000304095]]}, "properties": {"fault_name": "Little Salmon fault zone", "section_name": "", "class": "A"}}, {"type": "Feature", "geometry": {"type": "LineString", "coordinates": [[-124.2077359999519, 40.70647999986511], [-124.20634099985901, 40.70484900019062]]}, "properties": {"fault_name": "Little Salmon fault zone", "section_name": "", "class": "A"}}, {"type": "Feature", "geometry": {"type": "LineString", "coordinates": [[-124.20547300002076, 40.720419000190404], [-124.20612199957586, 40.719439001328325], [-124.2068830001823, 40.7177300001925], [-124.20704500056401, 40.717139000191096], [-124.2071109997879, 40.71637800012186], [-124.20724799915693, 40.71502700005687], [-124.20730799943142, 40.71409200010602]]}, "properties": {"fault_name": "Little Salmon fault zone", "section_name": "", "class": "A"}}, {"type": "Feature", "geometry": {"type": "LineString", "coordinates": [[-124.20673500004429, 40.70343800023472], [-124.20597700070921, 40.70245000006119]]}, "properties": {"fault_name": "Little Salmon fault zone", "section_name": "", "class": "A"}}, {"type": "Feature", "geometry": {"type": "LineString", "coordinates": [[-124.20673700059243, 40.70646499997412], [-124.20574899930696, 40.705447000202156], [-124.20513200043723, 40.70466300001695], [-124.20480999932363, 40.70432699983636]]}, "properties": {"fault_name": "Little Salmon fault zone", "section_name": "", "class": "A"}}, {"type": "Feature", "geometry": {"type": "LineString", "coordinates": [[-124.20626300004119, 40.72095700120803], [-124.206336999661, 40.72047100029382]]}, "properties": {"fault_name": "Little Salmon fault zone", "section_name": "", "class": "A"}}, {"type": "Feature", "geometry": {"type": "LineString", "coordinates": [[-124.20616900032984, 40.71674100010011], [-124.20624900069579, 40.7136629999957]]}, "properties": {"fault_name": "Little Salmon fault zone", "section_name": "", "class": "A"}}, {"type": "Feature", "geometry": {"type": "LineString", "coordinates": [[-124.20613400016975, 40.714322000091876], [-124.20516500004918, 40.71385700014351], [-124.20441999933628, 40.713317998687344], [-124.20376999995626, 40.71284800132102], [-124.20334799928355, 40.71247500129177]]}, "properties": {"fault_name": "Little Salmon fault zone", "section_name": "", "class": "A"}}, {"type": "Feature", "geometry": {"type": "LineString", "coordinates": [[-124.205827999848, 40.724283000295316], [-124.20565600031885, 40.72318100002268], [-124.20557900032597, 40.72224899989264], [-124.20509700027712, 40.72142900014219], [-124.20456400017467, 40.720401000276084], [-124.20415499992075, 40.71899199929245], [-124.20388200010927, 40.717648999991106], [-124.20373999981905, 40.71609699988434], [-124.2036580007016, 40.71495699976158]]}, "properties": {"fault_name": "Little Salmon fault zone", "section_name": "", "class": "A"}}, {"type": "Feature", "geometry": {"type": "LineString", "coordinates": [[-124.20565299994583, 40.70665899998355], [-124.20479799962807, 40.705533999763254], [-124.20372099955247, 40.70455200030289], [-124.20274999978209, 40.704017999718495], [-124.20187899957078, 40.70379199977582]]}, "properties": {"fault_name": "Little Salmon fault zone", "section_name": "", "class": "A"}}, {"type": "Feature", "geometry": {"type": "LineString", "coordinates": [[-124.20544799990638, 40.7168929999401], [-124.2055039999829, 40.71588900121988], [-124.20562100015877, 40.71526600018951]]}, "properties": {"fault_name": "Little Salmon fault zone", "section_name": "", "class": "A"}}, {"type": "Feature", "geometry": {"type": "LineString", "coordinates": [[-124.20520900043013, 40.72066599980927], [-124.20509800010203, 40.72008000007856], [-124.2047080001147, 40.71925799983287], [-124.2044689997401, 40.71888199980262]]}, "properties": {"fault_name": "Little Salmon fault zone", "section_name": "", "class": "A"}}, {"type": "Feature", "geometry": {"type": "LineString", "coordinates": [[-124.20027000011598, 40.72103700133218], [-124.20109399957326, 40.71984600030166], [-124.20172899978299, 40.71845100024823], [-124.2025399997198, 40.71688000007039], [-124.20312499970082, 40.715346999885966], [-124.2038149992638, 40.714228000122624], [-124.20447400066129, 40.713559000006605]]}, "properties": {"fault_name": "Little Salmon fault zone", "section_name": "", "class": "A"}}, {"type": "Feature", "geometry": {"type": "LineString", "coordinates": [[-124.20415499992075, 40.713530000255695], [-124.20350399981749, 40.71305900004345], [-124.20294300012594, 40.712587000320724], [-124.20256799930888, 40.71221299992148]]}, "properties": {"fault_name": "Little Salmon fault zone", "section_name": "", "class": "A"}}, {"type": "Feature", "geometry": {"type": "LineString", "coordinates": [[-124.2038210000099, 40.70729599987687], [-124.20304299968502, 40.705720000228375], [-124.20236700036574, 40.70452299867224], [-124.20193700019541, 40.70387500128122], [-124.20103400019711, 40.70264799979923], [-124.20032599929412, 40.701831998682245], [-124.19961900001273, 40.7010509987989], [-124.19877600028882, 40.70027200019095]]}, "properties": {"fault_name": "Little Salmon fault zone", "section_name": "", "class": "A"}}, {"type": "Feature", "geometry": {"type": "LineString", "coordinates": [[-124.2037850000249, 40.70345899980983], [-124.20293799920474, 40.70254200016402], [-124.20236200034287, 40.701620000051044], [-124.20197800020331, 40.70100499977672]]}, "properties": {"fault_name": "Little Salmon fault zone", "section_name": "", "class": "A"}}, {"type": "Feature", "geometry": {"type": "LineString", "coordinates": [[-124.20358299856188, 40.7140940012698], [-124.20260500001713, 40.713317998687344], [-124.20180699960078, 40.71253800030058], [-124.20114200015215, 40.71172300011188], [-124.20066299957804, 40.71097099997189]]}, "properties": {"fault_name": "Little Salmon fault zone", "section_name": "", "class": "A"}}, {"type": "Feature", "geometry": {"type": "LineString", "coordinates": [[-124.20240800037364, 40.725282000037325], [-124.20188499941858, 40.72456600018598], [-124.20083099980752, 40.72289299982424], [-124.20015499958993, 40.72166100022623]]}, "properties": {"fault_name": "Little Salmon fault zone", "section_name": "", "class": "A"}}, {"type": "Feature", "geometry": {"type": "LineString", "coordinates": [[-124.19996500141575, 40.71319700131809], [-124.20054099937929, 40.71411899981096], [-124.20097599957248, 40.71490500011708], [-124.20131299985637, 40.71545200002668]]}, "properties": {"fault_name": "Little Salmon fault zone", "section_name": "", "class": "A"}}, {"type": "Feature", "geometry": {"type": "LineString", "coordinates": [[-124.20114200015215, 40.71303600025711], [-124.20034399973581, 40.7122549996596], [-124.19968299958681, 40.71154299970695]]}, "properties": {"fault_name": "Little Salmon fault zone", "section_name": "", "class": "A"}}, {"type": "Feature", "geometry": {"type": "LineString", "coordinates": [[-124.2010249999763, 40.708165001299044], [-124.20078599960168, 40.70778800024966], [-124.20017800005445, 40.70724700004899], [-124.19948099992045, 40.70677700000771]]}, "properties": {"fault_name": "Little Salmon fault zone", "section_name": "", "class": "A"}}, {"type": "Feature", "geometry": {"type": "LineString", "coordinates": [[-124.20024300035178, 40.709215999879206], [-124.20048100000314, 40.708208998802476]]}, "properties": {"fault_name": "Little Salmon fault zone", "section_name": "", "class": "A"}}, {"type": "Feature", "geometry": {"type": "LineString", "coordinates": [[-124.19967900028718, 40.71275299969004], [-124.19938100036134, 40.711963999714264], [-124.19907200056487, 40.71089800067236], [-124.19835199996632, 40.709736999739455], [-124.19759499955784, 40.70878299975343], [-124.1970280000185, 40.70813700021074], [-124.19646699942862, 40.70766300033188], [-124.19586800010224, 40.7073989997727]]}, "properties": {"fault_name": "Little Salmon fault zone", "section_name": "", "class": "A"}}, {"type": "Feature", "geometry": {"type": "LineString", "coordinates": [[-124.19876899971783, 40.7154659997152], [-124.19815600014772, 40.71478700019703], [-124.19772599997742, 40.714138000302896], [-124.19743999974715, 40.713728999983104]]}, "properties": {"fault_name": "Little Salmon fault zone", "section_name": "", "class": "A"}}, {"type": "Feature", "geometry": {"type": "LineString", "coordinates": [[-124.1966199995895, 40.717789000294], [-124.19660399969598, 40.71730599997907], [-124.19677100010057, 40.71685199992336], [-124.19732500011942, 40.71577100032032], [-124.19749699964856, 40.71545600022983], [-124.19752900033392, 40.71504099983477], [-124.1970549997827, 40.714461999901474], [-124.19675799968175, 40.71374199978719], [-124.19635400034905, 40.71247100022864], [-124.19609900008092, 40.71164599984312], [-124.19599000030097, 40.711095000203045], [-124.19602600028598, 40.71078299997176], [-124.19632500003672, 40.71022499994604], [-124.19679200001697, 40.70924700009475], [-124.1969150000406, 40.70883099881157], [-124.1971750003316, 40.70847999979325]]}, "properties": {"fault_name": "Little Salmon fault zone", "section_name": "", "class": "A"}}, {"type": "Feature", "geometry": {"type": "LineString", "coordinates": [[-124.19738499859724, 40.70792299987006], [-124.19737199997509, 40.70754300119792], [-124.19717699998144, 40.707131000187715], [-124.19670800035135, 40.706690999699106], [-124.19601700006514, 40.70639300017781], [-124.19547100044218, 40.706334999869156]]}, "properties": {"fault_name": "Little Salmon fault zone", "section_name": "", "class": "A"}}, {"type": "Feature", "geometry": {"type": "LineString", "coordinates": [[-124.1929139998849, 40.711431000283774], [-124.19361100001886, 40.71055300001751], [-124.1939149997925, 40.710131999941105], [-124.19408100037217, 40.70967999992719]]}, "properties": {"fault_name": "Little Salmon fault zone", "section_name": "", "class": "A"}}, {"type": "Feature", "geometry": {"type": "LineString", "coordinates": [[-124.19372800019474, 40.66219900006424], [-124.19343899959144, 40.66172099974543], [-124.1925990002406, 40.66031999990911], [-124.19218400013892, 40.65942900119337], [-124.19191999964995, 40.65898500033893], [-124.19159099976198, 40.658644999952074], [-124.19096200029836, 40.65817400013287], [-124.19015200018646, 40.657671000323234], [-124.18977100041992, 40.65712500000216], [-124.18966400028981, 40.65664299979696]]}, "properties": {"fault_name": "Little Salmon fault zone", "section_name": "", "class": "A"}}, {"type": "Feature", "geometry": {"type": "LineString", "coordinates": [[-124.19219900020752, 40.710406999741], [-124.19254299926578, 40.709846998677776], [-124.19272999976185, 40.708599000319595], [-124.19265699996693, 40.70780499983354], [-124.19226900142603, 40.70705200004328]]}, "properties": {"fault_name": "Little Salmon fault zone", "section_name": "", "class": "A"}}, {"type": "Feature", "geometry": {"type": "LineString", "coordinates": [[-124.1924840006129, 40.67460900029057], [-124.19241900031554, 40.6740229999835], [-124.19236100058922, 40.673608999812636], [-124.19203099997802, 40.67323499994301], [-124.19183800143081, 40.67289300029907], [-124.1918309999615, 40.672719999797145], [-124.19204900041967, 40.67240400031287], [-124.19257699960097, 40.6719110000543], [-124.19265699996693, 40.67156399875767], [-124.19264400044645, 40.671183999817515], [-124.19222599997168, 40.670880000332616], [-124.19172399983135, 40.67082000002848], [-124.19077399997737, 40.670873999759564], [-124.19004699970615, 40.670922000240886], [-124.18976700022198, 40.67068500016875], [-124.18966699976455, 40.67041000127452], [-124.18986900032922, 40.66961200122449], [-124.19002799943958, 40.66891800015209], [-124.19001299937095, 40.66846799966728], [-124.18977100041992, 40.66802300013093], [-124.1887420000249, 40.66710900008912], [-124.18802099960146, 40.66587900004235], [-124.18734399955893, 40.66461299980034], [-124.18732399856914, 40.66399099989636]]}, "properties": {"fault_name": "Little Salmon fault zone", "section_name": "", "class": "A"}}, {"type": "Feature", "geometry": {"type": "LineString", "coordinates": [[-124.19087500025972, 40.67536500068418], [-124.19103700064142, 40.67477500028783], [-124.19110399969026, 40.674047999937834]]}, "properties": {"fault_name": "Little Salmon fault zone", "section_name": "", "class": "A"}}, {"type": "Feature", "geometry": {"type": "LineString", "coordinates": [[-124.19058400000657, 40.70523199969569], [-124.1901509985649, 40.70451499967608], [-124.18971300069362, 40.70358899871853], [-124.18933900059979, 40.703250999802286], [-124.18896700015578, 40.702981998780224], [-124.18873400142562, 40.702847999769496]]}, "properties": {"fault_name": "Little Salmon fault zone", "section_name": "", "class": "A"}}, {"type": "Feature", "geometry": {"type": "LineString", "coordinates": [[-124.1884390000762, 40.710721000275484], [-124.18882199859422, 40.70991799988311], [-124.18883799938607, 40.70905399977022], [-124.18894900061245, 40.708257000317204], [-124.18929399859734, 40.70769700024017]]}, "properties": {"fault_name": "Little Salmon fault zone", "section_name": "", "class": "A"}}, {"type": "Feature", "geometry": {"type": "LineString", "coordinates": [[-124.18906500006511, 40.66585899980981], [-124.1888199998427, 40.66534500022585], [-124.18853399961245, 40.66490200020858], [-124.18792199986727, 40.664220999791816], [-124.18758100028371, 40.66353700032267], [-124.18731999926949, 40.66247000013193], [-124.18731600086817, 40.662367000283695]]}, "properties": {"fault_name": "Little Salmon fault zone", "section_name": "", "class": "A"}}, {"type": "Feature", "geometry": {"type": "LineString", "coordinates": [[-124.18676000030118, 40.660614000290416], [-124.18673299963868, 40.659785000185835], [-124.1871639996339, 40.65912000071342], [-124.18786900016381, 40.65845000013079], [-124.18839800006833, 40.657955999895215], [-124.18855999955173, 40.65740000120296], [-124.18840599956593, 40.656849999712264], [-124.18784299932624, 40.656307000088084], [-124.18733599916304, 40.656040001242474], [-124.18728199963466, 40.65576500125061], [-124.18717500040287, 40.655282998716196], [-124.18670700059774, 40.65484300000767], [-124.18596899955752, 40.65447600030581], [-124.18532500002526, 40.65421200028019], [-124.1849459999086, 40.65373499976134], [-124.18446100038501, 40.65231599926932], [-124.18421400141112, 40.65173299879511], [-124.18365399974785, 40.651226000206], [-124.18291700032917, 40.650892999278696], [-124.18205000031587, 40.65077200031072], [-124.1813070001511, 40.650233000321656], [-124.1808829998286, 40.649722999661606], [-124.18054300006996, 40.649072999946256], [-124.17993899982237, 40.64863500022067], [-124.17947900041315, 40.6484360003121], [-124.17911299981694, 40.64833999966456], [-124.17901599973257, 40.64813399979676], [-124.17923700056382, 40.647991000037365], [-124.17977199941778, 40.64767000123944], [-124.18012599942011, 40.647386999746615], [-124.18011999957233, 40.64721399987833], [-124.18010799987678, 40.64683400124868], [-124.17993200014969, 40.64629600001957]]}, "properties": {"fault_name": "Little Salmon fault zone", "section_name": "", "class": "A"}}, {"type": "Feature", "geometry": {"type": "LineString", "coordinates": [[-124.18657300070343, 40.70475599880673], [-124.1871019997096, 40.70429600005456], [-124.18750099991779, 40.70401200008546], [-124.18767400017015, 40.70373199981291], [-124.18766099975136, 40.70335199970049], [-124.18770099993434, 40.703144000039806], [-124.18778699924972, 40.703004000269175]]}, "properties": {"fault_name": "Little Salmon fault zone", "section_name": "", "class": "A"}}, {"type": "Feature", "geometry": {"type": "LineString", "coordinates": [[-124.18576199986826, 40.70632600005157], [-124.18627300022946, 40.705313999714186], [-124.18644399993366, 40.70500000024249]]}, "properties": {"fault_name": "Little Salmon fault zone", "section_name": "", "class": "A"}}, {"type": "Feature", "geometry": {"type": "LineString", "coordinates": [[-124.18574699979969, 40.70311199998198], [-124.18595900041007, 40.70265799984606], [-124.18589599976256, 40.70210700006782], [-124.18532899932492, 40.70146099978357], [-124.18503799997008, 40.70087900030867], [-124.18492400016729, 40.700189000325004], [-124.18490499990071, 40.699636000317916]]}, "properties": {"fault_name": "Little Salmon fault zone", "section_name": "", "class": "A"}}, {"type": "Feature", "geometry": {"type": "LineString", "coordinates": [[-124.18459899957895, 40.70137099973377], [-124.1842089995916, 40.70193099988392], [-124.18390200034327, 40.7022480001002], [-124.18372600061618, 40.70242499986322]]}, "properties": {"fault_name": "Little Salmon fault zone", "section_name": "", "class": "A"}}, {"type": "Feature", "geometry": {"type": "LineString", "coordinates": [[-124.18240899944273, 40.70103199933987], [-124.18282899956732, 40.69998700031763], [-124.18324499859561, 40.69887300017659], [-124.18366600034172, 40.69782799997557]]}, "properties": {"fault_name": "Little Salmon fault zone", "section_name": "", "class": "A"}}, {"type": "Feature", "geometry": {"type": "LineString", "coordinates": [[-124.1810469998601, 40.644313999997316], [-124.18028199995405, 40.643456000218414], [-124.1796719998587, 40.642845000148135], [-124.17919800020576, 40.642231000066936]]}, "properties": {"fault_name": "Little Salmon fault zone", "section_name": "", "class": "A"}}, {"type": "Feature", "geometry": {"type": "LineString", "coordinates": [[-124.1799050003855, 40.64618100028246], [-124.17946399944623, 40.645186999707875], [-124.17881999991397, 40.643505999858334], [-124.17846100078711, 40.64226800119199], [-124.17779100041729, 40.64117399966426], [-124.17656700002857, 40.63981500026044], [-124.17600100031416, 40.6391690001718], [-124.17530799858147, 40.6387669998545], [-124.1726810003989, 40.63753800011422], [-124.17056700043067, 40.636713999803234], [-124.16872799992373, 40.63595300074754], [-124.1662900000904, 40.634893000265414], [-124.16403899985484, 40.63400200014105], [-124.16174199958849, 40.63314699966728], [-124.1600450002701, 40.63255599999434], [-124.15885900041457, 40.63196900030554], [-124.15765799959209, 40.631301000043884], [-124.15603599971844, 40.63022499987559], [-124.15529499920352, 40.629754998676134]]}, "properties": {"fault_name": "Little Salmon fault zone", "section_name": "", "class": "A"}}, {"type": "Feature", "geometry": {"type": "LineString", "coordinates": [[-124.15220500034035, 40.62815299986281], [-124.15160800066377, 40.62792299971869], [-124.15064100019302, 40.627526000069494], [-124.14930500144797, 40.626894000274], [-124.1482890005734, 40.62632500000978], [-124.14717700033775, 40.625585000061335], [-124.14624800040012, 40.62487700022671]]}, "properties": {"fault_name": "Little Salmon fault zone", "section_name": "", "class": "A"}}, {"type": "Feature", "geometry": {"type": "LineString", "coordinates": [[-124.1461529999656, 40.62479400126077], [-124.14431000015901, 40.62387799967767], [-124.14264599955426, 40.622872999750804], [-124.14125699930912, 40.62193099981418], [-124.13979599999229, 40.62088800031897], [-124.13839300040176, 40.61953299966964], [-124.13703400029385, 40.618159000280706], [-124.13583399929628, 40.61680000020412], [-124.13337799991963, 40.61426700121668], [-124.13182499964296, 40.61251699983464], [-124.13058000023617, 40.611140999879815], [-124.12967899988767, 40.60987900019516], [-124.12875799944769, 40.60803100029532], [-124.12804699996829, 40.60626900014828], [-124.12751600041396, 40.60525999993713], [-124.12675399998265, 40.60408199977662], [-124.1262230004283, 40.603073001332575]]}, "properties": {"fault_name": "Little Salmon fault zone", "section_name": "", "class": "A"}}, {"type": "Feature", "geometry": {"type": "LineString", "coordinates": [[-124.12520599972885, 40.6016639997334], [-124.12549100013419, 40.601929999986595], [-124.12582500004503, 40.602467000079805], [-124.12619800031395, 40.60300300008871]]}, "properties": {"fault_name": "Little Salmon fault zone", "section_name": "", "class": "A"}}, {"type": "Feature", "geometry": {"type": "LineString", "coordinates": [[-124.12310500017941, 40.59404500028386], [-124.12328000008158, 40.59331700031411], [-124.12332600011234, 40.59228999927909], [-124.1231829999972, 40.59153799985692], [-124.12283900004063, 40.590639000189675], [-124.12250099993182, 40.58998099991921], [-124.1219270007198, 40.5893880002267]]}, "properties": {"fault_name": "Little Salmon fault zone", "section_name": "", "class": "A"}}, {"type": "Feature", "geometry": {"type": "LineString", "coordinates": [[-124.1231900005682, 40.600523999910465], [-124.12250800140116, 40.60026500020673], [-124.12191099992793, 40.6001559997391], [-124.12104100043989, 40.60017200026315], [-124.1205690004368, 40.60027100030869], [-124.12021299988633, 40.600276999727996], [-124.11993099985402, 40.60010200007361], [-124.11964100032411, 40.59974500001288], [-124.11933200142592, 40.59872399973607], [-124.11902799985569, 40.59788500028663], [-124.11904199920109, 40.59706999868882], [-124.11929200034463, 40.59625100026201], [-124.1194589998509, 40.59525200071894], [-124.11950900007962, 40.59434599988351], [-124.11915899937694, 40.593296000158034], [-124.11844600024773, 40.5920420000269], [-124.11761500021943, 40.590759999667334], [-124.11695400007044, 40.58992700022116], [-124.11605600009497, 40.58895300010206], [-124.11540099979376, 40.58824200000232], [-124.11467100004782, 40.58768200019785], [-124.11410300068357, 40.587268999998244]]}, "properties": {"fault_name": "Little Salmon fault zone", "section_name": "", "class": "A"}}, {"type": "Feature", "geometry": {"type": "LineString", "coordinates": [[-124.12224999986164, 40.595780998761946], [-124.12266400013843, 40.59507899878605], [-124.12295900058953, 40.59438000028112]]}, "properties": {"fault_name": "Little Salmon fault zone", "section_name": "", "class": "A"}}, {"type": "Feature", "geometry": {"type": "LineString", "coordinates": [[-124.12120000044855, 40.58891899967352], [-124.12027900000857, 40.58854299980145], [-124.11923699919475, 40.58817200028319], [-124.11872099970904, 40.588091000234165], [-124.11768800001435, 40.58798800022378], [-124.11674400000815, 40.58815600029814], [-124.11619200143572, 40.58825799996679], [-124.11575800016917, 40.58826599994757], [-124.115318999778, 40.58815300004468]]}, "properties": {"fault_name": "Little Salmon fault zone", "section_name": "", "class": "A"}}, {"type": "Feature", "geometry": {"type": "LineString", "coordinates": [[-124.11448299972683, 40.58752100027305], [-124.11459700042795, 40.58736800004891], [-124.114910999349, 40.58727200029136], [-124.11530099933634, 40.58711300026188], [-124.11549000038056, 40.58680799974798], [-124.11535000063847, 40.58614700032463], [-124.11477299925674, 40.58543300003476], [-124.11420400006757, 40.58492999998868], [-124.11344100070966, 40.58461200001372], [-124.11288599996753, 40.5845630000827], [-124.11245099977437, 40.58457099982324], [-124.11206199961194, 40.584759000273735], [-124.11182799926021, 40.58488299987519], [-124.11096000032032, 40.58498999973716], [-124.11037100014133, 40.58515199974434], [-124.10997600013111, 40.58515899996738], [-124.10973999923125, 40.585193000260844]]}, "properties": {"fault_name": "Little Salmon fault zone", "section_name": "", "class": "A"}}, {"type": "Feature", "geometry": {"type": "LineString", "coordinates": [[-124.11391999858881, 40.5871990013073], [-124.1129940008209, 40.58673299868158], [-124.11142899995035, 40.5860380000348], [-124.11022200017841, 40.585425999840396], [-124.10966199941346, 40.585255000029115], [-124.10893599986545, 40.58481599977245], [-124.10853599983237, 40.584672000047476], [-124.1073709998932, 40.58412100030749], [-124.10649300000922, 40.58389499994831], [-124.10613299926081, 40.58374999877235], [-124.10493100041006, 40.583289999666064], [-124.10380900012863, 40.5828880000666], [-124.10360800028717, 40.58277100133303], [-124.10340400007269, 40.58259299970093], [-124.10318899998754, 40.582024000133465], [-124.10314100030695, 40.58178300022794], [-124.10313499956085, 40.5816020001951], [-124.10345000010342, 40.58150599966607], [-124.10372499956473, 40.5815010001109], [-124.10435999977443, 40.58151900000869], [-124.1049480001285, 40.58135800025774], [-124.10529000043526, 40.580899001268605], [-124.10539399929401, 40.58041399870496], [-124.10517100060957, 40.579632998783495], [-124.1048300001277, 40.57888499984309], [-124.10442099987381, 40.57844000006657], [-124.10365499924454, 40.57797100120423], [-124.10233499859636, 40.57754199992287], [-124.10106299942541, 40.57735499990298], [-124.09979999957694, 40.57746800030949], [-124.09924700028132, 40.577478000022296], [-124.09892400024114, 40.57730300005629], [-124.09872199967644, 40.57718599974184], [-124.09812499999988, 40.57707600029175], [-124.09748700031544, 40.57690699874353], [-124.09664399969324, 40.57652899973882], [-124.09531199934952, 40.57567799966322], [-124.09434200030236, 40.57503200022174], [-124.09353000143896, 40.57438299981277], [-124.09288600011007, 40.57403199999439], [-124.09228300058571, 40.573742000285236]]}, "properties": {"fault_name": "Little Salmon fault zone", "section_name": "", "class": "A"}}, {"type": "Feature", "geometry": {"type": "LineString", "coordinates": [[-124.1088550005729, 40.584727000031165], [-124.1088480000019, 40.58451500025465], [-124.10875900031341, 40.584215999669034], [-124.10859600010683, 40.584038001200106], [-124.1081509998679, 40.583742999766265], [-124.10763399965894, 40.58366199981094], [-124.10696500001237, 40.58379600021459], [-124.10664899964485, 40.58383200013472], [-124.10621299962676, 40.58377899971492]]}, "properties": {"fault_name": "Little Salmon fault zone", "section_name": "", "class": "A"}}, {"type": "Feature", "geometry": {"type": "LineString", "coordinates": [[-124.10394300002294, 40.582071000209176], [-124.1037010001736, 40.58198500007456], [-124.10341900014129, 40.581809000120835]]}, "properties": {"fault_name": "Little Salmon fault zone", "section_name": "", "class": "A"}}, {"type": "Feature", "geometry": {"type": "LineString", "coordinates": [[-124.10277699936053, 40.58154799987182], [-124.10205500001051, 40.58123000019187], [-124.10108699971485, 40.58064400001446], [-124.09963300007072, 40.579734000323626], [-124.09825800006928, 40.57876400003128], [-124.0963509997903, 40.57729000025889], [-124.09469499958146, 40.576173000308124], [-124.0934850003348, 40.575470999870625], [-124.09207699982309, 40.57474099978549], [-124.09071100004249, 40.57407200020857], [-124.08894000020592, 40.57310899982219], [-124.08825099956952, 40.57260900017107], [-124.08727399995135, 40.571721000123546], [-124.08647200023537, 40.570974998700926]]}, "properties": {"fault_name": "Little Salmon fault zone", "section_name": "", "class": "A"}}, {"type": "Feature", "geometry": {"type": "LineString", "coordinates": [[-124.09326199985371, 40.57212499924263], [-124.09351300082217, 40.57257299966988], [-124.09361100073147, 40.57317499974266], [-124.09370600026772, 40.57368500022044]]}, "properties": {"fault_name": "Little Salmon fault zone", "section_name": "", "class": "A"}}, {"type": "Feature", "geometry": {"type": "LineString", "coordinates": [[-124.0928049999192, 40.57143900126228], [-124.09259400003202, 40.57105100071728], [-124.09234599943659, 40.57069199976213], [-124.09213799992244, 40.570335000312284]]}, "properties": {"fault_name": "Little Salmon fault zone", "section_name": "", "class": "A"}}, {"type": "Feature", "geometry": {"type": "LineString", "coordinates": [[-124.09151699995643, 40.5694710006597], [-124.09073900142818, 40.56867000127417], [-124.08976500038645, 40.56790300001786], [-124.08891699974139, 40.567375000223386], [-124.08838999858838, 40.566931999760534], [-124.08749499988429, 40.56619400011687], [-124.08656599994671, 40.565547000134494], [-124.08540600003042, 40.5651449996931], [-124.08404899957235, 40.5648079997985], [-124.0832500002294, 40.56452100032633], [-124.082560999593, 40.5640200002103], [-124.08195099859932, 40.56348799867887], [-124.08129699991964, 40.562806000002865], [-124.08034700006566, 40.56152599987319], [-124.07957799996163, 40.56099699978238], [-124.07853799969595, 40.56059299968421], [-124.07794100001938, 40.560483000255495], [-124.0776170001543, 40.56024700033771], [-124.07692699969299, 40.55971700123198], [-124.07612400015209, 40.55933899998613], [-124.07389499965782, 40.558866000284816], [-124.07309899978961, 40.55872900024497], [-124.07238599976208, 40.55871200020053], [-124.07158199859965, 40.55830399988667], [-124.0707820003301, 40.558016999827196], [-124.07068299969758, 40.557984001272935]]}, "properties": {"fault_name": "Little Salmon fault zone", "section_name": "", "class": "A"}}, {"type": "Feature", "geometry": {"type": "LineString", "coordinates": [[-124.0913250003358, 40.573457000158214], [-124.09108599996121, 40.57340300008351], [-124.09080699940363, 40.57334599972998]]}, "properties": {"fault_name": "Little Salmon fault zone", "section_name": "", "class": "A"}}, {"type": "Feature", "geometry": {"type": "LineString", "coordinates": [[-124.08985099970185, 40.573121999749674], [-124.0895300002098, 40.57300799987996], [-124.08924699855596, 40.57280200032902], [-124.0888389999236, 40.57241699977619], [-124.0884259985734, 40.57185200026219], [-124.08773300043399, 40.571229999962675], [-124.08720299980624, 40.5707270002479]]}, "properties": {"fault_name": "Little Salmon fault zone", "section_name": "", "class": "A"}}, {"type": "Feature", "geometry": {"type": "LineString", "coordinates": [[-124.08711799941742, 40.57057599983438], [-124.08617900033241, 40.56962800027677], [-124.08482500024738, 40.568112999809564], [-124.0840539995952, 40.56746399984865], [-124.08345199989576, 40.56720300027483], [-124.08249599929569, 40.56700899994522], [-124.08142599979108, 40.56693799875891], [-124.081025999758, 40.566823999954806], [-124.08074099935264, 40.566557999942845], [-124.08061200037952, 40.56622799981323], [-124.08052999856714, 40.56613899990909]]}, "properties": {"fault_name": "Little Salmon fault zone", "section_name": "", "class": "A"}}, {"type": "Feature", "geometry": {"type": "LineString", "coordinates": [[-124.08629700033318, 40.57086299995359], [-124.0853610007229, 40.57003500013334], [-124.08414600055504, 40.56918199997561], [-124.08261500001969, 40.56830399988953], [-124.08008400029993, 40.56708300020763], [-124.07804500067478, 40.566395999946046], [-124.07524299989508, 40.56535999866438], [-124.07156499977953, 40.564158999862386], [-124.06932500031292, 40.563323999894]]}, "properties": {"fault_name": "Little Salmon fault zone", "section_name": "", "class": "A"}}, {"type": "Feature", "geometry": {"type": "LineString", "coordinates": [[-124.08322400029016, 40.5650040012275], [-124.08277999987612, 40.56468099989614], [-124.08233700018533, 40.564446999960886], [-124.08200899922396, 40.56429400019082]]}, "properties": {"fault_name": "Little Salmon fault zone", "section_name": "", "class": "A"}}, {"type": "Feature", "geometry": {"type": "LineString", "coordinates": [[-124.08124099984315, 40.55920200023177], [-124.08086199972648, 40.55845399879566], [-124.08027599992057, 40.557438000123895], [-124.07974199999317, 40.55681400125571], [-124.07913199989781, 40.556312000226356], [-124.07848299944439, 40.55578100011234]]}, "properties": {"fault_name": "Little Salmon fault zone", "section_name": "", "class": "A"}}, {"type": "Feature", "geometry": {"type": "LineString", "coordinates": [[-124.08099999981873, 40.556550000114974], [-124.08051500029516, 40.55622700030482], [-124.07943400002159, 40.55582399997109], [-124.07823499974727, 40.55542299972425]]}, "properties": {"fault_name": "Little Salmon fault zone", "section_name": "", "class": "A"}}, {"type": "Feature", "geometry": {"type": "LineString", "coordinates": [[-124.080264000225, 40.565239000324944], [-124.08005499998761, 40.5648800002648], [-124.07968799956647, 40.56452500003018], [-124.07852299962734, 40.56394299999892], [-124.07736600008413, 40.56363200032659], [-124.07668599966856, 40.563401999907136], [-124.07648500072543, 40.56328600030964], [-124.07648200035236, 40.5631949996728], [-124.07647800015442, 40.56304400000798], [-124.07678199992803, 40.56267599968288], [-124.07697199989883, 40.562401000116374], [-124.07696400040123, 40.562159999817986], [-124.07651599978925, 40.561746001264176], [-124.0758350004471, 40.561487000149874], [-124.07531400004018, 40.56125500025864], [-124.07483000034152, 40.56096199966763], [-124.07455300033207, 40.56096700007516], [-124.073127000277, 40.56090200020832], [-124.07256400003733, 40.56060999993347], [-124.071957000315, 40.56016800024003], [-124.07127600007452, 40.55990899984495], [-124.07059800020708, 40.55974000066473], [-124.07008199982307, 40.55968899992378]]}, "properties": {"fault_name": "Little Salmon fault zone", "section_name": "", "class": "A"}}, {"type": "Feature", "geometry": {"type": "LineString", "coordinates": [[-124.07035899983248, 40.557889999324956], [-124.06964100068043, 40.55769100001498], [-124.068767999921, 40.55758599989029], [-124.06805400006856, 40.55756799969638], [-124.06718400058051, 40.55758400017234], [-124.06616699988105, 40.55793399973043], [-124.06562200008301, 40.55821600021562], [-124.06515999922735, 40.55867700025603], [-124.06473400015331, 40.558956999981966], [-124.06434599981579, 40.55920399990139]]}, "properties": {"fault_name": "Little Salmon fault zone", "section_name": "", "class": "A"}}, {"type": "Feature", "geometry": {"type": "LineString", "coordinates": [[-124.06862300015604, 40.56314199996484], [-124.06590199956719, 40.56216500013603], [-124.0650649996911, 40.561968999947844], [-124.06414599979927, 40.56165300030221], [-124.06334400008326, 40.56130500000311], [-124.0628609993112, 40.56104200000053]]}, "properties": {"fault_name": "Little Salmon fault zone", "section_name": "", "class": "A"}}, {"type": "Feature", "geometry": {"type": "LineString", "coordinates": [[-124.0536739998674, 40.5553279997479], [-124.05178299858363, 40.554245000045725], [-124.05029299985279, 40.55342599869106], [-124.04819699942789, 40.55213599931816], [-124.04549700055206, 40.550524000288235], [-124.04404700020757, 40.54967400123499], [-124.0426429998938, 40.54906600009562], [-124.04160099997831, 40.54863099990545], [-124.04039299858482, 40.547958000071056], [-124.03859100058277, 40.5472360003371], [-124.03615000037641, 40.546281999747144], [-124.03357699992554, 40.5452659999997]]}, "properties": {"fault_name": "Little Salmon fault zone", "section_name": "", "class": "A"}}, {"type": "Feature", "geometry": {"type": "LineString", "coordinates": [[-124.05295000086753, 40.54205999993399], [-124.05159900025724, 40.54184299967314], [-124.04965300141681, 40.54157499987197], [-124.04849800062507, 40.541354999784], [-124.04790100005022, 40.54121499978627]]}, "properties": {"fault_name": "Little Salmon fault zone", "section_name": "", "class": "A"}}, {"type": "Feature", "geometry": {"type": "LineString", "coordinates": [[-124.04702399999115, 40.54098799981666], [-124.0463879999565, 40.540909000206156], [-124.04563200027128, 40.540741999711805]]}, "properties": {"fault_name": "Little Salmon fault zone", "section_name": "", "class": "A"}}, {"type": "Feature", "geometry": {"type": "LineString", "coordinates": [[-124.0396080003839, 40.55000499967162], [-124.03896700032641, 40.54974400027982], [-124.03813299992505, 40.54963800068361], [-124.03773800081316, 40.54970599981281], [-124.03766000009705, 40.54967699980116], [-124.03737399986679, 40.54944100001594], [-124.03661800018155, 40.54927300033315], [-124.03556299984723, 40.5496840003229], [-124.03493499931021, 40.54984599981017], [-124.0345460000461, 40.550064000052195], [-124.0344269993221, 40.55006600067733], [-124.03421999963288, 40.54976799970149], [-124.03385399993498, 40.5494430006597], [-124.03333599990113, 40.54930099985449], [-124.03218099910939, 40.54907899991502], [-124.03138799961425, 40.54897300131395], [-124.03066899973894, 40.548743999667906], [-124.03038400023189, 40.54850800069028], [-124.02985900142366, 40.54812500032207], [-124.02933499974539, 40.54783300029326], [-124.02809399963827, 40.54734100031034], [-124.02700900006504, 40.54678600024511], [-124.0263579999618, 40.54616499980828], [-124.02585599982147, 40.54529900004355], [-124.0256730004217, 40.54445699996324], [-124.02549799962118, 40.54388700030548], [-124.02489400027193, 40.54353500022592], [-124.02453000022385, 40.54326899983074], [-124.02448199964495, 40.54302899968662], [-124.024076999589, 40.54270400002648], [-124.02362999970026, 40.54231899974347]]}, "properties": {"fault_name": "Little Salmon fault zone", "section_name": "", "class": "A"}}, {"type": "Feature", "geometry": {"type": "LineString", "coordinates": [[-124.03344999970392, 40.54525399880068], [-124.03216900031217, 40.54476399976904], [-124.03068800000551, 40.5441860002039], [-124.02904900041342, 40.54361200070004], [-124.02720899918329, 40.54292100022867], [-124.02556600029156, 40.54222499969644], [-124.02388300031856, 40.54149999998521], [-124.02167999976353, 40.54060299991086], [-124.0193590001061, 40.53970899980858], [-124.01684099990682, 40.538877999932716], [-124.0155589997918, 40.53832599981587], [-124.01435600021782, 40.53786800007818]]}, "properties": {"fault_name": "Little Salmon fault zone", "section_name": "", "class": "A"}}, {"type": "Feature", "geometry": {"type": "LineString", "coordinates": [[-124.0135589996264, 40.537576999865834], [-124.01291899939382, 40.53731599983179]]}, "properties": {"fault_name": "Little Salmon fault zone", "section_name": "", "class": "A"}}, {"type": "Feature", "geometry": {"type": "LineString", "coordinates": [[-124.01243800006819, 40.53693600014071], [-124.00944000036823, 40.535188999801555]]}, "properties": {"fault_name": "Little Salmon fault zone", "section_name": "", "class": "A"}}, {"type": "Feature", "geometry": {"type": "LineString", "coordinates": [[-124.20579000021316, 40.70235500130212], [-124.20498799959888, 40.70147100000857], [-124.20424499943411, 40.700967000146065], [-124.20350299999258, 40.700497999818566], [-124.20293899992797, 40.699919999876485], [-124.20186699987524, 40.69911199971934], [-124.20094200013561, 40.69857600020254], [-124.19974200003637, 40.697976999994154], [-124.19881700029671, 40.697442000690444], [-124.19794100006257, 40.69704300019374]]}, "properties": {"fault_name": "Little Salmon fault zone", "section_name": "", "class": "A"}}, {"type": "Feature", "geometry": {"type": "LineString", "coordinates": [[-124.19380900038558, 40.662413999738014], [-124.19381799970809, 40.6626910002421], [-124.1937809998982, 40.66296699994954], [-124.19370100043055, 40.663314999286094], [-124.1934780008478, 40.664770999792054], [-124.19345800075631, 40.66556599966812], [-124.19342099914975, 40.66580900124651], [-124.19351899995736, 40.66601400009211], [-124.1937959999668, 40.66618200024184], [-124.19444100022224, 40.66648100000897], [-124.19526899987751, 40.66681100000065], [-124.19628600057698, 40.6673440000818], [-124.19727099969273, 40.66829399970143], [-124.19788899928572, 40.66914600030159], [-124.19819100030783, 40.67007400005062], [-124.19817299986615, 40.670902999685445], [-124.19788899928572, 40.6719110000543], [-124.19719900062105, 40.67302999876733], [-124.19694500017782, 40.67358900121712], [-124.19681999960605, 40.673902000044755], [-124.19683300002484, 40.674316999916364], [-124.19716699993567, 40.674794999890196], [-124.19782899990959, 40.675610999672045], [-124.19836200001205, 40.67663699988697], [-124.19876899971783, 40.67794199866879], [-124.19906400016892, 40.67866300028575], [-124.19945299943305, 40.679450000129066], [-124.19975000043229, 40.68016999967257], [-124.19980999980842, 40.68065400029327], [-124.19966900024144, 40.68183099998887], [-124.19941899999615, 40.68252800027888], [-124.1992159996066, 40.6832920002927], [-124.19913599924064, 40.68356999992577], [-124.19887000000017, 40.6837830001515], [-124.1984719996169, 40.68410100021955], [-124.19834699994345, 40.68444900030328], [-124.19822300009488, 40.68479799993266], [-124.1977870000768, 40.68535799974878], [-124.19729800035525, 40.685678999756256], [-124.19685499976616, 40.685951999736595], [-124.1967749994002, 40.68626499978264], [-124.19682700017705, 40.68650600022664], [-124.19701899979766, 40.68681300125702], [-124.19712500010289, 40.68726000132921], [-124.19705099958472, 40.68778099991678], [-124.1970129999499, 40.68802300027973], [-124.19707499987418, 40.68850599978695], [-124.19709599979056, 40.68912699994525], [-124.19705800015572, 40.68937099868922], [-124.19684399989549, 40.68975500129037], [-124.19636699986951, 40.69042099966053], [-124.19616400037823, 40.691149999717304], [-124.19633300043265, 40.69214999997575], [-124.19663300000828, 40.693008000114986], [-124.19739600026453, 40.69409999991634], [-124.1981950014041, 40.694914000018265], [-124.19856500040164, 40.69511400005258], [-124.1992590001626, 40.695516000042126], [-124.19976600032581, 40.69574799983696]]}, "properties": {"fault_name": "Little Salmon fault zone", "section_name": "", "class": "A"}}, {"type": "Feature", "geometry": {"type": "LineString", "coordinates": [[-124.19828400019426, 40.70059800004199], [-124.19755000025033, 40.70033499984778], [-124.19632000001386, 40.70021999997521], [-124.19504200009679, 40.70003699981009], [-124.19418000010636, 40.70005300023906]]}, "properties": {"fault_name": "Little Salmon fault zone", "section_name": "", "class": "A"}}, {"type": "Feature", "geometry": {"type": "LineString", "coordinates": [[-124.19396099982326, 40.682170000668904], [-124.19441499938469, 40.683544000117074], [-124.19458099996436, 40.68444000025355], [-124.1946549995842, 40.68533699991722], [-124.19442600015365, 40.68665499968079], [-124.19435300035873, 40.687209999740425], [-124.19424099930741, 40.687903001183486]]}, "properties": {"fault_name": "Little Salmon fault zone", "section_name": "", "class": "A"}}, {"type": "Feature", "geometry": {"type": "LineString", "coordinates": [[-124.19114199932508, 40.69330200009314], [-124.19156600144424, 40.69377799973983], [-124.19214300013103, 40.694700000099914], [-124.1924450002548, 40.69559299989038], [-124.19250299998113, 40.69600699974263], [-124.19238899928001, 40.69666600020858], [-124.19241299956944, 40.697391000120085], [-124.19251300002689, 40.69766600008919], [-124.1932119998107, 40.69820500019558], [-124.19362400043765, 40.69833600030181], [-124.19390399992183, 40.69853799986724], [-124.19405100023492, 40.69888100121241], [-124.19406200010559, 40.69922700014263]]}, "properties": {"fault_name": "Little Salmon fault zone", "section_name": "", "class": "A"}}, {"type": "Feature", "geometry": {"type": "LineString", "coordinates": [[-124.1913680001792, 40.69303899970123], [-124.19168100017367, 40.69285999976016], [-124.19180799859865, 40.69265000026652], [-124.19188700003798, 40.69226899970946], [-124.19187400141581, 40.69188900027331], [-124.1916150000514, 40.69089099932119], [-124.19150200007353, 40.69023699990493]]}, "properties": {"fault_name": "Little Salmon fault zone", "section_name": "", "class": "A"}}, {"type": "Feature", "geometry": {"type": "LineString", "coordinates": [[-124.18975599855469, 40.67163900067724], [-124.19022399925815, 40.6720449999657], [-124.19060099972502, 40.6724519996928], [-124.19084200064775, 40.672897999830376], [-124.19104000011615, 40.67337799873817], [-124.1910980007408, 40.67379099881545]]}, "properties": {"fault_name": "Little Salmon fault zone", "section_name": "", "class": "A"}}, {"type": "Feature", "geometry": {"type": "LineString", "coordinates": [[-124.19065799962641, 40.70616900016252], [-124.19039600058392, 40.706485999956755], [-124.19013799994275, 40.70693999987615], [-124.19015399983627, 40.70742400014648], [-124.19017200027793, 40.70797599985304], [-124.19008799971402, 40.70818499973451], [-124.18974399975743, 40.708744999793595]]}, "properties": {"fault_name": "Little Salmon fault zone", "section_name": "", "class": "A"}}, {"type": "Feature", "geometry": {"type": "LineString", "coordinates": [[-124.18957700025118, 40.65636500032907], [-124.18938300008243, 40.655987999905996], [-124.18926899938128, 40.65529999874745], [-124.18883099971336, 40.65437499993148], [-124.18815700004389, 40.65317699970001], [-124.1876850000408, 40.65263299968637], [-124.18735899962756, 40.65236299967132], [-124.18721600041074, 40.65219300122166], [-124.18711500012839, 40.65191799968552], [-124.18705600057717, 40.65147000000248], [-124.18699899977743, 40.651091000214564], [-124.18657000033035, 40.65051100012252], [-124.1858670003486, 40.649799000087306], [-124.1851280003818, 40.649398000254536], [-124.18444100029353, 40.649203999839415], [-124.18328999969977, 40.648706999719444], [-124.18291899997901, 40.648473000723605], [-124.18273200038125, 40.64826900031791], [-124.18263500029686, 40.64806399873746]]}, "properties": {"fault_name": "Little Salmon fault zone", "section_name": "", "class": "A"}}, {"type": "Feature", "geometry": {"type": "LineString", "coordinates": [[-124.18720999966463, 40.66206399978811], [-124.18700599855183, 40.66139400015441], [-124.18683199937287, 40.66089599984193]]}, "properties": {"fault_name": "Little Salmon fault zone", "section_name": "", "class": "A"}}, {"type": "Feature", "geometry": {"type": "LineString", "coordinates": [[-124.18255099973298, 40.64783600013325], [-124.18240000012024, 40.647356000059304], [-124.18224100011159, 40.64670200022112], [-124.18208299992784, 40.64601300019779], [-124.18174199944598, 40.645294001187736], [-124.18121699973943, 40.644509000236816], [-124.1810750003475, 40.644353999743345]]}, "properties": {"fault_name": "Little Salmon fault zone", "section_name": "", "class": "A"}}, {"type": "Feature", "geometry": {"type": "LineString", "coordinates": [[-124.15505600062555, 40.629586000054545], [-124.15463999980062, 40.62931800118598], [-124.1540380001012, 40.62894799972896], [-124.1536229999995, 40.628714000321615], [-124.15298100011707, 40.628519000302724], [-124.15243200012107, 40.62829300003698]]}, "properties": {"fault_name": "Little Salmon fault zone", "section_name": "", "class": "A"}}, {"type": "Feature", "geometry": {"type": "LineString", "coordinates": [[-124.12501099973518, 40.60149200131904], [-124.12452799986141, 40.601228999671804], [-124.12392399961381, 40.600878000220824], [-124.12344199956499, 40.60067599878207]]}, "properties": {"fault_name": "Little Salmon fault zone", "section_name": "", "class": "A"}}, {"type": "Feature", "geometry": {"type": "LineString", "coordinates": [[-124.09876100003453, 40.552698000301085], [-124.09979999957694, 40.55301100011753], [-124.10067699963601, 40.55323599976206], [-124.10139299913827, 40.55337400004361]]}, "properties": {"fault_name": "Little Salmon fault zone", "section_name": "", "class": "A"}}, {"type": "Feature", "geometry": {"type": "LineString", "coordinates": [[-124.09844300001718, 40.55261900016851], [-124.0971249999172, 40.552219999716314], [-124.09556599979274, 40.55170499974564], [-124.09357299930002, 40.551198000227515], [-124.09090000018836, 40.550461999734324], [-124.08815100001041, 40.54981799983412], [-124.0862770002417, 40.54936900000848], [-124.08583899967547, 40.54925599993544], [-124.08543900143903, 40.54914299967177]]}, "properties": {"fault_name": "Little Salmon fault zone", "section_name": "", "class": "A"}}, {"type": "Feature", "geometry": {"type": "LineString", "coordinates": [[-124.08874699986208, 40.53984400028642], [-124.09033100010089, 40.53990500030686], [-124.09183999999662, 40.54008899878992], [-124.09391200013205, 40.5405940002625], [-124.09610300009318, 40.54109699976573], [-124.0970989999779, 40.541320999743206]]}, "properties": {"fault_name": "Little Salmon fault zone", "section_name": "", "class": "A"}}, {"type": "Feature", "geometry": {"type": "LineString", "coordinates": [[-124.08348500040604, 40.56514199977242], [-124.08405100012048, 40.56555299925701], [-124.08485700003443, 40.56602199986279], [-124.08562199994049, 40.56643099926671], [-124.08622600018809, 40.56678199869431]]}, "properties": {"fault_name": "Little Salmon fault zone", "section_name": "", "class": "A"}}, {"type": "Feature", "geometry": {"type": "LineString", "coordinates": [[-124.08553699955166, 40.539630000055084], [-124.0845869996977, 40.539557000295154], [-124.08347299981217, 40.539365998751315], [-124.08179900006, 40.53897299866916], [-124.08076700019025, 40.53881100018946], [-124.07961499977155, 40.53868199984307], [-124.07878299991836, 40.53860700013079]]}, "properties": {"fault_name": "Little Salmon fault zone", "section_name": "", "class": "A"}}, {"type": "Feature", "geometry": {"type": "LineString", "coordinates": [[-124.08515999998315, 40.54905200028728], [-124.08331800000146, 40.548361999963475], [-124.0806390001437, 40.54741399977861], [-124.0784779994215, 40.546607999817134], [-124.07675599998876, 40.545914998787275], [-124.07559499934926, 40.54545400030073]]}, "properties": {"fault_name": "Little Salmon fault zone", "section_name": "", "class": "A"}}, {"type": "Feature", "geometry": {"type": "LineString", "coordinates": [[-124.07795899956272, 40.55530799984349], [-124.07735600003839, 40.554985998716944], [-124.07655199977425, 40.554547999730794], [-124.07570400002753, 40.55399100018807], [-124.07542199999521, 40.553843999897445], [-124.07442399956233, 40.55356100018897], [-124.07382799971069, 40.55345100012657]]}, "properties": {"fault_name": "Little Salmon fault zone", "section_name": "", "class": "A"}}, {"type": "Feature", "geometry": {"type": "LineString", "coordinates": [[-124.05936600039205, 40.54372399999052], [-124.05852700086615, 40.543467999679265], [-124.0574470004175, 40.543064000301634], [-124.0561309999673, 40.54269600074171], [-124.05581100030015, 40.54261099991966], [-124.0542599996733, 40.54233800002742], [-124.05330599962137, 40.54215500030195]]}, "properties": {"fault_name": "Little Salmon fault zone", "section_name": "", "class": "A"}}, {"type": "Feature", "geometry": {"type": "LineString", "coordinates": [[-124.22904200021384, 40.75838400127525], [-124.21721100017409, 40.74160500012825], [-124.21250500038674, 40.726221999697906]]}, "properties": {"fault_name": "Little Salmon fault zone", "section_name": "", "class": "A"}}, {"type": "Feature", "geometry": {"type": "LineString", "coordinates": [[-124.21153299989312, 40.7724589999537], [-124.2311940007152, 40.79466299983022]]}, "properties": {"fault_name": "Little Salmon fault zone", "section_name": "", "class": "A"}}, {"type": "Feature", "geometry": {"type": "LineString", "coordinates": [[-124.20720899969723, 40.767535999802995], [-124.19587200030018, 40.75391999990762], [-124.18136999990031, 40.73677799975612]]}, "properties": {"fault_name": "Little Salmon fault zone", "section_name": "", "class": "A"}}, {"type": "Feature", "geometry": {"type": "LineString", "coordinates": [[-124.37258100031286, 40.52277599981993], [-124.38556800007095, 40.52755700018177]]}, "properties": {"fault_name": "Russ fault zone", "section_name": "", "class": "A"}}, {"type": "Feature", "geometry": {"type": "LineString", "coordinates": [[-124.36406199979245, 40.518431000039655], [-124.36470000037524, 40.51920200020133], [-124.36565400042717, 40.52009000030221], [-124.36636900010454, 40.52080000021823], [-124.3672399994175, 40.52145000014569]]}, "properties": {"fault_name": "Russ fault zone", "section_name": "", "class": "A"}}, {"type": "Feature", "geometry": {"type": "LineString", "coordinates": [[-124.35312600025344, 40.50962699991645], [-124.35549800086282, 40.51115900120253], [-124.35897600006354, 40.51339699998149], [-124.36055799975419, 40.51451799968191]]}, "properties": {"fault_name": "Russ fault zone", "section_name": "", "class": "A"}}, {"type": "Feature", "geometry": {"type": "LineString", "coordinates": [[-124.34795000011283, 40.508957000702985], [-124.3488099995551, 40.50888899982762], [-124.34990699972218, 40.50893899973477], [-124.35116400062117, 40.5092859997159]]}, "properties": {"fault_name": "Russ fault zone", "section_name": "", "class": "A"}}, {"type": "Feature", "geometry": {"type": "LineString", "coordinates": [[-124.33438599987134, 40.5072289997796], [-124.33603699915899, 40.50769200019791], [-124.33815199985044, 40.50785200030303], [-124.34073699999686, 40.508006999763325], [-124.3433239997931, 40.50834200017129], [-124.34599300140174, 40.50885499970556]]}, "properties": {"fault_name": "Russ fault zone", "section_name": "", "class": "A"}}, {"type": "Feature", "geometry": {"type": "LineString", "coordinates": [[-124.3269560000204, 40.50888199982402], [-124.32893199989637, 40.50871300029516], [-124.3300249998655, 40.50852400012766], [-124.33096200019901, 40.5083959987613], [-124.33196999977932, 40.50784899986488]]}, "properties": {"fault_name": "Russ fault zone", "section_name": "", "class": "A"}}, {"type": "Feature", "geometry": {"type": "LineString", "coordinates": [[-124.3672399994175, 40.52145000014569], [-124.3689650001216, 40.5216730012237], [-124.37022100029735, 40.52195999997293], [-124.37258100031286, 40.52277599981993]]}, "properties": {"fault_name": "Russ fault zone", "section_name": "", "class": "A"}}, {"type": "Feature", "geometry": {"type": "LineString", "coordinates": [[-124.36055799975419, 40.51451799968191], [-124.36150699978327, 40.5151669999284], [-124.36262199859537, 40.51641200020027], [-124.36406199979245, 40.518431000039655]]}, "properties": {"fault_name": "Russ fault zone", "section_name": "", "class": "A"}}, {"type": "Feature", "geometry": {"type": "LineString", "coordinates": [[-124.35116400062117, 40.5092859997159], [-124.35148100081356, 40.509462999687926], [-124.35202999991127, 40.509576999839304], [-124.35265599990015, 40.50957099980023], [-124.35312600025344, 40.50962699991645]]}, "properties": {"fault_name": "Russ fault zone", "section_name": "", "class": "A"}}, {"type": "Feature", "geometry": {"type": "LineString", "coordinates": [[-124.34599300140174, 40.50885499970556], [-124.34654199960111, 40.5089700001092], [-124.34732499994881, 40.50902299965872], [-124.34795000011283, 40.508957000702985]]}, "properties": {"fault_name": "Russ fault zone", "section_name": "", "class": "A"}}, {"type": "Feature", "geometry": {"type": "LineString", "coordinates": [[-124.32862899994765, 40.510779000030034], [-124.3328769999756, 40.515788999981], [-124.33615200058334, 40.5201220000371], [-124.33912399944573, 40.52493500004251]]}, "properties": {"fault_name": "Russ fault zone", "section_name": "", "class": "A"}}, {"type": "Feature", "geometry": {"type": "LineString", "coordinates": [[-124.33196999977932, 40.50784899986488], [-124.33258999992042, 40.50742399973025], [-124.33336799934695, 40.50717800003519], [-124.33383799970025, 40.50717400032147], [-124.33438599987134, 40.5072289997796]]}, "properties": {"fault_name": "Russ fault zone", "section_name": "", "class": "A"}}, {"type": "Feature", "geometry": {"type": "LineString", "coordinates": [[-124.31805300025876, 40.49993899995472], [-124.31956099943126, 40.50136000032027], [-124.32106600002734, 40.50254100029395], [-124.32257400009816, 40.50390200021075], [-124.32472499987632, 40.50639199979349], [-124.3269560000204, 40.50888199982402], [-124.32862899994765, 40.510779000030034]]}, "properties": {"fault_name": "Russ fault zone", "section_name": "", "class": "A"}}, {"type": "Feature", "geometry": {"type": "LineString", "coordinates": [[-124.26940199977889, 40.51102299975066], [-124.27120100010286, 40.51094700131001], [-124.27393299966407, 40.51056300010752], [-124.27596399979161, 40.510364998713605], [-124.27815300010292, 40.51022600010046], [-124.28104700004582, 40.51019899984017]]}, "properties": {"fault_name": "Russ fault zone", "section_name": "", "class": "A"}}, {"type": "Feature", "geometry": {"type": "LineString", "coordinates": [[-124.25614999970695, 40.51419299968133], [-124.25793299923909, 40.51316000026144], [-124.2593330002532, 40.512609999703685], [-124.26089100055272, 40.512176998811334], [-124.26268499995548, 40.51174200018307]]}, "properties": {"fault_name": "Russ fault zone", "section_name": "", "class": "A"}}, {"type": "Feature", "geometry": {"type": "LineString", "coordinates": [[-124.2527240003848, 40.51563199978093], [-124.25420799926789, 40.51510699973455]]}, "properties": {"fault_name": "Russ fault zone", "section_name": "", "class": "A"}}, {"type": "Feature", "geometry": {"type": "LineString", "coordinates": [[-124.20670999992993, 40.50141499976442], [-124.21060599960536, 40.5020240002581], [-124.21551300013246, 40.50242999979245], [-124.21779799980492, 40.502602998746475], [-124.21932500014232, 40.503039999941045], [-124.22068699972495, 40.50367300024896], [-124.22128400029986, 40.5044969997438]]}, "properties": {"fault_name": "Russ fault zone", "section_name": "", "class": "A"}}, {"type": "Feature", "geometry": {"type": "LineString", "coordinates": [[-124.17766699967041, 40.4952780000267], [-124.17954299998726, 40.49567399976871], [-124.18391300021392, 40.49628199968827], [-124.18609900015215, 40.49661599982287]]}, "properties": {"fault_name": "Russ fault zone", "section_name": "", "class": "A"}}, {"type": "Feature", "geometry": {"type": "LineString", "coordinates": [[-124.14698300016897, 40.475079000269574], [-124.14910100033518, 40.47600800004319], [-124.15183799991921, 40.476753000314524]]}, "properties": {"fault_name": "Russ fault zone", "section_name": "", "class": "A"}}, {"type": "Feature", "geometry": {"type": "LineString", "coordinates": [[-124.10907899998057, 40.476792000163414], [-124.11181999976259, 40.47777399978948]]}, "properties": {"fault_name": "Russ fault zone", "section_name": "", "class": "A"}}, {"type": "Feature", "geometry": {"type": "LineString", "coordinates": [[-124.02237400042283, 40.43987700004497], [-124.02706900033951, 40.44131399975742], [-124.03090399991558, 40.44258200026786], [-124.03223400060946, 40.44298400031141], [-124.03553500025815, 40.44491200027806], [-124.0407959998893, 40.44771199975324], [-124.04394099990235, 40.44964199965904], [-124.04613699988634, 40.450570999242316], [-124.04856599860052, 40.45155599970052], [-124.05185700000008, 40.45283000009399], [-124.05451900013941, 40.453753999832614], [-124.05701800007212, 40.45420300030345], [-124.05912299981951, 40.45436000002807], [-124.0607639999597, 40.45469899973657], [-124.06287499955488, 40.455271999698425], [-124.0653030002408, 40.45613699973699]]}, "properties": {"fault_name": "Russ fault zone", "section_name": "", "class": "A"}}, {"type": "Feature", "geometry": {"type": "LineString", "coordinates": [[-123.98331399961779, 40.41699199868052], [-123.98939399958167, 40.421266999913776]]}, "properties": {"fault_name": "Russ fault zone", "section_name": "", "class": "A"}}, {"type": "Feature", "geometry": {"type": "LineString", "coordinates": [[-123.98203200040109, 40.42207500012828], [-123.9846860001445, 40.42236300000502], [-123.9864810002705, 40.42253500030266], [-123.98827899987124, 40.42306500005269]]}, "properties": {"fault_name": "Russ fault zone", "section_name": "", "class": "A"}}, {"type": "Feature", "geometry": {"type": "LineString", "coordinates": [[-123.95983299928827, 40.41547500013172], [-123.96108799963909, 40.416306998775354], [-123.96234599856635, 40.41675899877952], [-123.96273000140087, 40.416897000218455], [-123.96585500042413, 40.417661000149366], [-123.96921399979914, 40.41836399990532], [-123.9725699996994, 40.41882800034108], [-123.97405500020399, 40.41918100031862], [-123.97663600015244, 40.42012600002716]]}, "properties": {"fault_name": "Russ fault zone", "section_name": "", "class": "A"}}, {"type": "Feature", "geometry": {"type": "LineString", "coordinates": [[-123.95208799979306, 40.41240100004538], [-123.95552900008217, 40.41358199986836]]}, "properties": {"fault_name": "Russ fault zone", "section_name": "", "class": "A"}}, {"type": "Feature", "geometry": {"type": "LineString", "coordinates": [[-123.92860399998881, 40.40144600124646], [-123.92954599944687, 40.402158999943055], [-123.93112699931265, 40.40472100016648], [-123.93238800040956, 40.40632899994771], [-123.93293900005538, 40.406924000222105]]}, "properties": {"fault_name": "Russ fault zone", "section_name": "", "class": "A"}}, {"type": "Feature", "geometry": {"type": "LineString", "coordinates": [[-123.89913800012997, 40.33803699995607], [-123.90094599977644, 40.339642999681786], [-123.90243799995376, 40.34083100027959], [-123.9040830002919, 40.341721000013905], [-123.91651699985603, 40.346210000175134]]}, "properties": {"fault_name": "Russ fault zone", "section_name": "", "class": "A"}}, {"type": "Feature", "geometry": {"type": "LineString", "coordinates": [[-123.85741799973377, 40.33722400123649], [-123.86063300006705, 40.339242000268776], [-123.86321899914006, 40.34078400023728], [-123.86572499964375, 40.34208799876162]]}, "properties": {"fault_name": "Russ fault zone", "section_name": "", "class": "A"}}, {"type": "Feature", "geometry": {"type": "LineString", "coordinates": [[-123.79002000009746, 40.2783609997732], [-123.79251599965711, 40.27847100022432]]}, "properties": {"fault_name": "Russ fault zone", "section_name": "", "class": "A"}}, {"type": "Feature", "geometry": {"type": "LineString", "coordinates": [[-124.28104700004582, 40.51019899984017], [-124.28323700018203, 40.51011900024462], [-124.28542800014314, 40.51015899971285], [-124.28754399976118, 40.51037899977653], [-124.29028899974118, 40.51071200019488], [-124.29357900041752, 40.510980999688464], [-124.2956909998376, 40.51096100020248], [-124.29748799961344, 40.51076600029149], [-124.29912799992874, 40.51057099981352], [-124.30130899984411, 40.50995399928331], [-124.30318299961283, 40.50975700007915], [-124.30599500043827, 40.50943300011912], [-124.30896500144746, 40.50922599972353], [-124.31239700061742, 40.508537000300805], [-124.31356599985622, 40.50822799996952], [-124.31552099981579, 40.50821000017154], [-124.31833699994088, 40.508123998717736], [-124.32060200042015, 40.50786400000523], [-124.32472499987632, 40.50639199979349]]}, "properties": {"fault_name": "Russ fault zone", "section_name": "", "class": "A"}}, {"type": "Feature", "geometry": {"type": "LineString", "coordinates": [[-124.24287500006882, 40.50031600029477], [-124.24703499933489, 40.500456999694585], [-124.25198599934463, 40.500890999775606], [-124.25741000008068, 40.50162099966637], [-124.26401200027634, 40.5023389998043], [-124.26951799923154, 40.50330699881497], [-124.27494799981538, 40.504275000249464], [-124.27691700001866, 40.504795999867554], [-124.27810200004926, 40.505324999868684]]}, "properties": {"fault_name": "Russ fault zone", "section_name": "", "class": "A"}}, {"type": "Feature", "geometry": {"type": "LineString", "coordinates": [[-124.1814770000304, 40.48464800015926], [-124.18602700018215, 40.486739999704724]]}, "properties": {"fault_name": "Russ fault zone", "section_name": "", "class": "A"}}, {"type": "Feature", "geometry": {"type": "LineString", "coordinates": [[-124.11181999976259, 40.47777399978948], [-124.11307299956529, 40.47823699986468], [-124.11674699858457, 40.4790899999888], [-124.1190920003281, 40.479659999968206], [-124.12166800025369, 40.48004900003355], [-124.12377700019907, 40.48044300016275], [-124.12534000141979, 40.48078400007615], [-124.12682599995266, 40.481184001203374], [-124.12815900012127, 40.481764999765495], [-124.12996599994285, 40.48281699970497], [-124.13247600064452, 40.48397999933611], [-124.13419800007728, 40.48455699996574], [-124.13716700036325, 40.485118999977544], [-124.14021399956873, 40.48568200031514], [-124.14365100055817, 40.486358999330136], [-124.14669599921547, 40.48686200069805], [-124.14841599989673, 40.48725999999994], [-124.1513140000376, 40.488359999699064], [-124.15563099966252, 40.49051499992152], [-124.1579820003555, 40.4915019997818], [-124.16150700031015, 40.49283299873292], [-124.16495199989888, 40.49398599981119], [-124.1669860003995, 40.49461900016055], [-124.17049499956234, 40.49487899966176], [-124.17462700013762, 40.49507300125016], [-124.1769639996886, 40.49510700016082], [-124.17766699967041, 40.4952780000267]]}, "properties": {"fault_name": "Russ fault zone", "section_name": "", "class": "A"}}, {"type": "Feature", "geometry": {"type": "LineString", "coordinates": [[-124.11849899995117, 40.471396001322326], [-124.12030199957478, 40.4721509998685], [-124.12280300005563, 40.472718999789485], [-124.12592100030452, 40.472923999879214], [-124.12817900021278, 40.472900000274386], [-124.13121500044589, 40.47274900005839], [-124.13385999996845, 40.47260100015077]]}, "properties": {"fault_name": "Russ fault zone", "section_name": "", "class": "A"}}, {"type": "Feature", "geometry": {"type": "LineString", "coordinates": [[-124.0653030002408, 40.45613699973699], [-124.06827800037455, 40.4571179999828], [-124.07218900011858, 40.458265000213764], [-124.07383100008371, 40.45866400018998], [-124.07547499969864, 40.45924200030903], [-124.07664899985863, 40.45958599976237], [-124.0782859998009, 40.459687999790255], [-124.08117199934787, 40.4598949999135], [-124.08437400016066, 40.46045600001255], [-124.08577799957611, 40.46061999973403], [-124.08695099991117, 40.46096400033307], [-124.08859600024934, 40.461541999801035], [-124.0918190000802, 40.46347099968589], [-124.09772999998967, 40.468048999746514], [-124.10199200026132, 40.47175100027497], [-124.10530399978063, 40.47445199988398], [-124.10672399998792, 40.47562700025281], [-124.10782600017788, 40.4763289996896], [-124.10907899998057, 40.476792000163414]]}, "properties": {"fault_name": "Russ fault zone", "section_name": "", "class": "A"}}, {"type": "Feature", "geometry": {"type": "LineString", "coordinates": [[-123.99997800056482, 40.428153000176216], [-124.00311000015908, 40.42969400005011], [-124.01027900079242, 40.43334199970032], [-124.01342199935904, 40.435152999815905], [-124.01727199990204, 40.43731400004957], [-124.02088500061856, 40.43929800128651], [-124.02237400042283, 40.43987700004497]]}, "properties": {"fault_name": "Russ fault zone", "section_name": "", "class": "A"}}, {"type": "Feature", "geometry": {"type": "LineString", "coordinates": [[-123.98939399958167, 40.421266999913776], [-123.99387299958828, 40.42537099994502], [-123.99583199974582, 40.42649799967223], [-123.99997800056482, 40.428153000176216]]}, "properties": {"fault_name": "Russ fault zone", "section_name": "", "class": "A"}}, {"type": "Feature", "geometry": {"type": "LineString", "coordinates": [[-123.98827899987124, 40.42306500005269], [-123.99387299958828, 40.42537099994502]]}, "properties": {"fault_name": "Russ fault zone", "section_name": "", "class": "A"}}, {"type": "Feature", "geometry": {"type": "LineString", "coordinates": [[-123.97663600015244, 40.42012600002716], [-123.97835899941012, 40.42107500019623], [-123.98007999991627, 40.42178400020432], [-123.98203200040109, 40.42207500012828]]}, "properties": {"fault_name": "Russ fault zone", "section_name": "", "class": "A"}}, {"type": "Feature", "geometry": {"type": "LineString", "coordinates": [[-123.93092200017152, 40.38978899987898], [-123.94047199983846, 40.394229000058964], [-123.94344500032241, 40.395351999883154], [-123.94610699956343, 40.39665499984262], [-123.94743999973204, 40.39754500018671], [-123.94970600003624, 40.39819300027086], [-123.95189399962429, 40.39878200026794], [-123.9531459996021, 40.39931400000713], [-123.95663399974684, 40.400656000168496], [-123.9574480000567, 40.400969000191694], [-123.96019200021179, 40.402570999964], [-123.96316899999537, 40.40429100001042], [-123.96692800030176, 40.40618699983477], [-123.96739799975671, 40.40648399985903]]}, "properties": {"fault_name": "Russ fault zone", "section_name": "", "class": "A"}}, {"type": "Feature", "geometry": {"type": "LineString", "coordinates": [[-123.96019200021179, 40.402570999964], [-123.9615939999774, 40.40244600012284], [-123.96323199974454, 40.40255799979433], [-123.96471600042426, 40.40279100029733], [-123.96573300022541, 40.40326499974746], [-123.96667699933326, 40.404156999775864], [-123.96691999990585, 40.40523099981312], [-123.96692800030176, 40.40618699983477]]}, "properties": {"fault_name": "Russ fault zone", "section_name": "", "class": "A"}}, {"type": "Feature", "geometry": {"type": "LineString", "coordinates": [[-123.9477669999702, 40.39939600130331], [-123.94996799997708, 40.40153699978021], [-123.95217499983171, 40.40427599930318], [-123.95619899955366, 40.40987499975939], [-123.95879699922055, 40.412850999682824], [-123.96273000140087, 40.416897000218455]]}, "properties": {"fault_name": "Russ fault zone", "section_name": "", "class": "A"}}, {"type": "Feature", "geometry": {"type": "LineString", "coordinates": [[-123.82473200041713, 40.33520699979998], [-123.82857799986382, 40.338178000248085], [-123.8330590004186, 40.34252099988641], [-123.83526000042545, 40.3446019987204], [-123.83753400022724, 40.34614599995391], [-123.84294099944825, 40.34941000021846], [-123.84709899996281, 40.3524390003073], [-123.85103399999628, 40.356663999942924], [-123.85631100041927, 40.362853998698434], [-123.85858900041902, 40.36487600025832], [-123.86070699968688, 40.366480000273526], [-123.86172699986109, 40.367132999951856], [-123.86321499984041, 40.368023000292716], [-123.86643699984637, 40.37087699971929], [-123.86887400075311, 40.37319699972489], [-123.87106900001388, 40.37456200021503], [-123.87427799960105, 40.37610199980693], [-123.87756599972927, 40.377700999839305], [-123.88062399970367, 40.37965999998315], [-123.88406699964261, 40.38119900031776], [-123.88696200030874, 40.38238200030004], [-123.88962000025006, 40.38320799980207], [-123.89188699858255, 40.38385500128829], [-123.89376600017077, 40.38474400004466], [-123.89893899993835, 40.38788900009786], [-123.90709799971032, 40.39382899985584]]}, "properties": {"fault_name": "Russ fault zone", "section_name": "", "class": "A"}}, {"type": "Feature", "geometry": {"type": "LineString", "coordinates": [[-123.87798000000606, 40.32540100025525], [-123.88471600009602, 40.32907699981453], [-123.88981400041884, 40.332520999945196], [-123.8938100005517, 40.33489400031676], [-123.89913800012997, 40.33803699995607]]}, "properties": {"fault_name": "Russ fault zone", "section_name": "", "class": "A"}}, {"type": "Feature", "geometry": {"type": "LineString", "coordinates": [[-123.88370299959453, 40.36578899983007], [-123.88528699983333, 40.3686500003386], [-123.88758400009965, 40.37300100026216], [-123.88948000140633, 40.375860999324466]]}, "properties": {"fault_name": "Russ fault zone", "section_name": "", "class": "A"}}, {"type": "Feature", "geometry": {"type": "LineString", "coordinates": [[-123.79251599965711, 40.27847100022432], [-123.79391900014593, 40.278404999700975], [-123.79477899958823, 40.278640000170014], [-123.79806899936627, 40.280539000205316], [-123.81077200034053, 40.28890900020393], [-123.82159800027472, 40.29674900023805], [-123.82426700008669, 40.298828998770006], [-123.82709599973226, 40.30144599984265], [-123.83016599940228, 40.30489799994177]]}, "properties": {"fault_name": "Russ fault zone", "section_name": "", "class": "A"}}, {"type": "Feature", "geometry": {"type": "LineString", "coordinates": [[-124.26268499995548, 40.51174200018307], [-124.26424400007994, 40.51136900001008], [-124.26564900021859, 40.51117700020899], [-124.26729000035881, 40.51104300126705], [-124.26940199977889, 40.51102299975066]]}, "properties": {"fault_name": "Russ fault zone", "section_name": "", "class": "A"}}, {"type": "Feature", "geometry": {"type": "LineString", "coordinates": [[-124.25420799926789, 40.51510699973455], [-124.25614999970695, 40.51419299968133]]}, "properties": {"fault_name": "Russ fault zone", "section_name": "", "class": "A"}}, {"type": "Feature", "geometry": {"type": "LineString", "coordinates": [[-124.22128400029986, 40.5044969997438], [-124.22205800042676, 40.50539400021458], [-124.22394100041629, 40.50692600121117], [-124.22616200141294, 40.508453999677506], [-124.22906300013024, 40.51016999980144], [-124.23127500000777, 40.51118299873841], [-124.23373899978034, 40.51199900068246], [-124.23577899923042, 40.51275499995955], [-124.23790499979252, 40.51363900075612], [-124.24045500067714, 40.51458399999392], [-124.243085999956, 40.515334001334814], [-124.24554700025386, 40.51602100030396], [-124.24766500042004, 40.516387999755345], [-124.24969200034964, 40.51630499997146], [-124.25137900141894, 40.51609600071057], [-124.2527240003848, 40.51563199978093]]}, "properties": {"fault_name": "Russ fault zone", "section_name": "", "class": "A"}}, {"type": "Feature", "geometry": {"type": "LineString", "coordinates": [[-124.18609900015215, 40.49661599982287], [-124.18758200010863, 40.496778999957776], [-124.18883200043659, 40.497062999825026], [-124.19102199967449, 40.49763400026384], [-124.19336900016953, 40.49838299984279], [-124.19493800033973, 40.4990800001377], [-124.19976600032581, 40.50057500023379], [-124.20408600032376, 40.50117999871919], [-124.20670999992993, 40.50141499976442]]}, "properties": {"fault_name": "Russ fault zone", "section_name": "", "class": "A"}}, {"type": "Feature", "geometry": {"type": "LineString", "coordinates": [[-124.15183799991921, 40.476753000314524], [-124.15597999964196, 40.47766000025804], [-124.16051300007524, 40.47874300029033], [-124.16356200072717, 40.47948400028003], [-124.16653199993974, 40.480165999917894], [-124.16793700007838, 40.48038900025406], [-124.16996199856153, 40.48036700124045], [-124.17231300015284, 40.48129400032684], [-124.1814770000304, 40.48464800015926]]}, "properties": {"fault_name": "Russ fault zone", "section_name": "", "class": "A"}}, {"type": "Feature", "geometry": {"type": "LineString", "coordinates": [[-124.13385999996845, 40.47260100015077], [-124.13565000007159, 40.47252299966185], [-124.13775300016916, 40.47250100012084], [-124.13876599977236, 40.47254900029049], [-124.13978099992367, 40.47271700027223], [-124.14095199971061, 40.47288300032134], [-124.14416299984589, 40.47403900030815], [-124.14698300016897, 40.475079000269574]]}, "properties": {"fault_name": "Russ fault zone", "section_name": "", "class": "A"}}, {"type": "Feature", "geometry": {"type": "LineString", "coordinates": [[-123.96739799975671, 40.40648399985903], [-123.96912700065882, 40.40808999985912], [-123.9710089999251, 40.40933699992816], [-123.97343800043595, 40.410820000214834], [-123.97531800005245, 40.41188800007113], [-123.9776670001973, 40.412953000185404], [-123.97860500035571, 40.41327799999129], [-123.97915300142512, 40.41357400023121], [-123.97939000035328, 40.413871999753546], [-123.97958699999676, 40.41417000000811], [-123.98009799856132, 40.414676000116415], [-123.98111900035703, 40.41550799974858], [-123.98331399961779, 40.41699199868052]]}, "properties": {"fault_name": "Russ fault zone", "section_name": "", "class": "A"}}, {"type": "Feature", "geometry": {"type": "LineString", "coordinates": [[-123.95552900008217, 40.41358199986836], [-123.95678000023501, 40.41399499968119], [-123.95881500056053, 40.414942000285656], [-123.95983299928827, 40.41547500013172]]}, "properties": {"fault_name": "Russ fault zone", "section_name": "", "class": "A"}}, {"type": "Feature", "geometry": {"type": "LineString", "coordinates": [[-123.93293900005538, 40.406924000222105], [-123.9353609999952, 40.40751099966683], [-123.94231800001809, 40.4095740002783], [-123.94903999986437, 40.41145799987587], [-123.95208799979306, 40.41240100004538]]}, "properties": {"fault_name": "Russ fault zone", "section_name": "", "class": "A"}}, {"type": "Feature", "geometry": {"type": "LineString", "coordinates": [[-123.90709799971032, 40.39382899985584], [-123.90850899969679, 40.39471899924178], [-123.90975900002472, 40.39501299991333], [-123.91069800000805, 40.395427000330045], [-123.91218300141098, 40.39589899988433], [-123.91319899959058, 40.39613399991727], [-123.91468100062045, 40.39624700003991], [-123.91632100003746, 40.3965989999088], [-123.9181980001792, 40.397247999717116], [-123.92093800013633, 40.398489999992364], [-123.92375599991124, 40.399792998741205], [-123.9261810002241, 40.400679000117]]}, "properties": {"fault_name": "Russ fault zone", "section_name": "", "class": "A"}}, {"type": "Feature", "geometry": {"type": "LineString", "coordinates": [[-123.86572499964375, 40.34208799876162], [-123.86651100036454, 40.34292100071546], [-123.8673779985812, 40.343993000251565], [-123.86824900058912, 40.34560200007176], [-123.86960299977585, 40.348941999677116], [-123.87063700019377, 40.35138599971359], [-123.87127100057857, 40.352578000266995], [-123.87190300041523, 40.35353099968163], [-123.87276799988042, 40.35436500011991], [-123.87402299933291, 40.35531499988686], [-123.87504400023035, 40.35614699991979], [-123.87740599989567, 40.35882499969466], [-123.87929599955793, 40.360967999761], [-123.88157699993072, 40.363287999995144], [-123.88370299959453, 40.36578899983007]]}, "properties": {"fault_name": "Russ fault zone", "section_name": "", "class": "A"}}, {"type": "Feature", "geometry": {"type": "LineString", "coordinates": [[-123.82805799928181, 40.31656599968089], [-123.82903499979834, 40.31718199991236], [-123.83163199964031, 40.31816300009435], [-123.83271200008895, 40.31836500005462], [-123.83457099978908, 40.318620001196265], [-123.8366019999166, 40.3191490003401], [-123.83949599985952, 40.32021199974647], [-123.84153000036011, 40.320860999691256], [-123.84395499977465, 40.321807000322956], [-123.84630399991951, 40.3230519999716], [-123.84810799936801, 40.32429899976577], [-123.85039099939065, 40.32685800006312], [-123.85291600016092, 40.330372000228664], [-123.85378099962611, 40.33132499975326], [-123.8559069992899, 40.33376500011101], [-123.85685299984425, 40.33501600025737], [-123.85725399970224, 40.336328001303485], [-123.85741799973377, 40.33722400123649]]}, "properties": {"fault_name": "Russ fault zone", "section_name": "", "class": "A"}}, {"type": "Feature", "geometry": {"type": "LineString", "coordinates": [[-123.78042900042263, 40.273170999816976], [-123.78477600018476, 40.27593399981235], [-123.78673599926891, 40.27724000008585], [-123.78814399978062, 40.27783099995084], [-123.79002000009746, 40.2783609997732]]}, "properties": {"fault_name": "Russ fault zone", "section_name": "", "class": "A"}}, {"type": "Feature", "geometry": {"type": "LineString", "coordinates": [[-124.3602760006202, 40.35283499982202], [-124.36887799918465, 40.35000699992556]]}, "properties": {"fault_name": "North Fork Road thrust fault zone", "section_name": "", "class": "A"}}, {"type": "Feature", "geometry": {"type": "LineString", "coordinates": [[-124.29102300058342, 40.36737600007847], [-124.29259299968021, 40.36813300120294]]}, "properties": {"fault_name": "North Fork Road thrust fault zone", "section_name": "", "class": "A"}}, {"type": "Feature", "geometry": {"type": "LineString", "coordinates": [[-124.32081700140364, 40.370032999730434], [-124.32314900003341, 40.36977000118568], [-124.32564100029344, 40.36974399981387], [-124.32781899983578, 40.36954199965973], [-124.33108200074791, 40.369031000114205], [-124.3334119997279, 40.368589999951304], [-124.33597000011014, 40.36778899999915], [-124.33836299973761, 40.36639500005231], [-124.34229100009841, 40.36349799984022], [-124.35131699988374, 40.357869000194846], [-124.35417000071708, 40.35593400007202], [-124.35656400016946, 40.354541000184696], [-124.3602760006202, 40.35283499982202]]}, "properties": {"fault_name": "North Fork Road thrust fault zone", "section_name": "", "class": "A"}}, {"type": "Feature", "geometry": {"type": "LineString", "coordinates": [[-124.34816699984779, 40.314768000058514], [-124.3452240003994, 40.31586999996061], [-124.34251799987915, 40.31720800031887], [-124.33997000044096, 40.318663000262426], [-124.33835100004205, 40.3197510012905], [-124.33727700033953, 40.32083400004486]]}, "properties": {"fault_name": "North Fork Road thrust fault zone", "section_name": "", "class": "A"}}, {"type": "Feature", "geometry": {"type": "LineString", "coordinates": [[-124.33614199963928, 40.322987999698455], [-124.33354800017034, 40.326524999921666]]}, "properties": {"fault_name": "North Fork Road thrust fault zone", "section_name": "", "class": "A"}}, {"type": "Feature", "geometry": {"type": "LineString", "coordinates": [[-124.15120899955727, 40.28521400013528], [-124.15474800065398, 40.287496999681395], [-124.15828899960384, 40.28983899972581], [-124.1641830006932, 40.29328599969886]]}, "properties": {"fault_name": "North Fork Road thrust fault zone", "section_name": "", "class": "A"}}, {"type": "Feature", "geometry": {"type": "LineString", "coordinates": [[-124.30237800042211, 40.320432001216105], [-124.30410700042587, 40.32142500018663], [-124.30520399969464, 40.32188900006323], [-124.30614199985307, 40.32205699970455], [-124.30754199996886, 40.321982999726536], [-124.30909600007041, 40.321729000277095], [-124.31072599944167, 40.32135399869312], [-124.31196900009694, 40.32116299966817], [-124.31344900057866, 40.32114699967155], [-124.31477500017628, 40.321310999971], [-124.31587299926997, 40.321775999894044], [-124.31783300015074, 40.32264700016316], [-124.31979000065843, 40.32322100006946], [-124.3215840000612, 40.32343999865912], [-124.32407700014612, 40.32347300022384], [-124.32524499955998, 40.32340100027572], [-124.3274969996205, 40.32302000018508], [-124.33316600057894, 40.32188900006323]]}, "properties": {"fault_name": "North Fork Road thrust fault zone", "section_name": "", "class": "A"}}, {"type": "Feature", "geometry": {"type": "LineString", "coordinates": [[-124.29725199961187, 40.32132000024733], [-124.29728200064743, 40.323342001326345], [-124.29760700033745, 40.32417100015361], [-124.2981610003563, 40.32476099994249], [-124.29941900018187, 40.32558000023592], [-124.30083500019119, 40.32645700000338], [-124.30177599982436, 40.32692299996285], [-124.30255799944884, 40.32709299982611], [-124.30372799941084, 40.32720000010863], [-124.30482200010321, 40.32748500007831], [-124.30568499991857, 40.327892999879595], [-124.30631200063068, 40.32812400004826], [-124.30763900005321, 40.32828799983338], [-124.30896400072425, 40.328393001261304], [-124.310213000329, 40.32855900008746], [-124.31115199941402, 40.32884599879861], [-124.31193699941157, 40.329253999960166], [-124.31279799957711, 40.32954300017516], [-124.31413500084203, 40.33030199974956], [-124.31523299993569, 40.33082600004727], [-124.31688999996943, 40.3322949987207], [-124.31807100070041, 40.33305599977578], [-124.31869599996607, 40.33316900023549], [-124.31955200010876, 40.333158999705525], [-124.320640000055, 40.33296900031098], [-124.32218300028593, 40.33200099966747], [-124.3234950014365, 40.331213999930526], [-124.3242710003149, 40.33102699928573], [-124.32583000043932, 40.331128999763926], [-124.32785399999584, 40.331047998732124], [-124.3287079995904, 40.33092000027667], [-124.32956000043339, 40.33061400017118], [-124.33010400040654, 40.33048899966404], [-124.33205000014524, 40.3304680000437]]}, "properties": {"fault_name": "North Fork Road thrust fault zone", "section_name": "", "class": "A"}}, {"type": "Feature", "geometry": {"type": "LineString", "coordinates": [[-124.32969799962734, 40.34982999876428], [-124.3297289995895, 40.3569089996989]]}, "properties": {"fault_name": "North Fork Road thrust fault zone", "section_name": "", "class": "A"}}, {"type": "Feature", "geometry": {"type": "LineString", "coordinates": [[-124.31151800001022, 40.352759999874614], [-124.3133829995581, 40.352501999856656], [-124.31625399993479, 40.35181700033712], [-124.31756500036211, 40.35097000001917], [-124.31834199996375, 40.35084299985133], [-124.32006000009684, 40.351122000099686], [-124.32083900024662, 40.351113999887794], [-124.32192299999491, 40.350744999865576], [-124.32409100038983, 40.34988899988763], [-124.32517799961285, 40.349698999682744], [-124.32915000035456, 40.34965700006965]]}, "properties": {"fault_name": "North Fork Road thrust fault zone", "section_name": "", "class": "A"}}, {"type": "Feature", "geometry": {"type": "LineString", "coordinates": [[-124.3014970001651, 40.349475000303], [-124.30275099979272, 40.34987800025066], [-124.30526200031927, 40.35110100005494], [-124.30660000140911, 40.352038999785194], [-124.30912300073292, 40.35403500132747], [-124.31054200021697, 40.35520999996523], [-124.3114810002003, 40.355437999997825], [-124.3130379997766, 40.355420999778794], [-124.31381899957621, 40.35559099972255], [-124.31672900031094, 40.35740499990486], [-124.31813899957416, 40.3579250001555], [-124.31915399972547, 40.35809299975847], [-124.32000999986813, 40.358083000184976], [-124.32063900023007, 40.35843400020788], [-124.32245400044755, 40.36002099975208], [-124.32363100008229, 40.36048399977694], [-124.32744700029008, 40.36050200014685]]}, "properties": {"fault_name": "North Fork Road thrust fault zone", "section_name": "", "class": "A"}}, {"type": "Feature", "geometry": {"type": "LineString", "coordinates": [[-124.29259299968021, 40.36813300120294], [-124.29446800017215, 40.36852900025563], [-124.29673299975309, 40.36897999877635], [-124.29985300144845, 40.369244000332735], [-124.30102000013912, 40.36917299987844], [-124.30218599990317, 40.36904100011702], [-124.30366599858826, 40.36902499983804], [-124.30460099927195, 40.36907499984179], [-124.3056229999943, 40.36971899972258], [-124.30640700016693, 40.37000799974634], [-124.30812100010209, 40.37004899977015], [-124.31099999997635, 40.36989899976216], [-124.31279399937914, 40.37005900030633], [-124.31521399966913, 40.37038999996953], [-124.3173169997667, 40.370367999854224], [-124.31972799983585, 40.37016299977187], [-124.32081700140364, 40.370032999730434]]}, "properties": {"fault_name": "North Fork Road thrust fault zone", "section_name": "", "class": "A"}}, {"type": "Feature", "geometry": {"type": "LineString", "coordinates": [[-124.26534899974462, 40.32844200004554], [-124.26748000032963, 40.33026399967434], [-124.26818900015917, 40.33085099880974], [-124.26866499856361, 40.331380999841286], [-124.26890900075773, 40.33209300003995], [-124.26938800043352, 40.33285999933557], [-124.2700200002702, 40.33344800031778], [-124.27135399936543, 40.33408999996229], [-124.27260700006644, 40.33455099978455], [-124.27315800061056, 40.334901999713445], [-124.27339799991177, 40.33531699878574], [-124.273716999754, 40.335788999693946], [-124.27450400029969, 40.336315999722686], [-124.27560000064184, 40.33672099968281], [-124.27653699917876, 40.336889000068815], [-124.27700700043032, 40.3370629997342], [-124.27756099955091, 40.33759200019523], [-124.27803799957687, 40.33824199981241], [-124.27812799998856, 40.33907400026389], [-124.27883899856964, 40.33972100025204], [-124.27970499965636, 40.34030600131211], [-124.28119400035891, 40.34088599966112], [-124.28291799944148, 40.34158099993381], [-124.28433599999893, 40.34257799990813], [-124.28519899981428, 40.34298499988855], [-124.28605699960677, 40.34309500125672], [-124.28667899939768, 40.343029000183456], [-124.28738499975255, 40.34337799988776], [-124.29600599858357, 40.34685599992834]]}, "properties": {"fault_name": "North Fork Road thrust fault zone", "section_name": "", "class": "A"}}, {"type": "Feature", "geometry": {"type": "LineString", "coordinates": [[-124.1641830006932, 40.29328599969886], [-124.16489400017258, 40.2939929997194], [-124.16521800003768, 40.29476299989488], [-124.16555200084684, 40.296186999843925], [-124.1659799995707, 40.29874100012407], [-124.16631300055492, 40.30010599975314], [-124.16703499990498, 40.301525999835526], [-124.16766900028979, 40.30223299996182], [-124.16837800011936, 40.302760999823036], [-124.16886000016822, 40.30370799871779], [-124.16904799959086, 40.305848000257], [-124.1693740000041, 40.30679599988803], [-124.16992800002298, 40.30732600002976], [-124.171654000552, 40.30819899999059], [-124.17298499927418, 40.30860099972345], [-124.17485699939307, 40.30881999983899], [-124.18046400042725, 40.3087600003378], [-124.18155800022127, 40.308986000213494], [-124.1845390002028, 40.31044200002058], [-124.18689299857392, 40.31154700026244], [-124.18845699961958, 40.312007001210624], [-124.18994299994907, 40.31240700002425], [-124.19119600065008, 40.312751000150435], [-124.1923679993636, 40.31303600015828], [-124.19369899988243, 40.31349800000948], [-124.19495400023325, 40.314019999801154], [-124.19566200023792, 40.31448800010466], [-124.19763000061626, 40.31589499878263], [-124.19873199990789, 40.31665699983536], [-124.20014700009231, 40.31747499980474], [-124.2023430000763, 40.318523000287236], [-124.20462000025114, 40.31968799992138], [-124.20682099935969, 40.32103299967138], [-124.20948900024513, 40.32237300032682], [-124.21176899989466, 40.32371699871599], [-124.21349700007353, 40.32470999867736], [-124.21428299989599, 40.32517700032237], [-124.21530199934698, 40.32558300127985], [-124.21608800006774, 40.32605000030931], [-124.21656199972067, 40.32652099972694], [-124.2167269995771, 40.327114999680404], [-124.21675199969147, 40.32872099981061], [-124.21726900079872, 40.331928000116335], [-124.21761500040512, 40.33418500020261], [-124.2178609995541, 40.33501600025737], [-124.2183390003033, 40.33572400011596], [-124.21920799996644, 40.336488999766416], [-124.22007099978183, 40.336896000189974], [-124.2214020003006, 40.33735799973138], [-124.2231949998785, 40.33745800011083], [-124.22802700006251, 40.337704000194485], [-124.22974199982258, 40.33780499977144], [-124.23052599999521, 40.338153000091566], [-124.23115600018205, 40.338621999869346], [-124.23171100002583, 40.339212000005105], [-124.23242100057864, 40.33985799967469], [-124.23336399986164, 40.34038399974645], [-124.23469399965721, 40.34078600025429], [-124.2364950014276, 40.34142199992575], [-124.23954900030577, 40.34245999988193], [-124.2417489995894, 40.343744999891086], [-124.24292799977228, 40.34444699880317], [-124.24490199999842, 40.346210000175134], [-124.24680000005657, 40.348033999779986], [-124.24877099990965, 40.349618999940766], [-124.2501119995759, 40.35073600009027], [-124.25209, 40.35273699999268], [-124.25287800037061, 40.353324000090325], [-124.25475700016219, 40.3540180007547], [-124.25640300032529, 40.35465499971697], [-124.25874700044724, 40.35516600008636], [-124.26085800004243, 40.35567900026601], [-124.26265699856977, 40.35619500033251], [-124.26375600018332, 40.356777999993206], [-124.26525299858686, 40.357892999792504], [-124.26604300040391, 40.35865800131695], [-124.26660300027055, 40.359544000323325], [-124.26723400028231, 40.36007299971969], [-124.26817499991549, 40.3604789987987], [-124.2688040002774, 40.36083000003764], [-124.26975199958326, 40.361711999771394], [-124.27070399998539, 40.36289200026731], [-124.2718079998252, 40.363772999707415], [-124.27376799980763, 40.364585000135634], [-124.2772939995872, 40.36597499996276], [-124.27901300044354, 40.366373000001765], [-124.2802580007486, 40.366300999972765], [-124.28142299978946, 40.3661099988103], [-124.28258400042893, 40.365621000240566], [-124.28328100056295, 40.36531600009488], [-124.28436799978599, 40.36512600023778], [-124.28506999994288, 40.36517799968992], [-124.2860010004286, 40.36499000011211], [-124.28685500002311, 40.36480200069432], [-124.28755499963185, 40.36473600033025], [-124.28810299980294, 40.36490800004461], [-124.28827199985734, 40.36568000123597], [-124.28827999935493, 40.36627500000045], [-124.28859700044566, 40.366627999742526], [-124.29102300058342, 40.36737600007847]]}, "properties": {"fault_name": "North Fork Road thrust fault zone", "section_name": "", "class": "A"}}, {"type": "Feature", "geometry": {"type": "LineString", "coordinates": [[-124.14271200057482, 40.27965299999621], [-124.1453080005919, 40.28129000004177], [-124.14853700027052, 40.28363600133441], [-124.15120899955727, 40.28521400013528]]}, "properties": {"fault_name": "North Fork Road thrust fault zone", "section_name": "", "class": "A"}}, {"type": "Feature", "geometry": {"type": "LineString", "coordinates": [[-124.31409500065902, 40.225798999931534], [-124.31816399968852, 40.22706499983409], [-124.32451399998912, 40.22973400125041]]}, "properties": {"fault_name": "King Range thrust zone", "section_name": "", "class": "A"}}, {"type": "Feature", "geometry": {"type": "LineString", "coordinates": [[-124.25237599933196, 40.218601999803944], [-124.25728299985906, 40.21860999993761], [-124.26055300044393, 40.218514999747484], [-124.26280899980407, 40.21837199984559], [-124.26444400009647, 40.21829599998591], [-124.26560800021072, 40.217985999711566], [-124.26724099995499, 40.217790000191435], [-124.2704359992985, 40.21793400006216], [-124.27644599984046, 40.2187630003392], [-124.28268999983587, 40.21964800017374], [-124.28675100026605, 40.220379000198534], [-124.29026999857628, 40.221292999957335], [-124.29222799980724, 40.221986000138465], [-124.29481499960349, 40.22308899974032], [-124.29631500017669, 40.22438200000466], [-124.29733900144714, 40.22514499990254]]}, "properties": {"fault_name": "King Range thrust zone", "section_name": "", "class": "A"}}, {"type": "Feature", "geometry": {"type": "LineString", "coordinates": [[-124.09680500025004, 40.167604998744025], [-124.09961999965194, 40.16878599993195], [-124.10225699967688, 40.17046700021634], [-124.10423999922553, 40.17208399970746], [-124.10565299976011, 40.17306599979482], [-124.10734299940582, 40.17383199966645], [-124.10931299943401, 40.17459400023991]]}, "properties": {"fault_name": "King Range thrust zone", "section_name": "", "class": "A"}}, {"type": "Feature", "geometry": {"type": "LineString", "coordinates": [[-123.99629700007621, 40.01515800133577], [-124.00083800000709, 40.018477999747795]]}, "properties": {"fault_name": "King Range thrust zone", "section_name": "", "class": "A"}}, {"type": "Feature", "geometry": {"type": "LineString", "coordinates": [[-124.16830100012646, 40.23350800018716], [-124.17067299983756, 40.23381100023909], [-124.17200700072942, 40.23445100004367], [-124.17475300143262, 40.235731000022746], [-124.17710500015393, 40.23677699992531], [-124.17976700029323, 40.237701000187826], [-124.18133100044055, 40.23810000009682], [-124.18359199982356, 40.23825500067682], [-124.18600400061594, 40.23811000029981], [-124.18786900016381, 40.23785199966511], [-124.1900430004065, 40.2373530000284], [-124.19166599920672, 40.236562998726704], [-124.19274800020351, 40.236015999770494], [-124.19382899957876, 40.235408999673], [-124.19428899988631, 40.234928000115055], [-124.19443999860071, 40.23457000006694]]}, "properties": {"fault_name": "King Range thrust zone", "section_name": "", "class": "A"}}, {"type": "Feature", "geometry": {"type": "LineString", "coordinates": [[-124.1855300000647, 40.22303299974364], [-124.18777700010232, 40.223650001304115], [-124.19007099999561, 40.2246459999115], [-124.19049899961774, 40.22483200006985]]}, "properties": {"fault_name": "King Range thrust zone", "section_name": "", "class": "A"}}, {"type": "Feature", "geometry": {"type": "LineString", "coordinates": [[-124.09314600040106, 40.166147999994116], [-124.09680500025004, 40.167604998744025]]}, "properties": {"fault_name": "King Range thrust zone", "section_name": "", "class": "A"}}, {"type": "Feature", "geometry": {"type": "LineString", "coordinates": [[-124.00083800000709, 40.018477999747795], [-124.00459499976537, 40.02158199972848], [-124.00854300021766, 40.02360599875618], [-124.01024499955894, 40.02515500027517], [-124.01346900011302, 40.028682000157914], [-124.01574899976261, 40.03150600026394], [-124.0171719994446, 40.03305800011291], [-124.01802000008966, 40.03368999981366], [-124.01989200020857, 40.034169001246646], [-124.02222600028485, 40.03428600020808], [-124.0235289994179, 40.03413000131897], [-124.02519600039571, 40.03340000002075], [-124.02630899955801, 40.0330319999693], [-124.02742699964149, 40.03294899973563], [-124.03022400039832, 40.032990999907966], [-124.03227399989413, 40.032897000043285], [-124.03320399965665, 40.032744999709884], [-124.03486900008629, 40.03187300019311], [-124.03588699971233, 40.0313630012563], [-124.03662799932897, 40.031071000283156], [-124.03783899929887, 40.03098600018424], [-124.03877999983037, 40.031545999735506], [-124.03926099915596, 40.03253799879712], [-124.03927899959764, 40.033678000283096], [-124.03957499987364, 40.03474300026575], [-124.04015400000686, 40.036019000218594], [-124.04044699990983, 40.03694199974353], [-124.04046199997843, 40.03786699987169], [-124.04028799990115, 40.03872399975684], [-124.03983000014176, 40.03915599977047], [-124.03909399964971, 40.03980499980307], [-124.03807399857718, 40.040171999776845], [-124.03668200065397, 40.040685000157104], [-124.03566400012961, 40.041195000220334], [-124.03464899997827, 40.041918000233316], [-124.0342849999302, 40.0424910001027], [-124.0342159994349, 40.04398800033922], [-124.03451599990888, 40.04533799976703], [-124.03499499958467, 40.0461869987639], [-124.03661399998357, 40.04837800026981], [-124.03765900027213, 40.049647999765135], [-124.03832100024604, 40.05028199871533], [-124.03944900037526, 40.0509110002183], [-124.04020000003763, 40.05118800009743], [-124.04104500030964, 40.051606000087624], [-124.04189499970617, 40.0523090002285], [-124.0425589993299, 40.053085999692776], [-124.04294500001761, 40.0539360002964], [-124.0430990000034, 40.057851998793424], [-124.04342100021867, 40.06062599974839], [-124.04325700018714, 40.06205300029718], [-124.04243700002948, 40.06334299972641], [-124.0412689997173, 40.06620499965921], [-124.0403660006173, 40.06813700018787], [-124.03954499973639, 40.06935699966464], [-124.03928299979559, 40.07049900119477], [-124.03932800000143, 40.07341899966277], [-124.03972999968435, 40.0753380011968], [-124.04118599987662, 40.07902600076845], [-124.04475000018935, 40.086537999781136]]}, "properties": {"fault_name": "King Range thrust zone", "section_name": "", "class": "A"}}, {"type": "Feature", "geometry": {"type": "LineString", "coordinates": [[-124.29733900144714, 40.22514499990254], [-124.29960300030488, 40.2254779996838], [-124.30116300025423, 40.22564000033868], [-124.30419899958906, 40.225547999717946], [-124.30730800141373, 40.22509800029386], [-124.30909500024549, 40.22484099879237], [-124.31065199982181, 40.22482499999571], [-124.31182400033198, 40.224991000187536], [-124.31409500065902, 40.225798999931534]]}, "properties": {"fault_name": "King Range thrust zone", "section_name": "", "class": "A"}}, {"type": "Feature", "geometry": {"type": "LineString", "coordinates": [[-124.19007099999561, 40.2246459999115], [-124.1910929998196, 40.224490999732396], [-124.19256699955524, 40.224117999754824], [-124.19404200001411, 40.223805000663944], [-124.19520600012832, 40.22355499995025], [-124.19621700008169, 40.22342500011987], [-124.19754000020457, 40.22335099982007], [-124.19917700014682, 40.22345300030491], [-124.20027000011598, 40.223619999771884], [-124.20214499970959, 40.22401600027133], [-124.20426100022596, 40.22488599993165], [-124.2063779996689, 40.22581599986594], [-124.20747400001109, 40.226160999670036], [-124.20872300141244, 40.22638599999718], [-124.20957899975848, 40.22631700013177], [-124.2108960000336, 40.22588700023162], [-124.21244199973924, 40.22509700028723], [-124.21383400035742, 40.2244280000936], [-124.2148389995647, 40.22394100127931], [-124.2156919993343, 40.22369399977779], [-124.21654700144867, 40.22350599986408], [-124.21794699976782, 40.223491000096544], [-124.219747000815, 40.22406700003227], [-124.22130799969096, 40.22417000014521], [-124.22309600014428, 40.223971999949086], [-124.22410600027273, 40.223842000233034], [-124.22481000007943, 40.224013000203456], [-124.22613900005008, 40.22435600023875], [-124.22684299985679, 40.22452600026848], [-124.22777500016744, 40.22433899993799], [-124.22846200025572, 40.22343899987086], [-124.22922699926346, 40.22253800014868], [-124.22983999973185, 40.221876999809766], [-124.23045599967503, 40.22139500011119], [-124.23138299996278, 40.220909000139265], [-124.23246599988617, 40.22042200003507], [-124.23401700141133, 40.21998900019554], [-124.23564799970917, 40.219732999975655], [-124.23790200031777, 40.21941199979337], [-124.23937799970325, 40.21915800032566], [-124.2409329996297, 40.21896200008013], [-124.2432660007794, 40.21875899993857], [-124.24606799976247, 40.21860999993761], [-124.24957199980074, 40.218573000254864], [-124.25276599931931, 40.21865799866164]]}, "properties": {"fault_name": "King Range thrust zone", "section_name": "", "class": "A"}}, {"type": "Feature", "geometry": {"type": "LineString", "coordinates": [[-124.19049899961774, 40.22483200006985], [-124.19256799938013, 40.2260200001175], [-124.19360000014821, 40.22643700003146], [-124.19453599975851, 40.2267119992855], [-124.19668700043496, 40.22711600004295], [-124.1990259996358, 40.22766100030781], [-124.20089899957958, 40.22821100010601], [-124.20371399987978, 40.22939200027123], [-124.20699999856153, 40.230853000320025], [-124.20916499858338, 40.23211199970793], [-124.21057399981831, 40.23280899987997], [-124.21225999926604, 40.23336100016246]]}, "properties": {"fault_name": "King Range thrust zone", "section_name": "", "class": "A"}}, {"type": "Feature", "geometry": {"type": "LineString", "coordinates": [[-124.19443999860071, 40.23457000006694], [-124.19423100015999, 40.23364999980541], [-124.19332399996368, 40.232915999980676], [-124.19245399957731, 40.232032999776], [-124.19213599956002, 40.23161999966471], [-124.19217299936992, 40.23147099983159], [-124.19205400044257, 40.23135299976341], [-124.19178100063108, 40.23135600019196], [-124.19127399956956, 40.23124200027299], [-124.19091900064065, 40.23100799965759], [-124.19067799971792, 40.23050499994434], [-124.19067099914692, 40.230059000265754], [-124.19078500074635, 40.229849000215104], [-124.1910929998196, 40.22963800025953], [-124.19136200033144, 40.229367000314426], [-124.19134600043792, 40.22832600028491], [-124.19118599970604, 40.22808999995749], [-124.19098599968946, 40.22773500001444], [-124.19062800038752, 40.22723299997363], [-124.19043099984572, 40.227057000013005], [-124.18980600058003, 40.22697399975596], [-124.18902700043027, 40.226923000126], [-124.18782000065833, 40.22696599992413], [-124.18723399995412, 40.22685199878861], [-124.18652299957638, 40.226176000218075], [-124.1845860000585, 40.22429299978857], [-124.18426899986608, 40.22393900123192], [-124.18407200022257, 40.22373299877518], [-124.18364200005227, 40.22367800002435], [-124.18290599956022, 40.22392400018852], [-124.18244199995303, 40.224137000152695], [-124.18181899943887, 40.22414400029798], [-124.18138899926855, 40.224000001279784], [-124.18126600014322, 40.223643999764136], [-124.18124400040192, 40.222187000114914], [-124.18126299977017, 40.22084800005183], [-124.18113899992161, 40.22040299996713], [-124.18101000005018, 40.219659999845575], [-124.18107999857376, 40.219184000714606], [-124.18138799944366, 40.21888299990135], [-124.18173599959819, 40.218670999982216], [-124.1822799995713, 40.218606000213846], [-124.18306000044431, 40.218687000232194], [-124.1845810000356, 40.218818999749786], [-124.18594599999128, 40.2189529998908], [-124.1867270006892, 40.21909399974791], [-124.18739200013783, 40.219295000073124], [-124.18793899958571, 40.219437998712955], [-124.18883499991134, 40.219457999827355], [-124.1893400004247, 40.21936400023156], [-124.1901499996383, 40.21884899997841], [-124.1911909997289, 40.21818400025402], [-124.19208200003165, 40.217876999806926], [-124.19289599944321, 40.217600000122424], [-124.1935929995772, 40.21738499994332], [-124.19464400061186, 40.217314000270314], [-124.19519100005972, 40.2174569996613], [-124.19605899989794, 40.218161999917456], [-124.19772500015253, 40.220196999790566], [-124.20027000011598, 40.223619999771884]]}, "properties": {"fault_name": "King Range thrust zone", "section_name": "", "class": "A"}}, {"type": "Feature", "geometry": {"type": "LineString", "coordinates": [[-124.10931299943401, 40.17459400023991], [-124.11034699985187, 40.175152998803135], [-124.11077199999933, 40.17553999922925], [-124.11096600016808, 40.17603700033295], [-124.11120800001744, 40.176567999725954], [-124.1115870001341, 40.17699100003807], [-124.1117829999527, 40.17762999977336], [-124.11236799993368, 40.17926200012983], [-124.1131359993145, 40.18075000003523], [-124.11371600017094, 40.18209699990356], [-124.11476800013217, 40.183759999782154], [-124.11628299987571, 40.185274998754785], [-124.12043499964416, 40.18850600124335], [-124.12335500042467, 40.190468999964864], [-124.12542199963889, 40.19151499877812], [-124.12682899942739, 40.19207000005998], [-124.12851599959835, 40.19262200014592], [-124.12945299993187, 40.19296799994276], [-124.12997099996572, 40.1933189996663], [-124.13021100016525, 40.19377900004116], [-124.13031399919909, 40.19438400031843], [-124.13089300023063, 40.19565899965798], [-124.13212099991897, 40.19671500021589], [-124.1334470004149, 40.19805400025104], [-124.13401500067746, 40.19854599979132], [-124.13435099933983, 40.19918399988957], [-124.134432000429, 40.20146199984246], [-124.13473000035484, 40.20266999993712], [-124.13511099922302, 40.20316400026102], [-124.1353059992167, 40.20373200026778], [-124.1357849997908, 40.20458200034098], [-124.13654600039723, 40.2055710006918], [-124.13720900019604, 40.20627599973875], [-124.13871399989381, 40.20711499991047], [-124.14115299955203, 40.20808600120387], [-124.14246999982716, 40.20885500018121], [-124.14369599986567, 40.20976799873929], [-124.14454500033563, 40.21040000028202], [-124.14511799972277, 40.211320000078786], [-124.14540899997593, 40.212028999811835], [-124.14597499969034, 40.212522000339845], [-124.14626200064383, 40.21294600026166], [-124.14655200017373, 40.213583999982625], [-124.14731000040712, 40.21443000002017], [-124.1479709996578, 40.21492200007433], [-124.14882000012776, 40.215554000200676], [-124.14919800041955, 40.215905999755904], [-124.14939000004017, 40.21625999981468], [-124.14958599985873, 40.216899000017165], [-124.1501590001442, 40.21774800017148], [-124.15214699971571, 40.219721000316746], [-124.15375400041904, 40.22119800009956], [-124.15451000010428, 40.22183200010112], [-124.15546900017911, 40.223601999943575], [-124.15669700076576, 40.22465700005675], [-124.15755100036029, 40.22564500033158], [-124.15971600038213, 40.22697499973484], [-124.16113099966823, 40.228029000163446], [-124.1649960002798, 40.23076500029934], [-124.16754700009108, 40.23294600013878], [-124.16830100012646, 40.23350800018716], [-124.16970799991496, 40.2340630012527], [-124.1773360001326, 40.23903799871845]]}, "properties": {"fault_name": "King Range thrust zone", "section_name": "", "class": "A"}}, {"type": "Feature", "geometry": {"type": "LineString", "coordinates": [[-124.06387000141136, 40.117387000277], [-124.06436799955708, 40.11951800021184], [-124.06441399958787, 40.122509000170396], [-124.06399799966123, 40.12578999975166], [-124.06404100021726, 40.128566999815405], [-124.06434099979292, 40.12991700020452], [-124.0652060001564, 40.131618000059696], [-124.06739900066566, 40.13479899969118], [-124.06807599980986, 40.13635899970748], [-124.06856000040685, 40.13756499993627], [-124.0690480003035, 40.138983999689664], [-124.0696279993633, 40.14033100021706], [-124.07048100003124, 40.141247999745595], [-124.07067400037509, 40.14167300013085], [-124.07077099956115, 40.14188600028686], [-124.07152899979451, 40.14266099971359], [-124.07257200043323, 40.143790001287286], [-124.07361500017365, 40.14491800007662], [-124.07474800032576, 40.14583200008712], [-124.07653599988072, 40.146952998742016], [-124.07878600029142, 40.147712000276805], [-124.0794409996943, 40.14791900003496], [-124.08181199958048, 40.15052900027338]]}, "properties": {"fault_name": "King Range thrust zone", "section_name": "", "class": "A"}}, {"type": "Feature", "geometry": {"type": "LineString", "coordinates": [[-123.98972200144136, 40.01047600018014], [-123.9916760006777, 40.01154099979935], [-123.99348000012623, 40.0132020002192], [-123.99481199957164, 40.01432999991811], [-123.99629700007621, 40.01515800133577]]}, "properties": {"fault_name": "King Range thrust zone", "section_name": "", "class": "A"}}, {"type": "Feature", "geometry": {"type": "LineString", "coordinates": [[-124.37674999979977, 40.4751900002346], [-124.37731800006235, 40.47667200008294]]}, "properties": {"fault_name": "Bear River fault zone", "section_name": "", "class": "A"}}, {"type": "Feature", "geometry": {"type": "LineString", "coordinates": [[-124.37295000038381, 40.47124399931049], [-124.37420800020938, 40.472003999778856]]}, "properties": {"fault_name": "Bear River fault zone", "section_name": "", "class": "A"}}, {"type": "Feature", "geometry": {"type": "LineString", "coordinates": [[-124.35129800141378, 40.466179999702085], [-124.35404699979509, 40.467697999693165], [-124.3564739997578, 40.46844500023292], [-124.35975399859174, 40.46906499992887], [-124.36194500034951, 40.469695000138884], [-124.36241399997954, 40.46980900020931], [-124.36287900030997, 40.4696869996591], [-124.36364599986587, 40.46890500026867], [-124.36418700036423, 40.46860200016251], [-124.36480800033024, 40.46847599881598], [-124.36597499991922, 40.46840399999066], [-124.36776599984725, 40.46838400011342], [-124.36932900016969, 40.46872400131695], [-124.37097600015767, 40.469480000324744], [-124.37176499855657, 40.47012600023309], [-124.3724719996346, 40.47053500010961]]}, "properties": {"fault_name": "Bear River fault zone", "section_name": "", "class": "A"}}, {"type": "Feature", "geometry": {"type": "LineString", "coordinates": [[-124.35170199984819, 40.50087500010263], [-124.35800500029315, 40.507588000164], [-124.36031099988199, 40.509543999276225], [-124.36332200000074, 40.511494000207655], [-124.3659369993861, 40.513147000301565]]}, "properties": {"fault_name": "Bear River fault zone", "section_name": "", "class": "A"}}, {"type": "Feature", "geometry": {"type": "LineString", "coordinates": [[-124.31763300013418, 40.454757999928525], [-124.3202879997025, 40.45520599982301], [-124.32216099964629, 40.45548300118517], [-124.3242710003149, 40.45593699971422], [-124.32693399938077, 40.456920000133785], [-124.32850400027421, 40.45773599969414], [-124.3301440005895, 40.458016000127564], [-124.33342099994871, 40.45839800001349], [-124.33599300057469, 40.458548999687885], [-124.33794199978816, 40.45858799985644]]}, "properties": {"fault_name": "Bear River fault zone", "section_name": "", "class": "A"}}, {"type": "Feature", "geometry": {"type": "LineString", "coordinates": [[-124.32546100036838, 40.457352000170594], [-124.32772599994934, 40.45780399977976], [-124.32905599974492, 40.45820599968385], [-124.33273800005843, 40.45959500003243], [-124.33759400143023, 40.461327999787926]]}, "properties": {"fault_name": "Bear River fault zone", "section_name": "", "class": "A"}}, {"type": "Feature", "geometry": {"type": "LineString", "coordinates": [[-124.31422700000519, 40.45616300124098], [-124.31617600011698, 40.45626100029968], [-124.31812100003081, 40.45612100033124], [-124.31975199922695, 40.4558659997612], [-124.32107600007308, 40.455852000310344]]}, "properties": {"fault_name": "Bear River fault zone", "section_name": "", "class": "A"}}, {"type": "Feature", "geometry": {"type": "LineString", "coordinates": [[-124.30557999943827, 40.45607600005973], [-124.30682299919522, 40.455884999938924], [-124.30853600020377, 40.4558659997612], [-124.31079800031002, 40.45602099968697]]}, "properties": {"fault_name": "Bear River fault zone", "section_name": "", "class": "A"}}, {"type": "Feature", "geometry": {"type": "LineString", "coordinates": [[-124.30850100004366, 40.46372000005707], [-124.31051799992753, 40.463163000164776]]}, "properties": {"fault_name": "Bear River fault zone", "section_name": "", "class": "A"}}, {"type": "Feature", "geometry": {"type": "LineString", "coordinates": [[-124.30260500020285, 40.465210999691855], [-124.3050129998989, 40.46482799971441]]}, "properties": {"fault_name": "Bear River fault zone", "section_name": "", "class": "A"}}, {"type": "Feature", "geometry": {"type": "LineString", "coordinates": [[-124.26704099993849, 40.451905999953844], [-124.26823399856839, 40.45251900014184], [-124.26908200011177, 40.45295499997693], [-124.26957300038146, 40.45320899992505], [-124.27190800028261, 40.45441300033123], [-124.27441199933986, 40.45521900007289], [-124.27683900020085, 40.45602499971558], [-124.2800529998109, 40.45730099874446], [-124.28381899978997, 40.459164000025034], [-124.28578199924716, 40.460154000011386], [-124.28907699994637, 40.46172599873708]]}, "properties": {"fault_name": "Bear River fault zone", "section_name": "", "class": "A"}}, {"type": "Feature", "geometry": {"type": "LineString", "coordinates": [[-124.28137499921056, 40.46228300029308], [-124.2841780007135, 40.462253998680524], [-124.28697999969657, 40.46210500033234], [-124.28907699994637, 40.46172599873708]]}, "properties": {"fault_name": "Bear River fault zone", "section_name": "", "class": "A"}}, {"type": "Feature", "geometry": {"type": "LineString", "coordinates": [[-124.26957300038146, 40.45320899992505], [-124.27150100057683, 40.453286000239096], [-124.27454300065774, 40.45361100066341], [-124.2760260006142, 40.45377399996461], [-124.27985199996944, 40.45444700001359], [-124.28344700024431, 40.45518200003865], [-124.28578799999327, 40.455454000054694]]}, "properties": {"fault_name": "Bear River fault zone", "section_name": "", "class": "A"}}, {"type": "Feature", "geometry": {"type": "LineString", "coordinates": [[-124.26081600020963, 40.452329000225504], [-124.26167600144859, 40.45249900031983], [-124.26237699998393, 40.45255099998135], [-124.26369799955869, 40.45235799997043], [-124.26470799968713, 40.45216899966342]]}, "properties": {"fault_name": "Bear River fault zone", "section_name": "", "class": "A"}}, {"type": "Feature", "geometry": {"type": "LineString", "coordinates": [[-124.39686499928497, 40.46129200031278], [-124.40133299942093, 40.463148000282985], [-124.40642599972091, 40.465177000672654], [-124.41277200072184, 40.46754799991696], [-124.41918900007128, 40.46956300132626], [-124.42537000031747, 40.471401000213724], [-124.42975700026258, 40.47307899871486], [-124.44150299991352, 40.477118999686994], [-124.45113499959625, 40.48058600029325], [-124.45889899935803, 40.484013000177285], [-124.46790300030034, 40.48712999996223], [-124.4775370014295, 40.49065700028186], [-124.50181500055382, 40.50076700033172], [-124.50950800017048, 40.50378699999661], [-124.51449200069048, 40.50614599972826], [-124.52220799987337, 40.510541999935654], [-124.53126899981878, 40.51475299975166], [-124.5380640003583, 40.51778199997445], [-124.54529900021556, 40.5202930003245], [-124.55139699972277, 40.52195399967615], [-124.55906500012338, 40.52325800033147], [-124.57143700066152, 40.52348799933704]]}, "properties": {"fault_name": "Bear River fault zone", "section_name": "", "class": "A"}}, {"type": "Feature", "geometry": {"type": "LineString", "coordinates": [[-124.38059799979463, 40.49999099977424], [-124.39156600001904, 40.50078700012533], [-124.4015890004123, 40.50123200030903], [-124.41561700026095, 40.502538000301286]]}, "properties": {"fault_name": "Bear River fault zone", "section_name": "", "class": "A"}}, {"type": "Feature", "geometry": {"type": "LineString", "coordinates": [[-124.35259200032604, 40.45900699990621], [-124.35374899986925, 40.458359999706985], [-124.35584100009619, 40.45762400028768], [-124.35910300028512, 40.45705399985379], [-124.36112000016898, 40.45655600003499], [-124.36431200003771, 40.45646299867569], [-124.36594800015504, 40.45644600003029], [-124.36804200003179, 40.455828000073225], [-124.37021600027448, 40.45538899969114], [-124.37293399959196, 40.45488399966672], [-124.37557599963979, 40.45449900021826], [-124.37837200057173, 40.45399300030297], [-124.38069999990188, 40.453433000282864], [-124.38333399955378, 40.45245300029658], [-124.38805900140433, 40.45079600027577], [-124.39076500012796, 40.449459001229386], [-124.39362200026092, 40.447880999777595], [-124.39547699976309, 40.44691000009398], [-124.39717800017773, 40.44611799993101], [-124.39865599921303, 40.44592399974557], [-124.40699099961043, 40.446014000183176]]}, "properties": {"fault_name": "Bear River fault zone", "section_name": "", "class": "A"}}, {"type": "Feature", "geometry": {"type": "LineString", "coordinates": [[-124.38168999993884, 40.48251499981041], [-124.38342899998834, 40.484163000069344], [-124.38492100016563, 40.48498000029225], [-124.38726899958728, 40.48572800013042], [-124.38938199973062, 40.48636000025208], [-124.3908680000601, 40.486917999959736]]}, "properties": {"fault_name": "Bear River fault zone", "section_name": "", "class": "A"}}, {"type": "Feature", "geometry": {"type": "LineString", "coordinates": [[-124.37731800006235, 40.47667200008294], [-124.37764699995031, 40.47785799978786], [-124.37836300035089, 40.47880199986346], [-124.37978199983496, 40.47997700131737], [-124.38089700044368, 40.48157200032697], [-124.38168999993884, 40.48251499981041], [-124.38226200039938, 40.48423499976184], [-124.38305499989453, 40.48517800009608], [-124.38431500026824, 40.4861169998771], [-124.38603500005117, 40.486514998814314], [-124.3879880003609, 40.486910000165665]]}, "properties": {"fault_name": "Bear River fault zone", "section_name": "", "class": "A"}}, {"type": "Feature", "geometry": {"type": "LineString", "coordinates": [[-124.35720000020412, 40.49996700028292], [-124.35910500083325, 40.50162299968885], [-124.36237399979659, 40.50553799972781], [-124.36460699959049, 40.50820699974942], [-124.3658810002079, 40.50962899970022], [-124.36714499988123, 40.51039400003398], [-124.36887300006009, 40.510795999946986], [-124.37052000004809, 40.511080001256516], [-124.37138299986343, 40.51119200028795], [-124.37240400076085, 40.511480999924785], [-124.37358600041846, 40.512008000073536], [-124.37453799992227, 40.51283599966928], [-124.3751789999798, 40.51372700026246], [-124.37598700044185, 40.51533300016215], [-124.3770190003116, 40.51627999969556], [-124.37820199979409, 40.5169269997105], [-124.37938199980186, 40.517274000014034], [-124.37993499999583, 40.51762799966172], [-124.38057500022842, 40.51851900008568], [-124.38113400027015, 40.5192309997483], [-124.38200799995616, 40.52011899878217], [-124.38406000000009, 40.52123599989269]]}, "properties": {"fault_name": "Bear River fault zone", "section_name": "", "class": "A"}}, {"type": "Feature", "geometry": {"type": "LineString", "coordinates": [[-124.37420800020938, 40.472003999778856], [-124.37554600040089, 40.47294200026053], [-124.37618499991025, 40.47394699965962], [-124.37674999979977, 40.4751900002346]]}, "properties": {"fault_name": "Bear River fault zone", "section_name": "", "class": "A"}}, {"type": "Feature", "geometry": {"type": "LineString", "coordinates": [[-124.37114299966395, 40.47019300028154], [-124.37295000038381, 40.47124399931049]]}, "properties": {"fault_name": "Bear River fault zone", "section_name": "", "class": "A"}}, {"type": "Feature", "geometry": {"type": "LineString", "coordinates": [[-124.33794199978816, 40.45858799985644], [-124.34276999977422, 40.458537000052054], [-124.34651099963897, 40.458674999835424], [-124.34994099915906, 40.458935999779875], [-124.35259200032604, 40.45900699990621], [-124.35313600029916, 40.4590210000667], [-124.35702899960154, 40.4589800002232], [-124.3608419994363, 40.458700999673695], [-124.37010900014437, 40.45860300007298]]}, "properties": {"fault_name": "Bear River fault zone", "section_name": "", "class": "A"}}, {"type": "Feature", "geometry": {"type": "LineString", "coordinates": [[-124.25499999983643, 40.453938000275755], [-124.25914699958204, 40.455202999764985], [-124.26141399971115, 40.45577400019183], [-124.26251000005331, 40.456119000319816], [-124.2637689997038, 40.45699800028896], [-124.26464199956489, 40.45805999980644], [-124.26498200022183, 40.459899999660955], [-124.26540099962318, 40.461859001253636], [-124.26596300003798, 40.46298299999498], [-124.26754899992657, 40.46480999989195], [-124.26936400014408, 40.46633799999611], [-124.27210699957593, 40.46749899975346], [-124.27633299986256, 40.46876299967867], [-124.28015999994099, 40.46943599992509], [-124.2846079999855, 40.47004299992735], [-124.2901509996489, 40.470877000246105], [-124.29562100041572, 40.4720680000155], [-124.29828100000692, 40.47281300026832], [-124.30424200014507, 40.47554600002948], [-124.30871399958068, 40.477639999720886], [-124.31264799978926, 40.48027600002616], [-124.31429899997522, 40.48127000029741], [-124.31769300040862, 40.484148000095225], [-124.32022199958026, 40.48655999987258], [-124.3213249995951, 40.48738200004807], [-124.32242099993728, 40.48778600030421], [-124.32398599990951, 40.48824599969815], [-124.32640700002442, 40.488696000732816], [-124.33054700009733, 40.48948499984115], [-124.3328069996554, 40.48958000026496], [-124.33546100029713, 40.48996800004584], [-124.33803700022271, 40.49035699981212], [-124.34170899959217, 40.49103200120341], [-124.34381899936243, 40.491485999919206], [-124.34522499932598, 40.49176800001283], [-124.34679299967127, 40.492465000029256], [-124.35238700028663, 40.496690000670796], [-124.35451799997331, 40.498510999825264], [-124.35720000020412, 40.49996700028292]]}, "properties": {"fault_name": "Bear River fault zone", "section_name": "", "class": "A"}}, {"type": "Feature", "geometry": {"type": "LineString", "coordinates": [[-124.33759400143023, 40.461327999787926], [-124.34088299958671, 40.46248300124516], [-124.3444019996936, 40.46339799969852], [-124.34784899983046, 40.464729998800046], [-124.35129800141378, 40.466179999702085]]}, "properties": {"fault_name": "Bear River fault zone", "section_name": "", "class": "A"}}, {"type": "Feature", "geometry": {"type": "LineString", "coordinates": [[-124.31079800031002, 40.45602099968697], [-124.31422700000519, 40.45616300124098]]}, "properties": {"fault_name": "Bear River fault zone", "section_name": "", "class": "A"}}, {"type": "Feature", "geometry": {"type": "LineString", "coordinates": [[-124.28578799999327, 40.455454000054694], [-124.28827799970513, 40.455308999683105], [-124.29022500016707, 40.45528800067345], [-124.29186299993424, 40.45544899997638], [-124.29475000020444, 40.45583500014326], [-124.29638799997163, 40.45599600018613], [-124.29958500076154, 40.45620000005146], [-124.30340000024611, 40.4561589998535], [-124.30557999943827, 40.45607600005973]]}, "properties": {"fault_name": "Bear River fault zone", "section_name": "", "class": "A"}}, {"type": "Feature", "geometry": {"type": "LineString", "coordinates": [[-124.20328000040983, 40.42825099973253], [-124.20815699990138, 40.43141200016244], [-124.21161300025908, 40.43327899983821], [-124.21421699977377, 40.43551200009737], [-124.21633799941468, 40.436679999937226], [-124.21924399995147, 40.438315000167485], [-124.22183100064603, 40.43941799977031], [-124.22363399937129, 40.44017199991669], [-124.22591999976699, 40.44187300072998], [-124.22804299995603, 40.443277999341625], [-124.2284980002407, 40.44343300027298], [-124.23039299992581, 40.444085999694124], [-124.23718200061757, 40.4449649998291], [-124.23921200002188, 40.44529999977808], [-124.24600299856682, 40.44629900031795], [-124.25029999989687, 40.447145999877655], [-124.25537399993027, 40.44792499994076], [-124.25842100003403, 40.44854699991077], [-124.2611579996181, 40.4491719999205], [-124.26350799958789, 40.450099000341474], [-124.26704099993849, 40.451905999953844]]}, "properties": {"fault_name": "Bear River fault zone", "section_name": "", "class": "A"}}, {"type": "Feature", "geometry": {"type": "LineString", "coordinates": [[-124.2284980002407, 40.44343300027298], [-124.22861900061453, 40.44523600001482], [-124.22879600016654, 40.44660099970091], [-124.22944199934861, 40.448140999826634], [-124.23047799941632, 40.44967699980628], [-124.23221300016618, 40.45108699975689], [-124.23417500069677, 40.45207699981709], [-124.23706799991643, 40.452820000229984], [-124.23910400006687, 40.45351199974572], [-124.24059300076942, 40.4541509998697]]}, "properties": {"fault_name": "Bear River fault zone", "section_name": "", "class": "A"}}, {"type": "Feature", "geometry": {"type": "LineString", "coordinates": [[-124.16537100019855, 40.392613998788306], [-124.1665989998869, 40.393669999907075], [-124.16764400017541, 40.39494099970003], [-124.16973300002931, 40.39741100020617], [-124.17220299964967, 40.40037600025428], [-124.17344600030495, 40.402428000011646], [-124.17467700036633, 40.40369699982007], [-124.17675799982428, 40.405597000252044], [-124.17958999984292, 40.40784700020072], [-124.18194999985843, 40.40974399973253], [-124.18317800044508, 40.410800000299204], [-124.1854609995694, 40.413767000104556], [-124.18792600006522, 40.41644700028148], [-124.1900079993481, 40.418490998671196], [-124.1916150000514, 40.41989800002496], [-124.19275900007418, 40.42159499873343], [-124.19408999969467, 40.42328999878066], [-124.19645700028119, 40.425616000154136], [-124.19740200011232, 40.42645999979189], [-124.19918899984238, 40.42743699999191], [-124.20153799998727, 40.428622999860636]]}, "properties": {"fault_name": "Bear River fault zone", "section_name": "", "class": "A"}}, {"type": "Feature", "geometry": {"type": "LineString", "coordinates": [[-124.11438199944449, 40.344512999858345], [-124.117594000303, 40.347328000213174]]}, "properties": {"fault_name": "Bear River fault zone", "section_name": "", "class": "A"}}, {"type": "Feature", "geometry": {"type": "LineString", "coordinates": [[-124.37010900014437, 40.45860300007298], [-124.37149900021438, 40.45781500024954], [-124.37389699986475, 40.4567179997141], [-124.37513499959884, 40.456228998809316], [-124.3765339998897, 40.45597600003198], [-124.37816099978622, 40.45542300024668], [-124.37924500043282, 40.45505500015414], [-124.38040999857536, 40.454803999740975], [-124.38227699956967, 40.45466600020911], [-124.38375400057667, 40.454471000744036], [-124.3853060001301, 40.45409800004349], [-124.38717200040122, 40.45390000018092], [-124.3890360001242, 40.45358200009209], [-124.39066800004358, 40.45332700013947], [-124.39175599998981, 40.453195999969864], [-124.39385899918908, 40.45311399998419], [-124.39549600002967, 40.45321600026794], [-124.39697800016123, 40.4533790012109], [-124.39877100063738, 40.45347900031887], [-124.40025500041875, 40.45376000007787], [-124.40189800020879, 40.454217998764804]]}, "properties": {"fault_name": "Bear River fault zone", "section_name": "", "class": "A"}}, {"type": "Feature", "geometry": {"type": "LineString", "coordinates": [[-124.37010900014437, 40.45860300007298], [-124.37338100037903, 40.45862699931884], [-124.37821000019001, 40.45863599971738], [-124.38062499955879, 40.458669000029026], [-124.38265300021162, 40.45888500023971], [-124.3864819999399, 40.459737000184084], [-124.38929499969196, 40.46024300126857], [-124.39226099960487, 40.460686999696755], [-124.39514799987509, 40.46101299979624], [-124.39686499928497, 40.46129200031278]]}, "properties": {"fault_name": "Bear River fault zone", "section_name": "", "class": "A"}}, {"type": "Feature", "geometry": {"type": "LineString", "coordinates": [[-124.3659369993861, 40.513147000301565], [-124.36704799979688, 40.5139760000017], [-124.36918300057982, 40.51503499970428], [-124.37155199991784, 40.51597200001121], [-124.3737589997725, 40.51661099991643], [-124.37478300014466, 40.51690099988308]]}, "properties": {"fault_name": "Bear River fault zone", "section_name": "", "class": "A"}}, {"type": "Feature", "geometry": {"type": "LineString", "coordinates": [[-124.31051799992753, 40.463163000164776], [-124.31183799967735, 40.462911000065404], [-124.31330999976318, 40.462419999987716], [-124.31517299966123, 40.46198299877365], [-124.31641499959326, 40.461732000320865], [-124.31781399988417, 40.46153900002594], [-124.31944800035167, 40.46140199990152], [-124.3205349995747, 40.46121199981524], [-124.3214630005857, 40.46078600029468], [-124.3222329996163, 40.46018299979656], [-124.32269299992386, 40.459701999808786], [-124.32330499966903, 40.458982000149454], [-124.32368799998369, 40.45856100000505], [-124.32422600010902, 40.458079000730706], [-124.32499600003797, 40.4575360003301], [-124.32546100036838, 40.457352000170594]]}, "properties": {"fault_name": "Bear River fault zone", "section_name": "", "class": "A"}}, {"type": "Feature", "geometry": {"type": "LineString", "coordinates": [[-124.28578799999327, 40.455454000054694], [-124.28656199922183, 40.455148000044645], [-124.28780300022729, 40.45477799976168], [-124.28904699980914, 40.45464599965905], [-124.2919230002087, 40.45431799867482], [-124.29378899958148, 40.45406000003914], [-124.29604499983994, 40.453917000154064], [-124.30110600035283, 40.45380399980971], [-124.30484499966943, 40.453883000203476], [-124.30710599995078, 40.45403699988218], [-124.30929000023917, 40.454251999912955], [-124.31357900027501, 40.454503999683716], [-124.31763300013418, 40.454757999928525]]}, "properties": {"fault_name": "Bear River fault zone", "section_name": "", "class": "A"}}, {"type": "Feature", "geometry": {"type": "LineString", "coordinates": [[-124.28907699994637, 40.46172599873708], [-124.29127200010544, 40.462654000161955], [-124.29315199972194, 40.46340800003855], [-124.29502999968862, 40.463982999998514], [-124.29714100018212, 40.46449599970672], [-124.29870500032945, 40.464895000264235], [-124.30019199958554, 40.46535599987895], [-124.3038770002721, 40.46692299997712], [-124.3071660002252, 40.4680780002238], [-124.31248299993283, 40.469448998788124], [-124.3160780002077, 40.47024400012064]]}, "properties": {"fault_name": "Bear River fault zone", "section_name": "", "class": "A"}}, {"type": "Feature", "geometry": {"type": "LineString", "coordinates": [[-124.3050129998989, 40.46482799971441], [-124.30648599980965, 40.4643370006638], [-124.30850100004366, 40.46372000005707]]}, "properties": {"fault_name": "Bear River fault zone", "section_name": "", "class": "A"}}, {"type": "Feature", "geometry": {"type": "LineString", "coordinates": [[-124.30019199958554, 40.46535599987895], [-124.30260500020285, 40.465210999691855]]}, "properties": {"fault_name": "Bear River fault zone", "section_name": "", "class": "A"}}, {"type": "Feature", "geometry": {"type": "LineString", "coordinates": [[-124.26823399856839, 40.45251900014184], [-124.2684790005874, 40.4543299997477], [-124.268964000111, 40.45545500007034], [-124.26991899998785, 40.45681399933959], [-124.27118500020934, 40.45810900002069], [-124.27221000040642, 40.458930999960685], [-124.273471000605, 40.459869001220774], [-124.2751970002357, 40.46074300028765], [-124.27660999987197, 40.46138199998967], [-124.2788000000082, 40.46195399976545], [-124.28137499921056, 40.46228300029308]]}, "properties": {"fault_name": "Bear River fault zone", "section_name": "", "class": "A"}}, {"type": "Feature", "geometry": {"type": "LineString", "coordinates": [[-124.26470799968713, 40.45216899966342], [-124.26704099993849, 40.451905999953844]]}, "properties": {"fault_name": "Bear River fault zone", "section_name": "", "class": "A"}}, {"type": "Feature", "geometry": {"type": "LineString", "coordinates": [[-124.24059300076942, 40.4541509998697], [-124.24247299858928, 40.45484499871516], [-124.24356999965467, 40.45524900132344], [-124.244899001422, 40.4555920000188], [-124.24583400030907, 40.455641999311744], [-124.24668999955342, 40.455572999758225], [-124.24769599858554, 40.45514600000427], [-124.24870399996252, 40.4548380012761], [-124.24932499992853, 40.454712000084534], [-124.25173900037073, 40.4546869987296], [-124.25313799976328, 40.454492998671874], [-124.25499999983643, 40.453938000275755], [-124.25832800014764, 40.45259399976305], [-124.25956900025476, 40.45228300008582], [-124.26081600020963, 40.452329000225504]]}, "properties": {"fault_name": "Bear River fault zone", "section_name": "", "class": "A"}}, {"type": "Feature", "geometry": {"type": "LineString", "coordinates": [[-124.117594000303, 40.347328000213174], [-124.12071400020176, 40.35014199994206], [-124.12467999929905, 40.35344799988872], [-124.1284560002222, 40.356469999870626], [-124.13166399998445, 40.35892900006572], [-124.13345999993537, 40.36054800008168], [-124.13506300044075, 40.36174200029512], [-124.13591299983732, 40.362444998775146], [-124.13724500018104, 40.36414000029637], [-124.13971399997652, 40.367104999695094], [-124.14104799997006, 40.36894299988848], [-124.14208900006066, 40.369999999722125], [-124.14397700007306, 40.37147599872666], [-124.14727800062006, 40.37400500010812], [-124.14916099971131, 40.37519600126891], [-124.15019900032715, 40.375966999759314], [-124.1519989995777, 40.37787099971281], [-124.15398800077077, 40.37991500008757], [-124.1554119993794, 40.38153799865968], [-124.1594040002126, 40.38648099972794], [-124.16045100015097, 40.387894998694236], [-124.16224700010187, 40.38951399875388], [-124.16537100019855, 40.392613998788306]]}, "properties": {"fault_name": "Bear River fault zone", "section_name": "", "class": "A"}}, {"type": "Feature", "geometry": {"type": "LineString", "coordinates": [[-124.28632999941826, 40.320245998750195], [-124.29065999856363, 40.323233999796024], [-124.29436400041509, 40.32605000030931], [-124.2971970002586, 40.32798399983291], [-124.29900400008019, 40.32897499965909], [-124.30198200058697, 40.3301929999449], [-124.30629300036411, 40.331992000130455], [-124.31083900031788, 40.3338469997049], [-124.31373200043589, 40.334589999942885]]}, "properties": {"fault_name": "Honeydew fault zone", "section_name": "", "class": "A"}}, {"type": "Feature", "geometry": {"type": "LineString", "coordinates": [[-124.26795999983034, 40.31074400070488], [-124.27149199855936, 40.31254999991918], [-124.27517700014424, 40.31411799970581], [-124.27831799995936, 40.3157499997325]]}, "properties": {"fault_name": "Honeydew fault zone", "section_name": "", "class": "A"}}, {"type": "Feature", "geometry": {"type": "LineString", "coordinates": [[-124.25881600004425, 40.29846699988456], [-124.2591440001073, 40.299591998768754]]}, "properties": {"fault_name": "Honeydew fault zone", "section_name": "", "class": "A"}}, {"type": "Feature", "geometry": {"type": "LineString", "coordinates": [[-124.24018999856666, 40.27037300126903], [-124.2433800005822, 40.2736480011902], [-124.24722500020401, 40.278691999804714], [-124.24958100002155, 40.28087400001141]]}, "properties": {"fault_name": "Honeydew fault zone", "section_name": "", "class": "A"}}, {"type": "Feature", "geometry": {"type": "LineString", "coordinates": [[-124.21474999987622, 40.25374900032966], [-124.21674200144234, 40.25420300032309]]}, "properties": {"fault_name": "Honeydew fault zone", "section_name": "", "class": "A"}}, {"type": "Feature", "geometry": {"type": "LineString", "coordinates": [[-124.21002199855096, 40.25272800031977], [-124.21209199993487, 40.25315200020249]]}, "properties": {"fault_name": "Honeydew fault zone", "section_name": "", "class": "A"}}, {"type": "Feature", "geometry": {"type": "LineString", "coordinates": [[-124.18523099941562, 40.25230800031349], [-124.1913959997683, 40.25915100030396], [-124.19517899856751, 40.26267200129326], [-124.20000900000004, 40.26753500019949]]}, "properties": {"fault_name": "Honeydew fault zone", "section_name": "", "class": "A"}}, {"type": "Feature", "geometry": {"type": "LineString", "coordinates": [[-124.34177999973726, 40.34535800128192], [-124.34678399855211, 40.34661400004182], [-124.35257999973217, 40.34875299977552], [-124.35571100039985, 40.349790999884824], [-124.36040499959331, 40.351108000070596]]}, "properties": {"fault_name": "Honeydew fault zone", "section_name": "", "class": "A"}}, {"type": "Feature", "geometry": {"type": "LineString", "coordinates": [[-124.3162629992573, 40.33706200001283], [-124.33627199933561, 40.3467849998564]]}, "properties": {"fault_name": "Honeydew fault zone", "section_name": "", "class": "A"}}, {"type": "Feature", "geometry": {"type": "LineString", "coordinates": [[-124.31803599964199, 40.34097000019862], [-124.33458000004009, 40.34817099875148]]}, "properties": {"fault_name": "Honeydew fault zone", "section_name": "", "class": "A"}}, {"type": "Feature", "geometry": {"type": "LineString", "coordinates": [[-124.31341699989329, 40.33441500030261], [-124.31718099932426, 40.33598100020962]]}, "properties": {"fault_name": "Honeydew fault zone", "section_name": "", "class": "A"}}, {"type": "Feature", "geometry": {"type": "LineString", "coordinates": [[-124.27831799995936, 40.3157499997325], [-124.28632999941826, 40.320245998750195]]}, "properties": {"fault_name": "Honeydew fault zone", "section_name": "", "class": "A"}}, {"type": "Feature", "geometry": {"type": "LineString", "coordinates": [[-124.2591440001073, 40.299591998768754], [-124.26043600026806, 40.302553999294915], [-124.2614819985849, 40.3047440001422], [-124.26228499992243, 40.30634199875782], [-124.26307699959267, 40.307226000217895], [-124.26575100032586, 40.30892299976037], [-124.26795999983034, 40.31074400070488]]}, "properties": {"fault_name": "Honeydew fault zone", "section_name": "", "class": "A"}}, {"type": "Feature", "geometry": {"type": "LineString", "coordinates": [[-124.25212799963484, 40.28390200007879], [-124.25363900007872, 40.28590800025628], [-124.25555600040343, 40.28910099974765], [-124.25669100020536, 40.29200399874756], [-124.25799199968864, 40.29549899972006], [-124.2586439996168, 40.297456000339146], [-124.25881600004425, 40.29846699988456]]}, "properties": {"fault_name": "Honeydew fault zone", "section_name": "", "class": "A"}}, {"type": "Feature", "geometry": {"type": "LineString", "coordinates": [[-124.2441830001231, 40.294040999814165], [-124.25672499964226, 40.304377999930495]]}, "properties": {"fault_name": "Honeydew fault zone", "section_name": "", "class": "A"}}, {"type": "Feature", "geometry": {"type": "LineString", "coordinates": [[-124.21674200144234, 40.25420300032309], [-124.21842599944365, 40.25475099998796], [-124.22148699979111, 40.25626499991705], [-124.22431199923874, 40.25766299983593], [-124.22682000029057, 40.25870699981931], [-124.2332860000438, 40.26393400022162], [-124.23968900004786, 40.2701120001538]]}, "properties": {"fault_name": "Honeydew fault zone", "section_name": "", "class": "A"}}, {"type": "Feature", "geometry": {"type": "LineString", "coordinates": [[-124.20000900000004, 40.26753500019949], [-124.20265799972057, 40.270297998790575], [-124.20520299968403, 40.27372199997958], [-124.20638800061296, 40.27484000123302], [-124.2090659997475, 40.276833999772485], [-124.21119099958636, 40.27823999879613], [-124.21268199993875, 40.27899700024401], [-124.21581299970812, 40.280034000081166], [-124.21753599986411, 40.280670001262], [-124.22060300005936, 40.28260100023829], [-124.22988600066093, 40.28857099983895]]}, "properties": {"fault_name": "Honeydew fault zone", "section_name": "", "class": "A"}}, {"type": "Feature", "geometry": {"type": "LineString", "coordinates": [[-124.21209199993487, 40.25315200020249], [-124.21474999987622, 40.25374900032966]]}, "properties": {"fault_name": "Honeydew fault zone", "section_name": "", "class": "A"}}, {"type": "Feature", "geometry": {"type": "LineString", "coordinates": [[-124.18293700042067, 40.24885199986773], [-124.1870099996481, 40.25035599968411], [-124.19130900062798, 40.25138000005517], [-124.19458900036028, 40.2519400000787], [-124.19716100008789, 40.25209100002032], [-124.20237900006133, 40.25209499982348], [-124.20463999944432, 40.25219000022141], [-124.20853899859448, 40.252505999936055], [-124.21002199855096, 40.25272800031977]]}, "properties": {"fault_name": "Honeydew fault zone", "section_name": "", "class": "A"}}, {"type": "Feature", "geometry": {"type": "LineString", "coordinates": [[-124.15099299964723, 40.2204809996707], [-124.15363999971792, 40.222873999831556], [-124.15940999916205, 40.22829599876612], [-124.16536399962754, 40.23350300008895]]}, "properties": {"fault_name": "Honeydew fault zone", "section_name": "", "class": "A"}}, {"type": "Feature", "geometry": {"type": "LineString", "coordinates": [[-124.16536399962754, 40.23350300008895], [-124.16782300027559, 40.23575599968767], [-124.16981199967202, 40.23780099999738], [-124.17076099970109, 40.23893000025992], [-124.17209800006772, 40.240981000027524], [-124.17333200140047, 40.242393000200764], [-124.17588300031336, 40.24464499981032], [-124.1796589994399, 40.24759600015644], [-124.18277299859253, 40.25005599991101], [-124.18437799964603, 40.251392000275644], [-124.18523099941562, 40.25230800031349]]}, "properties": {"fault_name": "Honeydew fault zone", "section_name": "", "class": "A"}}, {"type": "Feature", "geometry": {"type": "LineString", "coordinates": [[-124.06387199926453, 40.11749500001409], [-124.06264000027656, 40.114570000190575], [-124.06151100032241, 40.11255399979206], [-124.06028499938559, 40.11018999922782]]}, "properties": {"fault_name": "West Tahoe-Dollar Point fault zone", "section_name": "", "class": "A"}}, {"type": "Feature", "geometry": {"type": "LineString", "coordinates": [[-124.0789340004294, 40.14521799980856], [-124.08292000141482, 40.14980499997881], [-124.08844000061373, 40.157081000267375], [-124.09082800021834, 40.1608310001208], [-124.09314600040106, 40.166147999994116], [-124.09487500040483, 40.169476999837705], [-124.09573200037241, 40.17060699989486], [-124.1006540000698, 40.17539800001031], [-124.10463599995899, 40.179700999963835], [-124.10730199939792, 40.18337600006446], [-124.10882000041279, 40.1850690002419], [-124.11321499985553, 40.1893560000523], [-124.11987700032564, 40.19470800033004], [-124.12702799961902, 40.20140399978482], [-124.1377420002985, 40.210614999984465]]}, "properties": {"fault_name": "West Tahoe-Dollar Point fault zone", "section_name": "", "class": "A"}}, {"type": "Feature", "geometry": {"type": "LineString", "coordinates": [[-124.00093999921606, 40.02896499973866], [-124.01534900062784, 40.05295999978674], [-124.01735200026799, 40.055766999859195], [-124.0195990003056, 40.059098999799446], [-124.02527500003843, 40.06519000021553], [-124.03016999997166, 40.06956899927467], [-124.03354099994054, 40.07307200023945], [-124.03717899987312, 40.077577999967005]]}, "properties": {"fault_name": "West Tahoe-Dollar Point fault zone", "section_name": "", "class": "A"}}, {"type": "Feature", "geometry": {"type": "LineString", "coordinates": [[-124.0713520002425, 40.13363399978218], [-124.06926900023643, 40.129111000223325], [-124.06632999918938, 40.12250099969169], [-124.06387199926453, 40.11749500001409]]}, "properties": {"fault_name": "West Tahoe-Dollar Point fault zone", "section_name": "", "class": "A"}}, {"type": "Feature", "geometry": {"type": "LineString", "coordinates": [[-124.06028499938559, 40.11018999922782], [-124.05593599997361, 40.10114900024622], [-124.05096800024546, 40.093511000329485], [-124.0490140001108, 40.09136499979125], [-124.04035800022135, 40.081878999712394], [-124.03717899987312, 40.077577999967005]]}, "properties": {"fault_name": "West Tahoe-Dollar Point fault zone", "section_name": "", "class": "A"}}, {"type": "Feature", "geometry": {"type": "LineString", "coordinates": [[-124.00083399980917, 40.0290260002844], [-123.99762600004692, 40.024242999741986], [-123.99391399959615, 40.01808799987711], [-123.9888060001259, 40.00859899971374], [-123.98721199984136, 40.0049339997015], [-123.98050399934048, 39.97217500067482], [-123.97339599970483, 39.956151999913054], [-123.95807599969542, 39.93639400020286], [-123.94810599990392, 39.926610999720566], [-123.93719200010617, 39.912786000014165]]}, "properties": {"fault_name": "West Tahoe-Dollar Point fault zone", "section_name": "", "class": "A"}}, {"type": "Feature", "geometry": {"type": "LineString", "coordinates": [[-122.22542099987888, 40.15982799969796], [-122.22285200142258, 40.149445001242526], [-122.21839699990878, 40.128854000319414], [-122.21466199989185, 40.11354299978662], [-122.2134639994424, 40.10421300016924], [-122.21082399994273, 40.04998200029419], [-122.206028000642, 40.01125399994578], [-122.20105200141626, 39.97833600006294], [-122.19983300015208, 39.96530799975424], [-122.19780299984947, 39.93238200029944], [-122.19794099994171, 39.88554000019209], [-122.1976170000766, 39.83728900010778], [-122.19648700029758, 39.80348000031717], [-122.19711999995918, 39.763326000049325], [-122.19745199932186, 39.745539000102156], [-122.19769499989444, 39.71472000005305], [-122.19856099918452, 39.70925899866745], [-122.19919799994238, 39.70344599967591], [-122.19940199925858, 39.70027499993318], [-122.19937000036984, 39.695521000244064], [-122.19890400021451, 39.69323199995579], [-122.196796999919, 39.681614000180815], [-122.19358400013384, 39.67281700010881], [-122.18607500064019, 39.66174100002757], [-122.17700399975074, 39.65225200028142], [-122.16480399964003, 39.63901099931835], [-122.15044600007852, 39.618676000275684], [-122.1381749998227, 39.59932900005459], [-122.13111199859628, 39.58455000024343], [-122.12699599971111, 39.573111000022806]]}, "properties": {"fault_name": "Corning fault", "section_name": "", "class": "A"}}, {"type": "Feature", "geometry": {"type": "LineString", "coordinates": [[-122.08758799964987, 40.185821999742195], [-122.02102299969168, 40.11687600015561], [-121.96137700012159, 40.04401499966822], [-121.94000200026267, 40.015846999666216], [-121.93044800039776, 40.00017700004031], [-121.90114400002231, 39.95721299974988], [-121.88163100023654, 39.92973900068885], [-121.86416799994662, 39.902792000234236], [-121.85388800143203, 39.88728600023881], [-121.83743399964895, 39.86157399985213], [-121.82045599978092, 39.83452499983273], [-121.80648199856232, 39.811981999681805], [-121.7872230001181, 39.783876000131094], [-121.76938400008449, 39.75920400008507], [-121.75705400027746, 39.74236800070829], [-121.73543500002108, 39.7145600006554], [-121.72517799927608, 39.70173699997438], [-121.7073809999736, 39.67864100030181], [-121.68644400068091, 39.652894000227526]]}, "properties": {"fault_name": "Chico Monocline fault", "section_name": "", "class": "A"}}, {"type": "Feature", "geometry": {"type": "LineString", "coordinates": [[-124.19870500014373, 40.65591999977462], [-124.20013200002369, 40.656864999868816]]}, "properties": {"fault_name": "Table Bluff fault zone", "section_name": "", "class": "A"}}, {"type": "Feature", "geometry": {"type": "LineString", "coordinates": [[-124.18187899971332, 40.64355099977485], [-124.18552299859536, 40.64579499975767], [-124.19449599957554, 40.65266200004705]]}, "properties": {"fault_name": "Table Bluff fault zone", "section_name": "", "class": "A"}}, {"type": "Feature", "geometry": {"type": "LineString", "coordinates": [[-124.20013200002369, 40.656864999868816], [-124.20362299964317, 40.65941000008924], [-124.2092480002207, 40.662833999843], [-124.2143959998739, 40.66596199971667], [-124.22222999995587, 40.6702640002288], [-124.2271389992345, 40.67309600018181], [-124.23346599996887, 40.676333000056346], [-124.23662500022563, 40.67768300008003], [-124.23797199973968, 40.67850900020507], [-124.23915500012048, 40.67891699871258], [-124.23994700068906, 40.67938899996181], [-124.24129400020306, 40.68027500009167], [-124.24271699988508, 40.680981000139404], [-124.24492899976258, 40.6819799996762], [-124.24777500002492, 40.68327199983329], [-124.24935399934253, 40.683917000043785], [-124.25180200011992, 40.68491299985915], [-124.25409299964015, 40.68597100009029], [-124.25717200042932, 40.687201000063546], [-124.2585940002864, 40.687846999669446], [-124.25954099976732, 40.68819799979484], [-124.26017499925382, 40.6886110000162], [-124.2608899998295, 40.68920399968443], [-124.26444699957122, 40.690908999720534], [-124.26871200021593, 40.69266800019063], [-124.27218199991898, 40.69383399967502], [-124.27542499984136, 40.69548200004543], [-124.27811299991993, 40.696835999721685], [-124.28332299859912, 40.69888599879458], [-124.28734999959244, 40.70052500026827], [-124.2923240000667, 40.702517000000576], [-124.29690400035567, 40.704393000224535], [-124.30131800006492, 40.705731000181025], [-124.30793599925583, 40.70752699984433], [-124.31407800004229, 40.70890899925016]]}, "properties": {"fault_name": "Table Bluff fault zone", "section_name": "", "class": "A"}}, {"type": "Feature", "geometry": {"type": "LineString", "coordinates": [[-124.19449599957554, 40.65266200004705], [-124.19870500014373, 40.65591999977462]]}, "properties": {"fault_name": "Table Bluff fault zone", "section_name": "", "class": "A"}}, {"type": "Feature", "geometry": {"type": "LineString", "coordinates": [[-123.64932600043583, 40.23166600032479], [-123.65136700060914, 40.23380399972129], [-123.65451599992184, 40.23808299981698]]}, "properties": {"fault_name": "unnamed fault zone near Alder Point", "section_name": "", "class": "A"}}, {"type": "Feature", "geometry": {"type": "LineString", "coordinates": [[-123.63236899958586, 40.213972000153056], [-123.6337150001733, 40.21670900019356], [-123.63458100036168, 40.21795699989884], [-123.63685400033859, 40.219915000258155], [-123.64116099991774, 40.22311499999246], [-123.64484900007906, 40.2266769998789], [-123.6474430004463, 40.22976599995022]]}, "properties": {"fault_name": "unnamed fault zone near Alder Point", "section_name": "", "class": "A"}}, {"type": "Feature", "geometry": {"type": "LineString", "coordinates": [[-123.63945700002836, 40.23313800015024], [-123.6420719994137, 40.23873100020464]]}, "properties": {"fault_name": "unnamed fault zone near Alder Point", "section_name": "", "class": "A"}}, {"type": "Feature", "geometry": {"type": "LineString", "coordinates": [[-123.63820400022566, 40.24130999967923], [-123.63662500000973, 40.2478740002635], [-123.63609899957994, 40.25002199986656], [-123.63526300042707, 40.25240999969278], [-123.63380399986175, 40.25468099997525]]}, "properties": {"fault_name": "unnamed fault zone near Alder Point", "section_name": "", "class": "A"}}, {"type": "Feature", "geometry": {"type": "LineString", "coordinates": [[-123.63092400016257, 40.20873199926712], [-123.63102200007184, 40.21111599878249], [-123.63158899961117, 40.2137960000399], [-123.63278600023571, 40.217308999662535], [-123.63398099941377, 40.220582000287834], [-123.6346940003396, 40.222069999699514], [-123.63603099980789, 40.22379200032861]]}, "properties": {"fault_name": "unnamed fault zone near Alder Point", "section_name": "", "class": "A"}}, {"type": "Feature", "geometry": {"type": "LineString", "coordinates": [[-123.62937499918554, 40.20039200009163], [-123.62961899958303, 40.201643000129096]]}, "properties": {"fault_name": "unnamed fault zone near Alder Point", "section_name": "", "class": "A"}}, {"type": "Feature", "geometry": {"type": "LineString", "coordinates": [[-123.62808899977087, 40.186507999672756], [-123.62833300016835, 40.1876990000276]]}, "properties": {"fault_name": "unnamed fault zone near Alder Point", "section_name": "", "class": "A"}}, {"type": "Feature", "geometry": {"type": "LineString", "coordinates": [[-123.62313999941098, 40.08935899975346], [-123.62330700071388, 40.090788998762854], [-123.62331799968622, 40.09198199971851], [-123.62310000012631, 40.09383099985261]]}, "properties": {"fault_name": "unnamed fault zone near Alder Point", "section_name": "", "class": "A"}}, {"type": "Feature", "geometry": {"type": "LineString", "coordinates": [[-123.62163999973608, 40.07762299980565], [-123.62272300055778, 40.086142000208596]]}, "properties": {"fault_name": "unnamed fault zone near Alder Point", "section_name": "", "class": "A"}}, {"type": "Feature", "geometry": {"type": "LineString", "coordinates": [[-123.60467600011174, 40.18731999866368], [-123.60515599961244, 40.188867999819756]]}, "properties": {"fault_name": "unnamed fault zone near Alder Point", "section_name": "", "class": "A"}}, {"type": "Feature", "geometry": {"type": "LineString", "coordinates": [[-123.65451599992184, 40.23808299981698], [-123.65709799969524, 40.241481999884094], [-123.6597089997809, 40.24491799975424]]}, "properties": {"fault_name": "unnamed fault zone near Alder Point", "section_name": "", "class": "A"}}, {"type": "Feature", "geometry": {"type": "LineString", "coordinates": [[-123.6474430004463, 40.22976599995022], [-123.64932600043583, 40.23166600032479]]}, "properties": {"fault_name": "unnamed fault zone near Alder Point", "section_name": "", "class": "A"}}, {"type": "Feature", "geometry": {"type": "LineString", "coordinates": [[-123.6420719994137, 40.23873100020464], [-123.64398299989062, 40.243849000188916]]}, "properties": {"fault_name": "unnamed fault zone near Alder Point", "section_name": "", "class": "A"}}, {"type": "Feature", "geometry": {"type": "LineString", "coordinates": [[-123.63603099980789, 40.22379200032861], [-123.6365809996288, 40.22444699971869], [-123.63697600143564, 40.22510100031362], [-123.63698000073528, 40.225576999710874], [-123.63778699957581, 40.22891199976236], [-123.63945700002836, 40.23313800015024]]}, "properties": {"fault_name": "unnamed fault zone near Alder Point", "section_name": "", "class": "A"}}, {"type": "Feature", "geometry": {"type": "LineString", "coordinates": [[-123.62961899958303, 40.201643000129096], [-123.63092400016257, 40.20873199926712]]}, "properties": {"fault_name": "unnamed fault zone near Alder Point", "section_name": "", "class": "A"}}, {"type": "Feature", "geometry": {"type": "LineString", "coordinates": [[-123.62833300016835, 40.1876990000276], [-123.6288379997834, 40.19216799968223], [-123.62904300072114, 40.19788999869609], [-123.62937499918554, 40.20039200009163]]}, "properties": {"fault_name": "unnamed fault zone near Alder Point", "section_name": "", "class": "A"}}, {"type": "Feature", "geometry": {"type": "LineString", "coordinates": [[-123.62790399982296, 40.182991000290485], [-123.62808899977087, 40.186507999672756]]}, "properties": {"fault_name": "unnamed fault zone near Alder Point", "section_name": "", "class": "A"}}, {"type": "Feature", "geometry": {"type": "LineString", "coordinates": [[-123.62495399980355, 40.128934999699105], [-123.6249220000165, 40.13418100007776], [-123.6250409998422, 40.13906799975076], [-123.62467200066956, 40.14145499997283], [-123.62415000043774, 40.144139000306346], [-123.62410300058208, 40.14777600025282], [-123.62443900014276, 40.15063599980652], [-123.62476700020581, 40.15266200013151], [-123.62532799989738, 40.15450699981389]]}, "properties": {"fault_name": "unnamed fault zone near Alder Point", "section_name": "", "class": "A"}}, {"type": "Feature", "geometry": {"type": "LineString", "coordinates": [[-123.62272300055778, 40.086142000208596], [-123.62313999941098, 40.08935899975346]]}, "properties": {"fault_name": "unnamed fault zone near Alder Point", "section_name": "", "class": "A"}}, {"type": "Feature", "geometry": {"type": "LineString", "coordinates": [[-123.62310000012631, 40.09383099985261], [-123.62313100008848, 40.09752599974294]]}, "properties": {"fault_name": "unnamed fault zone near Alder Point", "section_name": "", "class": "A"}}, {"type": "Feature", "geometry": {"type": "LineString", "coordinates": [[-123.6200290006314, 40.052890001189866], [-123.62044800003272, 40.056404999304334], [-123.62101200009738, 40.0587279997516], [-123.62150800038991, 40.06200399978087], [-123.62171000005627, 40.06748799972312], [-123.62191099989774, 40.072851999715], [-123.62161700016983, 40.07488000022707], [-123.62163999973608, 40.07762299980565]]}, "properties": {"fault_name": "unnamed fault zone near Alder Point", "section_name": "", "class": "A"}}, {"type": "Feature", "geometry": {"type": "LineString", "coordinates": [[-123.60755599981093, 40.13252399974803], [-123.60726799993084, 40.13526700015974], [-123.60659400026138, 40.13836999932696], [-123.60613999980161, 40.13980200008481], [-123.60537299934742, 40.14117600014573]]}, "properties": {"fault_name": "unnamed fault zone near Alder Point", "section_name": "", "class": "A"}}, {"type": "Feature", "geometry": {"type": "LineString", "coordinates": [[-123.60515599961244, 40.188867999819756], [-123.60548400057382, 40.190774000012894]]}, "properties": {"fault_name": "unnamed fault zone near Alder Point", "section_name": "", "class": "A"}}, {"type": "Feature", "geometry": {"type": "LineString", "coordinates": [[-123.59794599986954, 40.155274999730274], [-123.5978870003183, 40.15754099987981], [-123.59799199990027, 40.16075899930892], [-123.59801000034193, 40.16284599985278], [-123.59842400061873, 40.1657650003381], [-123.59885100041599, 40.170293998753515], [-123.59934099996245, 40.17303399971958], [-123.59997600017216, 40.17446299978291], [-123.60155500038809, 40.17719799977023], [-123.60282800028226, 40.18035300000658], [-123.60467600011174, 40.18731999866368]]}, "properties": {"fault_name": "unnamed fault zone near Alder Point", "section_name": "", "class": "A"}}, {"type": "Feature", "geometry": {"type": "LineString", "coordinates": [[-123.63380399986175, 40.25468099997525], [-123.63295799976486, 40.25587699999644], [-123.63226800020185, 40.25707200128194], [-123.63189099973498, 40.25844499873458], [-123.63151099979338, 40.25957899974847], [-123.63112800037706, 40.26023600020911], [-123.63114400027058, 40.2620840003164], [-123.63154199975554, 40.2632150002724], [-123.63250199965526, 40.26613200025682]]}, "properties": {"fault_name": "unnamed fault zone near Alder Point", "section_name": "", "class": "A"}}, {"type": "Feature", "geometry": {"type": "LineString", "coordinates": [[-123.63112800037706, 40.26023600020911], [-123.63020399956402, 40.26143200007089], [-123.62974699962953, 40.26250699970234], [-123.62920799967927, 40.2631649999641]]}, "properties": {"fault_name": "unnamed fault zone near Alder Point", "section_name": "", "class": "A"}}, {"type": "Feature", "geometry": {"type": "LineString", "coordinates": [[-123.6276190003159, 40.26835800027958], [-123.62677200039408, 40.26943500027679], [-123.62639000080266, 40.270450000281606], [-123.62577800015914, 40.27146600013989], [-123.62408199976737, 40.273379999839904]]}, "properties": {"fault_name": "unnamed fault zone near Alder Point", "section_name": "", "class": "A"}}, {"type": "Feature", "geometry": {"type": "LineString", "coordinates": [[-123.59965599960671, 40.14584900016018], [-123.59943300002396, 40.14710200033295], [-123.5990630001281, 40.149369000342254], [-123.59838000023781, 40.15133899984323], [-123.59808899998465, 40.153783999728134], [-123.59794599986954, 40.155274999730274]]}, "properties": {"fault_name": "unnamed fault zone near Alder Point", "section_name": "", "class": "A"}}, {"type": "Feature", "geometry": {"type": "LineString", "coordinates": [[-124.06149500042889, 40.37255699974793], [-124.0622149992308, 40.373799000278396], [-124.06277099979782, 40.374507000238545], [-124.06387700018573, 40.375566000070826], [-124.06474500002396, 40.37627099978444], [-124.06600200002458, 40.37697199970865], [-124.06710600076269, 40.37791199974291], [-124.0690979996339, 40.38074599988879], [-124.07021400006752, 40.382460000020025], [-124.07115899989864, 40.38310399994161], [-124.07194499972113, 40.38357200010198], [-124.072422999572, 40.38428099971262], [-124.07248800076763, 40.388563999973854]]}, "properties": {"fault_name": "unnamed fault zone east of Bear River fault", "section_name": "", "class": "A"}}, {"type": "Feature", "geometry": {"type": "LineString", "coordinates": [[-124.05885900022885, 40.36312499974587], [-124.0631159995793, 40.371588001317335]]}, "properties": {"fault_name": "unnamed fault zone east of Bear River fault", "section_name": "", "class": "A"}}, {"type": "Feature", "geometry": {"type": "LineString", "coordinates": [[-124.05692700073382, 40.364156999685925], [-124.0590869998345, 40.367883000741195]]}, "properties": {"fault_name": "unnamed fault zone east of Bear River fault", "section_name": "", "class": "A"}}, {"type": "Feature", "geometry": {"type": "LineString", "coordinates": [[-124.02057799957359, 40.33003699996845], [-124.03382700017079, 40.33560800128243], [-124.035789999628, 40.33665799977262], [-124.03860900012612, 40.33763899972232], [-124.03970700011811, 40.33816300125085], [-124.04152800018338, 40.34010700030706], [-124.04278700073216, 40.34098600028915], [-124.04569099982253, 40.342442999814715], [-124.04726599984046, 40.343555999804785], [-124.04884300040659, 40.34484800014158], [-124.05114499979747, 40.3476800003294], [-124.05241100001896, 40.348974999725186], [-124.05297300043374, 40.35009999992028], [-124.05346099943206, 40.35140300026529], [-124.05497800062204, 40.353826999703], [-124.05570599981986, 40.35554300024898], [-124.05652099995463, 40.35791399977574]]}, "properties": {"fault_name": "unnamed fault zone east of Bear River fault", "section_name": "", "class": "A"}}, {"type": "Feature", "geometry": {"type": "LineString", "coordinates": [[-124.020309999785, 40.332895999752594], [-124.02608699980016, 40.33378600007494]]}, "properties": {"fault_name": "unnamed fault zone east of Bear River fault", "section_name": "", "class": "A"}}, {"type": "Feature", "geometry": {"type": "LineString", "coordinates": [[-124.0590869998345, 40.367883000741195], [-124.06149500042889, 40.37255699974793]]}, "properties": {"fault_name": "unnamed fault zone east of Bear River fault", "section_name": "", "class": "A"}}, {"type": "Feature", "geometry": {"type": "LineString", "coordinates": [[-124.05652099995463, 40.35791399977574], [-124.05885900022885, 40.36312499974587]]}, "properties": {"fault_name": "unnamed fault zone east of Bear River fault", "section_name": "", "class": "A"}}, {"type": "Feature", "geometry": {"type": "LineString", "coordinates": [[-124.0498579996596, 40.35007300033253], [-124.0528359992681, 40.35634799970865], [-124.05524200021267, 40.3609029998025], [-124.05692700073382, 40.364156999685925]]}, "properties": {"fault_name": "unnamed fault zone east of Bear River fault", "section_name": "", "class": "A"}}, {"type": "Feature", "geometry": {"type": "LineString", "coordinates": [[-124.03475899958312, 40.34059500007152], [-124.03556600022029, 40.34243100000635], [-124.03652500029513, 40.344027000285166], [-124.03984999933495, 40.34756200032786], [-124.04190599957683, 40.34956299992799], [-124.04293900016982, 40.35092000027814], [-124.04389300022177, 40.35221899980032], [-124.04642499976643, 40.354810000135046]]}, "properties": {"fault_name": "unnamed fault zone east of Bear River fault", "section_name": "", "class": "A"}}, {"type": "Feature", "geometry": {"type": "LineString", "coordinates": [[-124.01046099857066, 40.33056199871734], [-124.01491400043467, 40.331407000257705], [-124.020309999785, 40.332895999752594]]}, "properties": {"fault_name": "unnamed fault zone east of Bear River fault", "section_name": "", "class": "A"}}, {"type": "Feature", "geometry": {"type": "LineString", "coordinates": [[-123.81256999994125, 40.2161140002238], [-123.81507700026987, 40.217476999988605], [-123.81868300041539, 40.219790998754426], [-123.8207970003836, 40.22085800005865], [-123.82252099856785, 40.22186599989897], [-123.82495600072309, 40.22400700006743], [-123.82810000001295, 40.226981000293904]]}, "properties": {"fault_name": "unnamed faults west of Mail Ridge", "section_name": "", "class": "A"}}, {"type": "Feature", "geometry": {"type": "LineString", "coordinates": [[-123.74290900037379, 40.175361000078], [-123.74768700013114, 40.17791000017476], [-123.75277299986008, 40.18004000126276]]}, "properties": {"fault_name": "unnamed faults west of Mail Ridge", "section_name": "", "class": "A"}}, {"type": "Feature", "geometry": {"type": "LineString", "coordinates": [[-123.83661000031252, 40.237399998676516], [-123.83933500020103, 40.24153999992644], [-123.84264599989545, 40.2457680001869], [-123.8453249997532, 40.24904299968896]]}, "properties": {"fault_name": "unnamed faults west of Mail Ridge", "section_name": "", "class": "A"}}, {"type": "Feature", "geometry": {"type": "LineString", "coordinates": [[-123.77250800030203, 40.194922001318645], [-123.77367900008896, 40.19503599990863], [-123.77430500007785, 40.195333001239895], [-123.77524799936083, 40.19622499992009], [-123.77580800012579, 40.19789500005054], [-123.77667900033707, 40.199445000070725], [-123.7772090000665, 40.19992599976794], [-123.77825000015707, 40.20087200025369], [-123.77958499997554, 40.202002000268685], [-123.78099400031215, 40.202592999967905], [-123.78279100008798, 40.202943999955835], [-123.78427600059257, 40.20335600029327], [-123.78748500017976, 40.20477700002115], [-123.78920900016064, 40.205845001334545], [-123.79211899999706, 40.20876000003586], [-123.79400500035968, 40.21060400030343], [-123.79511000002437, 40.212093000202586], [-123.795669999891, 40.213822999915415], [-123.79677400062911, 40.21525200025915], [-123.79826500008316, 40.216440999688245], [-123.80046000024225, 40.21780599996355], [-123.80148200006624, 40.218697999287244], [-123.80290899994621, 40.22150000029072], [-123.8049619998151, 40.224596999928636], [-123.80724700038586, 40.227335000100034], [-123.80764599969572, 40.22846799979509], [-123.80805199957656, 40.230319000275465], [-123.81018099961341, 40.23323699995416], [-123.81145100003286, 40.23585999970343], [-123.81336099978658, 40.240272999960915], [-123.81408200021004, 40.24253999981751], [-123.81480899958295, 40.24552399992231], [-123.81483300077072, 40.24839099993469], [-123.81524699925086, 40.25131700006249]]}, "properties": {"fault_name": "unnamed faults west of Mail Ridge", "section_name": "", "class": "A"}}, {"type": "Feature", "geometry": {"type": "LineString", "coordinates": [[-123.79546200037686, 40.20304200032964], [-123.80212800014664, 40.207614000038895], [-123.80707300030858, 40.211596001218446], [-123.81256999994125, 40.2161140002238]]}, "properties": {"fault_name": "unnamed faults west of Mail Ridge", "section_name": "", "class": "A"}}, {"type": "Feature", "geometry": {"type": "LineString", "coordinates": [[-123.75277299986008, 40.18004000126276], [-123.75535899983142, 40.181641999718515], [-123.7592779999714, 40.184074999745334], [-123.76249799942921, 40.18668999996048], [-123.7647699995812, 40.18805500027797], [-123.76665500011889, 40.18959899969395], [-123.76822500011397, 40.1908469996905]]}, "properties": {"fault_name": "unnamed faults west of Mail Ridge", "section_name": "", "class": "A"}}, {"type": "Feature", "geometry": {"type": "LineString", "coordinates": [[-123.7280069999408, 40.16502800122034], [-123.73005300013699, 40.16728899971476], [-123.73091700067557, 40.16806200002101]]}, "properties": {"fault_name": "unnamed faults west of Mail Ridge", "section_name": "", "class": "A"}}, {"type": "Feature", "geometry": {"type": "LineString", "coordinates": [[-123.70367000036696, 40.145414998781426], [-123.70484799982657, 40.14642600031807], [-123.70658299967812, 40.14874899983167], [-123.70879000043107, 40.15166699967786], [-123.7113909995727, 40.15476200016463], [-123.71280399920896, 40.15589099972252], [-123.71444900044546, 40.15689999984168], [-123.71703200004374, 40.158084000076016], [-123.71993100000951, 40.159685000274855]]}, "properties": {"fault_name": "unnamed faults west of Mail Ridge", "section_name": "", "class": "A"}}, {"type": "Feature", "geometry": {"type": "LineString", "coordinates": [[-123.82810000001295, 40.226981000293904], [-123.82998700020046, 40.228704998758836], [-123.83155899984538, 40.230252000162686], [-123.83226800057325, 40.23108599880953], [-123.83305299967249, 40.23173900123369], [-123.83356300020874, 40.23206600003655], [-123.83391700021106, 40.23245300008422], [-123.83525799987731, 40.23435899973248], [-123.83585000042933, 40.235133000211846], [-123.83616700062173, 40.23572900032348], [-123.83661000031252, 40.237399998676516]]}, "properties": {"fault_name": "unnamed faults west of Mail Ridge", "section_name": "", "class": "A"}}, {"type": "Feature", "geometry": {"type": "LineString", "coordinates": [[-123.73091700067557, 40.16806200002101], [-123.73327000012009, 40.169666000101664], [-123.73601099990213, 40.17108800024763], [-123.73781199987589, 40.17209600024863], [-123.7393820007693, 40.17316500018948], [-123.741028999859, 40.17435299983786], [-123.74290900037379, 40.175361000078]]}, "properties": {"fault_name": "unnamed faults west of Mail Ridge", "section_name": "", "class": "A"}}, {"type": "Feature", "geometry": {"type": "LineString", "coordinates": [[-123.99522000000061, 40.145328000270965], [-123.99741199978666, 40.14740200003309]]}, "properties": {"fault_name": "unnamed faults near Telegraph Ridge", "section_name": "", "class": "A"}}, {"type": "Feature", "geometry": {"type": "LineString", "coordinates": [[-123.99565300144229, 40.164196000172325], [-124.00216199995494, 40.16948000026005]]}, "properties": {"fault_name": "unnamed faults near Telegraph Ridge", "section_name": "", "class": "A"}}, {"type": "Feature", "geometry": {"type": "LineString", "coordinates": [[-123.99741199978666, 40.14740200003309], [-124.00030599972956, 40.149770999748675]]}, "properties": {"fault_name": "unnamed faults near Telegraph Ridge", "section_name": "", "class": "A"}}, {"type": "Feature", "geometry": {"type": "LineString", "coordinates": [[-123.99185700042766, 40.151769000216206], [-123.99820400035522, 40.15840799975943]]}, "properties": {"fault_name": "unnamed faults near Telegraph Ridge", "section_name": "", "class": "A"}}, {"type": "Feature", "geometry": {"type": "LineString", "coordinates": [[-123.98176900063537, 40.13461399976619], [-123.98630099944712, 40.137868000305794], [-123.99522000000061, 40.145328000270965]]}, "properties": {"fault_name": "unnamed faults near Telegraph Ridge", "section_name": "", "class": "A"}}, {"type": "Feature", "geometry": {"type": "LineString", "coordinates": [[-123.9897830006424, 40.14529200023916], [-123.99307000004737, 40.148253001253714]]}, "properties": {"fault_name": "unnamed faults near Telegraph Ridge", "section_name": "", "class": "A"}}, {"type": "Feature", "geometry": {"type": "LineString", "coordinates": [[-123.97943399983588, 40.13396899978264], [-123.98180200024734, 40.13848199971069]]}, "properties": {"fault_name": "unnamed faults near Telegraph Ridge", "section_name": "", "class": "A"}}, {"type": "Feature", "geometry": {"type": "LineString", "coordinates": [[-123.95945200042009, 40.11334200004082], [-123.96093200000348, 40.11393100124901], [-123.96280800032032, 40.11535100005574], [-123.96711999992237, 40.11991600033425], [-123.97040899987552, 40.12311600000123], [-123.97158600040855, 40.12459899973209]]}, "properties": {"fault_name": "unnamed faults near Telegraph Ridge", "section_name": "", "class": "A"}}, {"type": "Feature", "geometry": {"type": "LineString", "coordinates": [[-123.95945200042009, 40.11334200004082], [-123.96506399968047, 40.12474399975192]]}, "properties": {"fault_name": "unnamed faults near Telegraph Ridge", "section_name": "", "class": "A"}}, {"type": "Feature", "geometry": {"type": "LineString", "coordinates": [[-123.97158600040855, 40.12459899973209], [-123.97448799984905, 40.127859998765246], [-123.97535000073779, 40.128749000242074], [-123.97582000019275, 40.12922300075667], [-123.97628999964773, 40.12975700033286], [-123.97645100020453, 40.13023200003159], [-123.97707599857189, 40.13082399992565], [-123.9793429995993, 40.132421999845185], [-123.98176900063537, 40.13461399976619]]}, "properties": {"fault_name": "unnamed faults near Telegraph Ridge", "section_name": "", "class": "A"}}, {"type": "Feature", "geometry": {"type": "LineString", "coordinates": [[-123.93611200055588, 40.0905279999994], [-123.93814699998305, 40.09236500026905], [-123.93939800013594, 40.09331200026676], [-123.94064599991576, 40.09396099995923], [-123.94205199987931, 40.09490699987484], [-123.94330499968201, 40.09609199996374], [-123.94619800069833, 40.09834199984126], [-123.94721499960116, 40.099290000299085], [-123.94894400140156, 40.10148499999163], [-123.95223699975598, 40.1051600001893], [-123.95365100011547, 40.10705799996192], [-123.95529800010347, 40.10895500002306], [-123.95749299936425, 40.1113269999625], [-123.95945200042009, 40.11334200004082]]}, "properties": {"fault_name": "unnamed faults near Telegraph Ridge", "section_name": "", "class": "A"}}, {"type": "Feature", "geometry": {"type": "LineString", "coordinates": [[-123.58661899961994, 40.42174999972923], [-123.58764199926887, 40.42329300026313], [-123.58827300017893, 40.42442099972471], [-123.58882800002272, 40.42578699988289], [-123.59023900000916, 40.42726900029247], [-123.59274500141119, 40.429698999993136]]}, "properties": {"fault_name": "Eaton Roughs fault zone", "section_name": "", "class": "A"}}, {"type": "Feature", "geometry": {"type": "LineString", "coordinates": [[-123.58465100013989, 40.41854399990008], [-123.58411899986234, 40.419914999706855], [-123.58397100062263, 40.42086800018609], [-123.58430999965805, 40.42413899992303], [-123.5845609997282, 40.42628100022853], [-123.58504000030233, 40.42782600025359], [-123.58701199998032, 40.43144799991824], [-123.58803800000229, 40.43334799971665]]}, "properties": {"fault_name": "Eaton Roughs fault zone", "section_name": "", "class": "A"}}, {"type": "Feature", "geometry": {"type": "LineString", "coordinates": [[-123.58302599989321, 40.41022000016073], [-123.58352100036085, 40.413729001239965], [-123.58465100013989, 40.41854399990008], [-123.58661899961994, 40.42174999972923]]}, "properties": {"fault_name": "Eaton Roughs fault zone", "section_name": "", "class": "A"}}, {"type": "Feature", "geometry": {"type": "LineString", "coordinates": [[-123.53582999978072, 40.349418998801454], [-123.53855800004229, 40.35047900006665]]}, "properties": {"fault_name": "Eaton Roughs fault zone", "section_name": "", "class": "A"}}, {"type": "Feature", "geometry": {"type": "LineString", "coordinates": [[-123.51902800143641, 40.337289999772146], [-123.52168599958114, 40.33930200007132], [-123.52410400022129, 40.34060199980818], [-123.52738800015155, 40.34302799986585], [-123.53059199971584, 40.34533600121293]]}, "properties": {"fault_name": "Eaton Roughs fault zone", "section_name": "", "class": "A"}}, {"type": "Feature", "geometry": {"type": "LineString", "coordinates": [[-123.48579300032709, 40.301722999696615], [-123.48721600000911, 40.3045130001271], [-123.4890249985822, 40.30718300003411], [-123.49130100072875, 40.30997100007982], [-123.4931849996449, 40.312284000226896]]}, "properties": {"fault_name": "Eaton Roughs fault zone", "section_name": "", "class": "A"}}, {"type": "Feature", "geometry": {"type": "LineString", "coordinates": [[-123.47927299924888, 40.302106998731055], [-123.48021799997832, 40.30364999990358]]}, "properties": {"fault_name": "Eaton Roughs fault zone", "section_name": "", "class": "A"}}, {"type": "Feature", "geometry": {"type": "LineString", "coordinates": [[-123.47379099968482, 40.28760899987981], [-123.47708999968367, 40.29199900023017]]}, "properties": {"fault_name": "Eaton Roughs fault zone", "section_name": "", "class": "A"}}, {"type": "Feature", "geometry": {"type": "LineString", "coordinates": [[-123.39072099968661, 40.16399799984657], [-123.39158900042315, 40.16560100034267], [-123.39386400004985, 40.168269000217855], [-123.39614000039977, 40.170996999830116], [-123.39708299968275, 40.172361998772345], [-123.39851100028594, 40.17574800000429]]}, "properties": {"fault_name": "Eaton Roughs fault zone", "section_name": "", "class": "A"}}, {"type": "Feature", "geometry": {"type": "LineString", "coordinates": [[-123.37800699974, 40.1584130012787], [-123.3775759997448, 40.162644000115904]]}, "properties": {"fault_name": "Eaton Roughs fault zone", "section_name": "", "class": "A"}}, {"type": "Feature", "geometry": {"type": "LineString", "coordinates": [[-123.3075960003351, 40.006290000238266], [-123.30760099856134, 40.00688600124768], [-123.30730400025703, 40.00855200019438], [-123.307012000179, 40.01075500001223], [-123.30702300004964, 40.01200499880551], [-123.30736400142982, 40.01563300013465], [-123.30779999965128, 40.021165999861275]]}, "properties": {"fault_name": "Eaton Roughs fault zone", "section_name": "", "class": "A"}}, {"type": "Feature", "geometry": {"type": "LineString", "coordinates": [[-123.58803800000229, 40.43334799971665], [-123.58858899964811, 40.43417899988633], [-123.58976300070641, 40.43530399975838], [-123.59274299996471, 40.43862499994646], [-123.59439599980051, 40.44123599985634], [-123.59605500038238, 40.44444299977253], [-123.59629900077987, 40.445691000255785], [-123.59661499935073, 40.44640300030844], [-123.59748200026235, 40.44782899992053], [-123.59881200005795, 40.44901400026792], [-123.60091599998042, 40.44977799973819], [-123.60301999990291, 40.45060300000946], [-123.60543500017, 40.451485001270434], [-123.60722699992294, 40.45219099971204], [-123.60894400023115, 40.453136999773506], [-123.61097600018361, 40.45461600018988], [-123.6145019999632, 40.458230999729366], [-123.61583500013184, 40.459714001287004], [-123.61670299997003, 40.461435998781084], [-123.61757400018134, 40.46321700025835], [-123.61813099967493, 40.464762000341764], [-123.61845599936495, 40.46654599998084], [-123.61908800009995, 40.46779300019824], [-123.61925799997925, 40.469517999807984], [-123.61973400018032, 40.47070700018415], [-123.62005899987034, 40.47231199976014], [-123.62023099939945, 40.47433399987387], [-123.62009400003042, 40.47653700016317], [-123.62025600041214, 40.47724999967205], [-123.6211979998702, 40.47843699977302], [-123.62339300002928, 40.48086700008754], [-123.62621400017726, 40.48377200005866], [-123.62926399975576, 40.48625799973793], [-123.62989099956958, 40.486910000165665], [-123.6303640002959, 40.48780099878215], [-123.63037900036451, 40.48940800003186], [-123.63015400023362, 40.49036099984544], [-123.62916500002157, 40.492744999820566], [-123.62950600140174, 40.49637399978488], [-123.62998299963108, 40.497621000026726], [-123.63257999857474, 40.50171699999481]]}, "properties": {"fault_name": "Eaton Roughs fault zone", "section_name": "", "class": "A"}}, {"type": "Feature", "geometry": {"type": "LineString", "coordinates": [[-123.61418999979367, 40.449008999710394], [-123.61747800082017, 40.45197100026894], [-123.62029800024493, 40.45487500013266]]}, "properties": {"fault_name": "Eaton Roughs fault zone", "section_name": "", "class": "A"}}, {"type": "Feature", "geometry": {"type": "LineString", "coordinates": [[-123.57996000042117, 40.39672399966041], [-123.58216299917954, 40.400107000195234], [-123.58499199972341, 40.40390399929992], [-123.58578000009402, 40.405268998687845], [-123.58711499991249, 40.407048999956025], [-123.58805800009378, 40.408294998759224], [-123.58876899957318, 40.40971999876539]]}, "properties": {"fault_name": "Eaton Roughs fault zone", "section_name": "", "class": "A"}}, {"type": "Feature", "geometry": {"type": "LineString", "coordinates": [[-123.57671400012578, 40.39858199996279], [-123.57679899961626, 40.399534000722916], [-123.5777450001706, 40.40107699970681], [-123.57955099926893, 40.40345000029852], [-123.58096500142506, 40.40534899873286], [-123.58112700001013, 40.40618100013172], [-123.58168199985393, 40.40742900004736], [-123.58278100056914, 40.40879299974594], [-123.58302599989321, 40.41022000016073]]}, "properties": {"fault_name": "Eaton Roughs fault zone", "section_name": "", "class": "A"}}, {"type": "Feature", "geometry": {"type": "LineString", "coordinates": [[-123.53855800004229, 40.35047900006665], [-123.53942099985764, 40.35154699989395], [-123.54090700018716, 40.35279000027431], [-123.54692600005163, 40.357348000091626], [-123.54919800020362, 40.35965899968212], [-123.5519359996126, 40.361908999931956], [-123.55310699939953, 40.36261900028256], [-123.554745000065, 40.36344499976178], [-123.55685599966017, 40.36498299879975], [-123.55991000033497, 40.3680059998249], [-123.56116700033562, 40.36966699966731], [-123.56258599981967, 40.372159999839745], [-123.56431300017361, 40.37429599993726], [-123.5654109992673, 40.37548099967497], [-123.56667400001405, 40.37791600031202], [-123.56887400019599, 40.380881999697046], [-123.56942400001691, 40.381653999927046], [-123.57115700021863, 40.384561999885854], [-123.57218900008837, 40.3869979997286], [-123.57266199991638, 40.38782800008293], [-123.57367700006772, 40.38847900024014]]}, "properties": {"fault_name": "Eaton Roughs fault zone", "section_name": "", "class": "A"}}, {"type": "Feature", "geometry": {"type": "LineString", "coordinates": [[-123.53059199971584, 40.34533600121293], [-123.53442700019022, 40.34877000030633], [-123.53582999978072, 40.349418998801454]]}, "properties": {"fault_name": "Eaton Roughs fault zone", "section_name": "", "class": "A"}}, {"type": "Feature", "geometry": {"type": "LineString", "coordinates": [[-123.50530699993779, 40.322230999259205], [-123.50686199986428, 40.32234400003658], [-123.5082640014265, 40.32269499976006], [-123.50966499957057, 40.323106000219106], [-123.51052099971324, 40.32322199999582], [-123.51246399997724, 40.32345199979034], [-123.51324099957885, 40.323448000098395], [-123.5145589996789, 40.32320500124545], [-123.51579999978604, 40.32296200014804], [-123.517198000252, 40.3229559998816], [-123.51929700015161, 40.32318600126727], [-123.52061999937618, 40.32347800120666], [-123.52210099968282, 40.32418600020633], [-123.52358499856588, 40.32507200005513], [-123.52467999998146, 40.32607899969226], [-123.52530800141682, 40.326790999669], [-123.52570400035361, 40.32768200023827], [-123.52586900021004, 40.32887099966417]]}, "properties": {"fault_name": "Eaton Roughs fault zone", "section_name": "", "class": "A"}}, {"type": "Feature", "geometry": {"type": "LineString", "coordinates": [[-123.4931849996449, 40.312284000226896], [-123.49600100066831, 40.3146530001935], [-123.49889899991086, 40.317497000053955], [-123.50007200024592, 40.318444001244536], [-123.5022590000091, 40.31992299998907], [-123.50530699993779, 40.322230999259205], [-123.50671899974913, 40.32371299972458], [-123.51016800043413, 40.32738900012923], [-123.51345799931384, 40.330767000054976], [-123.51518200019305, 40.33254499966109], [-123.51737999982687, 40.335333000216906], [-123.51816700037256, 40.33652000028546], [-123.51902800143641, 40.337289999772146]]}, "properties": {"fault_name": "Eaton Roughs fault zone", "section_name": "", "class": "A"}}, {"type": "Feature", "geometry": {"type": "LineString", "coordinates": [[-123.48021799997832, 40.30364999990358], [-123.48375400070195, 40.30845399979192], [-123.48611000141786, 40.311419999864164], [-123.48799299961075, 40.313732999702545], [-123.48924899978648, 40.31527500033279], [-123.4901159997998, 40.316819000040184], [-123.49113699979891, 40.31806399989312], [-123.49278100031218, 40.31966399974308], [-123.49426700064168, 40.32084800019265], [-123.49669100023131, 40.322743000007684], [-123.50091799944454, 40.326534000187706], [-123.50428299956563, 40.329494999969235], [-123.51053999997983, 40.33470599984168], [-123.51492399955188, 40.33873499990955], [-123.5172750002449, 40.341283999227414]]}, "properties": {"fault_name": "Eaton Roughs fault zone", "section_name": "", "class": "A"}}, {"type": "Feature", "geometry": {"type": "LineString", "coordinates": [[-123.47708999968367, 40.29199900023017], [-123.47874200059287, 40.294431999758295], [-123.48015400040421, 40.29615200004763], [-123.48140499965878, 40.29709899977462], [-123.4838280003218, 40.29887400004976], [-123.48484500012295, 40.29976300126711], [-123.48547299976165, 40.300593000049105], [-123.48579300032709, 40.301722999696615]]}, "properties": {"fault_name": "Eaton Roughs fault zone", "section_name": "", "class": "A"}}, {"type": "Feature", "geometry": {"type": "LineString", "coordinates": [[-123.39851100028594, 40.17574800000429], [-123.39962400034655, 40.178777998674896], [-123.39986899967064, 40.180265000290774], [-123.401211999885, 40.18287799992778], [-123.4017670006271, 40.184244000011645], [-123.4020069999283, 40.18501700073163], [-123.40302899975232, 40.18644099878778], [-123.40436300064418, 40.18810200018686], [-123.40538899976784, 40.19006100027139], [-123.4062730003979, 40.19356900007812], [-123.40660599958554, 40.19618600018697], [-123.40757200023137, 40.20022800076109], [-123.4085399996287, 40.20438900003836], [-123.40919300028008, 40.20807599999814], [-123.41063400040375, 40.21312800025245], [-123.41142900044704, 40.21526699979284], [-123.41481499958624, 40.22078699990941], [-123.41850599922225, 40.225531999716516], [-123.42266299991189, 40.2303949996783], [-123.42642600041627, 40.234307000306394], [-123.42940400002477, 40.2375080002612], [-123.43591400015893, 40.245039000005185], [-123.4395179997563, 40.24871399990918], [-123.4442139985996, 40.252978000293886], [-123.44703100034624, 40.25534700016018], [-123.44953600012671, 40.25753800004903], [-123.45540900040133, 40.263226999765095], [-123.46082000071858, 40.269333999869154], [-123.46262400016711, 40.271408999705976], [-123.46333999966937, 40.27343000013664], [-123.46476999992241, 40.27729200011195], [-123.46651300016987, 40.28121199980273], [-123.47030199971518, 40.288337999829615], [-123.47518599977774, 40.29641099865947], [-123.47927299924888, 40.302106998731055]]}, "properties": {"fault_name": "Eaton Roughs fault zone", "section_name": "", "class": "A"}}, {"type": "Feature", "geometry": {"type": "LineString", "coordinates": [[-123.32823700025008, 40.058926999831996], [-123.33254499965416, 40.06313499993943], [-123.33536600070046, 40.06603899873637], [-123.33841299990593, 40.0681689987988], [-123.3404540000792, 40.07071899969569], [-123.3424249999323, 40.074281999700574], [-123.34463799963473, 40.078736000006366], [-123.34904700021947, 40.0857399997129], [-123.35070500007811, 40.08888700028903], [-123.35235899973878, 40.09155799988073], [-123.35534899994116, 40.09606800019624], [-123.35810799926655, 40.10087699969508], [-123.360483000249, 40.106223000201325], [-123.3642850002131, 40.114834999829895], [-123.36626499938872, 40.11946800032861], [-123.36793699859274, 40.12416200032194], [-123.36873599973232, 40.126778000169786], [-123.36937099994205, 40.12838200009747], [-123.37011300028189, 40.133495998696965], [-123.37021000036627, 40.135756999758705], [-123.37085200024869, 40.13825399978964], [-123.37196299976117, 40.141046000312436], [-123.37416499959294, 40.144191000236916], [-123.37683699977799, 40.147928999811576], [-123.37832899995529, 40.14988700022141], [-123.3844359996833, 40.15551500024011], [-123.38718100056164, 40.158655999837144], [-123.39072099968661, 40.16399799984657]]}, "properties": {"fault_name": "Eaton Roughs fault zone", "section_name": "", "class": "A"}}, {"type": "Feature", "geometry": {"type": "LineString", "coordinates": [[-123.37832899995529, 40.14988700022141], [-123.37859300044423, 40.15418300005492], [-123.37845899965164, 40.156744999924356], [-123.37800699974, 40.1584130012787]]}, "properties": {"fault_name": "Eaton Roughs fault zone", "section_name": "", "class": "A"}}, {"type": "Feature", "geometry": {"type": "LineString", "coordinates": [[-123.3775759997448, 40.162644000115904], [-123.37743600000269, 40.164431000339896]]}, "properties": {"fault_name": "Eaton Roughs fault zone", "section_name": "", "class": "A"}}, {"type": "Feature", "geometry": {"type": "LineString", "coordinates": [[-123.32531700036789, 40.062687999689636], [-123.3247940003112, 40.06513000001204], [-123.32501400041922, 40.07262700027149], [-123.32505000040422, 40.07691199997808], [-123.32539000016284, 40.08036199993189], [-123.32627700026762, 40.08422600011327], [-123.32778999856471, 40.08856400032724], [-123.33166000009751, 40.09622500009669], [-123.33451000055777, 40.102521000212924], [-123.3390039997347, 40.110357000016606], [-123.34002800010686, 40.11201900012837], [-123.34191100009639, 40.11427200034009], [-123.34535599968511, 40.11753099965936], [-123.3493450001453, 40.12078700027201], [-123.35075399958362, 40.12209099982918], [-123.35340600057549, 40.12344800130401], [-123.35582400031733, 40.12468800028307], [-123.3596439998248, 40.1262790002747], [-123.36331000024477, 40.12804900016059], [-123.36596300016322, 40.12958600031553], [-123.36760400030344, 40.130768999995006], [-123.3691700001006, 40.13224999966227]]}, "properties": {"fault_name": "Eaton Roughs fault zone", "section_name": "", "class": "A"}}, {"type": "Feature", "geometry": {"type": "LineString", "coordinates": [[-123.32823700025008, 40.058926999831996], [-123.32857400143229, 40.06213899982729], [-123.32930599992976, 40.06582600022321], [-123.33139399995873, 40.073969999702506], [-123.33267100005085, 40.07801100128964], [-123.33512999980059, 40.084130000063], [-123.33773000001561, 40.08840400005508], [-123.341193000046, 40.09380500021381], [-123.34387100007885, 40.098079000172596], [-123.34560000008261, 40.10051200121304], [-123.34638699972996, 40.10175799993718], [-123.34694699959663, 40.1036599987473], [-123.34782400055401, 40.10627500028575], [-123.34893000004361, 40.10847100033263], [-123.35050399933836, 40.11102300119022], [-123.35191399860157, 40.11232699975275], [-123.35395499967316, 40.11493700001723], [-123.35646500037483, 40.117783000077345], [-123.35881199997158, 40.119796000156036], [-123.36217600026774, 40.12263899974602], [-123.36537800018223, 40.12470899991757], [-123.36873599973232, 40.126778000169786]]}, "properties": {"fault_name": "Eaton Roughs fault zone", "section_name": "", "class": "A"}}, {"type": "Feature", "geometry": {"type": "LineString", "coordinates": [[-123.30779999965128, 40.021165999861275], [-123.3077849995827, 40.02860400019587], [-123.3079560001852, 40.03050799990507], [-123.30898999970478, 40.03336000026088], [-123.31342900042674, 40.04381500013119], [-123.31446799996921, 40.04726200019774], [-123.3152689998603, 40.05011499973422], [-123.31645600043903, 40.05272800001614], [-123.31732400027728, 40.05427199998814], [-123.31857799990487, 40.05569499982696], [-123.32273300004641, 40.060201000209666], [-123.32531700036789, 40.062687999689636], [-123.32930599992976, 40.06582600022321]]}, "properties": {"fault_name": "Eaton Roughs fault zone", "section_name": "", "class": "A"}}, {"type": "Feature", "geometry": {"type": "LineString", "coordinates": [[-123.31857799990487, 40.05569499982696], [-123.32216699943366, 40.05752400012071], [-123.32474400008248, 40.05918100012677], [-123.32857400143229, 40.06213899982729]]}, "properties": {"fault_name": "Eaton Roughs fault zone", "section_name": "", "class": "A"}}, {"type": "Feature", "geometry": {"type": "LineString", "coordinates": [[-123.30691200061989, 39.99885499987175], [-123.30717899968525, 40.002899999660684], [-123.3075960003351, 40.006290000238266]]}, "properties": {"fault_name": "Eaton Roughs fault zone", "section_name": "", "class": "A"}}, {"type": "Feature", "geometry": {"type": "LineString", "coordinates": [[-123.62029800024493, 40.45487500013266], [-123.62233600004515, 40.45706899972931], [-123.62382499984942, 40.45855000034092], [-123.62469000021291, 40.459737000184084], [-123.6264219996914, 40.462526998681845], [-123.6281540000682, 40.465197000138], [-123.62964500042058, 40.4670360001258], [-123.63035199970203, 40.46798499978008], [-123.63098199988886, 40.46905399993454], [-123.63129700043147, 40.46958799987881], [-123.6324750007894, 40.47101099877768], [-123.63357399970798, 40.47249499881595], [-123.63703599991346, 40.47771700073128], [-123.63907799991166, 40.48038700028191], [-123.64080299971748, 40.48216499983011], [-123.64221500042713, 40.48382499970251], [-123.64300000042469, 40.48483300027747], [-123.64417500040959, 40.48601899996895], [-123.64480199932505, 40.48661100026118], [-123.64558599859937, 40.48750099989254], [-123.64621700040777, 40.488629000018406], [-123.64715700021604, 40.48957699969271], [-123.6489579992915, 40.491354999705145], [-123.65013399999962, 40.49259899987995], [-123.65252200140085, 40.494680999786254], [-123.65637700017008, 40.49750700004687], [-123.65977799937788, 40.499821999701034]]}, "properties": {"fault_name": "Eaton Roughs fault zone", "section_name": "", "class": "A"}}, {"type": "Feature", "geometry": {"type": "LineString", "coordinates": [[-123.59274500141119, 40.429698999993136], [-123.59423000011914, 40.430822999901835], [-123.59540599992896, 40.432067999829606], [-123.5972100002758, 40.43420300033353], [-123.59846499972828, 40.43568499989903], [-123.59940500043486, 40.43663400002642], [-123.59995799973049, 40.43752400020522], [-123.60207000004891, 40.439359998672465], [-123.60308899860156, 40.440427001242504], [-123.60481000000604, 40.441846999849766], [-123.60707499958698, 40.44338499980665], [-123.60965200023581, 40.445040999847656], [-123.61137000036891, 40.44610500133859], [-123.61230900035224, 40.44693400009826], [-123.61418999979367, 40.449008999710394]]}, "properties": {"fault_name": "Eaton Roughs fault zone", "section_name": "", "class": "A"}}, {"type": "Feature", "geometry": {"type": "LineString", "coordinates": [[-123.50671899974913, 40.32371299972458], [-123.5091370003893, 40.32495300033103], [-123.51054199962964, 40.325721001217914], [-123.51147899996315, 40.326311999666856], [-123.51288800029975, 40.32767499984612], [-123.51398499956855, 40.32880099968267], [-123.51469400029644, 40.329929000247624], [-123.5150099997656, 40.3305819998607], [-123.51518200019305, 40.33254499966109]]}, "properties": {"fault_name": "Eaton Roughs fault zone", "section_name": "", "class": "A"}}, {"type": "Feature", "geometry": {"type": "LineString", "coordinates": [[-123.86123399994158, 40.73697199924131], [-123.86428800061638, 40.74099099876184]]}, "properties": {"fault_name": "Eaton Roughs fault zone", "section_name": "", "class": "A"}}, {"type": "Feature", "geometry": {"type": "LineString", "coordinates": [[-123.852005000665, 40.73458499993681], [-123.85237300001272, 40.73573100033338], [-123.85244400015783, 40.736302999687716], [-123.8522879996239, 40.73704599979414], [-123.85121899994424, 40.7392730002846], [-123.85060399982599, 40.74109999998906], [-123.850062000401, 40.743271998808595]]}, "properties": {"fault_name": "Eaton Roughs fault zone", "section_name": "", "class": "A"}}, {"type": "Feature", "geometry": {"type": "LineString", "coordinates": [[-123.6662130000673, 40.50531199975601], [-123.67357500014619, 40.512851999903894]]}, "properties": {"fault_name": "Eaton Roughs fault zone", "section_name": "", "class": "A"}}, {"type": "Feature", "geometry": {"type": "LineString", "coordinates": [[-123.86428800061638, 40.74099099876184], [-123.86749199928238, 40.744951999780696], [-123.8694310002467, 40.747191999717394], [-123.87069800029313, 40.74902699876899], [-123.87359600043398, 40.75390299985221]]}, "properties": {"fault_name": "Eaton Roughs fault zone", "section_name": "", "class": "A"}}, {"type": "Feature", "geometry": {"type": "LineString", "coordinates": [[-123.8452839997453, 40.75543099975846], [-123.84927500075362, 40.759233999947796], [-123.86723999938728, 40.776306998744076]]}, "properties": {"fault_name": "Eaton Roughs fault zone", "section_name": "", "class": "A"}}, {"type": "Feature", "geometry": {"type": "LineString", "coordinates": [[-123.80895700012306, 40.658033999924584], [-123.81303100007372, 40.66220399971589], [-123.8157139992311, 40.664847999729915], [-123.81765200037056, 40.666746000131454], [-123.82160999997026, 40.66956800003374], [-123.82489800009849, 40.67158699991856], [-123.82698999942708, 40.67319899981209], [-123.82870599991034, 40.67463699980196], [-123.8298990003369, 40.67578699989191], [-123.83109100004022, 40.67710800013191], [-123.83264900033979, 40.67957500121326], [-123.83576000001767, 40.6853679996662], [-123.83886400002284, 40.69230499975878], [-123.84293200012574, 40.70090500016436], [-123.84714400016863, 40.71059300021467], [-123.84883700018742, 40.71540599869498], [-123.85276100035024, 40.72354699996599], [-123.85476499981529, 40.727045999812674], [-123.8594470002115, 40.73456200010039], [-123.86123399994158, 40.73697199924131]]}, "properties": {"fault_name": "Eaton Roughs fault zone", "section_name": "", "class": "A"}}, {"type": "Feature", "geometry": {"type": "LineString", "coordinates": [[-123.8081070007265, 40.65828900032755], [-123.81129799987198, 40.66305300013856], [-123.81530799935022, 40.66873699967256], [-123.81790400026563, 40.672868001274324], [-123.82220300034717, 40.68032700020551], [-123.8255410007041, 40.6858340002865], [-123.82879200012408, 40.69294399978096], [-123.832787000432, 40.70120100021598], [-123.83545799989386, 40.705675999718586], [-123.84064300025531, 40.71582599993476], [-123.84152900143351, 40.718003999748284], [-123.84331200006733, 40.72075799993748], [-123.84777399855888, 40.727185998732296], [-123.85060000142464, 40.73137499975128], [-123.85149000010587, 40.733094999937585], [-123.852005000665, 40.73458499993681]]}, "properties": {"fault_name": "Eaton Roughs fault zone", "section_name": "", "class": "A"}}, {"type": "Feature", "geometry": {"type": "LineString", "coordinates": [[-123.850062000401, 40.743271998808595], [-123.84960000044363, 40.74475699996715], [-123.84944100043498, 40.745957999933616], [-123.84949999998622, 40.748131998818415], [-123.84979200006424, 40.74944900026359], [-123.85052799965801, 40.75156899973461]]}, "properties": {"fault_name": "Eaton Roughs fault zone", "section_name": "", "class": "A"}}, {"type": "Feature", "geometry": {"type": "LineString", "coordinates": [[-123.75173399941933, 40.60003599875591], [-123.76114899936707, 40.60919000001566], [-123.77291900020575, 40.61987399982654], [-123.78522399989843, 40.631359000202956], [-123.7968880004319, 40.64283799983155], [-123.80590200141997, 40.65441199977596], [-123.8081070007265, 40.65828900032755]]}, "properties": {"fault_name": "Eaton Roughs fault zone", "section_name": "", "class": "A"}}, {"type": "Feature", "geometry": {"type": "LineString", "coordinates": [[-123.68307299993458, 40.52323100122184], [-123.6871870000682, 40.52856800008289], [-123.69061699958834, 40.53311099992829], [-123.69823799923498, 40.54276099985194], [-123.7018990014287, 40.54764500120925], [-123.7083019996361, 40.555704999865895], [-123.7152489996133, 40.56507499968856], [-123.71913299959316, 40.56961300031192], [-123.72339200039008, 40.57409000005831], [-123.72749499975474, 40.578112000323365], [-123.73167099981265, 40.58184599992474], [-123.73834800035141, 40.58755800032824], [-123.74350900042342, 40.59197000013776], [-123.75155499931918, 40.599411998764936]]}, "properties": {"fault_name": "Eaton Roughs fault zone", "section_name": "", "class": "A"}}, {"type": "Feature", "geometry": {"type": "LineString", "coordinates": [[-123.67357500014619, 40.512851999903894], [-123.67737000043756, 40.51670599880737], [-123.680941000423, 40.520562998668275], [-123.68307299993458, 40.52323100122184]]}, "properties": {"fault_name": "Eaton Roughs fault zone", "section_name": "", "class": "A"}}, {"type": "Feature", "geometry": {"type": "LineString", "coordinates": [[-123.65977799937788, 40.499821999701034], [-123.6662130000673, 40.50531199975601]]}, "properties": {"fault_name": "Eaton Roughs fault zone", "section_name": "", "class": "A"}}, {"type": "Feature", "geometry": {"type": "LineString", "coordinates": [[-123.9730840004336, 40.193646999787404], [-123.97395100044693, 40.19483699990378], [-123.97551999971878, 40.19626299988485], [-123.97858199989119, 40.19817999979561]]}, "properties": {"fault_name": "Garberville-Briceland fault zone", "section_name": "", "class": "A"}}, {"type": "Feature", "geometry": {"type": "LineString", "coordinates": [[-123.96005400011951, 40.172695999891005], [-123.96186399941584, 40.17489699878759]]}, "properties": {"fault_name": "Garberville-Briceland fault zone", "section_name": "", "class": "A"}}, {"type": "Feature", "geometry": {"type": "LineString", "coordinates": [[-123.9380869997086, 40.13567099982126], [-123.9394249999001, 40.1373960001881], [-123.94029199991343, 40.13858599995071]]}, "properties": {"fault_name": "Garberville-Briceland fault zone", "section_name": "", "class": "A"}}, {"type": "Feature", "geometry": {"type": "LineString", "coordinates": [[-123.88221100031555, 40.10895799968391], [-123.88467599991304, 40.11029200019854]]}, "properties": {"fault_name": "Garberville-Briceland fault zone", "section_name": "", "class": "A"}}, {"type": "Feature", "geometry": {"type": "LineString", "coordinates": [[-123.82481699990763, 40.06759700125328], [-123.82640299979622, 40.0675919999255], [-123.827413000823, 40.06764800033892], [-123.82920300002782, 40.06805700015756], [-123.83310100025139, 40.06964799866875]]}, "properties": {"fault_name": "Garberville-Briceland fault zone", "section_name": "", "class": "A"}}, {"type": "Feature", "geometry": {"type": "LineString", "coordinates": [[-123.8061460000208, 40.0600589998781], [-123.80840499975399, 40.06088300030243], [-123.81012099933895, 40.061768998807246], [-123.81323799976295, 40.063005999739275], [-123.81876900062912, 40.06494700023388], [-123.82188500032987, 40.06606500004238], [-123.82407000044321, 40.06718500129544], [-123.82481699990763, 40.06759700125328], [-123.82578600002817, 40.06813100001699], [-123.8271960001897, 40.06949299981458], [-123.82891599997264, 40.07085499987591], [-123.83016599940228, 40.07168299978426], [-123.8321940000551, 40.07256699974442]]}, "properties": {"fault_name": "Garberville-Briceland fault zone", "section_name": "", "class": "A"}}, {"type": "Feature", "geometry": {"type": "LineString", "coordinates": [[-123.81439799967922, 40.06234600024988], [-123.82364299974762, 40.062724999795506], [-123.82581999856673, 40.06295400028236], [-123.82714399941285, 40.063365000063406]]}, "properties": {"fault_name": "Garberville-Briceland fault zone", "section_name": "", "class": "A"}}, {"type": "Feature", "geometry": {"type": "LineString", "coordinates": [[-123.81534500005847, 40.08239599977744], [-123.81682299999207, 40.082687000115975], [-123.81752500014895, 40.08298200005651]]}, "properties": {"fault_name": "Garberville-Briceland fault zone", "section_name": "", "class": "A"}}, {"type": "Feature", "geometry": {"type": "LineString", "coordinates": [[-123.80824200044569, 40.08222600031025], [-123.81075999974664, 40.082117000198075], [-123.81231399984821, 40.08217000019873]]}, "properties": {"fault_name": "Garberville-Briceland fault zone", "section_name": "", "class": "A"}}, {"type": "Feature", "geometry": {"type": "LineString", "coordinates": [[-123.80106700086287, 40.096198999998116], [-123.80520599931423, 40.09803000015071]]}, "properties": {"fault_name": "Garberville-Briceland fault zone", "section_name": "", "class": "A"}}, {"type": "Feature", "geometry": {"type": "LineString", "coordinates": [[-123.77996799939186, 40.114556001324196], [-123.78129600043596, 40.11544299972197]]}, "properties": {"fault_name": "Garberville-Briceland fault zone", "section_name": "", "class": "A"}}, {"type": "Feature", "geometry": {"type": "LineString", "coordinates": [[-123.77630799971799, 40.07597299979583], [-123.77732900061541, 40.07710200011264]]}, "properties": {"fault_name": "Garberville-Briceland fault zone", "section_name": "", "class": "A"}}, {"type": "Feature", "geometry": {"type": "LineString", "coordinates": [[-123.748606000023, 40.034291999920185], [-123.76236100006018, 40.04417300123278], [-123.76548599998178, 40.046420999945596], [-123.7691490000287, 40.04789299973382]]}, "properties": {"fault_name": "Garberville-Briceland fault zone", "section_name": "", "class": "A"}}, {"type": "Feature", "geometry": {"type": "LineString", "coordinates": [[-123.7642470004228, 40.09254400031124], [-123.76615100032872, 40.097175999993034], [-123.76735300007779, 40.10151600034258], [-123.76846299976536, 40.10418899983057]]}, "properties": {"fault_name": "Garberville-Briceland fault zone", "section_name": "", "class": "A"}}, {"type": "Feature", "geometry": {"type": "LineString", "coordinates": [[-123.74336799995811, 40.084953000717135], [-123.756912999933, 40.088646000235]]}, "properties": {"fault_name": "Garberville-Briceland fault zone", "section_name": "", "class": "A"}}, {"type": "Feature", "geometry": {"type": "LineString", "coordinates": [[-123.74683300143495, 40.05934400009869], [-123.74901600010185, 40.05993099973236]]}, "properties": {"fault_name": "Garberville-Briceland fault zone", "section_name": "", "class": "A"}}, {"type": "Feature", "geometry": {"type": "LineString", "coordinates": [[-123.7301180004343, 40.05172200026216], [-123.732068000371, 40.05236999983429], [-123.7326930014333, 40.05260600001559]]}, "properties": {"fault_name": "Garberville-Briceland fault zone", "section_name": "", "class": "A"}}, {"type": "Feature", "geometry": {"type": "LineString", "coordinates": [[-123.71756199977315, 40.055246000067854], [-123.7193669999449, 40.0573809992954], [-123.72061899992269, 40.05856600007936], [-123.72218200024507, 40.059630999780666]]}, "properties": {"fault_name": "Garberville-Briceland fault zone", "section_name": "", "class": "A"}}, {"type": "Feature", "geometry": {"type": "LineString", "coordinates": [[-123.64738900001961, 40.00519299925079], [-123.64989199925195, 40.0072649988044], [-123.66399199996896, 40.021250000243896]]}, "properties": {"fault_name": "Garberville-Briceland fault zone", "section_name": "", "class": "A"}}, {"type": "Feature", "geometry": {"type": "LineString", "coordinates": [[-124.03359500036723, 40.24409499977227], [-124.03585099972736, 40.245282000252416], [-124.0388600001963, 40.24695900023493], [-124.04111599955642, 40.24814599986001], [-124.04389600059481, 40.250392000198275], [-124.04698800000612, 40.25398799978172], [-124.04803599976944, 40.255620999685746], [-124.04919999988365, 40.258528999690014], [-124.05034899992928, 40.26051099998629], [-124.05158599983845, 40.26213599965746], [-124.05300700076896, 40.26361600016077], [-124.0558649998285, 40.26757500005848], [-124.05825599980618, 40.27153799993386], [-124.05970500032576, 40.274799000229805], [-124.0617129999888, 40.27812499979643], [-124.06438399855229, 40.28208500003344], [-124.06525100036224, 40.28385599996888], [-124.06632899936443, 40.287333999954285], [-124.06673500014364, 40.28946600006717], [-124.06732299959937, 40.29138299985219], [-124.06828800042028, 40.293509000227715], [-124.06952999855568, 40.29541899875705], [-124.07010399956437, 40.29633900000209], [-124.07116000062189, 40.29832199972834], [-124.07221400023296, 40.30023399976866], [-124.07306700000258, 40.30115099977816], [-124.07420000015466, 40.30206500032387], [-124.07514300033597, 40.30276700119907], [-124.07676100001162, 40.30488600030805], [-124.07771500006358, 40.30630099973528], [-124.07772799958404, 40.30715500023423], [-124.07783899991213, 40.3083650012064], [-124.07778600020869, 40.31100100001717], [-124.07866400009267, 40.31355499988775], [-124.07964200043405, 40.31653600029556], [-124.08078700028172, 40.31823299877912], [-124.08307699997704, 40.321627999925774], [-124.08707300010991, 40.32685499976067], [-124.08925300020039, 40.329182000014974], [-124.09057700014817, 40.33044999987478], [-124.09341300036478, 40.33298399977803], [-124.0991190002348, 40.34033099998617], [-124.10187300043562, 40.34357799976962], [-124.10415599955995, 40.346545000246074], [-124.10548100023097, 40.34788400007715], [-124.10651899994852, 40.34858500017907], [-124.1081149998829, 40.34935200026915], [-124.10942799996005, 40.34983600006447], [-124.11017899962239, 40.35018399993774], [-124.11209400029732, 40.35343999995277], [-124.11360800021593, 40.35492000001685], [-124.11559099976458, 40.35653599874405], [-124.11681799962798, 40.35752000017405], [-124.11813999992597, 40.35864500020034], [-124.11955199973734, 40.35955600119415], [-124.12134000019063, 40.36060599998452], [-124.12369900038124, 40.362431999757774], [-124.12615500065624, 40.36454300021174], [-124.1277580002633, 40.365737000164884]]}, "properties": {"fault_name": "Garberville-Briceland fault zone", "section_name": "", "class": "A"}}, {"type": "Feature", "geometry": {"type": "LineString", "coordinates": [[-123.98694900007564, 40.204810001209836], [-123.99062299999322, 40.20747300030617], [-123.99179599942997, 40.20841999932724], [-123.99469600011899, 40.21156199969714], [-123.99971900009872, 40.217731000270355], [-124.00066399992986, 40.21859100004742]]}, "properties": {"fault_name": "Garberville-Briceland fault zone", "section_name": "", "class": "A"}}, {"type": "Feature", "geometry": {"type": "LineString", "coordinates": [[-123.96186399941584, 40.17489699878759], [-123.96533900004009, 40.18055100066562]]}, "properties": {"fault_name": "Garberville-Briceland fault zone", "section_name": "", "class": "A"}}, {"type": "Feature", "geometry": {"type": "LineString", "coordinates": [[-123.9480349997588, 40.15144400003384], [-123.9506810000046, 40.16050300129605], [-123.95179599971502, 40.16318399999182], [-123.95234999973388, 40.164314999996634], [-123.95439699975495, 40.16693099997564], [-123.95863700028528, 40.17091200000881], [-123.96005400011951, 40.172695999891005]]}, "properties": {"fault_name": "Garberville-Briceland fault zone", "section_name": "", "class": "A"}}, {"type": "Feature", "geometry": {"type": "LineString", "coordinates": [[-123.88467599991304, 40.11029200019854], [-123.8881200005752, 40.11224700011828], [-123.89297500032542, 40.115390000213175], [-123.89705499922559, 40.11883400032397], [-123.90175300041363, 40.12173899975393], [-123.9061380007089, 40.12452499874535], [-123.91302500041162, 40.12855399976632], [-123.91803199959953, 40.13121899974355], [-123.92484699933222, 40.13572599990557], [-123.92837300001013, 40.13821799875623], [-123.93127600017387, 40.14071199868123], [-123.93395100073198, 40.14392300016867], [-123.93560500039266, 40.14612400014458], [-123.9375809993703, 40.14939799996398], [-123.93947399940559, 40.1521949997182], [-123.94159100064518, 40.15385699869491], [-123.94425999955887, 40.156351998805086], [-123.94536299957373, 40.15783999984485]]}, "properties": {"fault_name": "Garberville-Briceland fault zone", "section_name": "", "class": "A"}}, {"type": "Feature", "geometry": {"type": "LineString", "coordinates": [[-123.94029199991343, 40.13858599995071], [-123.94163599995271, 40.14096799988111], [-123.94266600017265, 40.14299199978457], [-123.94354300023168, 40.1453159998047]]}, "properties": {"fault_name": "Garberville-Briceland fault zone", "section_name": "", "class": "A"}}, {"type": "Feature", "geometry": {"type": "LineString", "coordinates": [[-123.906314000436, 40.1177219999773], [-123.9128820002965, 40.12085799932239], [-123.91874700017519, 40.12369800014316], [-123.92406699935755, 40.12648000024491], [-123.92805599981772, 40.12849200034317], [-123.93071599940887, 40.129853999926546], [-123.93306799992682, 40.13163400024384], [-123.93620500044229, 40.134186999921035], [-123.9380869997086, 40.13567099982126]]}, "properties": {"fault_name": "Garberville-Briceland fault zone", "section_name": "", "class": "A"}}, {"type": "Feature", "geometry": {"type": "LineString", "coordinates": [[-123.86089200143145, 40.13172099980568], [-123.87420800017915, 40.14203999992244]]}, "properties": {"fault_name": "Garberville-Briceland fault zone", "section_name": "", "class": "A"}}, {"type": "Feature", "geometry": {"type": "LineString", "coordinates": [[-123.85890800026122, 40.090429000111804], [-123.86234899965203, 40.09315200016033], [-123.86743899957892, 40.09806999975052], [-123.8716630002157, 40.101562999695204]]}, "properties": {"fault_name": "Garberville-Briceland fault zone", "section_name": "", "class": "A"}}, {"type": "Feature", "geometry": {"type": "LineString", "coordinates": [[-123.82251299996857, 40.13068500066438], [-123.82619100008412, 40.133942999687946], [-123.82916500039298, 40.1366090011969], [-123.83222700056535, 40.140463999689345], [-123.83473700036872, 40.14342899967577], [-123.83647099859871, 40.146337999874035], [-123.83750499991493, 40.1490709999128], [-123.83869599979336, 40.15221999998638], [-123.84003599963467, 40.154535000313885]]}, "properties": {"fault_name": "Garberville-Briceland fault zone", "section_name": "", "class": "A"}}, {"type": "Feature", "geometry": {"type": "LineString", "coordinates": [[-123.83310100025139, 40.06964799866875], [-123.83606299996634, 40.07088500021273], [-123.8398100005772, 40.073131000137344]]}, "properties": {"fault_name": "Garberville-Briceland fault zone", "section_name": "", "class": "A"}}, {"type": "Feature", "geometry": {"type": "LineString", "coordinates": [[-123.8211409994419, 40.152114001285504], [-123.82238999994493, 40.152703000257], [-123.82301500010892, 40.15311700030527], [-123.82739700003114, 40.15690799970379], [-123.83114799994165, 40.15962999967716], [-123.83302700063155, 40.161467000200446], [-123.83726600043865, 40.16668500028382]]}, "properties": {"fault_name": "Garberville-Briceland fault zone", "section_name": "", "class": "A"}}, {"type": "Feature", "geometry": {"type": "LineString", "coordinates": [[-123.81752500014895, 40.08298200005651], [-123.82065099989543, 40.08529000002464]]}, "properties": {"fault_name": "Garberville-Briceland fault zone", "section_name": "", "class": "A"}}, {"type": "Feature", "geometry": {"type": "LineString", "coordinates": [[-123.81231399984821, 40.08217000019873], [-123.81534500005847, 40.08239599977744]]}, "properties": {"fault_name": "Garberville-Briceland fault zone", "section_name": "", "class": "A"}}, {"type": "Feature", "geometry": {"type": "LineString", "coordinates": [[-123.80288399983188, 40.09947100027437], [-123.80562200013915, 40.10118800030177], [-123.80765600063978, 40.102432000193815], [-123.81007799968124, 40.10367400123058], [-123.81444799990793, 40.10508600003347]]}, "properties": {"fault_name": "Garberville-Briceland fault zone", "section_name": "", "class": "A"}}, {"type": "Feature", "geometry": {"type": "LineString", "coordinates": [[-123.7691490000287, 40.04789299973382], [-123.77445499986567, 40.0507280000704], [-123.77882599991725, 40.053328000245166], [-123.78069800003615, 40.05427299976171], [-123.78264600032303, 40.05503800031617], [-123.78560499966495, 40.05591899975388], [-123.79136400013674, 40.05726399870944], [-123.7940099985859, 40.05778800011551], [-123.79790000021019, 40.05860600017853], [-123.8061460000208, 40.0600589998781]]}, "properties": {"fault_name": "Garberville-Briceland fault zone", "section_name": "", "class": "A"}}, {"type": "Feature", "geometry": {"type": "LineString", "coordinates": [[-123.79105600016517, 40.09004000004759], [-123.79239399856006, 40.09188299988416], [-123.7938860014323, 40.09354599972784], [-123.79545399998094, 40.09491100001942], [-123.79834700009891, 40.09662799966668], [-123.80124200076507, 40.09846399970565]]}, "properties": {"fault_name": "Garberville-Briceland fault zone", "section_name": "", "class": "A"}}, {"type": "Feature", "geometry": {"type": "LineString", "coordinates": [[-123.79261800066266, 40.090748999694014], [-123.79457699992187, 40.092410999856455], [-123.7990340001872, 40.09501500026083], [-123.80106700086287, 40.096198999998116]]}, "properties": {"fault_name": "Garberville-Briceland fault zone", "section_name": "", "class": "A"}}, {"type": "Feature", "geometry": {"type": "LineString", "coordinates": [[-123.79261800066266, 40.090748999694014], [-123.79425700025475, 40.09133899989762], [-123.7960550007538, 40.09234500016983]]}, "properties": {"fault_name": "Garberville-Briceland fault zone", "section_name": "", "class": "A"}}, {"type": "Feature", "geometry": {"type": "LineString", "coordinates": [[-123.78496699998048, 40.08780000027715], [-123.78630200069728, 40.08928500028092], [-123.78763999999045, 40.09094900030111], [-123.78969299985931, 40.09445700031553]]}, "properties": {"fault_name": "Garberville-Briceland fault zone", "section_name": "", "class": "A"}}, {"type": "Feature", "geometry": {"type": "LineString", "coordinates": [[-123.75020600015534, 40.052876999743155], [-123.75239999959119, 40.05520800026639], [-123.75585599994889, 40.059007999974654], [-123.759144999902, 40.06149800006317], [-123.76172599985046, 40.06309699972466], [-123.76290299858685, 40.06434400030391], [-123.76447599985333, 40.066245000086134]]}, "properties": {"fault_name": "Garberville-Briceland fault zone", "section_name": "", "class": "A"}}, {"type": "Feature", "geometry": {"type": "LineString", "coordinates": [[-123.72218200024507, 40.059630999780666], [-123.72959499858098, 40.063706999888076], [-123.73476000064757, 40.06702299973174], [-123.7381089999768, 40.06938299970419], [-123.74013799955624, 40.070505999317554], [-123.74224499985175, 40.07168699991879], [-123.74552799995709, 40.074172999932], [-123.74952799938958, 40.07867899967105], [-123.75260000140436, 40.083725000659015], [-123.7538640001794, 40.08627800120319]]}, "properties": {"fault_name": "Garberville-Briceland fault zone", "section_name": "", "class": "A"}}, {"type": "Feature", "geometry": {"type": "LineString", "coordinates": [[-123.73936300140106, 40.02504600033853], [-123.7447759995715, 40.031391000190915]]}, "properties": {"fault_name": "Garberville-Briceland fault zone", "section_name": "", "class": "A"}}, {"type": "Feature", "geometry": {"type": "LineString", "coordinates": [[-123.74018699996002, 40.064677000001645], [-123.73700599996194, 40.065821000140346], [-123.73476000064757, 40.06702299973174], [-123.73042499968267, 40.06960500021944], [-123.72679199977296, 40.072420999661745]]}, "properties": {"fault_name": "Garberville-Briceland fault zone", "section_name": "", "class": "A"}}, {"type": "Feature", "geometry": {"type": "LineString", "coordinates": [[-123.71632200038924, 40.049035999881305], [-123.71803700014932, 40.049386998716976], [-123.72099499966632, 40.04955400016939], [-123.72332999956747, 40.04966300013488], [-123.72543300056336, 40.04995300021635], [-123.72714999997325, 40.0504230003365], [-123.72808700030676, 40.050954999973925], [-123.72902600029009, 40.051428000194626], [-123.7301180004343, 40.05172200026216]]}, "properties": {"fault_name": "Garberville-Briceland fault zone", "section_name": "", "class": "A"}}, {"type": "Feature", "geometry": {"type": "LineString", "coordinates": [[-123.68310399989672, 40.03105000132864], [-123.68489799929948, 40.031935000302866], [-123.68739799995542, 40.033770000298496], [-123.6910000008013, 40.03702800001159], [-123.69373800021026, 40.03933700004993], [-123.6973300001121, 40.04170199865829], [-123.70303099995925, 40.045308999776545], [-123.70490499972797, 40.04655099979658], [-123.70771200142886, 40.04784800019679], [-123.7118409998345, 40.04925999968975], [-123.71340300033198, 40.05032399990176], [-123.7152849995983, 40.05239900025899], [-123.71756199977315, 40.055246000067854]]}, "properties": {"fault_name": "Garberville-Briceland fault zone", "section_name": "", "class": "A"}}, {"type": "Feature", "geometry": {"type": "LineString", "coordinates": [[-123.67232800019127, 40.01508700004503], [-123.67266800084819, 40.0185959997775], [-123.67370999986541, 40.02234099969282]]}, "properties": {"fault_name": "Garberville-Briceland fault zone", "section_name": "", "class": "A"}}, {"type": "Feature", "geometry": {"type": "LineString", "coordinates": [[-124.00066399992986, 40.21859100004742], [-124.0033079996275, 40.22069899984338], [-124.0050110005903, 40.22231899967264], [-124.00662199969497, 40.224012000180856], [-124.00889000144561, 40.22598199968685], [-124.01182100030013, 40.228657000294476], [-124.01607200070113, 40.23231600019971], [-124.01862400033727, 40.23449600028451], [-124.02070099959724, 40.236184000337545], [-124.02418300079253, 40.23835499966823], [-124.02860900019739, 40.24122800020115], [-124.03171299930425, 40.24297499966834], [-124.03359500036723, 40.24409499977227]]}, "properties": {"fault_name": "Garberville-Briceland fault zone", "section_name": "", "class": "A"}}, {"type": "Feature", "geometry": {"type": "LineString", "coordinates": [[-123.97858199989119, 40.19817999979561], [-123.97990900021205, 40.19888800003773], [-123.98107800034916, 40.1994190003422], [-123.98185900014875, 40.19995199998813], [-123.98225300033405, 40.20060400024487], [-123.98288299962257, 40.201554000234296], [-123.98389899959881, 40.20232299990174], [-123.98694900007564, 40.204810001209836]]}, "properties": {"fault_name": "Garberville-Briceland fault zone", "section_name": "", "class": "A"}}, {"type": "Feature", "geometry": {"type": "LineString", "coordinates": [[-123.96533900004009, 40.18055100066562], [-123.96644000040514, 40.1817400006814], [-123.96714699968656, 40.18251299973586], [-123.96754700061796, 40.18376400018957], [-123.96810900013445, 40.185730999867445], [-123.96843399982444, 40.187280999299496], [-123.96867599967378, 40.18823500011751], [-123.96962100040322, 40.189483999667054], [-123.97044800023356, 40.19061499989799], [-123.97096000041964, 40.191239000281456], [-123.97142999987462, 40.19159499979323], [-123.971823000235, 40.19204099876517], [-123.9730840004336, 40.193646999787404]]}, "properties": {"fault_name": "Garberville-Briceland fault zone", "section_name": "", "class": "A"}}, {"type": "Feature", "geometry": {"type": "LineString", "coordinates": [[-123.95234999973388, 40.164314999996634], [-123.95931299960459, 40.168045000016605]]}, "properties": {"fault_name": "Garberville-Briceland fault zone", "section_name": "", "class": "A"}}, {"type": "Feature", "geometry": {"type": "LineString", "coordinates": [[-123.9532179995721, 40.156494999755104], [-123.95689199859139, 40.15797099874422]]}, "properties": {"fault_name": "Garberville-Briceland fault zone", "section_name": "", "class": "A"}}, {"type": "Feature", "geometry": {"type": "LineString", "coordinates": [[-123.90720499984046, 40.15841400020945], [-123.91136300035502, 40.161916999844216], [-123.9153619999626, 40.16506300019604], [-123.91716599941113, 40.16660699977682], [-123.91991599941399, 40.1694600001877], [-123.92305700012743, 40.17255000120314], [-123.92486300012406, 40.174154000239255], [-123.92674399956549, 40.17551900020454], [-123.92808000010716, 40.17688600023096], [-123.93075399994204, 40.179977000110874], [-123.93217199960117, 40.18188099971047], [-123.93248800086698, 40.18241599983971], [-123.9326520000002, 40.183430000016685], [-123.93367600037236, 40.184738999981185], [-123.93580000038632, 40.18729600021894], [-123.93807599983795, 40.18937499990318], [-123.94035399983771, 40.19145399968193]]}, "properties": {"fault_name": "Garberville-Briceland fault zone", "section_name": "", "class": "A"}}, {"type": "Feature", "geometry": {"type": "LineString", "coordinates": [[-123.8716630002157, 40.101562999695204], [-123.87369699981801, 40.10328100026599], [-123.87580699958826, 40.10476000015286], [-123.87940000021332, 40.10718499979439], [-123.88221100031555, 40.10895799968391]]}, "properties": {"fault_name": "Garberville-Briceland fault zone", "section_name": "", "class": "A"}}, {"type": "Feature", "geometry": {"type": "LineString", "coordinates": [[-123.80520599931423, 40.09803000015071], [-123.80607400005077, 40.099397999913265], [-123.80717199914444, 40.10046600023], [-123.80818999966884, 40.1011780012058], [-123.80975299999125, 40.102005999980236], [-123.81092399977817, 40.102536999686706], [-123.81201900029544, 40.10318899926467], [-123.8131940002803, 40.10407799970009], [-123.81444799990793, 40.10508600003347], [-123.81827299943826, 40.10656099969591], [-123.82334700036995, 40.10850800029712], [-123.82631400010779, 40.10974700001996], [-123.8274079999018, 40.110220000095005], [-123.82889300040642, 40.11104799874495], [-123.83116199928702, 40.112469000332176], [-123.83202099980274, 40.11288300028075], [-123.83404999938215, 40.11358999976108], [-123.8354539996959, 40.1140620003204], [-123.83678199984166, 40.11465100010175], [-123.8388129999692, 40.115597000199045], [-123.84186499919755, 40.11749200004277], [-123.84413300004988, 40.11891300025474], [-123.845775000015, 40.119919999695384], [-123.84702600016789, 40.1205710000928], [-123.84890499995947, 40.121994000148426], [-123.85047300030475, 40.12329900004471], [-123.85235000044648, 40.12448300072999], [-123.85336800007255, 40.125313999816754], [-123.85454499970727, 40.126441999667335], [-123.85572200024028, 40.12757000003255], [-123.8570529998608, 40.12857799974939], [-123.85768099860121, 40.129289999742646], [-123.85877799966659, 40.13017999972033], [-123.86089200143145, 40.13172099980568]]}, "properties": {"fault_name": "Garberville-Briceland fault zone", "section_name": "", "class": "A"}}, {"type": "Feature", "geometry": {"type": "LineString", "coordinates": [[-123.8321940000551, 40.07256699974442], [-123.83499900030955, 40.07362699967007], [-123.83842700017983, 40.07498199982715], [-123.83983099959525, 40.07563000022818], [-123.84076799992877, 40.07622199977042], [-123.84264800044359, 40.07805899980307], [-123.8442900004087, 40.079420999713], [-123.84593200037384, 40.08072299965844], [-123.84765000140527, 40.08178700001788], [-123.8491340002883, 40.082792999875956], [-123.85031099992304, 40.08421599989953], [-123.85250100005923, 40.08605200007819], [-123.85515800017569, 40.08794499972164], [-123.85718900030322, 40.08912700022771], [-123.85890800026122, 40.090429000111804]]}, "properties": {"fault_name": "Garberville-Briceland fault zone", "section_name": "", "class": "A"}}, {"type": "Feature", "geometry": {"type": "LineString", "coordinates": [[-123.82714399941285, 40.063365000063406], [-123.82885999989614, 40.06425099997989], [-123.83050100003634, 40.065374000326585], [-123.83151600018768, 40.06608400001216], [-123.83346299975132, 40.06667100001365], [-123.83603899967693, 40.068087999922625], [-123.83884699940607, 40.0695649997032], [-123.8435360003733, 40.07287799979529], [-123.84674099976252, 40.07536400032801], [-123.8490840000596, 40.076841999867256], [-123.85416700031382, 40.08098699979474]]}, "properties": {"fault_name": "Garberville-Briceland fault zone", "section_name": "", "class": "A"}}, {"type": "Feature", "geometry": {"type": "LineString", "coordinates": [[-123.82065099989543, 40.08529000002464], [-123.82533499994149, 40.088066999669095], [-123.83064199960334, 40.09113999966906], [-123.835326001446, 40.09391799968182], [-123.83837199992826, 40.09580900007662], [-123.84235700019043, 40.098589999966755], [-123.84689100044866, 40.10214200019635], [-123.8500199996699, 40.104746999674134], [-123.85252199997565, 40.10664000014269]]}, "properties": {"fault_name": "Garberville-Briceland fault zone", "section_name": "", "class": "A"}}, {"type": "Feature", "geometry": {"type": "LineString", "coordinates": [[-123.78129600043596, 40.11544299972197], [-123.78199900041773, 40.115916000028776], [-123.78239000022998, 40.11627100004834], [-123.78263299990421, 40.11740099993457], [-123.78288899999725, 40.120077999689336], [-123.7900379996408, 40.120406000008806], [-123.79050700016919, 40.120819999723736], [-123.79074499982055, 40.121414000168045], [-123.79083600005715, 40.12296100130202], [-123.79131599955787, 40.12456600005387], [-123.79186700010199, 40.12551600068108], [-123.79272900009245, 40.12640499984368], [-123.79444700022555, 40.12746900032319], [-123.79515000020731, 40.12794200008208], [-123.79570099985314, 40.1288320012259], [-123.79664400003445, 40.130137999704], [-123.80015800011846, 40.13232399979433], [-123.80210899988006, 40.13344700015033], [-123.80359500020958, 40.1346309998991], [-123.80484600036245, 40.13557800010178], [-123.80648700140098, 40.136702000192116], [-123.80758099939837, 40.137471000136344], [-123.80891199991719, 40.13871499977638], [-123.80970100011271, 40.14014000024064]]}, "properties": {"fault_name": "Garberville-Briceland fault zone", "section_name": "", "class": "A"}}, {"type": "Feature", "geometry": {"type": "LineString", "coordinates": [[-123.77732900061541, 40.07710200011264], [-123.78022600003304, 40.07923600033598], [-123.7845319997873, 40.08237800028252], [-123.78687900028237, 40.08385800021649], [-123.7890720007916, 40.085637999732704], [-123.78954899991928, 40.08664899965933], [-123.79173900005549, 40.0880110002386], [-123.79620200016858, 40.091389999758924]]}, "properties": {"fault_name": "Garberville-Briceland fault zone", "section_name": "", "class": "A"}}, {"type": "Feature", "geometry": {"type": "LineString", "coordinates": [[-123.77732900061541, 40.07710200011264], [-123.77788399956087, 40.078292000039724], [-123.78046799988238, 40.080308001194304], [-123.78258500022366, 40.082146999697734], [-123.78438600019742, 40.083510999688784], [-123.78618500141971, 40.08469600025259], [-123.78845500012524, 40.08623600018719], [-123.79009799991526, 40.08730200025005], [-123.79073699942465, 40.08914799984701], [-123.79129100034179, 40.09027800017949]]}, "properties": {"fault_name": "Garberville-Briceland fault zone", "section_name": "", "class": "A"}}, {"type": "Feature", "geometry": {"type": "LineString", "coordinates": [[-123.78292499998228, 40.08560399970532], [-123.78479299990319, 40.08571499973187], [-123.78697399981858, 40.08600400032651], [-123.78845500012524, 40.08623600018719]]}, "properties": {"fault_name": "Garberville-Briceland fault zone", "section_name": "", "class": "A"}}, {"type": "Feature", "geometry": {"type": "LineString", "coordinates": [[-123.77732900061541, 40.07710200011264], [-123.7776519997573, 40.078472000077916], [-123.77836399995991, 40.0798990000228], [-123.77946600014982, 40.08138500129893], [-123.78041099998097, 40.0827530002323], [-123.78292499998228, 40.08560399970532], [-123.78496699998048, 40.08780000027715]]}, "properties": {"fault_name": "Garberville-Briceland fault zone", "section_name": "", "class": "A"}}, {"type": "Feature", "geometry": {"type": "LineString", "coordinates": [[-123.76846299976536, 40.10418899983057], [-123.76949599856171, 40.10692199995413], [-123.77051800018235, 40.10840499973329], [-123.7720839999795, 40.10994600011101], [-123.77357399960866, 40.111546999817584], [-123.7747460001188, 40.112434999968855], [-123.7759160000808, 40.11302499969929], [-123.77755300002305, 40.11367300001677], [-123.77949800083519, 40.11414100029918], [-123.77996799939186, 40.114556001324196]]}, "properties": {"fault_name": "Garberville-Briceland fault zone", "section_name": "", "class": "A"}}, {"type": "Feature", "geometry": {"type": "LineString", "coordinates": [[-123.76447599985333, 40.066245000086134], [-123.76667299966223, 40.068382000297916], [-123.76761500001862, 40.069332001230116], [-123.76996399926516, 40.07111099875065], [-123.77301700011503, 40.07330400017256], [-123.77372099992175, 40.0737190000788], [-123.77536599936161, 40.07496399974707], [-123.77630799971799, 40.07597299979583]]}, "properties": {"fault_name": "Garberville-Briceland fault zone", "section_name": "", "class": "A"}}, {"type": "Feature", "geometry": {"type": "LineString", "coordinates": [[-123.756912999933, 40.088646000235], [-123.75862600004325, 40.08917499983895], [-123.76174599994195, 40.09070899991442], [-123.76322899989843, 40.09159600002258], [-123.7642470004228, 40.09254400031124]]}, "properties": {"fault_name": "Garberville-Briceland fault zone", "section_name": "", "class": "A"}}, {"type": "Feature", "geometry": {"type": "LineString", "coordinates": [[-123.74901600010185, 40.05993099973236], [-123.75018400041404, 40.06004399973381], [-123.75236699997924, 40.06051200034258], [-123.75548699987795, 40.06145300125832], [-123.75805900140222, 40.061979000022994], [-123.76172599985046, 40.06309699972466]]}, "properties": {"fault_name": "Garberville-Briceland fault zone", "section_name": "", "class": "A"}}, {"type": "Feature", "geometry": {"type": "LineString", "coordinates": [[-123.74855400014447, 40.060409000015845], [-123.75152400025534, 40.06206599999327]]}, "properties": {"fault_name": "Garberville-Briceland fault zone", "section_name": "", "class": "A"}}, {"type": "Feature", "geometry": {"type": "LineString", "coordinates": [[-123.7326930014333, 40.05260600001559], [-123.73378300013107, 40.052779999713316], [-123.73448600011284, 40.05301599985011], [-123.73518900009462, 40.053429999800024], [-123.7368340004328, 40.05467499967838], [-123.7376980000731, 40.055624999913675], [-123.73879300059033, 40.05627699985797], [-123.73972800037572, 40.056511000092684], [-123.7416780003124, 40.05697999994821], [-123.74339300007246, 40.05739100001195], [-123.74409500022932, 40.05768600020746], [-123.74542500002495, 40.05845499980149], [-123.74683300143495, 40.05934400009869]]}, "properties": {"fault_name": "Garberville-Briceland fault zone", "section_name": "", "class": "A"}}, {"type": "Feature", "geometry": {"type": "LineString", "coordinates": [[-123.70105799955803, 40.038248998714515], [-123.70310399975418, 40.04092299878151], [-123.70428399976194, 40.04240900032544], [-123.70522500029344, 40.04329900011525], [-123.70600899956776, 40.0440710002037], [-123.7065600001119, 40.04478399878797], [-123.70734399938623, 40.04549600032846], [-123.70812799955885, 40.04614899872543], [-123.70898700007456, 40.04650299971122], [-123.70968900023142, 40.04673900026408], [-123.71101499982908, 40.047150000197206], [-123.71265500014438, 40.04785900011693], [-123.71429399973644, 40.048388998729074], [-123.71632200038924, 40.049035999881305]]}, "properties": {"fault_name": "Garberville-Briceland fault zone", "section_name": "", "class": "A"}}, {"type": "Feature", "geometry": {"type": "LineString", "coordinates": [[-123.66311399918666, 40.018456999668636], [-123.6642050004043, 40.01886899974614], [-123.66506299929846, 40.01934100006369], [-123.66576700000346, 40.01993399979659], [-123.66623800018165, 40.020526999879465], [-123.66741499981636, 40.02195000032788], [-123.66796999966014, 40.02325699973629], [-123.66813500041492, 40.024446999743105]]}, "properties": {"fault_name": "Garberville-Briceland fault zone", "section_name": "", "class": "A"}}, {"type": "Feature", "geometry": {"type": "LineString", "coordinates": [[-123.64337000032056, 39.998366001257494], [-123.64738900001961, 40.00519299925079]]}, "properties": {"fault_name": "Garberville-Briceland fault zone", "section_name": "", "class": "A"}}, {"type": "Feature", "geometry": {"type": "LineString", "coordinates": [[-122.01342600033449, 41.99785999987778], [-122.01286799921935, 41.99661300014986], [-122.01230999990084, 41.995536999755146], [-122.01156599991114, 41.99453200028993], [-122.01026500042786, 41.99314600015627], [-122.00980000009747, 41.992798998672406], [-122.00854599957155, 41.99220999969243], [-122.00645399934461, 41.99148199968227], [-122.0058960000261, 41.99120400026777], [-122.00543100059402, 41.990788000048134], [-122.00492000023287, 41.99037199978054], [-122.00422200027393, 41.98999099876809], [-122.00324599958236, 41.98954100130132], [-122.00208599966611, 41.98902099970289], [-122.0012479999651, 41.98870899977634]]}, "properties": {"fault_name": "Cedar Mountain fault system", "section_name": "Mahogany Mountain section", "class": "A"}}, {"type": "Feature", "geometry": {"type": "LineString", "coordinates": [[-122.00117299962203, 41.98854600009045], [-121.99937099982334, 41.98778899975344], [-121.99687799973842, 41.986823000143104], [-121.9960459998852, 41.98647900031335], [-121.9940599999635, 41.98503099990655], [-121.99285900003933, 41.98427300022882], [-121.99152000002292, 41.98358400024443], [-121.99004200008935, 41.982826000033455], [-121.989026999938, 41.98223900021381], [-121.98810300002327, 41.981378000016626], [-121.98648699999742, 41.979792998751996], [-121.98528600007326, 41.978689999952266], [-121.9839000002012, 41.977793999870286], [-121.98237700006176, 41.97693299967381], [-121.98071400018024, 41.97613899979951], [-121.97956099993665, 41.97500299982379], [-121.9780369999723, 41.97314099980226], [-121.97606100009632, 41.971122999947276], [-121.97282999986956, 41.967743999728064], [-121.97149099985312, 41.966158001221146], [-121.97061499961897, 41.96519299998532]]}, "properties": {"fault_name": "Cedar Mountain fault system", "section_name": "Mahogany Mountain section", "class": "A"}}, {"type": "Feature", "geometry": {"type": "LineString", "coordinates": [[-121.99521500075522, 41.987892000066395], [-121.99516899982613, 41.988718000328504], [-121.99512199997048, 41.99020000000537], [-121.99521400003198, 41.99213100010049], [-121.99558399992785, 41.993819000073536], [-121.99623000000824, 41.99512799990953], [-121.99724699980936, 41.996367998734], [-121.99858599982578, 41.997954000004526], [-121.99955699959617, 41.99905600015486], [-122.00001899955352, 41.99988299977759]]}, "properties": {"fault_name": "Cedar Mountain fault system", "section_name": "Mahogany Mountain section", "class": "A"}}, {"type": "Feature", "geometry": {"type": "LineString", "coordinates": [[-122.03533900031873, 41.997295000132155], [-122.02193200043611, 41.98303399978809]]}, "properties": {"fault_name": "Cedar Mountain fault system", "section_name": "Mahogany Mountain section", "class": "A"}}, {"type": "Feature", "geometry": {"type": "LineString", "coordinates": [[-122.0482560006549, 42.035154000068154], [-122.03823600063467, 42.02559500117965], [-122.02884500007806, 42.019043999985435], [-122.01375199984939, 42.00358899995979]]}, "properties": {"fault_name": "Cedar Mountain fault system", "section_name": "Mahogany Mountain section", "class": "A"}}, {"type": "Feature", "geometry": {"type": "LineString", "coordinates": [[-122.04580399967956, 41.935518000124425], [-122.06154499963846, 41.94492299878138], [-122.06620499939503, 41.94753000011006], [-122.07558699973082, 41.95488999987877], [-122.08044499985412, 41.959319000019775], [-122.08505399955709, 41.965038000192905], [-122.08839999941159, 41.971637999737574], [-122.09328800057045, 41.97703199994896], [-122.09534999976184, 41.97893000014705], [-122.10121600036376, 41.983449000305264]]}, "properties": {"fault_name": "Cedar Mountain fault system", "section_name": "Cedar Mountain section", "class": "A"}}, {"type": "Feature", "geometry": {"type": "LineString", "coordinates": [[-122.04266799988734, 41.88934199975023], [-122.04197199957824, 41.88809400069902], [-122.04113600042535, 41.88649999989042], [-122.04085699986781, 41.88552899988745], [-122.04062500006421, 41.88511399975971], [-122.04011399970304, 41.88459400002488], [-122.03881400004468, 41.88352000017306], [-122.03779399987049, 41.88265399929345], [-122.03718999962291, 41.88196000018271]]}, "properties": {"fault_name": "Cedar Mountain fault system", "section_name": "Cedar Mountain section", "class": "A"}}, {"type": "Feature", "geometry": {"type": "LineString", "coordinates": [[-122.03718999962291, 41.88196000018271], [-122.03646700044796, 41.88084800013853], [-122.03602899988172, 41.88005500123172], [-122.03486899996545, 41.87828699978643], [-122.03440399963505, 41.877731999933744], [-122.03421900058544, 41.877386001297154]]}, "properties": {"fault_name": "Cedar Mountain fault system", "section_name": "Cedar Mountain section", "class": "A"}}, {"type": "Feature", "geometry": {"type": "LineString", "coordinates": [[-122.03122399856356, 41.87483899985963], [-122.03106199997846, 41.87441499989492], [-122.03108899974265, 41.87407100069645], [-122.03127700006361, 41.873363999838574], [-122.03127700006361, 41.87320300015935], [-122.03095200037362, 41.87231400125958], [-122.03068200003689, 41.87158700021453], [-122.03054599959445, 41.87057700015545], [-122.03019499996516, 41.86944599996908], [-122.02967999940604, 41.86752799991076], [-122.02957200034933, 41.86663800023641], [-122.02935499971602, 41.86550800007132], [-122.02905699979019, 41.86445700007471], [-122.02854400067751, 41.8630839997774], [-122.02778600044415, 41.86142800030216], [-122.02765400019966, 41.861199999769205]]}, "properties": {"fault_name": "Cedar Mountain fault system", "section_name": "Cedar Mountain section", "class": "A"}}, {"type": "Feature", "geometry": {"type": "LineString", "coordinates": [[-122.03004500017731, 41.88067999995524], [-122.02976600141639, 41.879641000244035], [-122.02981299857711, 41.87936299981711]]}, "properties": {"fault_name": "Cedar Mountain fault system", "section_name": "Cedar Mountain section", "class": "A"}}, {"type": "Feature", "geometry": {"type": "LineString", "coordinates": [[-122.02981200144714, 41.879085998773505], [-122.02999699959847, 41.87859999982893]]}, "properties": {"fault_name": "Cedar Mountain fault system", "section_name": "Cedar Mountain section", "class": "A"}}, {"type": "Feature", "geometry": {"type": "LineString", "coordinates": [[-122.02879300019954, 41.8836270012302], [-122.02888500026107, 41.882136000022975], [-122.02902400017824, 41.88085400018469], [-122.02907000020897, 41.880056999711364], [-122.02925500015691, 41.87894700118266], [-122.02928600011904, 41.87839099976976], [-122.0295789991237, 41.87658999967253]]}, "properties": {"fault_name": "Cedar Mountain fault system", "section_name": "Cedar Mountain section", "class": "A"}}, {"type": "Feature", "geometry": {"type": "LineString", "coordinates": [[-122.02870399961277, 41.88906900024387], [-122.02870299978787, 41.888272999701755], [-122.02865500010729, 41.88612299967131], [-122.02879499984938, 41.884945000259926]]}, "properties": {"fault_name": "Cedar Mountain fault system", "section_name": "Cedar Mountain section", "class": "A"}}, {"type": "Feature", "geometry": {"type": "LineString", "coordinates": [[-122.02802499992043, 41.8307300000908], [-122.0267770001406, 41.82927799877607], [-122.02479000039398, 41.82675599994415], [-122.0231709999951, 41.824959999884534], [-122.02104500033128, 41.82233300022847], [-122.01951999964373, 41.820467000060354], [-122.0184569998118, 41.81894699980039], [-122.01753299989711, 41.81756500016954], [-122.0168859999918, 41.81628600117104], [-122.01651600009596, 41.81507600030727], [-122.01633100014804, 41.814385000280794], [-122.01574299979399, 41.812992999758464], [-122.01526699959292, 41.81206999996095], [-122.01439000043217, 41.810065000030804], [-122.01397300068066, 41.80892500001568], [-122.01388200044406, 41.8078539997901], [-122.0136959997729, 41.80660999989789], [-122.01341799993857, 41.80571100013114]]}, "properties": {"fault_name": "Cedar Mountain fault system", "section_name": "Cedar Mountain section", "class": "A"}}, {"type": "Feature", "geometry": {"type": "LineString", "coordinates": [[-122.02757199928558, 41.86077600032544], [-122.02714000036379, 41.85960399869932], [-122.0266260014262, 41.85823000032457], [-122.02597700007443, 41.85675599871643], [-122.02575999944116, 41.85635099987639]]}, "properties": {"fault_name": "Cedar Mountain fault system", "section_name": "Cedar Mountain section", "class": "A"}}, {"type": "Feature", "geometry": {"type": "LineString", "coordinates": [[-122.0257340004002, 41.85608899970991], [-122.02513899857682, 41.85513999986748], [-122.02427400000997, 41.85372599983161], [-122.023544000264, 41.852655000172284], [-122.0230580000172, 41.852089000129965], [-122.02292199957476, 41.851927999733796]]}, "properties": {"fault_name": "Cedar Mountain fault system", "section_name": "Cedar Mountain section", "class": "A"}}, {"type": "Feature", "geometry": {"type": "LineString", "coordinates": [[-122.02192499986509, 41.85092999994851], [-122.02130900082025, 41.8502140000951], [-122.02062500020673, 41.84914099973295], [-122.01986000030067, 41.84751300021125]]}, "properties": {"fault_name": "Cedar Mountain fault system", "section_name": "Cedar Mountain section", "class": "A"}}, {"type": "Feature", "geometry": {"type": "LineString", "coordinates": [[-122.01980300039925, 41.84648200021649], [-122.01891399974632, 41.84454000017692]]}, "properties": {"fault_name": "Cedar Mountain fault system", "section_name": "Cedar Mountain section", "class": "A"}}, {"type": "Feature", "geometry": {"type": "LineString", "coordinates": [[-122.01891399974632, 41.84454000017692], [-122.01823000003111, 41.84336400024262], [-122.01720499983406, 41.841676999720185], [-122.01652000029392, 41.84045000122866], [-122.0158359996804, 41.83881400032784], [-122.01542599960156, 41.83799499868525]]}, "properties": {"fault_name": "Cedar Mountain fault system", "section_name": "Cedar Mountain section", "class": "A"}}, {"type": "Feature", "geometry": {"type": "LineString", "coordinates": [[-122.0148779994305, 41.83835400028448], [-122.01433099998262, 41.83779099990862], [-122.01357899959703, 41.83681900027147], [-122.01310099974616, 41.835848001196375], [-122.01275799961448, 41.83543999867555], [-122.01241700003095, 41.83502999969038]]}, "properties": {"fault_name": "Cedar Mountain fault system", "section_name": "Cedar Mountain section", "class": "A"}}, {"type": "Feature", "geometry": {"type": "LineString", "coordinates": [[-122.0131409999291, 41.80488199872086], [-122.01286400081801, 41.80432900016246]]}, "properties": {"fault_name": "Cedar Mountain fault system", "section_name": "Cedar Mountain section", "class": "A"}}, {"type": "Feature", "geometry": {"type": "LineString", "coordinates": [[-122.00115000005582, 41.89860300021533], [-122.00306999985527, 41.90030800013516]]}, "properties": {"fault_name": "Cedar Mountain fault system", "section_name": "Cedar Mountain section", "class": "A"}}, {"type": "Feature", "geometry": {"type": "LineString", "coordinates": [[-121.99998500011667, 41.897492001296705], [-122.0010850006568, 41.898563999707356]]}, "properties": {"fault_name": "Cedar Mountain fault system", "section_name": "Cedar Mountain section", "class": "A"}}, {"type": "Feature", "geometry": {"type": "LineString", "coordinates": [[-122.02291699955187, 41.92515899974952], [-122.0233350000266, 41.926129000213045], [-122.02365999971663, 41.927133999720716], [-122.02403200016063, 41.92824400027897], [-122.02449599976781, 41.92872899995404], [-122.03063799965597, 41.93339899967863], [-122.03179900029544, 41.934370000214194], [-122.03337800140969, 41.93572099878567], [-122.03514299960185, 41.93738399976638], [-122.03672199981777, 41.938910000058115], [-122.03783800025143, 41.939811001308314], [-122.03862700044694, 41.940364999980304], [-122.04104200071403, 41.94195899984889], [-122.04331899999057, 41.943416000196756], [-122.04540900056767, 41.945009999964654], [-122.04643099859506, 41.945875999733325], [-122.04722100041212, 41.94667300124108], [-122.0476859998442, 41.94736599973192], [-122.04824400006103, 41.94826799993135], [-122.04963900015393, 41.95090199975431], [-122.05103399934855, 41.953052000310485], [-122.0519519994155, 41.954199001178495], [-122.05306700002423, 41.95523800026257], [-122.05427499962107, 41.9560700002045], [-122.05571499991984, 41.956900999932216], [-122.0570630001571, 41.957768001190914], [-122.05957299996044, 41.959742000071806], [-122.06189699999095, 41.96150899998492], [-122.0632450002282, 41.96268700009203], [-122.06463899959789, 41.96365700021973], [-122.06589499977363, 41.96452199989043], [-122.06663899976333, 41.96538900032492], [-122.06747599963938, 41.96726099998499], [-122.06845300015587, 41.968991999777316], [-122.06957000041446, 41.9707600001274], [-122.07054600020771, 41.97172899975653], [-122.0720800002178, 41.97314999988382], [-122.07449999960944, 41.97671799990886]]}, "properties": {"fault_name": "Cedar Mountain fault system", "section_name": "Cedar Mountain section", "class": "A"}}, {"type": "Feature", "geometry": {"type": "LineString", "coordinates": [[-122.03222299971965, 41.87693600128092], [-122.03254699958475, 41.87693600128092], [-122.03315099983236, 41.877177999896844], [-122.03384799996635, 41.87742100022179]]}, "properties": {"fault_name": "Cedar Mountain fault system", "section_name": "Cedar Mountain section", "class": "A"}}, {"type": "Feature", "geometry": {"type": "LineString", "coordinates": [[-122.03124799975132, 41.87495999990788], [-122.03175999993738, 41.87631200001948], [-122.03194400006039, 41.87683200026752], [-122.03203799977175, 41.877352000297776]]}, "properties": {"fault_name": "Cedar Mountain fault system", "section_name": "Cedar Mountain section", "class": "A"}}, {"type": "Feature", "geometry": {"type": "LineString", "coordinates": [[-122.03200199978671, 41.897146000003005], [-122.03107200002422, 41.89596799991381], [-122.03014400080984, 41.89409500012235], [-122.02944699977753, 41.89246599990631], [-122.02902800037619, 41.89090700008722], [-122.02884300042828, 41.88945199970415]]}, "properties": {"fault_name": "Cedar Mountain fault system", "section_name": "Cedar Mountain section", "class": "A"}}, {"type": "Feature", "geometry": {"type": "LineString", "coordinates": [[-122.0295789991237, 41.87658999967253], [-122.02971799993918, 41.876034999797625], [-122.02990400061036, 41.8756539987892], [-122.03018200044468, 41.87530700029055]]}, "properties": {"fault_name": "Cedar Mountain fault system", "section_name": "Cedar Mountain section", "class": "A"}}, {"type": "Feature", "geometry": {"type": "LineString", "coordinates": [[-122.00639899999138, 41.82292199877957], [-122.005937000034, 41.82233499984291], [-122.0055210001074, 41.82185100029169]]}, "properties": {"fault_name": "Cedar Mountain fault system", "section_name": "Cedar Mountain section", "class": "A"}}, {"type": "Feature", "geometry": {"type": "LineString", "coordinates": [[-122.00492100005776, 41.820814000243054], [-122.00431900035834, 41.819467001253955], [-122.0036719995547, 41.817737999883015], [-122.00302700019758, 41.81614800120714], [-122.00228700040584, 41.814731999943085], [-122.0015939995715, 41.81369499977149], [-122.00117800144155, 41.81307299929955]]}, "properties": {"fault_name": "Cedar Mountain fault system", "section_name": "Cedar Mountain section", "class": "A"}}, {"type": "Feature", "geometry": {"type": "LineString", "coordinates": [[-122.00097500015362, 41.811689000181474], [-121.99955499994635, 41.80983699990988], [-121.99877599979658, 41.80897999989774], [-121.99785899955454, 41.80822599970161], [-121.99694300003577, 41.80777999996411], [-121.99625500012259, 41.80719899976277], [-121.99524699964395, 41.80613500023132], [-121.99410200069461, 41.8052100012414], [-121.99208599973733, 41.80390699968399], [-121.9889700000366, 41.802089000291154], [-121.98521299938004, 41.79979099929691], [-121.98218900063908, 41.79800799984127], [-121.98021900061092, 41.796842000291505]]}, "properties": {"fault_name": "Cedar Mountain fault system", "section_name": "Cedar Mountain section", "class": "A"}}, {"type": "Feature", "geometry": {"type": "LineString", "coordinates": [[-122.02984000013792, 41.94318099978454], [-122.05183199976487, 41.96075200019553], [-122.06128700079391, 41.97058100001034]]}, "properties": {"fault_name": "Cedar Mountain fault system", "section_name": "Cedar Mountain section", "class": "A"}}, {"type": "Feature", "geometry": {"type": "LineString", "coordinates": [[-122.0833940000486, 41.984883999797916], [-122.09299200029443, 41.99594899993109]]}, "properties": {"fault_name": "Cedar Mountain fault system", "section_name": "Cedar Mountain section", "class": "A"}}, {"type": "Feature", "geometry": {"type": "LineString", "coordinates": [[-122.14993899991532, 41.8507179999897], [-122.14422200017461, 41.85564399975622], [-122.13897900008683, 41.862064998808954], [-122.13539999970547, 41.86674100032685], [-122.13236299964746, 41.87044100029011], [-122.13096799955454, 41.87164599994057], [-122.12884400043889, 41.87243300068085], [-122.12574000043368, 41.873879999970725], [-122.12324799927536, 41.876712999672115], [-122.12048099955406, 41.87987099971187], [-122.12013099974969, 41.88256099879378], [-122.12048800012509, 41.88491599977055], [-122.12040600010933, 41.8869560002444], [-122.11916600072544, 41.88858600031688], [-122.11867100025778, 41.89117100014533], [-122.11980000021191, 41.89544500125928], [-122.11969899992955, 41.90167200032368], [-122.11810399982012, 41.90577700016379], [-122.1180189994313, 41.91254100017642], [-122.1171160003313, 41.91588300116985], [-122.11533899974863, 41.91870300026256], [-122.11401300015103, 41.922267999854746], [-122.11448500015413, 41.933315001262464], [-122.11388799957923, 41.937297000205746], [-122.11397500141452, 41.94502300025412], [-122.11564800044344, 41.948322000104305], [-122.11802199980436, 41.95107299998307], [-122.11865299981612, 41.957825000076845], [-122.11924299982, 41.96318199976083], [-122.12005799995477, 41.9664959999432], [-122.12064799995865, 41.97185399976147], [-122.11978599996823, 41.97659100130325], [-122.11776599971131, 41.98091900011446], [-122.11541699956646, 41.98868699983081]]}, "properties": {"fault_name": "Cedar Mountain fault system", "section_name": "Ikes Mtn.-Mt. Hebron section", "class": "A"}}, {"type": "Feature", "geometry": {"type": "LineString", "coordinates": [[-122.08695399926503, 41.76634999975331], [-122.08690200028482, 41.76463399972725], [-122.08652900001593, 41.76163500014497], [-122.08673899917989, 41.759055999845124], [-122.08652699856945, 41.75669899976498], [-122.08479599981422, 41.75426699975463], [-122.08386000020391, 41.75341600120973], [-122.08251500033971, 41.75139899978345], [-122.08089799959062, 41.74651600021896], [-122.07725200016047, 41.74236600012959], [-122.07243800041809, 41.73890399966838], [-122.06881899985378, 41.73724600126], [-122.06660000030358, 41.73459999972737], [-122.06390999967684, 41.73045900124857], [-122.06140500079468, 41.72288099879246], [-122.0609859995967, 41.71827400018486], [-122.06060799930493, 41.71506099999131]]}, "properties": {"fault_name": "Cedar Mountain fault system", "section_name": "Ikes Mtn.-Mt. Hebron section", "class": "A"}}, {"type": "Feature", "geometry": {"type": "LineString", "coordinates": [[-122.06390999967684, 41.93264800003104], [-122.0648910003913, 41.936818000322795], [-122.06513999991331, 41.94046299998499], [-122.06560100004577, 41.94646700008011]]}, "properties": {"fault_name": "Cedar Mountain fault system", "section_name": "Ikes Mtn.-Mt. Hebron section", "class": "A"}}, {"type": "Feature", "geometry": {"type": "LineString", "coordinates": [[-122.05978200019783, 41.90384300013213], [-122.06115000142486, 41.91154899987335], [-122.06258499990413, 41.92150700021834], [-122.06322500013673, 41.9238570000803]]}, "properties": {"fault_name": "Cedar Mountain fault system", "section_name": "Ikes Mtn.-Mt. Hebron section", "class": "A"}}, {"type": "Feature", "geometry": {"type": "LineString", "coordinates": [[-122.01822899930787, 41.736135000279106], [-122.01781900012736, 41.73174200017488], [-122.01691100010616, 41.72993199999924], [-122.01486699955984, 41.72835500020987], [-122.01196400029441, 41.72668499882912], [-122.0097740001582, 41.72500299981514], [-122.00782500004642, 41.721707000227525], [-122.00560899997093, 41.71905999987429], [-122.00375800066676, 41.71415299984522], [-122.00247000070397, 41.70902299971733], [-121.99867899971221, 41.70618599993991], [-121.99500099959666, 41.702274000195565], [-121.99423400004078, 41.70035499881387], [-121.99418300088546, 41.69853199976218], [-121.99455100023317, 41.69637999991849], [-121.9958989995721, 41.6935689999553], [-121.9969409985893, 41.69001200000405], [-121.99689599928176, 41.68840399999211], [-121.99683300043088, 41.67595799875543], [-121.99650000034497, 41.674245999856005], [-121.99587500018097, 41.67232500008635], [-121.99497200018264, 41.67062300009431], [-121.99464099974655, 41.66901800024041], [-121.99557999972988, 41.66685799982033], [-121.99618499980237, 41.662984999732465], [-121.99580700040892, 41.65966500004466], [-121.98857400020147, 41.63563900016797]]}, "properties": {"fault_name": "Cedar Mountain fault system", "section_name": "Ikes Mtn.-Mt. Hebron section", "class": "A"}}, {"type": "Feature", "geometry": {"type": "LineString", "coordinates": [[-122.09543599997555, 41.932887000168044], [-122.09483000007815, 41.93132699977386]]}, "properties": {"fault_name": "Cedar Mountain fault system", "section_name": "Ikes Mtn.-Mt. Hebron section", "class": "A"}}, {"type": "Feature", "geometry": {"type": "LineString", "coordinates": [[-122.08030299956387, 41.896222001221055], [-122.07997700004898, 41.89570200029463], [-122.07951199971855, 41.895216999690916]]}, "properties": {"fault_name": "Cedar Mountain fault system", "section_name": "Ikes Mtn.-Mt. Hebron section", "class": "A"}}, {"type": "Feature", "geometry": {"type": "LineString", "coordinates": [[-122.06831500006363, 41.872562000140526], [-122.06808300026, 41.871318999991246], [-122.06775800057004, 41.870419999714564]]}, "properties": {"fault_name": "Cedar Mountain fault system", "section_name": "Ikes Mtn.-Mt. Hebron section", "class": "A"}}, {"type": "Feature", "geometry": {"type": "LineString", "coordinates": [[-122.06775800057004, 41.870419999714564], [-122.06696899857788, 41.866999999996295]]}, "properties": {"fault_name": "Cedar Mountain fault system", "section_name": "Ikes Mtn.-Mt. Hebron section", "class": "A"}}, {"type": "Feature", "geometry": {"type": "LineString", "coordinates": [[-122.09483000007815, 41.93132699977386], [-122.09417700032506, 41.929490000333914], [-122.09361900010823, 41.92807000016375], [-122.0932919998701, 41.927133999720716]]}, "properties": {"fault_name": "Cedar Mountain fault system", "section_name": "Ikes Mtn.-Mt. Hebron section", "class": "A"}}, {"type": "Feature", "geometry": {"type": "LineString", "coordinates": [[-122.07802799993718, 41.895911001234964], [-122.07784200016435, 41.89521800003097], [-122.07747000061866, 41.894385999886765], [-122.07728399994753, 41.89407399996402]]}, "properties": {"fault_name": "Cedar Mountain fault system", "section_name": "Ikes Mtn.-Mt. Hebron section", "class": "A"}}, {"type": "Feature", "geometry": {"type": "LineString", "coordinates": [[-122.06028900036101, 41.84236299987249], [-122.05973299979401, 41.841430999856414], [-122.05922299925778, 41.84015199974802], [-122.05848199964115, 41.838251999876434], [-122.05801899985887, 41.836696999738365], [-122.05755500025168, 41.83462299993661], [-122.05718299980768, 41.83286100028639], [-122.05704399989051, 41.83189299870403], [-122.05685899994258, 41.830856999324496]]}, "properties": {"fault_name": "Cedar Mountain fault system", "section_name": "Ikes Mtn.-Mt. Hebron section", "class": "A"}}, {"type": "Feature", "geometry": {"type": "LineString", "coordinates": [[-122.05880900077761, 41.84150100024579], [-122.0589099992633, 41.843380999744596], [-122.05932299971518, 41.84896500004578], [-122.0594650000054, 41.85110699994404], [-122.0594650000054, 41.85162600011285], [-122.05932699991315, 41.85307699993793]]}, "properties": {"fault_name": "Cedar Mountain fault system", "section_name": "Ikes Mtn.-Mt. Hebron section", "class": "A"}}, {"type": "Feature", "geometry": {"type": "LineString", "coordinates": [[-122.05919100036904, 41.85539299993368], [-122.0589589996671, 41.85473599979716], [-122.05858799994634, 41.85332000021264], [-122.05812400033918, 41.85190299971071], [-122.05770800041255, 41.85076200008941]]}, "properties": {"fault_name": "Cedar Mountain fault system", "section_name": "Ikes Mtn.-Mt. Hebron section", "class": "A"}}, {"type": "Feature", "geometry": {"type": "LineString", "coordinates": [[-122.0584080000213, 41.85960899984219], [-122.05822200024848, 41.858054000221]]}, "properties": {"fault_name": "Cedar Mountain fault system", "section_name": "Ikes Mtn.-Mt. Hebron section", "class": "A"}}, {"type": "Feature", "geometry": {"type": "LineString", "coordinates": [[-122.05812899856541, 41.857605000188116], [-122.05799000044487, 41.85649900025703], [-122.05789699966013, 41.85529000029726]]}, "properties": {"fault_name": "Cedar Mountain fault system", "section_name": "Ikes Mtn.-Mt. Hebron section", "class": "A"}}, {"type": "Feature", "geometry": {"type": "LineString", "coordinates": [[-122.0566620002991, 41.816652999836755], [-122.05656900041267, 41.815929000144685], [-122.05661500044343, 41.81527100024595], [-122.05675199981246, 41.81447699992098], [-122.05707400002775, 41.813578000749985], [-122.0575359999851, 41.81257600023991], [-122.05795100008682, 41.811954000283876]]}, "properties": {"fault_name": "Cedar Mountain fault system", "section_name": "Ikes Mtn.-Mt. Hebron section", "class": "A"}}, {"type": "Feature", "geometry": {"type": "LineString", "coordinates": [[-122.05794199986597, 41.854772000052755], [-122.0576629993084, 41.85370000019032], [-122.05752400028955, 41.85231800003275], [-122.05743100040313, 41.85107400005007], [-122.05729000083613, 41.84962199990584], [-122.05733599996856, 41.848032000095884], [-122.05733500014364, 41.84730700015347]]}, "properties": {"fault_name": "Cedar Mountain fault system", "section_name": "Ikes Mtn.-Mt. Hebron section", "class": "A"}}, {"type": "Feature", "geometry": {"type": "LineString", "coordinates": [[-122.05491100055404, 41.822460000053724], [-122.05495699968647, 41.82201099990632], [-122.05523399969589, 41.8210430002809], [-122.05546300002477, 41.820110000248334], [-122.05569499982836, 41.81966000017572], [-122.05601700004365, 41.81910800016871], [-122.05634099990873, 41.818589000686785], [-122.05661700009325, 41.817724000237035], [-122.05689300027777, 41.817136999845324], [-122.05707700040081, 41.816756000078556]]}, "properties": {"fault_name": "Cedar Mountain fault system", "section_name": "Ikes Mtn.-Mt. Hebron section", "class": "A"}}, {"type": "Feature", "geometry": {"type": "LineString", "coordinates": [[-122.05616500018164, 41.82978599969761], [-122.05570300022428, 41.8290949997557], [-122.05546999969745, 41.828542000045616]]}, "properties": {"fault_name": "Cedar Mountain fault system", "section_name": "Ikes Mtn.-Mt. Hebron section", "class": "A"}}, {"type": "Feature", "geometry": {"type": "LineString", "coordinates": [[-122.05528499974955, 41.82823100003701], [-122.05496199970936, 41.8275049999224], [-122.054683999875, 41.826710999997054]]}, "properties": {"fault_name": "Cedar Mountain fault system", "section_name": "Ikes Mtn.-Mt. Hebron section", "class": "A"}}, {"type": "Feature", "geometry": {"type": "LineString", "coordinates": [[-122.05467400072759, 41.8266960002308], [-122.05457500009504, 41.82601399982738], [-122.05457500009504, 41.8253629997852], [-122.05459000016366, 41.82494899877366], [-122.05463500036953, 41.82429099984237], [-122.05481999941912, 41.82366899985637]]}, "properties": {"fault_name": "Cedar Mountain fault system", "section_name": "Ikes Mtn.-Mt. Hebron section", "class": "A"}}, {"type": "Feature", "geometry": {"type": "LineString", "coordinates": [[-122.09319899998366, 41.9268919998839], [-122.0929199994261, 41.926163999833555], [-122.09231400042701, 41.92502000015697], [-122.09143100141847, 41.923633999854346], [-122.09068599980729, 41.922282999933785], [-122.09040599942479, 41.92141600000389], [-122.09021899982704, 41.92065400029082], [-122.09021800000214, 41.920028999666016], [-122.0901240002908, 41.91905900004363], [-122.09007799936171, 41.918434999815524], [-122.0897510000219, 41.917568999730584], [-122.08923899983581, 41.916703001262974], [-122.08886599956692, 41.915974999931166]]}, "properties": {"fault_name": "Cedar Mountain fault system", "section_name": "Ikes Mtn.-Mt. Hebron section", "class": "A"}}, {"type": "Feature", "geometry": {"type": "LineString", "coordinates": [[-122.08868300016711, 41.91677200012831], [-122.08798400038333, 41.91538599981358], [-122.0876110001144, 41.91438099975919], [-122.08705200007267, 41.912509001313005], [-122.08639900031957, 41.910602998753895], [-122.08556099972029, 41.90831600067575], [-122.0844429996368, 41.90533500032711], [-122.08411700012188, 41.90422800032189], [-122.08369799982222, 41.9028750003253], [-122.08304700061728, 41.90121199973395], [-122.08225599987362, 41.90003399976044], [-122.08155899973964, 41.89868200010834], [-122.0810000005962, 41.897364999951584], [-122.08076700006937, 41.896811000301824], [-122.08062700032731, 41.89649900018936]]}, "properties": {"fault_name": "Cedar Mountain fault system", "section_name": "Ikes Mtn.-Mt. Hebron section", "class": "A"}}, {"type": "Feature", "geometry": {"type": "LineString", "coordinates": [[-122.07700699993808, 41.89480200031063], [-122.07630899997916, 41.89341599975118], [-122.07589100040273, 41.892549999938325]]}, "properties": {"fault_name": "Cedar Mountain fault system", "section_name": "Ikes Mtn.-Mt. Hebron section", "class": "A"}}, {"type": "Feature", "geometry": {"type": "LineString", "coordinates": [[-122.075472999928, 41.8925849999191], [-122.07375599961979, 41.89199699970345], [-122.07273400069411, 41.891616000245904], [-122.07171400141821, 41.89099300030701], [-122.07138800010667, 41.890716000195766], [-122.07115600030308, 41.89040299998612], [-122.07092299977627, 41.88974500007369], [-122.0700380002196, 41.887007000090385], [-122.06938700011634, 41.88433800027793], [-122.06873500018818, 41.88201600006283], [-122.06864199940344, 41.881599000087824], [-122.06864099957852, 41.88111399874507], [-122.06868599978439, 41.88024800003561], [-122.06882499970156, 41.879415000292056], [-122.06891599993814, 41.87813300004054], [-122.06900900072289, 41.877438999986154], [-122.06891399939002, 41.876850000197784], [-122.06877600019605, 41.87629500124297], [-122.06877500037116, 41.875809999776905], [-122.06877400144455, 41.87490899981042]]}, "properties": {"fault_name": "Cedar Mountain fault system", "section_name": "Ikes Mtn.-Mt. Hebron section", "class": "A"}}, {"type": "Feature", "geometry": {"type": "LineString", "coordinates": [[-122.06836199991926, 41.87276899981833], [-122.06864099957852, 41.873771999976675], [-122.0688270002497, 41.874842999820636]]}, "properties": {"fault_name": "Cedar Mountain fault system", "section_name": "Ikes Mtn.-Mt. Hebron section", "class": "A"}}, {"type": "Feature", "geometry": {"type": "LineString", "coordinates": [[-122.12228999992378, 41.94092200006118], [-122.12487199969715, 41.94764100021622], [-122.12593699917886, 41.987190999719886]]}, "properties": {"fault_name": "Cedar Mountain fault system", "section_name": "Ikes Mtn.-Mt. Hebron section", "class": "A"}}, {"type": "Feature", "geometry": {"type": "LineString", "coordinates": [[-122.12474400144724, 41.92842100004747], [-122.12174799960047, 41.91266600128612]]}, "properties": {"fault_name": "Cedar Mountain fault system", "section_name": "Ikes Mtn.-Mt. Hebron section", "class": "A"}}, {"type": "Feature", "geometry": {"type": "LineString", "coordinates": [[-122.13834600042526, 41.77439600122953], [-122.11927499960706, 41.757762999690044], [-122.11501500078185, 41.75386400032002], [-122.1126259995557, 41.7503630001605], [-122.11228599979707, 41.74854399974109], [-122.11262899992876, 41.745641000163545], [-122.11366900019443, 41.742189999897164], [-122.11344999991131, 41.7396179997968], [-122.11136600008032, 41.73675500029976], [-122.10854599975724, 41.733153999832446], [-122.10533900071822, 41.72612599986127], [-122.10434299993516, 41.72142100005218]]}, "properties": {"fault_name": "Cedar Mountain fault system", "section_name": "Ikes Mtn.-Mt. Hebron section", "class": "A"}}, {"type": "Feature", "geometry": {"type": "LineString", "coordinates": [[-122.12196500023376, 41.78572600014751], [-122.10702299961783, 41.77342100000971], [-122.10247500001422, 41.76941900018314], [-122.10027900003023, 41.76763100119911], [-122.09799099998472, 41.767562000116], [-122.09470299985652, 41.76750900018526], [-122.0928279993646, 41.766896000004294], [-122.09165399920462, 41.76584299995408], [-122.09033099998003, 41.76457699990402], [-122.08856000014347, 41.76267499969068]]}, "properties": {"fault_name": "Cedar Mountain fault system", "section_name": "Ikes Mtn.-Mt. Hebron section", "class": "A"}}, {"type": "Feature", "geometry": {"type": "LineString", "coordinates": [[-122.11871899993835, 41.79189700023904], [-122.1075850000326, 41.78523400020567], [-122.09705899967409, 41.77959700006105]]}, "properties": {"fault_name": "Cedar Mountain fault system", "section_name": "Ikes Mtn.-Mt. Hebron section", "class": "A"}}, {"type": "Feature", "geometry": {"type": "LineString", "coordinates": [[-122.08071499929254, 41.90006600019671], [-122.08040300002132, 41.90897899974709], [-122.08146700057642, 41.920874999692735], [-122.0824070003847, 41.933417998779994]]}, "properties": {"fault_name": "Cedar Mountain fault system", "section_name": "Ikes Mtn.-Mt. Hebron section", "class": "A"}}, {"type": "Feature", "geometry": {"type": "LineString", "coordinates": [[-122.08214299989574, 41.826633000237], [-122.08016899966957, 41.82269400024231], [-122.07876699990398, 41.81874699868345], [-122.07776500017145, 41.81382599974993], [-122.07612300020632, 41.80655700009695], [-122.07658799963842, 41.802899999690034], [-122.07676400026382, 41.79914099972199], [-122.07569800005888, 41.79690499878582], [-122.07304599996532, 41.794158998815576], [-122.06968500004217, 41.791638001274656]]}, "properties": {"fault_name": "Cedar Mountain fault system", "section_name": "Ikes Mtn.-Mt. Hebron section", "class": "A"}}, {"type": "Feature", "geometry": {"type": "LineString", "coordinates": [[-122.04096300017301, 41.69714000023358], [-122.0459889996275, 41.70317500121271], [-122.05351300008807, 41.71163599986648], [-122.054431000155, 41.713766999805785], [-122.05494900018887, 41.7168700002504], [-122.05560299976686, 41.719756999873304], [-122.05679100017055, 41.721346999705794], [-122.06041800023245, 41.723326999742234]]}, "properties": {"fault_name": "Cedar Mountain fault system", "section_name": "Ikes Mtn.-Mt. Hebron section", "class": "A"}}, {"type": "Feature", "geometry": {"type": "LineString", "coordinates": [[-122.03791900044229, 41.72047400012257], [-122.05419199978041, 41.74016799992045]]}, "properties": {"fault_name": "Cedar Mountain fault system", "section_name": "Ikes Mtn.-Mt. Hebron section", "class": "A"}}, {"type": "Feature", "geometry": {"type": "LineString", "coordinates": [[-122.04549000075852, 41.70071500021247], [-122.04409499976728, 41.69687399980335], [-122.04398500016246, 41.69301299981579], [-122.0432850005537, 41.688517999990026], [-122.04250700022885, 41.68627700032341], [-122.04161799957589, 41.68511199981568], [-122.03985400031037, 41.683316000094564], [-122.03682399992502, 41.68218500031013], [-122.03492599986686, 41.68071299974931], [-122.02355099993667, 41.672098999817734], [-122.0160050006331, 41.66256299975764], [-122.01408300028551, 41.66023300025662], [-122.01317600008925, 41.658423000704246], [-122.01297600007267, 41.65638800027502], [-122.0115690002842, 41.652010998756666], [-122.00861200059212, 41.64325999969654], [-122.00840599982946, 41.641009999313056], [-122.0095070001945, 41.63959800005098], [-122.01287399996542, 41.63761299978979], [-122.01509099986582, 41.63532500027068], [-122.01910699919183, 41.62603300018493], [-122.02094499987389, 41.62042599981249], [-122.02190300012377, 41.613973000335406], [-122.02120900036283, 41.61095799874619], [-122.02049899981003, 41.60970400031481], [-122.01973999975175, 41.60810700015127], [-122.01984900043001, 41.6069249988093], [-122.01978899925722, 41.604779999918634]]}, "properties": {"fault_name": "Cedar Mountain fault system", "section_name": "Ikes Mtn.-Mt. Hebron section", "class": "A"}}, {"type": "Feature", "geometry": {"type": "LineString", "coordinates": [[-122.02376700074507, 41.67466900017992], [-122.0250230000225, 41.678726000267986], [-122.02596800075192, 41.68182300122698], [-122.02734900060113, 41.685233999739985], [-122.02885799959857, 41.68810699878398], [-122.03454900029833, 41.69745800027741], [-122.03636400141411, 41.70107700030943]]}, "properties": {"fault_name": "Cedar Mountain fault system", "section_name": "Ikes Mtn.-Mt. Hebron section", "class": "A"}}, {"type": "Feature", "geometry": {"type": "LineString", "coordinates": [[-122.14386800017229, 41.818230000035314], [-122.14264200013376, 41.80808299996779], [-122.13920500004264, 41.7991240011952]]}, "properties": {"fault_name": "Cedar Mountain fault system", "section_name": "Ikes Mtn.-Mt. Hebron section", "class": "A"}}, {"type": "Feature", "geometry": {"type": "LineString", "coordinates": [[-122.16241199983746, 40.404808000089844], [-122.16555299965259, 40.40468300029838], [-122.16856499959626, 40.40439000021661], [-122.17222900036641, 40.404299000067034], [-122.17689799944552, 40.40394399980344]]}, "properties": {"fault_name": "Battle Creek fault zone", "section_name": "", "class": "A"}}, {"type": "Feature", "geometry": {"type": "LineString", "coordinates": [[-122.14518999957194, 40.40325500003597], [-122.15038199960608, 40.403034999850966], [-122.15382899974297, 40.4028110012248], [-122.15640300001871, 40.40278400017654], [-122.15910899964064, 40.402624000051006], [-122.1614219998005, 40.40243000025228], [-122.16417199980336, 40.40210299979868], [-122.16644299923213, 40.4016410012766], [-122.17133100039095, 40.401052000296865]]}, "properties": {"fault_name": "Battle Creek fault zone", "section_name": "", "class": "A"}}, {"type": "Feature", "geometry": {"type": "LineString", "coordinates": [[-122.14382399979135, 40.40569299969006], [-122.14792399968128, 40.405638001190255], [-122.1512840006778, 40.405546999991714], [-122.15438100011201, 40.4054220002045], [-122.15782900007379, 40.40522999973443], [-122.1598800002928, 40.40520300034048]]}, "properties": {"fault_name": "Battle Creek fault zone", "section_name": "", "class": "A"}}, {"type": "Feature", "geometry": {"type": "LineString", "coordinates": [[-122.13803099988266, 40.404237999867874], [-122.13973300012226, 40.40400899997244], [-122.14230999987274, 40.40344800008819], [-122.14418900056263, 40.402984999739715], [-122.1458490000711, 40.40245399971465]]}, "properties": {"fault_name": "Battle Creek fault zone", "section_name": "", "class": "A"}}, {"type": "Feature", "geometry": {"type": "LineString", "coordinates": [[-122.1365129997661, 40.40279499870471], [-122.1443279995815, 40.40164700001618]]}, "properties": {"fault_name": "Battle Creek fault zone", "section_name": "", "class": "A"}}, {"type": "Feature", "geometry": {"type": "LineString", "coordinates": [[-122.12811100031986, 40.407219000316125], [-122.12998700063673, 40.407091000060795], [-122.13234400027919, 40.40689700013963], [-122.13465700043905, 40.40670399971609], [-122.13714600032601, 40.40631000012817], [-122.13836800016655, 40.406111999745775], [-122.14089999971121, 40.40581899972801], [-122.14290900009743, 40.40548999985485]]}, "properties": {"fault_name": "Battle Creek fault zone", "section_name": "", "class": "A"}}, {"type": "Feature", "geometry": {"type": "LineString", "coordinates": [[-122.12998700063673, 40.407091000060795], [-122.13138600002928, 40.4065600002765], [-122.13379000042572, 40.40589799973466], [-122.13575700008086, 40.405134000320075], [-122.1366319995918, 40.4046689997655]]}, "properties": {"fault_name": "Battle Creek fault zone", "section_name": "", "class": "A"}}, {"type": "Feature", "geometry": {"type": "LineString", "coordinates": [[-122.09150099994206, 40.42145499973307], [-122.09355299998599, 40.42136199972808]]}, "properties": {"fault_name": "Battle Creek fault zone", "section_name": "", "class": "A"}}, {"type": "Feature", "geometry": {"type": "LineString", "coordinates": [[-122.03287100034818, 40.43660200012942], [-122.03636799981543, 40.435812999774]]}, "properties": {"fault_name": "Battle Creek fault zone", "section_name": "", "class": "A"}}, {"type": "Feature", "geometry": {"type": "LineString", "coordinates": [[-121.98284700041503, 40.447608999869765], [-121.98594899987206, 40.44728799967834], [-121.98900699984652, 40.446932999955855], [-121.99180399970506, 40.44664299972496], [-121.99389900030502, 40.44658500007553], [-121.9961729992085, 40.44619299985963], [-121.99770299991896, 40.44589799974865], [-121.99984299982643, 40.44570599993332], [-122.00294399856026, 40.44551800022354], [-122.00521700033376, 40.44532699880543], [-122.0077950008075, 40.445003000190965], [-122.0112030005863, 40.44451400017301]]}, "properties": {"fault_name": "Battle Creek fault zone", "section_name": "", "class": "A"}}, {"type": "Feature", "geometry": {"type": "LineString", "coordinates": [[-122.00185600041065, 40.445079000166515], [-122.0040850000066, 40.44485400118583], [-122.00692600024604, 40.44442999880525], [-122.01011699939157, 40.443840999776505]]}, "properties": {"fault_name": "Battle Creek fault zone", "section_name": "", "class": "A"}}, {"type": "Feature", "geometry": {"type": "LineString", "coordinates": [[-121.99257399963398, 40.44852000012613], [-121.99441099959276, 40.44809300067152], [-121.99637999979605, 40.44756600031641], [-121.99865399959783, 40.44707299992591], [-122.00136399941772, 40.446582000316255], [-122.00407400013594, 40.44622499997691], [-122.00608500017199, 40.4459320003211], [-122.00862099991461, 40.44540699975895]]}, "properties": {"fault_name": "Battle Creek fault zone", "section_name": "", "class": "A"}}, {"type": "Feature", "geometry": {"type": "LineString", "coordinates": [[-121.9962840004349, 40.4432489997805], [-122.00170900009753, 40.44169900022227]]}, "properties": {"fault_name": "Battle Creek fault zone", "section_name": "", "class": "A"}}, {"type": "Feature", "geometry": {"type": "LineString", "coordinates": [[-122.10122300003646, 40.416100999742255], [-122.10183800015467, 40.41540000013402], [-122.1026280001751, 40.414800999815206], [-122.10315400060487, 40.414401000098394], [-122.1037679999999, 40.413900999673345], [-122.10442599977581, 40.41336799967055], [-122.10499700041146, 40.41273400020334], [-122.10591799995314, 40.412033999693946], [-122.10688200005083, 40.41136799969403], [-122.10793300018715, 40.41076899973423], [-122.1084140004111, 40.41053699880384], [-122.10972600066333, 40.41007300001567], [-122.11108099967495, 40.40970900000072], [-122.11296000036485, 40.409212999675034], [-122.11392000026459, 40.409048999695415], [-122.11479399995059, 40.40881699967568], [-122.11571299984246, 40.40848600071608], [-122.11632499958763, 40.40828700122964], [-122.11750600031864, 40.407722001264766], [-122.11846799986819, 40.407322999874026], [-122.11956099983732, 40.40695900003421], [-122.12061000032381, 40.40659400021947], [-122.12192199967775, 40.40622999985724], [-122.12380100036765, 40.40583400077548], [-122.12528599997394, 40.40553800000931], [-122.12698800021352, 40.40530899974833], [-122.12882200069757, 40.405013000093646], [-122.13026400064615, 40.40468300029838], [-122.13135600079036, 40.40441900011814], [-122.13236099999762, 40.404154000175936], [-122.13402200022934, 40.40355699983419], [-122.13563900008009, 40.40299299995155], [-122.1365129997661, 40.40279499870471]]}, "properties": {"fault_name": "Battle Creek fault zone", "section_name": "", "class": "A"}}, {"type": "Feature", "geometry": {"type": "LineString", "coordinates": [[-122.0795560000995, 40.419809000051394], [-122.08125999998889, 40.41948000017979], [-122.0840569998474, 40.41885399986402], [-122.08589299998131, 40.418491999920676], [-122.08781499943058, 40.41806399998373], [-122.09061100036251, 40.41760499990836], [-122.09275200009493, 40.417176999800176], [-122.09449999856864, 40.416714000196805], [-122.0956359999921, 40.41638400032368], [-122.09646800074363, 40.41605199968023], [-122.09804299986327, 40.41538800031812], [-122.0997489994025, 40.414690999873656], [-122.10110599986058, 40.413992999784234], [-122.10198200009474, 40.413493999703206], [-122.10285800032888, 40.41289400023542], [-122.10382299935317, 40.412128000257944], [-122.1048749993144, 40.41132800018259], [-122.10588299979302, 40.410729001234714], [-122.10675999985209, 40.40992900026014], [-122.10763699991115, 40.40936299969852], [-122.10833599969497, 40.409098000069015], [-122.1092539997619, 40.40879999992585], [-122.11034699973104, 40.408469000198615], [-122.11100299985716, 40.408169999971335], [-122.11174699984684, 40.40780399984323], [-122.1128850000218, 40.40730599974683], [-122.1137150002252, 40.4070069998251], [-122.11476399981338, 40.40677699971807], [-122.11589899961531, 40.40661300132689], [-122.11729699918294, 40.40638299987348], [-122.11878199968754, 40.406052999954504], [-122.12048599957696, 40.40562299873104], [-122.12240899974947, 40.40519400031212], [-122.12393699991176, 40.404798001291645], [-122.12651500038551, 40.404303999845446], [-122.12817499989399, 40.40387399976174], [-122.1305779995672, 40.4032459997471], [-122.13193199965224, 40.40294899980083], [-122.1333729997759, 40.402684999660586], [-122.13590600004376, 40.40222399978347]]}, "properties": {"fault_name": "Battle Creek fault zone", "section_name": "", "class": "A"}}, {"type": "Feature", "geometry": {"type": "LineString", "coordinates": [[-122.10588299979302, 40.410729001234714], [-122.106627000681, 40.41036399997761], [-122.1072390004262, 40.410098000179296], [-122.10815699959483, 40.40983299933996], [-122.1098170000016, 40.409471000110365], [-122.11121599939418, 40.40904000018128], [-122.11204599959758, 40.40884200030593], [-122.11322599960535, 40.40857800002199], [-122.114229999886, 40.408413999862994], [-122.1151029997471, 40.40831700016898], [-122.11632499958763, 40.40828700122964]]}, "properties": {"fault_name": "Battle Creek fault zone", "section_name": "", "class": "A"}}, {"type": "Feature", "geometry": {"type": "LineString", "coordinates": [[-122.09646800074363, 40.41605199968023], [-122.09886700021889, 40.416127000319015], [-122.10122300003646, 40.416100999742255], [-122.10453900065205, 40.41601100029879]]}, "properties": {"fault_name": "Battle Creek fault zone", "section_name": "", "class": "A"}}, {"type": "Feature", "geometry": {"type": "LineString", "coordinates": [[-122.08589299998131, 40.418491999920676], [-122.08702699995831, 40.41849600013096], [-122.08794400020032, 40.41843200015752], [-122.08973400030345, 40.41823700021579], [-122.09209199977086, 40.417910999850584], [-122.09383899931797, 40.417615000223506], [-122.09550000044796, 40.4171860002779], [-122.09628700009533, 40.41702099999135], [-122.09750899993588, 40.416957999887074], [-122.10043300001603, 40.416800999663764], [-122.104099000436, 40.416611999923916]]}, "properties": {"fault_name": "Battle Creek fault zone", "section_name": "", "class": "A"}}, {"type": "Feature", "geometry": {"type": "LineString", "coordinates": [[-122.07216300005848, 40.42255999993957], [-122.07430200014106, 40.4223329998047], [-122.07613699955172, 40.422104999759775], [-122.07840700005386, 40.42187899997242], [-122.08037299988409, 40.42165200027508], [-122.08316900081603, 40.42122600029081], [-122.08491600036312, 40.42093099868069], [-122.08727399983049, 40.42070499973643], [-122.08906399993361, 40.42054399996193], [-122.09015600007785, 40.42041300018817], [-122.09111599997757, 40.420283000698234], [-122.09238300002396, 40.42008600025063]]}, "properties": {"fault_name": "Battle Creek fault zone", "section_name": "", "class": "A"}}, {"type": "Feature", "geometry": {"type": "LineString", "coordinates": [[-122.00221899973549, 40.43798700015512], [-122.0037479997227, 40.43782600004092], [-122.00484099969182, 40.437595999990336], [-122.00733600032487, 40.43687000033509], [-122.00882199975608, 40.43640800119681], [-122.01079000013443, 40.4359140000269], [-122.01289200040709, 40.4352200012405], [-122.0143789996632, 40.434823999781315], [-122.01626000000292, 40.434295999677886], [-122.01857800018566, 40.43366999980885], [-122.02041399942121, 40.43320900022604], [-122.02207499965292, 40.432913999887774], [-122.02377900044064, 40.43265300007402], [-122.02530800042784, 40.43242500013866], [-122.02640099860034, 40.4322279996949], [-122.02749399856947, 40.43199800032434], [-122.02867500019876, 40.43163500031487], [-122.03073199936728, 40.43090699980978], [-122.03182600005962, 40.430509000212304], [-122.0330509993749, 40.43004600005321], [-122.03418900044822, 40.4296810003333], [-122.0354999999772, 40.42938600024557], [-122.03751000018836, 40.429025999671914], [-122.0399130007599, 40.428631998807006], [-122.0412239993906, 40.42840299986436], [-122.04235999991576, 40.42827399982403], [-122.04436900030201, 40.42818200009466], [-122.04572300038703, 40.428051999890904], [-122.0465519998672, 40.4279880001191], [-122.04764300018648, 40.42799199976471], [-122.04899700027154, 40.42789699974035], [-122.050219999937, 40.42769999970851], [-122.05118100055994, 40.42760400020935], [-122.05240400022542, 40.42750799988933], [-122.05353999985223, 40.427278000103804], [-122.05589900004286, 40.4268849996967], [-122.05782200021537, 40.42652400033386], [-122.05873899955908, 40.42636000014804], [-122.06057399986807, 40.426165999703834], [-122.06205900037267, 40.425969999842934], [-122.06433000069973, 40.42571099998114], [-122.06542200084394, 40.425580999788096], [-122.06708199855578, 40.4252860001803], [-122.06909299859184, 40.4247910002612], [-122.07049099995614, 40.42446099965906], [-122.07188900042208, 40.424299000188434], [-122.07372300000783, 40.42410400015617], [-122.07485800070808, 40.42397500007666], [-122.07774200060524, 40.42348300019007], [-122.08014399955523, 40.42305599967758], [-122.08315899987194, 40.42269799973755], [-122.08486199993644, 40.4224029997954], [-122.08665299986447, 40.42217500067162], [-122.08844399979252, 40.42187999980371], [-122.08979800077587, 40.42165000128961], [-122.09150099994206, 40.42145499973307]]}, "properties": {"fault_name": "Battle Creek fault zone", "section_name": "", "class": "A"}}, {"type": "Feature", "geometry": {"type": "LineString", "coordinates": [[-122.0701920002054, 40.42355700026116], [-122.07268199991726, 40.42313100071498], [-122.07526000039098, 40.42267099982908], [-122.07691900007453, 40.42250999997262], [-122.08019499960886, 40.42211899871698], [-122.08211699995645, 40.42192499971834], [-122.08434499972748, 40.42156500024224], [-122.08679000013184, 40.421304999992344]]}, "properties": {"fault_name": "Battle Creek fault zone", "section_name": "", "class": "A"}}, {"type": "Feature", "geometry": {"type": "LineString", "coordinates": [[-122.0465519998672, 40.4279880001191], [-122.04786400011945, 40.42765799879055], [-122.04996300001905, 40.42713100029869], [-122.0514049999676, 40.42680100023579], [-122.05249799993676, 40.42647099992141], [-122.05429100041292, 40.42597600120087], [-122.05577799966906, 40.42554600008771], [-122.05756999942197, 40.42515100025279], [-122.05966800039499, 40.424724000071], [-122.06202700058562, 40.42426399982096], [-122.06416900014293, 40.42380300004172], [-122.0691949995974, 40.4226500001967]]}, "properties": {"fault_name": "Battle Creek fault zone", "section_name": "", "class": "A"}}, {"type": "Feature", "geometry": {"type": "LineString", "coordinates": [[-122.05277499994618, 40.42443099971054], [-122.05430300010848, 40.42433600012721], [-122.05557000015489, 40.42417399967168], [-122.0577109998873, 40.4237129999595], [-122.05989600000065, 40.42335299979412], [-122.06098800014483, 40.423189000083035], [-122.06212299994678, 40.42309300030014], [-122.0634330014475, 40.4228969996911], [-122.06631700044635, 40.42233900011941]]}, "properties": {"fault_name": "Battle Creek fault zone", "section_name": "", "class": "A"}}, {"type": "Feature", "geometry": {"type": "LineString", "coordinates": [[-122.0242779993096, 40.435900001205866], [-122.0303599998216, 40.43381600002635], [-122.03495199980611, 40.43256199985361]]}, "properties": {"fault_name": "Battle Creek fault zone", "section_name": "", "class": "A"}}, {"type": "Feature", "geometry": {"type": "LineString", "coordinates": [[-122.0124279999016, 40.438731000032526], [-122.01544700041627, 40.43770600008297], [-122.01737199934031, 40.437145000122], [-122.019032999572, 40.436783000158364], [-122.02008399970835, 40.4364530002801], [-122.02130900082025, 40.43598899971709], [-122.02266700020493, 40.43535900067653], [-122.02349900005815, 40.43499399970924], [-122.02489899927562, 40.43456499982907], [-122.02594899958704, 40.434266999660856], [-122.02704399920599, 40.43380299973885], [-122.02796299999616, 40.43337199977673], [-122.02892600026894, 40.43304099990233], [-122.02971299991631, 40.4328430002274], [-122.03080600078376, 40.4326470006794], [-122.03172300012746, 40.43248299969769], [-122.03286099940412, 40.432152999912255], [-122.03412900017373, 40.43175499879994]]}, "properties": {"fault_name": "Battle Creek fault zone", "section_name": "", "class": "A"}}, {"type": "Feature", "geometry": {"type": "LineString", "coordinates": [[-122.02434699980489, 40.438242999784904], [-122.03344899975816, 40.435165000208656]]}, "properties": {"fault_name": "Battle Creek fault zone", "section_name": "", "class": "A"}}, {"type": "Feature", "geometry": {"type": "LineString", "coordinates": [[-122.00886999943666, 40.44704799983057], [-122.00992099957297, 40.44658399992788], [-122.01092800022668, 40.4462200012628], [-122.01245999968866, 40.44569000009484], [-122.01407999991244, 40.44506099983824], [-122.01482499972704, 40.44476299970393], [-122.01583299930735, 40.44423200122116], [-122.01688399944366, 40.44370099991093], [-122.01771799984505, 40.44316899967677], [-122.01877100142781, 40.442437000151976], [-122.02026399963339, 40.44130499977346], [-122.02109699931152, 40.44084000032979], [-122.02228100041556, 40.440108000056796], [-122.0231569997514, 40.439710000222775], [-122.02451500003438, 40.43914700005837], [-122.02622200029683, 40.4384509999201], [-122.02819100139841, 40.43782299989075], [-122.02998400007796, 40.43736099977997], [-122.03287100034818, 40.43660200012942]]}, "properties": {"fault_name": "Battle Creek fault zone", "section_name": "", "class": "A"}}, {"type": "Feature", "geometry": {"type": "LineString", "coordinates": [[-121.9927980008383, 40.44249799990411], [-121.99515999960529, 40.441939000026764], [-121.9980460000506, 40.44124900075775], [-122.00080100007636, 40.44059099994059], [-122.00430000009175, 40.43970200027413], [-122.00718700036197, 40.438977999952385], [-122.00959399933484, 40.438250999907154], [-122.01213300034883, 40.43732499977122], [-122.01370900019167, 40.436795000260204], [-122.01523999982874, 40.43633300129025], [-122.01642099966139, 40.43603699999456], [-122.01755700018653, 40.43584100018426], [-122.01948100018396, 40.43531299986195], [-122.02228100041556, 40.43445399973951], [-122.0235939995944, 40.43402400018205], [-122.02508199957374, 40.43352799995826], [-122.02648300041274, 40.43293099969902], [-122.02788299963021, 40.43250200033225], [-122.02915100039982, 40.432171999956275], [-122.03046299975377, 40.431742000165315], [-122.03212499981036, 40.43127900028984]]}, "properties": {"fault_name": "Battle Creek fault zone", "section_name": "", "class": "A"}}, {"type": "Feature", "geometry": {"type": "LineString", "coordinates": [[-122.02427300018505, 40.436535999695394], [-122.03175400008959, 40.4342549997916]]}, "properties": {"fault_name": "Battle Creek fault zone", "section_name": "", "class": "A"}}, {"type": "Feature", "geometry": {"type": "LineString", "coordinates": [[-122.02492400028828, 40.43704099879832], [-122.0310920001157, 40.43512300121789]]}, "properties": {"fault_name": "Battle Creek fault zone", "section_name": "", "class": "A"}}, {"type": "Feature", "geometry": {"type": "LineString", "coordinates": [[-122.01354599998508, 40.44084299966169], [-122.01704800037352, 40.43948499967951], [-122.02357100002818, 40.43703499979525]]}, "properties": {"fault_name": "Battle Creek fault zone", "section_name": "", "class": "A"}}, {"type": "Feature", "geometry": {"type": "LineString", "coordinates": [[-122.00170900009753, 40.44169900022227], [-122.01072199856574, 40.439092000187784]]}, "properties": {"fault_name": "Battle Creek fault zone", "section_name": "", "class": "A"}}, {"type": "Feature", "geometry": {"type": "LineString", "coordinates": [[-122.60278500056413, 40.213065999835585], [-122.59316399985377, 40.21987200009984], [-122.57740299980341, 40.22940899998974], [-122.57019899990827, 40.23302499969148]]}, "properties": {"fault_name": "Battle Creek fault zone", "section_name": "", "class": "A"}}, {"type": "Feature", "geometry": {"type": "LineString", "coordinates": [[-122.50693100029913, 40.267755999878595], [-122.5329280002798, 40.2556600001786], [-122.55448999973645, 40.24368900004146]]}, "properties": {"fault_name": "Battle Creek fault zone", "section_name": "", "class": "A"}}, {"type": "Feature", "geometry": {"type": "LineString", "coordinates": [[-122.44337400008666, 40.297930000068106], [-122.47376799915985, 40.2845870002761], [-122.48949499977337, 40.276506999970834], [-122.49591900059212, 40.27291299986192]]}, "properties": {"fault_name": "Battle Creek fault zone", "section_name": "", "class": "A"}}, {"type": "Feature", "geometry": {"type": "LineString", "coordinates": [[-122.44979700018222, 40.32174400018754], [-122.42994400063782, 40.32549900007774], [-122.3891239998669, 40.33799499992866], [-122.3701860000164, 40.34419599989565], [-122.3533259992508, 40.35167199972638], [-122.34451799992371, 40.35493699967763], [-122.33240999987451, 40.35885200125444], [-122.31302699978512, 40.360697999680816], [-122.30043600076047, 40.359310000028344], [-122.29539900143534, 40.35875300118673], [-122.28515799968557, 40.36130099967121], [-122.25924899956844, 40.37127700072216], [-122.25022799980603, 40.3740559996963], [-122.21809399996008, 40.38351900007159], [-122.19157800012064, 40.39236400021327], [-122.18010899958084, 40.39473200024104]]}, "properties": {"fault_name": "Battle Creek fault zone", "section_name": "", "class": "A"}}, {"type": "Feature", "geometry": {"type": "LineString", "coordinates": [[-122.4429899999471, 40.29781200008509], [-122.4258670003141, 40.3055399998431], [-122.40722600056452, 40.3148279997019], [-122.36947399981378, 40.329494999969235], [-122.34194199999811, 40.341598000218255], [-122.31573999997804, 40.35073099975823], [-122.30558599916522, 40.35507100132354], [-122.30043600076047, 40.359310000028344]]}, "properties": {"fault_name": "Battle Creek fault zone", "section_name": "", "class": "A"}}, {"type": "Feature", "geometry": {"type": "LineString", "coordinates": [[-124.34850699960643, 40.398177000073574], [-124.34906399999834, 40.39900400032813], [-124.34977500037601, 40.3995909997463]]}, "properties": {"fault_name": "unnamed fault SE Cape Mendocino", "section_name": "", "class": "A"}}, {"type": "Feature", "geometry": {"type": "LineString", "coordinates": [[-124.34199700037055, 40.3901549987463], [-124.34421599992076, 40.392630000307506]]}, "properties": {"fault_name": "unnamed fault SE Cape Mendocino", "section_name": "", "class": "A"}}, {"type": "Feature", "geometry": {"type": "LineString", "coordinates": [[-124.40504900006962, 40.43362900022469], [-124.40913499971587, 40.43596600021303], [-124.4118819993457, 40.43730500021385], [-124.41422899984072, 40.438052999848445], [-124.42040800043712, 40.4397130002888], [-124.4279040004103, 40.441002000293764], [-124.433989000397, 40.44159000004806], [-124.44030500036243, 40.44205899994951], [-124.44451700040534, 40.442490000287194], [-124.44928299956882, 40.443450999669885], [-124.4583469998873, 40.445318000042356], [-124.46685899983672, 40.446834000137926], [-124.47154299988271, 40.44755699980231], [-124.47630599957145, 40.44833900025152], [-124.48615800026052, 40.45079300002086], [-124.4924139999515, 40.452452000236256], [-124.50102099943712, 40.45509699967964], [-124.50665500023545, 40.45670299976024], [-124.51565799955621, 40.45976099970841], [-124.52051099965665, 40.46131500072011], [-124.52654400066316, 40.46363000009527], [-124.5379179998701, 40.468922999677126]]}, "properties": {"fault_name": "unnamed fault SE Cape Mendocino", "section_name": "", "class": "A"}}, {"type": "Feature", "geometry": {"type": "LineString", "coordinates": [[-124.35685200004956, 40.40403800003812], [-124.3636989995693, 40.40866499974803], [-124.3675500008355, 40.41094400024298]]}, "properties": {"fault_name": "unnamed fault SE Cape Mendocino", "section_name": "", "class": "A"}}, {"type": "Feature", "geometry": {"type": "LineString", "coordinates": [[-124.34977500037601, 40.3995909997463], [-124.35253100022669, 40.40158499933312]]}, "properties": {"fault_name": "unnamed fault SE Cape Mendocino", "section_name": "", "class": "A"}}, {"type": "Feature", "geometry": {"type": "LineString", "coordinates": [[-124.34421599992076, 40.392630000307506], [-124.34667600039371, 40.39563799875836], [-124.34850699960643, 40.398177000073574]]}, "properties": {"fault_name": "unnamed fault SE Cape Mendocino", "section_name": "", "class": "A"}}, {"type": "Feature", "geometry": {"type": "LineString", "coordinates": [[-124.29498100018313, 40.351150999661776], [-124.29734899969627, 40.35326799973117], [-124.30223800068002, 40.35714200000444], [-124.30570099981209, 40.35948500011783], [-124.30933400062013, 40.36277800028776], [-124.31075399992906, 40.36395299988416], [-124.3148409994002, 40.36640799967438], [-124.31727500083223, 40.367690999318945], [-124.31915899974837, 40.368563000238694], [-124.3208869999272, 40.36955599996781], [-124.32301199976607, 40.37102100018958], [-124.32514199962783, 40.37278300021803], [-124.32791699974506, 40.375966999759314], [-124.33060999984652, 40.378913000281], [-124.3330590004488, 40.38114799997751], [-124.3347900001024, 40.38237899972999], [-124.33676900035138, 40.384380001288115], [-124.34072799977604, 40.388621999714495], [-124.34199700037055, 40.3901549987463]]}, "properties": {"fault_name": "unnamed fault SE Cape Mendocino", "section_name": "", "class": "A"}}, {"type": "Feature", "geometry": {"type": "LineString", "coordinates": [[-124.3675500008355, 40.41094400024298], [-124.36888899995364, 40.41188200019229], [-124.37030699961278, 40.41293800004073], [-124.3721260000282, 40.41476300016661], [-124.37394600026857, 40.416588000038345], [-124.3752869999348, 40.41770399967989], [-124.37670299994411, 40.41864099989895], [-124.38094599994919, 40.421094999793404], [-124.38322300012403, 40.42232000003288], [-124.38566000013245, 40.42378100027589], [-124.38927699925031, 40.425944000334844], [-124.39304700032567, 40.428044999662404], [-124.39579499978039, 40.429503000170975], [-124.40018699974837, 40.43148000021678], [-124.40504900006962, 40.43362900022469]]}, "properties": {"fault_name": "unnamed fault SE Cape Mendocino", "section_name": "", "class": "A"}}, {"type": "Feature", "geometry": {"type": "LineString", "coordinates": [[-123.41200900040516, 40.063036999740405], [-123.41159299958026, 40.06425099997989], [-123.41105999857949, 40.06602599979834], [-123.41126299986738, 40.06835700013063], [-123.41139599993677, 40.069754999712096], [-123.41231600055187, 40.07269800009368], [-123.41264799991455, 40.073666999863065], [-123.41321199997917, 40.075624000029975], [-123.41365300002012, 40.07734600015903], [-123.4135440002402, 40.07884000021791], [-123.41326199930957, 40.08149900014064], [-123.41302399965818, 40.082836000308625], [-123.41390999993808, 40.08611299971371], [-123.41441600027639, 40.08839599968798], [-123.4150790000752, 40.08972500027099]]}, "properties": {"fault_name": "Bartlett Springs fault system", "section_name": "Lake Mountain section", "class": "A"}}, {"type": "Feature", "geometry": {"type": "LineString", "coordinates": [[-123.46681199992061, 40.226407999720834], [-123.47439799940713, 40.23301499873751]]}, "properties": {"fault_name": "Bartlett Springs fault system", "section_name": "Lake Mountain section", "class": "A"}}, {"type": "Feature", "geometry": {"type": "LineString", "coordinates": [[-123.4448670001493, 40.205003000313845], [-123.45160700043726, 40.20916399876544], [-123.45617400030741, 40.21254300025766], [-123.45799599929926, 40.21451100022869], [-123.46081099959946, 40.21809499875491], [-123.462325999343, 40.220341000033144], [-123.46379599977897, 40.2234169998689]]}, "properties": {"fault_name": "Bartlett Springs fault system", "section_name": "Lake Mountain section", "class": "A"}}, {"type": "Feature", "geometry": {"type": "LineString", "coordinates": [[-123.46873500009312, 40.188684999342065], [-123.4734780005887, 40.19447399979076], [-123.47482699975254, 40.195496000301745], [-123.47726399976098, 40.196987000128864], [-123.48120800001529, 40.19989499970345], [-123.48453400067663, 40.202883999811064], [-123.49035399855285, 40.20815499974122], [-123.49442399920389, 40.2136700000211]]}, "properties": {"fault_name": "Bartlett Springs fault system", "section_name": "Lake Mountain section", "class": "A"}}, {"type": "Feature", "geometry": {"type": "LineString", "coordinates": [[-123.4431369994223, 40.156154000319795], [-123.44660300072408, 40.15744399930286], [-123.44740699919156, 40.15795400033211], [-123.44909500008573, 40.159350000062986], [-123.45021100141774, 40.160253998762926], [-123.45185299958622, 40.16232199985686], [-123.45305100003563, 40.16369999976552], [-123.4543570004401, 40.16571000123351], [-123.45520300143534, 40.16795800029075], [-123.45599399858571, 40.16994000029796], [-123.45704099942242, 40.171861999952476], [-123.45723699924099, 40.172590000207286], [-123.45736300143432, 40.17344200023512], [-123.4574990000801, 40.174271000311954], [-123.45770900014242, 40.174704999858086], [-123.45836100007057, 40.1755509997944], [-123.45942899992534, 40.17677199996229], [-123.45994999943392, 40.17738199968838], [-123.46052299971936, 40.17817000122881], [-123.46212500039984, 40.181521000148166], [-123.46317399998803, 40.18357100033751], [-123.4638779997947, 40.18451699976357], [-123.46473899996028, 40.18569900027466], [-123.46567700011867, 40.18684099990392], [-123.46728899994659, 40.188474000214654]]}, "properties": {"fault_name": "Bartlett Springs fault system", "section_name": "Lake Mountain section", "class": "A"}}, {"type": "Feature", "geometry": {"type": "LineString", "coordinates": [[-123.4530119996776, 40.00597399874682], [-123.46497199958876, 40.033355999939666]]}, "properties": {"fault_name": "Bartlett Springs fault system", "section_name": "Lake Mountain section", "class": "A"}}, {"type": "Feature", "geometry": {"type": "LineString", "coordinates": [[-123.45979799999628, 40.12489199979431], [-123.46280999993996, 40.128848000005384]]}, "properties": {"fault_name": "Bartlett Springs fault system", "section_name": "Lake Mountain section", "class": "A"}}, {"type": "Feature", "geometry": {"type": "LineString", "coordinates": [[-123.44887299942958, 40.124860999793505], [-123.45063900014158, 40.12882999974694], [-123.45142299941591, 40.131241000124945], [-123.45217099960354, 40.133290000308165], [-123.45359299856233, 40.143078000070155], [-123.45831000001697, 40.1546500012163], [-123.46049699978009, 40.15996400028616]]}, "properties": {"fault_name": "Bartlett Springs fault system", "section_name": "Lake Mountain section", "class": "A"}}, {"type": "Feature", "geometry": {"type": "LineString", "coordinates": [[-123.44338200144132, 40.111230999665345], [-123.45402500017907, 40.11969600007472], [-123.45867799936464, 40.12341999966777], [-123.45979799999628, 40.12489199979431]]}, "properties": {"fault_name": "Bartlett Springs fault system", "section_name": "Lake Mountain section", "class": "A"}}, {"type": "Feature", "geometry": {"type": "LineString", "coordinates": [[-123.44642000042596, 40.02361800005866], [-123.44722799998974, 40.02575999993209], [-123.45240199958221, 40.03508600003252]]}, "properties": {"fault_name": "Bartlett Springs fault system", "section_name": "Lake Mountain section", "class": "A"}}, {"type": "Feature", "geometry": {"type": "LineString", "coordinates": [[-123.44925600064254, 40.14182599970112], [-123.44927200143441, 40.14378100004734], [-123.44910199975844, 40.145026999837185], [-123.44905900010073, 40.145994999279225], [-123.44907900019223, 40.148384999872256], [-123.44898400065598, 40.14933399876968], [-123.44870900029639, 40.150382000177906], [-123.44848199961734, 40.15197800008011], [-123.44847499994464, 40.15312900007996], [-123.44835500029404, 40.15415700014291], [-123.44800399976644, 40.155343999817795]]}, "properties": {"fault_name": "Bartlett Springs fault system", "section_name": "Lake Mountain section", "class": "A"}}, {"type": "Feature", "geometry": {"type": "LineString", "coordinates": [[-123.44449800007834, 40.11858599980589], [-123.44868800037997, 40.124444999722925], [-123.44887299942958, 40.124860999793505]]}, "properties": {"fault_name": "Bartlett Springs fault system", "section_name": "Lake Mountain section", "class": "A"}}, {"type": "Feature", "geometry": {"type": "LineString", "coordinates": [[-123.4431640000848, 40.04384699984896], [-123.44317100065581, 40.05030399983119], [-123.43990600009383, 40.057610001241855], [-123.4356249995556, 40.066135999829996], [-123.43170400066415, 40.075926998723666]]}, "properties": {"fault_name": "Bartlett Springs fault system", "section_name": "Lake Mountain section", "class": "A"}}, {"type": "Feature", "geometry": {"type": "LineString", "coordinates": [[-123.43397599991779, 40.011901998807666], [-123.43701899982362, 40.01513400125655], [-123.4426000000202, 40.02171000034156]]}, "properties": {"fault_name": "Bartlett Springs fault system", "section_name": "Lake Mountain section", "class": "A"}}, {"type": "Feature", "geometry": {"type": "LineString", "coordinates": [[-123.44085200064816, 40.12485599992502], [-123.44079100144712, 40.12591700032257], [-123.44087499931608, 40.12971099989656], [-123.44125299960784, 40.131643999670246], [-123.4416840013997, 40.133815999690036], [-123.44205600004706, 40.14112399996759], [-123.44232200018584, 40.14215000003703], [-123.44232899985853, 40.14290100016228], [-123.44197400003132, 40.14361400032278], [-123.44146299967012, 40.14416899992779], [-123.44100400008583, 40.144763000279745], [-123.44090600017653, 40.145395999668736], [-123.44050100012058, 40.14634600029366], [-123.43999099958431, 40.14694099993612], [-123.43974100023739, 40.14785099972953], [-123.43954100022086, 40.14864200007246], [-123.43955200009151, 40.14998499966136], [-123.4396149998407, 40.15132800016046], [-123.43998599956146, 40.15251200004742], [-123.44062900016712, 40.15535400124761], [-123.44101299940833, 40.15800000018544], [-123.44137900000455, 40.1647160013358], [-123.44172799998401, 40.169377000785396], [-123.44191200010702, 40.17285299995372], [-123.44177900003764, 40.17530299966121], [-123.44159599973953, 40.17807000125811], [-123.44074600034297, 40.18115500023626], [-123.44009100004176, 40.183015000258266], [-123.43954299987067, 40.18527000127353]]}, "properties": {"fault_name": "Bartlett Springs fault system", "section_name": "Lake Mountain section", "class": "A"}}, {"type": "Feature", "geometry": {"type": "LineString", "coordinates": [[-123.4414189992892, 40.12085799932239], [-123.44133700017174, 40.12219800018753], [-123.440926000268, 40.12358500068006], [-123.44085200064816, 40.12485599992502]]}, "properties": {"fault_name": "Bartlett Springs fault system", "section_name": "Lake Mountain section", "class": "A"}}, {"type": "Feature", "geometry": {"type": "LineString", "coordinates": [[-123.43769900023916, 40.044604001192575], [-123.43947500009858, 40.05091999999875]]}, "properties": {"fault_name": "Bartlett Springs fault system", "section_name": "Lake Mountain section", "class": "A"}}, {"type": "Feature", "geometry": {"type": "LineString", "coordinates": [[-123.43725599965008, 40.12489699966015], [-123.43703499971714, 40.1268819997761], [-123.43684899994429, 40.12933100023771], [-123.436863000188, 40.13091199985952], [-123.43683300005078, 40.13351999968219], [-123.436855999617, 40.13604800127942], [-123.4368699998607, 40.137747000304394], [-123.43718799987802, 40.13877299986302], [-123.43755799977389, 40.139759999834254], [-123.43788099981407, 40.14141800008137], [-123.43794899958613, 40.14331399968777]]}, "properties": {"fault_name": "Bartlett Springs fault system", "section_name": "Lake Mountain section", "class": "A"}}, {"type": "Feature", "geometry": {"type": "LineString", "coordinates": [[-123.43646200033002, 40.03410699972865], [-123.43678399964699, 40.03828399969333], [-123.4374629993393, 40.04218600133816], [-123.43769900023916, 40.044604001192575]]}, "properties": {"fault_name": "Bartlett Springs fault system", "section_name": "Lake Mountain section", "class": "A"}}, {"type": "Feature", "geometry": {"type": "LineString", "coordinates": [[-123.43769800041427, 40.0453729998577], [-123.4374629993393, 40.04642400029938], [-123.4370519994356, 40.04822100006143], [-123.43657699995774, 40.04962199975826]]}, "properties": {"fault_name": "Bartlett Springs fault system", "section_name": "Lake Mountain section", "class": "A"}}, {"type": "Feature", "geometry": {"type": "LineString", "coordinates": [[-123.4374200005799, 40.11147000018972], [-123.43696699994508, 40.11273700009538], [-123.43677300067462, 40.11423899977141], [-123.43699899973214, 40.11660899976125], [-123.43722999971082, 40.11949199871093], [-123.43730100075425, 40.12178299977714], [-123.43741800003178, 40.12344299995777], [-123.43725599965008, 40.12489699966015]]}, "properties": {"fault_name": "Bartlett Springs fault system", "section_name": "Lake Mountain section", "class": "A"}}, {"type": "Feature", "geometry": {"type": "LineString", "coordinates": [[-123.4369810001888, 40.18725499971091], [-123.43464799993744, 40.19184799981777], [-123.43313099964581, 40.19541000122024], [-123.4316390003668, 40.20197499980063], [-123.4303289997644, 40.2055370002644], [-123.42961900010992, 40.20704100032106], [-123.42752199986013, 40.21510999979874], [-123.42743900001945, 40.21748099977897], [-123.42766400015033, 40.21969299996108], [-123.42788499918495, 40.221510000201306], [-123.4284149998127, 40.22316699978095], [-123.42832500029932, 40.224747999818184], [-123.4279210000683, 40.22577699932425], [-123.42659299992253, 40.22720499997929], [-123.42331300019025, 40.22966799981224]]}, "properties": {"fault_name": "Bartlett Springs fault system", "section_name": "Lake Mountain section", "class": "A"}}, {"type": "Feature", "geometry": {"type": "LineString", "coordinates": [[-123.42502399975233, 40.08322300023113], [-123.42565800013716, 40.08440999965934], [-123.4260159994391, 40.08536399971646], [-123.42663599958023, 40.08666700008687], [-123.42706699957547, 40.08727100029632], [-123.42755999859664, 40.08796900029192], [-123.42775200001388, 40.08908700018211], [-123.42857499964629, 40.092861999781775], [-123.43032799993946, 40.09854399974579], [-123.43378199974904, 40.103800000088846], [-123.43680099936542, 40.10812400024346]]}, "properties": {"fault_name": "Bartlett Springs fault system", "section_name": "Lake Mountain section", "class": "A"}}, {"type": "Feature", "geometry": {"type": "LineString", "coordinates": [[-123.43084400032353, 40.03031499876813], [-123.43160999915617, 40.03450900027111], [-123.43201999923501, 40.03973000014256], [-123.43233599960249, 40.04837999998979], [-123.43223399859693, 40.05064199989129], [-123.43118599973195, 40.056243000297684], [-123.43033600033539, 40.06050800023935], [-123.42794100015978, 40.06688000028045], [-123.42632899943358, 40.07202599929588], [-123.4268369994217, 40.07740200011394]]}, "properties": {"fault_name": "Bartlett Springs fault system", "section_name": "Lake Mountain section", "class": "A"}}, {"type": "Feature", "geometry": {"type": "LineString", "coordinates": [[-123.4150790000752, 40.08972500027099], [-123.41590199970757, 40.09137500032921], [-123.4181859995551, 40.09509599871994], [-123.41991099936092, 40.09760700002344], [-123.42164499938755, 40.09983000009162], [-123.42329300009877, 40.101650999711495], [-123.42501899972947, 40.104208999884314], [-123.42861900002721, 40.10938600032625]]}, "properties": {"fault_name": "Bartlett Springs fault system", "section_name": "Lake Mountain section", "class": "A"}}, {"type": "Feature", "geometry": {"type": "LineString", "coordinates": [[-123.42128999956029, 39.99988899932016], [-123.42220599997741, 40.00194499980645], [-123.42295900018793, 40.00785600004011], [-123.42251700032203, 40.01156600016574], [-123.42234700044273, 40.01284999981956], [-123.42254400008622, 40.015472999872884], [-123.42314999998361, 40.02529800129116], [-123.4230160000893, 40.02996699980736], [-123.42302500031015, 40.03112299999202], [-123.42285899973051, 40.03201299989501], [-123.42234400006969, 40.032860000251226], [-123.42010299987986, 40.035492999863926]]}, "properties": {"fault_name": "Bartlett Springs fault system", "section_name": "Lake Mountain section", "class": "A"}}, {"type": "Feature", "geometry": {"type": "LineString", "coordinates": [[-123.42186899969352, 40.01555099971198], [-123.41839899999044, 40.00881900123521], [-123.41557400144113, 40.00319399976134], [-123.41287700024341, 39.99962500017349]]}, "properties": {"fault_name": "Bartlett Springs fault system", "section_name": "Lake Mountain section", "class": "A"}}, {"type": "Feature", "geometry": {"type": "LineString", "coordinates": [[-123.40414400036109, 40.018584000343466], [-123.40759300014774, 40.02689800016547], [-123.4094340003045, 40.03683800021815], [-123.41259100001315, 40.04498700002554], [-123.4157200001327, 40.05476599978876], [-123.41774399968924, 40.06341800022101]]}, "properties": {"fault_name": "Bartlett Springs fault system", "section_name": "Lake Mountain section", "class": "A"}}, {"type": "Feature", "geometry": {"type": "LineString", "coordinates": [[-123.41340500032302, 40.05451899999225], [-123.41378000024174, 40.05659400121116], [-123.4133769998356, 40.05925400030159], [-123.41296699975679, 40.061121001288626], [-123.41200900040516, 40.063036999740405]]}, "properties": {"fault_name": "Bartlett Springs fault system", "section_name": "Lake Mountain section", "class": "A"}}, {"type": "Feature", "geometry": {"type": "LineString", "coordinates": [[-123.41661699938491, 39.99637199975518], [-123.416587000146, 39.99751600028776], [-123.41583399993551, 40.00043400068237]]}, "properties": {"fault_name": "Bartlett Springs fault system", "section_name": "Lake Mountain section", "class": "A"}}, {"type": "Feature", "geometry": {"type": "LineString", "coordinates": [[-123.43731599992454, 40.031195999952914], [-123.43656899956181, 40.02909300025717], [-123.43644699936307, 40.02814399980516], [-123.43597300060846, 40.026365999909565], [-123.4357700002189, 40.02479399983084], [-123.43578799976224, 40.0216190001346], [-123.43578499938918, 40.021194000229634]]}, "properties": {"fault_name": "Bartlett Springs fault system", "section_name": "Lake Mountain section", "class": "A"}}, {"type": "Feature", "geometry": {"type": "LineString", "coordinates": [[-123.43696699994508, 40.02231699870026], [-123.4362929993773, 40.02166099971601]]}, "properties": {"fault_name": "Bartlett Springs fault system", "section_name": "Lake Mountain section", "class": "A"}}, {"type": "Feature", "geometry": {"type": "LineString", "coordinates": [[-123.43578499938918, 40.021194000229634], [-123.43491200042641, 40.020408999749336], [-123.43378900032003, 40.01866899869675], [-123.43341000020335, 40.016060000256765], [-123.43352999985397, 40.01486500013546]]}, "properties": {"fault_name": "Bartlett Springs fault system", "section_name": "Lake Mountain section", "class": "A"}}, {"type": "Feature", "geometry": {"type": "LineString", "coordinates": [[-123.43340499928217, 40.014511000031575], [-123.43303100008667, 40.01352600011617], [-123.43293400000229, 40.012100000329006], [-123.43288799997153, 40.011315001190326], [-123.43276599977281, 40.010255000139985]]}, "properties": {"fault_name": "Bartlett Springs fault system", "section_name": "Lake Mountain section", "class": "A"}}, {"type": "Feature", "geometry": {"type": "LineString", "coordinates": [[-123.43263100005359, 40.010012998770854], [-123.43220799955597, 40.0091189997903]]}, "properties": {"fault_name": "Bartlett Springs fault system", "section_name": "Lake Mountain section", "class": "A"}}, {"type": "Feature", "geometry": {"type": "LineString", "coordinates": [[-123.42788400025837, 40.0051330012864], [-123.4290130002125, 40.00634099978013], [-123.42970899962329, 40.00732999995682], [-123.43045300140959, 40.00881200021881]]}, "properties": {"fault_name": "Bartlett Springs fault system", "section_name": "Lake Mountain section", "class": "A"}}, {"type": "Feature", "geometry": {"type": "LineString", "coordinates": [[-123.42766300032544, 40.00504399991968], [-123.42618400056693, 40.002971999704116], [-123.4248819985638, 40.00069800014194]]}, "properties": {"fault_name": "Bartlett Springs fault system", "section_name": "Lake Mountain section", "class": "A"}}, {"type": "Feature", "geometry": {"type": "LineString", "coordinates": [[-123.4849539999029, 40.000074999967204], [-123.48855000000266, 40.004475999690186], [-123.49365300034835, 40.010762999864866], [-123.49827899976974, 40.01598000032933]]}, "properties": {"fault_name": "Bartlett Springs fault system", "section_name": "Round Valley section", "class": "A"}}, {"type": "Feature", "geometry": {"type": "LineString", "coordinates": [[-123.49163599956618, 40.047665000077366], [-123.49619499993878, 40.0540730000658]]}, "properties": {"fault_name": "Bartlett Springs fault system", "section_name": "Round Valley section", "class": "A"}}, {"type": "Feature", "geometry": {"type": "LineString", "coordinates": [[-123.49078100014675, 40.02011700004246], [-123.49125300014987, 40.020888999775], [-123.49188700143299, 40.022314000725345]]}, "properties": {"fault_name": "Bartlett Springs fault system", "section_name": "Round Valley section", "class": "A"}}, {"type": "Feature", "geometry": {"type": "LineString", "coordinates": [[-123.47832199956997, 40.00372900125108], [-123.48136399965088, 40.0087900001651], [-123.48293500036922, 40.01086600020542]]}, "properties": {"fault_name": "Bartlett Springs fault system", "section_name": "Round Valley section", "class": "A"}}, {"type": "Feature", "geometry": {"type": "LineString", "coordinates": [[-123.56768300031757, 40.10358599970823], [-123.5710420005909, 40.105833999722776]]}, "properties": {"fault_name": "Bartlett Springs fault system", "section_name": "Round Valley section", "class": "A"}}, {"type": "Feature", "geometry": {"type": "LineString", "coordinates": [[-123.48458300018211, 40.04037500030435], [-123.49163599956618, 40.047665000077366]]}, "properties": {"fault_name": "Bartlett Springs fault system", "section_name": "Round Valley section", "class": "A"}}, {"type": "Feature", "geometry": {"type": "LineString", "coordinates": [[-123.48293500036922, 40.01086600020542], [-123.48450299981619, 40.01252599877751], [-123.48599400016856, 40.014304999876124], [-123.48787999963282, 40.01697499967922], [-123.48866600035362, 40.01804300130977], [-123.489918999258, 40.019228000008006], [-123.49078100014675, 40.02011700004246]]}, "properties": {"fault_name": "Bartlett Springs fault system", "section_name": "Round Valley section", "class": "A"}}, {"type": "Feature", "geometry": {"type": "LineString", "coordinates": [[-123.47656599980203, 40.00036600021838], [-123.478281999387, 40.003636999946735]]}, "properties": {"fault_name": "Bartlett Springs fault system", "section_name": "Round Valley section", "class": "A"}}, {"type": "Feature", "geometry": {"type": "LineString", "coordinates": [[-123.45272100032277, 39.9706399998411], [-123.45686000057074, 39.97562000023295], [-123.45916699998452, 39.978154999728766], [-123.46600800055481, 39.98536300020842], [-123.47054799976249, 39.99135200013162], [-123.4734149999412, 39.99523199981984], [-123.47660500016008, 40.00033500131002]]}, "properties": {"fault_name": "Bartlett Springs fault system", "section_name": "Round Valley section", "class": "A"}}, {"type": "Feature", "geometry": {"type": "LineString", "coordinates": [[-123.52500499967148, 40.04431399967338], [-123.52665599985741, 40.04668799996901], [-123.52775800004738, 40.048408998673864], [-123.52855699939032, 40.05096500025825], [-123.52912200017815, 40.05352100019763], [-123.52991000144708, 40.05488700028381], [-123.53250400001768, 40.05856499968125], [-123.5335269996666, 40.06004900024067], [-123.53448299936838, 40.06290099976379], [-123.53598399976651, 40.06581099997358], [-123.538264999241, 40.06913400016047], [-123.54109799998284, 40.0735250001028], [-123.54243199997642, 40.07518599994376], [-123.54391899923252, 40.076489001265806], [-123.54556199992088, 40.07785100027233], [-123.54658000044523, 40.07891799975675], [-123.54862400009326, 40.081766000189745], [-123.55012199922002, 40.08437799974411], [-123.5513090006971, 40.08705100028527], [-123.55296099980967, 40.08954399980099], [-123.55421799981032, 40.09120499991822], [-123.55609900015004, 40.093101000244914], [-123.55750900031155, 40.094523999885645], [-123.56064599992874, 40.098080999808126], [-123.5633069993448, 40.10039099999457], [-123.56596400035957, 40.1024029997687], [-123.56768300031757, 40.10358599970823]]}, "properties": {"fault_name": "Bartlett Springs fault system", "section_name": "Round Valley section", "class": "A"}}, {"type": "Feature", "geometry": {"type": "LineString", "coordinates": [[-123.49827899976974, 40.01598000032933], [-123.50078600009837, 40.01846900118888], [-123.502512999554, 40.02066400005443], [-123.50518599956395, 40.02440199986613], [-123.5061259993722, 40.025349999897784], [-123.50752999968594, 40.026059000188496], [-123.5091679985548, 40.02694500012055], [-123.5104969994238, 40.02789100026287], [-123.51190900013347, 40.0296109986775], [-123.51285999981238, 40.03174899980444], [-123.51296800066571, 40.03525899969151], [-123.51306200037706, 40.03722200005812], [-123.51337999859774, 40.03811399879905], [-123.51416499859529, 40.03906300014675]]}, "properties": {"fault_name": "Bartlett Springs fault system", "section_name": "Round Valley section", "class": "A"}}, {"type": "Feature", "geometry": {"type": "LineString", "coordinates": [[-123.49999899955269, 40.03560999999292], [-123.50305300022748, 40.03839399980344], [-123.50391000019505, 40.03868799968945], [-123.50530899958763, 40.038800999837115], [-123.50569899957495, 40.03909700002387], [-123.50602300033836, 40.040643001284565]]}, "properties": {"fault_name": "Bartlett Springs fault system", "section_name": "Round Valley section", "class": "A"}}, {"type": "Feature", "geometry": {"type": "LineString", "coordinates": [[-123.49775400006321, 40.03645300024424], [-123.5010480000392, 40.04007000032715]]}, "properties": {"fault_name": "Bartlett Springs fault system", "section_name": "Round Valley section", "class": "A"}}, {"type": "Feature", "geometry": {"type": "LineString", "coordinates": [[-123.49188700143299, 40.022314000725345], [-123.49267500000697, 40.023738998742665], [-123.49330600001872, 40.0248079999599], [-123.49385400018981, 40.025340998805675], [-123.4944030001858, 40.02599399967599], [-123.49480099967076, 40.027122999964064]]}, "properties": {"fault_name": "Bartlett Springs fault system", "section_name": "Round Valley section", "class": "A"}}, {"type": "Feature", "geometry": {"type": "LineString", "coordinates": [[-123.48285600072651, 40.01979299979113], [-123.48365199969639, 40.02210999984973], [-123.48468299974122, 40.02460499987108], [-123.4854749994115, 40.02644700022402], [-123.48579700142338, 40.02775500031688], [-123.48597099970402, 40.02995599975193], [-123.48607199998635, 40.03275200033455], [-123.48639599985148, 40.034298000319474], [-123.4868700004027, 40.035188998737354], [-123.48757700058246, 40.03613800021204], [-123.48867300002632, 40.03714500025815], [-123.48976699982036, 40.0379740013045], [-123.49055000016807, 40.03868399968082], [-123.49102299999608, 40.039574001327125], [-123.49181499966632, 40.04141699973583]]}, "properties": {"fault_name": "Bartlett Springs fault system", "section_name": "Round Valley section", "class": "A"}}, {"type": "Feature", "geometry": {"type": "LineString", "coordinates": [[-123.34630100041458, 39.93675400018551], [-123.3496189997817, 39.94393800070844], [-123.35069400020745, 39.9454049997205], [-123.35200899993444, 39.94723800007465], [-123.35280699855413, 39.94849100006335], [-123.35372799989247, 39.95072300014938], [-123.35458599968494, 39.953544000112736], [-123.3557799999364, 39.95806300020483], [-123.3570269998913, 39.96240500011469], [-123.35822400141413, 39.97034000022363], [-123.35882600021526, 39.974763000133656], [-123.35926999973097, 39.976750999881176], [-123.36055500021904, 39.98075600132404], [-123.36347699975101, 39.98763500027754], [-123.36447800055696, 39.99017300009202], [-123.36531600025796, 39.99148699966771], [-123.36599199957723, 39.99225099980427], [-123.36674699943755, 39.992860999971754], [-123.36813499985777, 39.99365399982151], [-123.38837100061512, 40.00263899929698]]}, "properties": {"fault_name": "Bartlett Springs fault system", "section_name": "Round Valley section", "class": "A"}}, {"type": "Feature", "geometry": {"type": "LineString", "coordinates": [[-124.31075899995196, 40.58190500021505], [-124.31272099958422, 40.58194700017028], [-124.31468000064004, 40.581809000120835], [-124.31656100008146, 40.5816719999681], [-124.33121800029205, 40.58075900003153]]}, "properties": {"fault_name": "Ferndale fault", "section_name": "", "class": "A"}}, {"type": "Feature", "geometry": {"type": "LineString", "coordinates": [[-124.2783430000737, 40.581004000298485], [-124.28171599969242, 40.5809729998158]]}, "properties": {"fault_name": "Ferndale fault", "section_name": "", "class": "A"}}, {"type": "Feature", "geometry": {"type": "LineString", "coordinates": [[-124.25828100029194, 40.57238000021608], [-124.2682610001292, 40.578461000111844]]}, "properties": {"fault_name": "Ferndale fault", "section_name": "", "class": "A"}}, {"type": "Feature", "geometry": {"type": "LineString", "coordinates": [[-124.26316399963127, 40.57359400007628], [-124.26602499996226, 40.57596499973342], [-124.26642199962225, 40.576200998814045]]}, "properties": {"fault_name": "Ferndale fault", "section_name": "", "class": "A"}}, {"type": "Feature", "geometry": {"type": "LineString", "coordinates": [[-124.24708999958648, 40.569126998811484], [-124.25149799944798, 40.57010499972674]]}, "properties": {"fault_name": "Ferndale fault", "section_name": "", "class": "A"}}, {"type": "Feature", "geometry": {"type": "LineString", "coordinates": [[-124.2177459999264, 40.5640039999078], [-124.2186129999397, 40.56423599982528], [-124.22559400025207, 40.564171998798784]]}, "properties": {"fault_name": "Ferndale fault", "section_name": "", "class": "A"}}, {"type": "Feature", "geometry": {"type": "LineString", "coordinates": [[-124.20742399978238, 40.55618900010428], [-124.20821100032806, 40.556302000080606], [-124.20907900016626, 40.5566530000712]]}, "properties": {"fault_name": "Ferndale fault", "section_name": "", "class": "A"}}, {"type": "Feature", "geometry": {"type": "LineString", "coordinates": [[-124.17970500036895, 40.549612999872146], [-124.18145600011403, 40.551215000132224], [-124.18280500017619, 40.552160999870196], [-124.18343599928963, 40.55239499975232], [-124.18445899983688, 40.55256600027788], [-124.18516199981865, 40.55237900008391], [-124.18594300141488, 40.55213200023914], [-124.18664700032325, 40.552006000119334], [-124.18790199977576, 40.55199500007056], [-124.19049599924472, 40.55232999975331], [-124.19293399997638, 40.552726999687025], [-124.19513799855963, 40.5531870000586], [-124.19623599855164, 40.553177000128606], [-124.19757499856804, 40.55346399977728], [-124.19859899983852, 40.55369400021539]]}, "properties": {"fault_name": "Ferndale fault", "section_name": "", "class": "A"}}, {"type": "Feature", "geometry": {"type": "LineString", "coordinates": [[-124.17145199998733, 40.54363600027123], [-124.1766880004024, 40.54730399985747]]}, "properties": {"fault_name": "Ferndale fault", "section_name": "", "class": "A"}}, {"type": "Feature", "geometry": {"type": "LineString", "coordinates": [[-124.06670500000641, 40.517813998762264], [-124.07520100006226, 40.5192949993399], [-124.08039700029437, 40.520445001200194], [-124.0849680003625, 40.52172200008115], [-124.0871719998441, 40.522300999908815], [-124.09205300043193, 40.52327499981589]]}, "properties": {"fault_name": "Ferndale fault", "section_name": "", "class": "A"}}, {"type": "Feature", "geometry": {"type": "LineString", "coordinates": [[-124.28171599969242, 40.5809729998158], [-124.28697199930068, 40.58098500007038], [-124.29050499965125, 40.581132000114486], [-124.29411099979677, 40.58091899966702], [-124.2962310014094, 40.58101999994775], [-124.2975699996292, 40.58130700029814], [-124.29890899964562, 40.58165400011143], [-124.30243599925012, 40.58144200014646], [-124.30431699958983, 40.58136500019559], [-124.3069109999571, 40.58164099979505], [-124.30816799995775, 40.58174900024785], [-124.31075899995196, 40.58190500021505]]}, "properties": {"fault_name": "Ferndale fault", "section_name": "", "class": "A"}}, {"type": "Feature", "geometry": {"type": "LineString", "coordinates": [[-124.26642199962225, 40.576200998814045], [-124.26895099969221, 40.57737600028883], [-124.2725890014214, 40.579260001258525], [-124.27416799984069, 40.57990500128655], [-124.27614000041702, 40.58060500119779], [-124.27716499971578, 40.58095600132771], [-124.2783430000737, 40.581004000298485]]}, "properties": {"fault_name": "Ferndale fault", "section_name": "", "class": "A"}}, {"type": "Feature", "geometry": {"type": "LineString", "coordinates": [[-124.26165399991065, 40.57234899983119], [-124.26316399963127, 40.57359400007628]]}, "properties": {"fault_name": "Ferndale fault", "section_name": "", "class": "A"}}, {"type": "Feature", "geometry": {"type": "LineString", "coordinates": [[-124.25149799944798, 40.57010499972674], [-124.25828100029194, 40.57238000021608]]}, "properties": {"fault_name": "Ferndale fault", "section_name": "", "class": "A"}}, {"type": "Feature", "geometry": {"type": "LineString", "coordinates": [[-124.22661299970301, 40.56410300026802], [-124.23102399993759, 40.56526099879853], [-124.2337060001684, 40.56619400011687], [-124.23796399934376, 40.56759300003081], [-124.24064399992471, 40.568407000185125], [-124.24245299939611, 40.56869000128098], [-124.24520299939897, 40.568965000256554], [-124.24708999958648, 40.569126998811484]]}, "properties": {"fault_name": "Ferndale fault", "section_name": "", "class": "A"}}, {"type": "Feature", "geometry": {"type": "LineString", "coordinates": [[-124.20907900016626, 40.5566530000712], [-124.21018800002892, 40.557361999710906], [-124.21114999957848, 40.5586719996775], [-124.21227400040807, 40.56027900000516], [-124.21323899943235, 40.56182800025141], [-124.21451100039994, 40.56289500024434], [-124.21617000008351, 40.56353899993764], [-124.2177459999264, 40.5640039999078]]}, "properties": {"fault_name": "Ferndale fault", "section_name": "", "class": "A"}}, {"type": "Feature", "geometry": {"type": "LineString", "coordinates": [[-124.19859899983852, 40.55369400021539], [-124.20002499989357, 40.55457899880582], [-124.20081699956384, 40.55511100015849], [-124.20168299975222, 40.55528299978391], [-124.20364899958244, 40.55556399994354], [-124.20585200013744, 40.55596400014524], [-124.20742399978238, 40.55618900010428]]}, "properties": {"fault_name": "Ferndale fault", "section_name": "", "class": "A"}}, {"type": "Feature", "geometry": {"type": "LineString", "coordinates": [[-124.1766880004024, 40.54730399985747], [-124.17970500036895, 40.549612999872146]]}, "properties": {"fault_name": "Ferndale fault", "section_name": "", "class": "A"}}, {"type": "Feature", "geometry": {"type": "LineString", "coordinates": [[-124.1554769996767, 40.54048800120322], [-124.16404700025073, 40.54166800005182], [-124.17703499983374, 40.54436400024244]]}, "properties": {"fault_name": "Ferndale fault", "section_name": "", "class": "A"}}, {"type": "Feature", "geometry": {"type": "LineString", "coordinates": [[-124.09205300043193, 40.52327499981589], [-124.09653900011126, 40.52419099968213], [-124.10134199998298, 40.525345999825426], [-124.10662699990355, 40.52715499970733], [-124.1107360000143, 40.529034999729994], [-124.11341900007002, 40.5300290000509], [-124.11601799956183, 40.53060400012974], [-124.12137000032786, 40.531754001189626], [-124.12805899966388, 40.53307000027343], [-124.13908200013984, 40.53560499976412]]}, "properties": {"fault_name": "Ferndale fault", "section_name": "", "class": "A"}}, {"type": "Feature", "geometry": {"type": "LineString", "coordinates": [[-124.0433520006217, 40.51449400129074], [-124.04649000006377, 40.51452499978021], [-124.0529359997255, 40.5153050001022], [-124.06670500000641, 40.517813998762264]]}, "properties": {"fault_name": "Ferndale fault", "section_name": "", "class": "A"}}, {"type": "Feature", "geometry": {"type": "LineString", "coordinates": [[-124.13908200013984, 40.53560499976412], [-124.14112999998582, 40.53612499881598], [-124.14278199999669, 40.5363499998922], [-124.14514399966201, 40.536868000335105], [-124.14924199990213, 40.538088000012046], [-124.15625299855509, 40.53994200006843]]}, "properties": {"fault_name": "Ferndale fault", "section_name": "", "class": "A"}}, {"type": "Feature", "geometry": {"type": "LineString", "coordinates": [[-124.07759100021501, 40.82923499868761], [-124.08031499938029, 40.83069400026314], [-124.08335800018446, 40.83173900008883]]}, "properties": {"fault_name": "Freshwater fault zone", "section_name": "", "class": "A"}}, {"type": "Feature", "geometry": {"type": "LineString", "coordinates": [[-124.02962599999852, 40.7604379997237], [-124.03089499969477, 40.7621999997758], [-124.03173999996675, 40.76437999999565], [-124.03291599977655, 40.767092000145695], [-124.0338559995848, 40.76844399980098], [-124.03501300002635, 40.76991899991293], [-124.03568700059411, 40.77152200006461], [-124.03673299980927, 40.772792000291574]]}, "properties": {"fault_name": "Freshwater fault zone", "section_name": "", "class": "A"}}, {"type": "Feature", "geometry": {"type": "LineString", "coordinates": [[-123.9191040014489, 40.596350999937236], [-123.9237749992795, 40.59906399976835], [-123.92527700040085, 40.599829999907946]]}, "properties": {"fault_name": "Freshwater fault zone", "section_name": "", "class": "A"}}, {"type": "Feature", "geometry": {"type": "LineString", "coordinates": [[-124.05006600007205, 40.8101760002226], [-124.05129700013343, 40.81288799972955], [-124.05407899992335, 40.818061999920005], [-124.05751499929126, 40.823559000783966], [-124.06027199986512, 40.82716500021024], [-124.06235599969614, 40.829126999826904], [-124.06663600040942, 40.83337900016068]]}, "properties": {"fault_name": "Freshwater fault zone", "section_name": "", "class": "A"}}, {"type": "Feature", "geometry": {"type": "LineString", "coordinates": [[-124.03684499996227, 40.77308000012042], [-124.03838599964504, 40.774881000026966], [-124.03862400019474, 40.776281999758126], [-124.03886699986897, 40.77792999979914], [-124.03932800000143, 40.779824000197394], [-124.0399959998231, 40.781056000057816]]}, "properties": {"fault_name": "Freshwater fault zone", "section_name": "", "class": "A"}}, {"type": "Feature", "geometry": {"type": "LineString", "coordinates": [[-123.90423499972955, 40.548488998743615], [-123.90546199959299, 40.55171399994877], [-123.90595700006062, 40.5533270002863], [-123.90692499855965, 40.55499599974179], [-123.9074129993546, 40.55612999966037]]}, "properties": {"fault_name": "Freshwater fault zone", "section_name": "", "class": "A"}}, {"type": "Feature", "geometry": {"type": "LineString", "coordinates": [[-123.87073599992796, 40.500577000287414], [-123.87146300019917, 40.503620999868346], [-123.87208199961705, 40.50923699996521], [-123.87322800018795, 40.512281999776654], [-123.87419999978323, 40.51419000020984], [-123.87667699997465, 40.51710400000116], [-123.8792219999381, 40.519297000201085], [-123.88088100141827, 40.5200609997611], [-123.88175500020597, 40.52077199970994], [-123.88447200059687, 40.523923000286175], [-123.88591000034748, 40.52558799980466], [-123.8899720006026, 40.529446000316476], [-123.89339200007694, 40.532411000313594], [-123.89602200042921, 40.53502300026404], [-123.89898599979401, 40.539010999764464], [-123.90107599857448, 40.54222700123842], [-123.90245100037252, 40.54479199981029]]}, "properties": {"fault_name": "Freshwater fault zone", "section_name": "", "class": "A"}}, {"type": "Feature", "geometry": {"type": "LineString", "coordinates": [[-123.83987300032636, 40.47459899871461], [-123.8407349994185, 40.47513299966602], [-123.84112899960382, 40.47560900127461], [-123.84144900016926, 40.476565000690194], [-123.84131300062512, 40.47889400000934], [-123.84147699975834, 40.47984900014449], [-123.84218599958793, 40.48068300029437], [-123.8442269997612, 40.48234699974696], [-123.84658200065219, 40.484189000289845], [-123.84815000009915, 40.48525800005818], [-123.84948099971965, 40.4858500002304], [-123.85135500038668, 40.48620000012661], [-123.85283800034313, 40.486433001241664], [-123.85408800067108, 40.486726998723356], [-123.8563559997268, 40.487554000007975], [-123.85807899988276, 40.48850299867729], [-123.85957200078327, 40.489811000202245], [-123.86098500041956, 40.4909999998839], [-123.86341700040511, 40.49260299977963], [-123.86561300038908, 40.49414699994179], [-123.86789600041172, 40.49676600023812], [-123.87073599992796, 40.500577000287414]]}, "properties": {"fault_name": "Freshwater fault zone", "section_name": "", "class": "A"}}, {"type": "Feature", "geometry": {"type": "LineString", "coordinates": [[-123.95140999992566, 40.62535600014638], [-123.95314699942702, 40.62611899969785], [-123.95457300038038, 40.62700499977246], [-123.9558490006476, 40.62831100029134], [-123.95633099979814, 40.62902600025827], [-123.9569639985614, 40.6293800002567], [-123.95798700000698, 40.62961000015509], [-123.95925400005338, 40.63031800026483], [-123.96093200000348, 40.6322799999263], [-123.96213899977543, 40.63424600019129], [-123.9628690004197, 40.635797000101796], [-123.96352899984548, 40.63782899992507], [-123.96401599991721, 40.63884299980499], [-123.96600699986178, 40.6407419997792], [-123.97054900141421, 40.645254001323444], [-123.97557199959734, 40.650421000102924], [-123.9776549996034, 40.65315800022274], [-123.97895700070822, 40.6561429999564], [-123.98018800076962, 40.659607001267844], [-123.98252900141686, 40.663840000259576], [-123.98640099990455, 40.67063599998548], [-123.98729199930901, 40.67242499876836], [-123.98841100011569, 40.67379199966209], [-123.98999800072754, 40.67491699971942], [-123.9927670000987, 40.67638899966316], [-123.99419699855507, 40.677453999716285], [-123.9953110002372, 40.67852300016517], [-123.99659500000203, 40.68030899967289], [-123.99786899972115, 40.68155500001272], [-123.99992999998592, 40.682914998798104], [-124.00166999986034, 40.68379799970038], [-124.00347800040514, 40.68402099999823], [-124.00497300005713, 40.684307000057906], [-124.00733899992046, 40.685123999889434], [-124.00923299978066, 40.68582599972743], [-124.01089599966217, 40.686829000093766], [-124.01185200026227, 40.68777900000582], [-124.01249900016755, 40.68897200026231], [-124.01420100040716, 40.692430999778125], [-124.01616100038959, 40.69738599970149], [-124.01793399987595, 40.70036600011114], [-124.02107300004123, 40.70549100018229], [-124.02421399985636, 40.7106749997606], [-124.0266940004208, 40.713708999808105], [-124.03091399996131, 40.71768499926061], [-124.03346399994764, 40.72023700121057], [-124.04024400041855, 40.72730599990585], [-124.04255400020536, 40.729561999258046], [-124.04398399956006, 40.73068699988878], [-124.0446339998384, 40.73217899997601], [-124.04603899997706, 40.736719998691434], [-124.04656700005667, 40.74043099975014], [-124.046754998581, 40.74738000032833], [-124.0465140003532, 40.75205500013306], [-124.04669900030113, 40.753851999659894], [-124.04727200058659, 40.755403999801715], [-124.04919499986079, 40.75796300027433], [-124.05097200044344, 40.76124299997685], [-124.05228400069566, 40.76488599972326], [-124.05415500009133, 40.76906399997839], [-124.05577300066531, 40.77222500004167], [-124.0570669995776, 40.774730000019325], [-124.0581100002163, 40.776217999889504], [-124.05930899959233, 40.7775849997587], [-124.06035300005597, 40.77919400032033], [-124.06101099983194, 40.78110499927446], [-124.06342299972597, 40.78485700004043], [-124.0667979998928, 40.7899200002995], [-124.07218400009572, 40.79604699971548], [-124.07462799977682, 40.79872499966836], [-124.07569499980666, 40.79948099993273], [-124.07679000032395, 40.80037900023239], [-124.07832000013606, 40.80152000005225], [-124.07952199988515, 40.80233400007473], [-124.08010699986617, 40.80304900011067], [-124.08062799937476, 40.80397499993944], [-124.08118399994177, 40.80496000006007], [-124.08206000017589, 40.80569500008656], [-124.08408399973243, 40.80736800004947], [-124.0850799996172, 40.80884400019651], [-124.08635200058475, 40.81073000023954], [-124.08894500022879, 40.81388000015629], [-124.08953999935723, 40.81425000029672], [-124.08992200074528, 40.81453399878789], [-124.09025499993291, 40.815068000199666], [-124.09048300043685, 40.81584999971314], [-124.0908730004242, 40.81658899969211], [-124.09158899992646, 40.817489999790645], [-124.09377999988756, 40.81932700132039]]}, "properties": {"fault_name": "Freshwater fault zone", "section_name": "", "class": "A"}}, {"type": "Feature", "geometry": {"type": "LineString", "coordinates": [[-124.04021400028131, 40.78121900028279], [-124.04205500043808, 40.781449000170184], [-124.04358500025019, 40.78259100008965], [-124.0446820004173, 40.78365299987465], [-124.04469900013572, 40.784726000181244], [-124.04427699856468, 40.78539000030252], [-124.04428499985895, 40.785885000250985], [-124.0448379991546, 40.78670499984498], [-124.04528799941639, 40.787857000016984], [-124.04530500003312, 40.78892899993806], [-124.04590400025783, 40.792720000125684], [-124.04593600004489, 40.79478300029829], [-124.04716499955813, 40.79741199880724], [-124.04817499968661, 40.79971400007655], [-124.0502660000886, 40.80216999972039], [-124.05225299983522, 40.80487400019294], [-124.05445399984208, 40.80749500000649], [-124.05535099999263, 40.80954999999803], [-124.05733600008944, 40.81217300031346], [-124.05920400001035, 40.81413600024919], [-124.06249700016144, 40.817406999988464], [-124.06469099959727, 40.81953200002558], [-124.06809300042661, 40.822885000061795], [-124.07115600042391, 40.82533200066509], [-124.07465000041645, 40.82769399972173], [-124.0774849999098, 40.829318000002324]]}, "properties": {"fault_name": "Freshwater fault zone", "section_name": "", "class": "A"}}, {"type": "Feature", "geometry": {"type": "LineString", "coordinates": [[-124.02740300025035, 40.714988000027894], [-124.02884899860025, 40.717698000334835], [-124.02954100140634, 40.72049699998991], [-124.02956999992203, 40.72231299998286], [-124.02981299959626, 40.72404199967304], [-124.0303729985646, 40.725359000192974], [-124.03093499987772, 40.72675499984694], [-124.03294900028683, 40.73111099995653], [-124.03384700026227, 40.73324799982421], [-124.03431900026541, 40.73580199979823], [-124.0343610000982, 40.738524999815176], [-124.03464399995538, 40.74281399968242], [-124.03523300013437, 40.74594399985326], [-124.03571099998524, 40.74891100025628], [-124.03683900011448, 40.75195399994922], [-124.03794899980204, 40.75375900004906], [-124.03993600044697, 40.75646499975582], [-124.0409299997836, 40.75785800120455], [-124.04346100040163, 40.76080499974069], [-124.04664400004954, 40.76399400012758], [-124.04982300039781, 40.76693600016869], [-124.05518900140756, 40.771508001285305]]}, "properties": {"fault_name": "Freshwater fault zone", "section_name": "", "class": "A"}}, {"type": "Feature", "geometry": {"type": "LineString", "coordinates": [[-124.03386599963056, 40.720703999774024], [-124.03498900063522, 40.72341700121361], [-124.03621599960033, 40.72579899985981], [-124.0367970002817, 40.72843499997798], [-124.03892299994548, 40.733119000236684], [-124.03928499944543, 40.73559200025088], [-124.04073200031519, 40.73830200024524], [-124.04239900039465, 40.74125700121798], [-124.04416699985815, 40.743798999730444], [-124.0452749998959, 40.7455219999362], [-124.04615500032801, 40.746504000088876]]}, "properties": {"fault_name": "Freshwater fault zone", "section_name": "", "class": "A"}}, {"type": "Feature", "geometry": {"type": "LineString", "coordinates": [[-124.02538299999344, 40.737865001224584], [-124.028039000285, 40.74188400124289], [-124.02860499999942, 40.74352999987592], [-124.02861800041823, 40.74435499982466], [-124.02843600084333, 40.7465840001265], [-124.02739300020458, 40.7489869998914], [-124.02668100000199, 40.75179999985866], [-124.02670399956823, 40.75328499977003], [-124.02694799996569, 40.75505699991077], [-124.02806300057442, 40.757315998741596], [-124.02962599999852, 40.7604379997237]]}, "properties": {"fault_name": "Freshwater fault zone", "section_name": "", "class": "A"}}, {"type": "Feature", "geometry": {"type": "LineString", "coordinates": [[-123.99869399990165, 40.68240699874578], [-124.00135299966793, 40.68667400119645], [-124.00281899990595, 40.690621998790704], [-124.00405099979226, 40.69341599977734], [-124.00592100026134, 40.69554500014579], [-124.00899299958117, 40.69848799993072], [-124.01152899932377, 40.701763999670256], [-124.01317899968478, 40.70364699869461], [-124.01385099970445, 40.705126999782024], [-124.01366699958143, 40.70719099981245], [-124.01285499981971, 40.710581999703194], [-124.01288599978184, 40.71256300010694], [-124.01335199993717, 40.71470399867386], [-124.01446499999777, 40.71675699992043], [-124.01558100043144, 40.719056999957765], [-124.01701699963391, 40.72102499968569], [-124.01789899971584, 40.72217200022379], [-124.01856499988773, 40.723321000264725], [-124.0194650004113, 40.72562399972956], [-124.01992700036867, 40.72751799981654], [-124.02038899942771, 40.729411999779096], [-124.02160600014372, 40.7312969997662], [-124.02416700000067, 40.73605999989056], [-124.0252730003886, 40.73770100027036]]}, "properties": {"fault_name": "Freshwater fault zone", "section_name": "", "class": "A"}}, {"type": "Feature", "geometry": {"type": "LineString", "coordinates": [[-123.92527700040085, 40.599829999907946], [-123.92567099968785, 40.59988600029332], [-123.92677100022799, 40.59999599974444], [-123.92763800024129, 40.600286998759046], [-123.92827899940049, 40.601120000094014], [-123.92883800034053, 40.60177399966904], [-123.92939199856278, 40.6020689999978], [-123.93002500002099, 40.60242300031063], [-123.93066299970543, 40.60307600023453], [-123.93186300070302, 40.60456299980101], [-123.9334679999599, 40.60682499987534], [-123.93435099986675, 40.608135999690504], [-123.93539400140378, 40.6096240003322], [-123.93619100019856, 40.61039600003853], [-123.93818200014316, 40.61229500023645], [-123.93993899973603, 40.614315999837444], [-123.94169599932887, 40.61627799976703], [-123.94282000015842, 40.61794500017479], [-123.94385800077428, 40.619072999905484], [-123.94497099993657, 40.62002199989886], [-123.94528999977881, 40.6203779997802], [-123.94561599929374, 40.6211539997421], [-123.94585600039156, 40.621451999878154], [-123.94743499970917, 40.622096999985544], [-123.94830699974537, 40.62256800010298], [-123.94989600000704, 40.62387200033151], [-123.95140999992566, 40.62535600014638]]}, "properties": {"fault_name": "Freshwater fault zone", "section_name": "", "class": "A"}}, {"type": "Feature", "geometry": {"type": "LineString", "coordinates": [[-123.90245100037252, 40.54479199981029], [-123.90423499972955, 40.548488998743615], [-123.90575799986901, 40.55057300125782], [-123.90655000043756, 40.5511050003112], [-123.90750600013935, 40.55199500007056], [-123.90885799967623, 40.553180999827774], [-123.91044100009012, 40.55406500119196], [-123.9117900001523, 40.55507200011052], [-123.91362200008818, 40.55685199973648], [-123.91514299967949, 40.55875600006575], [-123.91651300055636, 40.56114000015862], [-123.91923800044488, 40.564771000125845], [-123.92148600030741, 40.56804600133513], [-123.92429999988435, 40.57239500024305], [-123.92518799981409, 40.57400399989846], [-123.92733899959224, 40.58117499869717], [-123.92958100140362, 40.58906399987582], [-123.93041099981038, 40.591931999767105], [-123.93143099998457, 40.59701699989293], [-123.932040000255, 40.60084600018889], [-123.93319599997332, 40.60449099975533], [-123.93426399982809, 40.607537001303704]]}, "properties": {"fault_name": "Freshwater fault zone", "section_name": "", "class": "A"}}, {"type": "Feature", "geometry": {"type": "LineString", "coordinates": [[-123.9074129993546, 40.55612999966037], [-123.90774899981358, 40.55750600020475], [-123.90761300026946, 40.55888499996931], [-123.90678899991384, 40.5613500000142], [-123.90635899974355, 40.563989999810566], [-123.90657800002664, 40.567882999775854], [-123.90669799967726, 40.57561200016474], [-123.90674200005819, 40.57842800003774], [-123.90707999926866, 40.57998299971333], [-123.90773399974496, 40.581655000293104], [-123.90951100032763, 40.58493400120155], [-123.91134999993623, 40.587195000229926], [-123.91206700016173, 40.5879069999519], [-123.9124730000426, 40.58874199878879], [-123.91295500009143, 40.58951699975261], [-123.91335500012451, 40.58993299988659], [-123.91359699997385, 40.59035000021302], [-123.91360500036977, 40.590828998679534], [-123.91416500023641, 40.591541999992344], [-123.9191040014489, 40.596350999937236]]}, "properties": {"fault_name": "Freshwater fault zone", "section_name": "", "class": "A"}}, {"type": "Feature", "geometry": {"type": "LineString", "coordinates": [[-123.8322929997893, 40.472599999707036], [-123.83463899956111, 40.47348600024555], [-123.83612400006572, 40.47383900028234], [-123.83799799983443, 40.4741289993054]]}, "properties": {"fault_name": "Freshwater fault zone", "section_name": "", "class": "A"}}, {"type": "Feature", "geometry": {"type": "LineString", "coordinates": [[-123.82441799969945, 40.472632000232274], [-123.82606600041068, 40.47394000011018], [-123.82700700004382, 40.47447299973659], [-123.82841399983232, 40.474945000288926], [-123.82981999979586, 40.47523800121534]]}, "properties": {"fault_name": "Freshwater fault zone", "section_name": "", "class": "A"}}, {"type": "Feature", "geometry": {"type": "LineString", "coordinates": [[-122.31110500033583, 41.40081700024241], [-122.29017499981752, 41.401014000229914], [-122.26910499955714, 41.40427499975176], [-122.24987999965147, 41.41082799974416], [-122.24836099970997, 41.41049299974849], [-122.22943999957793, 41.417789999847635], [-122.21994000013972, 41.419741000074055], [-122.21871199955304, 41.4192079997491], [-122.20836299964483, 41.42287699970935]]}, "properties": {"fault_name": "unnamed faults beneath Mount Shasta", "section_name": "", "class": "B"}}, {"type": "Feature", "geometry": {"type": "LineString", "coordinates": [[-122.188161000121, 41.47319500015167], [-122.18700200002965, 41.44833500008847], [-122.18808199957999, 41.439254999962856], [-122.18621100018433, 41.43138499979012], [-122.18758799983556, 41.41694799975963], [-122.18618600006997, 41.39857399980583], [-122.18771199968415, 41.36685199967884], [-122.18623799994849, 41.335208999822505], [-122.18700200002965, 41.31934800031863], [-122.18508200023017, 41.310346999941196], [-122.18049799974325, 41.305629000077865], [-122.17690599984144, 41.29585200010053]]}, "properties": {"fault_name": "unnamed faults beneath Mount Shasta", "section_name": "", "class": "B"}}, {"type": "Feature", "geometry": {"type": "LineString", "coordinates": [[-124.03060400033992, 40.03830299984385], [-124.02810299985909, 40.03336700013458], [-124.02581200033885, 40.03001399971137], [-124.02439499960632, 40.02818799980922], [-124.02372199976176, 40.02676699981256], [-124.02350900022475, 40.025816000325975], [-124.0231760001388, 40.024413000129265], [-124.02218899957657, 40.02102400007671], [-124.02073699958225, 40.01688299971534], [-124.01978000005556, 40.01368800017587], [-124.01905199995943, 40.01051400014298], [-124.01812499967164, 40.00865499974297], [-124.01675800006615, 40.004398000268495], [-124.0165089996458, 40.00311399989211], [-124.01600900005363, 40.00048600034387]]}, "properties": {"fault_name": "Unnamed fault in California", "section_name": "", "class": ""}}, {"type": "Feature", "geometry": {"type": "LineString", "coordinates": [[-124.11179499964824, 40.37931000009307], [-124.11183300018138, 40.38174900023216], [-124.11201300010647, 40.38341200016729], [-124.11250100000308, 40.38471600026277]]}, "properties": {"fault_name": "Unnamed fault in California", "section_name": "", "class": ""}}, {"type": "Feature", "geometry": {"type": "LineString", "coordinates": [[-124.19462399962204, 40.17756699981553], [-124.20681799988496, 40.18840600003727], [-124.20861800003382, 40.19030899998736], [-124.21021800016615, 40.19128900018687], [-124.21295399992533, 40.19339699966312], [-124.22023499981333, 40.2000140000508], [-124.22580500013925, 40.204513000224814], [-124.22798000020684, 40.20655599989984], [-124.22883399980138, 40.207543999999054], [-124.2293200000482, 40.20882100002894]]}, "properties": {"fault_name": "Unnamed fault in California", "section_name": "", "class": ""}}, {"type": "Feature", "geometry": {"type": "LineString", "coordinates": [[-124.12711899985563, 40.40865600018254], [-124.13172699973367, 40.4144969999737], [-124.13433799981937, 40.41720599966338], [-124.13600200042409, 40.419033000042056], [-124.13751200014475, 40.421040000202886], [-124.14107200025951, 40.42463099979844], [-124.14422899996816, 40.42739300009491]]}, "properties": {"fault_name": "Unnamed fault in California", "section_name": "", "class": ""}}, {"type": "Feature", "geometry": {"type": "LineString", "coordinates": [[-124.06699299988648, 40.31951799990169], [-124.06706700040463, 40.32177799978961], [-124.06764300016484, 40.32379499988918], [-124.06924099974901, 40.32645500024649], [-124.07027099996895, 40.32763400007845], [-124.07366500040239, 40.33057300013445], [-124.0761180003043, 40.33310400018809], [-124.07794299966922, 40.33522700025143], [-124.07985499997108, 40.338003000327156], [-124.08153100027138, 40.34066199977061], [-124.0837489999967, 40.34313700016323], [-124.08627899989152, 40.34560899997351], [-124.0877769999166, 40.34678300001724], [-124.08966499992903, 40.34801300014291], [-124.09131199991701, 40.34876900007387], [-124.0926479995604, 40.34952799972529], [-124.09375499977321, 40.35064699973745], [-124.09510399983537, 40.352297999700916], [-124.09709999980282, 40.35549000007742], [-124.09813699969546, 40.35702599966507], [-124.10042899993891, 40.35920300001194], [-124.1015329997787, 40.36008299968254], [-124.10365599996776, 40.36142900003766], [-124.10483900034855, 40.36236799987262], [-124.10625100015992, 40.36306599993643], [-124.10735499999969, 40.363946999840344], [-124.10815300041602, 40.36518800026445], [-124.10854800042624, 40.36559999992021], [-124.10956699987719, 40.366005999934984], [-124.11229900033672, 40.366393000110236], [-124.11456399991768, 40.36678599990844], [-124.11791300014526, 40.36680999975393], [-124.12055600001798, 40.366484000152454], [-124.12288400024647, 40.36592399973461], [-124.12451600016583, 40.36566900006825], [-124.12544400027852, 40.3652420003295], [-124.12615499975792, 40.36454300021174]]}, "properties": {"fault_name": "Unnamed fault in California", "section_name": "", "class": ""}}, {"type": "Feature", "geometry": {"type": "LineString", "coordinates": [[-124.17428400000595, 40.4267760001236], [-124.1779200002887, 40.430247000246496], [-124.1825039998773, 40.43466100033162], [-124.18392800028255, 40.436073000009216], [-124.18589900013565, 40.43765899991001], [-124.18977899991756, 40.44178099977897], [-124.19414199957319, 40.446970999888634], [-124.19715000021723, 40.450151999903895], [-124.19952899960101, 40.45292300032981], [-124.2019709996323, 40.45474100016815], [-124.20598699985666, 40.45761399977013], [-124.20866900008747, 40.45978599985878], [-124.21063200044294, 40.46083599982319], [-124.21165900028984, 40.46177700022144], [-124.21275700028181, 40.462300000195505], [-124.213621999747, 40.462826999822134], [-124.21488299994563, 40.463825000315715], [-124.21661699997226, 40.46517500024738], [-124.21842700016686, 40.46634500033794], [-124.21976700000819, 40.46740199984043], [-124.22332100027516, 40.470636000123335], [-124.22593200036086, 40.473285999939336], [-124.2274350004088, 40.47481699977211], [-124.2292649997966, 40.477356000333565], [-124.23046400007092, 40.479306000126094], [-124.23101999973962, 40.48001500032675], [-124.23118399977116, 40.48054800024049], [-124.23142399997064, 40.48096199972761], [-124.23237100034993, 40.481784999757025], [-124.23284800037591, 40.4824339996981], [-124.23324599986084, 40.48302499989196], [-124.23380300025276, 40.48379299972918], [-124.23539800036222, 40.48621400008447], [-124.23761799973737, 40.4888080002481], [-124.2389679996244, 40.49051899994542], [-124.24126499989073, 40.49299400026378]]}, "properties": {"fault_name": "Unnamed fault in California", "section_name": "", "class": ""}}, {"type": "Feature", "geometry": {"type": "LineString", "coordinates": [[-124.11250100000308, 40.38471600026277], [-124.11403300036335, 40.38809099998854], [-124.11540099979376, 40.390991999857484], [-124.11621400027875, 40.39324399997523], [-124.11741900040083, 40.39561100030629], [-124.11885600032655, 40.39791600025273], [-124.120443999865, 40.399920999876755], [-124.12203099957854, 40.401868000077464], [-124.12298299998066, 40.402988000075815], [-124.12394299988038, 40.404644000321376], [-124.12545500014919, 40.4067700000118], [-124.12711899985563, 40.40865600018254]]}, "properties": {"fault_name": "Unnamed fault in California", "section_name": "", "class": ""}}, {"type": "Feature", "geometry": {"type": "LineString", "coordinates": [[-124.10483900034855, 40.36236799987262], [-124.10572399990522, 40.3642620000478], [-124.1080460002859, 40.368402000308215], [-124.10949300025736, 40.37136099967983], [-124.10982399979515, 40.37266700010168], [-124.11015000020839, 40.373556000041795], [-124.11095500029742, 40.37527299988857], [-124.11144900004182, 40.37705199984357], [-124.11170400030997, 40.37841800004638], [-124.11179499964824, 40.37931000009307]]}, "properties": {"fault_name": "Unnamed fault in California", "section_name": "", "class": ""}}]}