{"type": "FeatureCollection", "features": [{"type": "Feature", "geometry": {"type": "LineString", "coordinates": [[-159.3820295176204, 59.93711625181467], [-159.41283616590422, 59.89921596710382], [-159.43209032332734, 59.87570562785442], [-159.4506791300606, 59.85606323101648], [-159.47394497040486, 59.83385492779006], [-159.49238623244597, 59.81331540818886], [-159.5046135781722, 59.79578355287537], [-159.51859890714653, 59.775752913995966], [-159.5304891933001, 59.74899977081087], [-159.53724503807302, 59.72927270495936], [-159.54264971335238, 59.716841953101365], [-159.56524801111743, 59.682218251976614], [-159.58592089493678, 59.65242497899764], [-159.59950013958863, 59.63013069194685], [-159.61429543992878, 59.60013474387116], [-159.62686131037998, 59.58128593918167], [-159.65685725876426, 59.54460170505914], [-159.67489536319405, 59.52757697784611], [-159.7099581942597, 59.48947401599691], [-159.72110533741636, 59.476908146997914], [-159.7389407648501, 59.4586673671436], [-159.7612350511634, 59.43637308087783], [-159.77501697370963, 59.42056440682524], [-159.78808953171034, 59.40945104305246], [-159.81484267420834, 59.379455094848645], [-159.8375423100223, 59.35054008182311], [-159.8772900421442, 59.31301736187043], [-159.89398738855456, 59.296324432199015], [-159.90901618888486, 59.28340629410236], [-159.96634248057487, 59.23207635511457], [-160.00221601243834, 59.19559479504118], [-160.023268912369, 59.17651798099474], [-160.04287774981916, 59.16298940304378], [-160.0620305682951, 59.14611668108479], [-160.1029203142647, 59.11905952519673], [-160.13590572386218, 59.092914409796975], [-160.165698997047, 59.070265440795865], [-160.1875879320631, 59.05597682999766], [-160.22178972164073, 59.03524834392136], [-160.26462001996515, 59.01442805996602], [-160.30269139515562, 58.99658210294556], [-160.33719357866931, 58.97933101088444]]}, "properties": {"fault_name": "Denali fault", "section_name": "Togiak-Tikchik section", "class": "B"}}, {"type": "Feature", "geometry": {"type": "LineString", "coordinates": [[-158.97526270726829, 60.46026841502428], [-159.0243399888932, 60.38114390582083], [-159.0794267293759, 60.29801309500741], [-159.1765562573943, 60.16492025995977], [-159.1970360510383, 60.1364057011118], [-159.22683620441993, 60.09635676407485], [-159.25197617209363, 60.071216816863924], [-159.2816870401225, 60.04607687299044], [-159.31825426631974, 60.01179512703179], [-159.3419767068482, 59.991532301094416]]}, "properties": {"fault_name": "Denali fault", "section_name": "Togiak-Tikchik section", "class": "B"}}, {"type": "Feature", "geometry": {"type": "LineString", "coordinates": [[-158.5892283641917, 60.70883686714775], [-158.6836726814005, 60.660492746002134], [-158.7880400201047, 60.59542161114158], [-158.85205506589065, 60.56256809504444], [-158.95718574621088, 60.516859104164894], [-159.0323854173587, 60.47827635406393], [-159.0584263916692, 60.46225113899034], [-159.14456192042223, 60.41117076817042]]}, "properties": {"fault_name": "Denali fault", "section_name": "Togiak-Tikchik section", "class": "B"}}, {"type": "Feature", "geometry": {"type": "LineString", "coordinates": [[-159.34200754241866, 59.9915118820972], [-159.34881646055683, 59.98175243109769], [-159.35698716268206, 59.97131208810554], [-159.36515786570556, 59.96336834886482], [-159.37400946117174, 59.949523546855595], [-159.38218016419523, 59.93726749213689]]}, "properties": {"fault_name": "Denali fault", "section_name": "Togiak-Tikchik section", "class": "B"}}, {"type": "Feature", "geometry": {"type": "LineString", "coordinates": [[-157.93324466556336, 61.17570673716029], [-157.94451733839952, 61.17004640789945], [-157.9608679252287, 61.16120100890973], [-157.9694172681445, 61.156673801986024]]}, "properties": {"fault_name": "Denali fault", "section_name": "Holitna section", "class": "A"}}, {"type": "Feature", "geometry": {"type": "LineString", "coordinates": [[-157.96941800296636, 61.156675401957855], [-157.98133746640036, 61.14733527400446], [-158.00398061704755, 61.13192603917363], [-158.0242752229957, 61.12304715004162], [-158.06771836278676, 61.098947305020076], [-158.07926290086218, 61.09311062390829], [-158.11351004817516, 61.074203345206485], [-158.14153206280858, 61.05725814306111], [-158.1700713516372, 61.03835086279609], [-158.18647351613674, 61.02870894397704], [-158.21374439097067, 61.01380509302734], [-158.22376088935792, 61.00660090507402], [-158.2312524525519, 60.99982282280029], [-158.24338165014683, 60.99054755402012], [-158.2980522263113, 60.94541980382039], [-158.3249861799131, 60.92562067186856], [-158.36850859602797, 60.89565441818726], [-158.37849734725268, 60.889589819008386], [-158.39686951357712, 60.879601068968604], [-158.5309121066007, 60.81737604219503], [-158.59059656484476, 60.79077647807375], [-158.64292163171754, 60.7662271839434], [-158.67691296039715, 60.74842220199471], [-158.70442975173503, 60.73191212678536], [-158.71473506118107, 60.726894359815894], [-158.7285474105643, 60.71883715599152]]}, "properties": {"fault_name": "Denali fault", "section_name": "Holitna section", "class": "A"}}, {"type": "Feature", "geometry": {"type": "LineString", "coordinates": [[-158.81189941328978, 60.923681037141804], [-158.78925902765704, 60.931629249833335], [-158.73603003821617, 60.951379355976094], [-158.6941212406933, 60.96799834810318], [-158.65654783669916, 60.982208789943336], [-158.62355067803605, 60.995214957841064], [-158.6143514444364, 61.000033040947834]]}, "properties": {"fault_name": "Denali fault", "section_name": "Boss Creek section", "class": "B"}}, {"type": "Feature", "geometry": {"type": "LineString", "coordinates": [[-158.01244086595176, 61.1960810110905], [-157.95664828231935, 61.217492161807755], [-157.9225824303021, 61.22884743587561], [-157.88040566173677, 61.24506925697704], [-157.88015634780436, 61.24514513417937]]}, "properties": {"fault_name": "Denali fault", "section_name": "Boss Creek section", "class": "B"}}, {"type": "Feature", "geometry": {"type": "LineString", "coordinates": [[-157.56655943363208, 61.32893783685683], [-157.46628908635995, 61.36770900484906], [-157.3593340489702, 61.41049098399325], [-157.20826006111636, 61.46664233007487], [-157.14408703940117, 61.49070719218704], [-157.0467579614222, 61.5221252050188], [-156.88231460321464, 61.566244107855226], [-156.70717574423256, 61.6090260729455], [-156.25194839959704, 61.730687293010526], [-156.0003116296084, 61.79406643490857], [-155.69358132967008, 61.87758400215152], [-155.49037526091428, 61.93231157615506], [-155.43279227742846, 61.947540117948755], [-155.317150413562, 61.97823514785512], [-155.2564741299043, 61.99417752699686]]}, "properties": {"fault_name": "Denali fault", "section_name": "Boss Creek section", "class": "B"}}, {"type": "Feature", "geometry": {"type": "LineString", "coordinates": [[-158.61436912417952, 61.000033040947834], [-158.6103646089161, 61.00163307794195], [-158.5933501185829, 61.006013288044755], [-158.5445368095992, 61.01885888193192], [-158.49914899418613, 61.03298903783334], [-158.45247661756122, 61.04797556703883], [-158.39766868988815, 61.06638759004328], [-158.34971175205132, 61.08394323816829], [-158.30821920059347, 61.09952354205324], [-158.26887002221702, 61.113546907016975], [-158.25003264984804, 61.12170976210648], [-158.17693064729653, 61.144037736964655], [-158.12784089975042, 61.162105423187754], [-158.07917769026758, 61.17633808904038], [-158.06766596315794, 61.18094277617254], [-158.0567821494487, 61.18303581487467], [-158.0126189794147, 61.19601265783391], [-158.01244086595176, 61.1960810110905]]}, "properties": {"fault_name": "Denali fault", "section_name": "Boss Creek section", "class": "B"}}, {"type": "Feature", "geometry": {"type": "LineString", "coordinates": [[-157.88015634780436, 61.24514513417937], [-157.80578522697903, 61.267779802179405], [-157.7414539876878, 61.28379891213871], [-157.6913226274001, 61.29592216881702], [-157.6454507934238, 61.30870073796576], [-157.5985959914225, 61.321479308118626], [-157.5618985229838, 61.33065366482832]]}, "properties": {"fault_name": "Denali fault", "section_name": "Boss Creek section", "class": "B"}}, {"type": "Feature", "geometry": {"type": "LineString", "coordinates": [[-154.43846165741553, 62.31912902304782], [-154.45934712485194, 62.31057254804262], [-154.47770017862032, 62.302343671208796], [-154.49265959756966, 62.29748551594912], [-154.52086254907098, 62.28904618392719], [-154.565768856712, 62.26942693985498], [-154.6062789243368, 62.252275769908636], [-154.62947868460878, 62.24037846611474], [-154.68242172771832, 62.21152750480393], [-154.7383390990218, 62.179404784821266], [-154.77105670825668, 62.16215369498249], [-154.80079998839932, 62.14906666202402], [-154.81983568722347, 62.1407385510045], [-154.84660463917217, 62.131220710050094], [-154.89835794273964, 62.114564489095606], [-154.9602239614478, 62.095528810201465]]}, "properties": {"fault_name": "Denali fault", "section_name": "Farewell section", "class": "A"}}, {"type": "Feature", "geometry": {"type": "LineString", "coordinates": [[-154.31366135064982, 62.38954032113277], [-154.33153667496026, 62.384744506880764], [-154.3465054417784, 62.38158363104113], [-154.3548617933335, 62.37864074495736], [-154.36510740523732, 62.37776878002729], [-154.37440838831424, 62.374026590919584], [-154.38508804999367, 62.37253767882319], [-154.40412374791953, 62.366985606988784], [-154.41074035023016, 62.361819062926315], [-154.42963296988742, 62.35662359707192], [-154.43878862441602, 62.354443682894704], [-154.4469540678035, 62.353501999942566], [-154.45666394603148, 62.35204577802686], [-154.4616777580425, 62.35095582099551], [-154.49677443044155, 62.3423451559738], [-154.53340785798363, 62.334466326156814], [-154.56751348380843, 62.324155333865555], [-154.63572473994958, 62.2916360389924], [-154.66550006838827, 62.277056672829374], [-154.6883892074046, 62.264631149983394], [-154.7253511641175, 62.243253672202506], [-154.79673503897513, 62.20676860815202], [-154.85185925806982, 62.17266300281784], [-154.9065868997127, 62.138557396965076]]}, "properties": {"fault_name": "Denali fault", "section_name": "Farewell section", "class": "A"}}, {"type": "Feature", "geometry": {"type": "LineString", "coordinates": [[-154.274661195609, 62.370587819074004], [-154.2552395733523, 62.37853172501008], [-154.2413487228913, 62.38307998391873], [-154.22297679282386, 62.38659741300596], [-154.2160010584357, 62.3874693780546], [-154.20149273209955, 62.39259782204087], [-154.15583533226976, 62.3994589091515], [-154.1366523905874, 62.4050899821183], [-154.10750398111406, 62.41103862913546], [-154.06288906808666, 62.419961599992995], [-154.03017146334332, 62.42650511208708], [-153.98912574199267, 62.4354280841861], [-153.9655285302081, 62.43847938293797], [-153.95157705694018, 62.44240323079916], [-153.93796730909455, 62.4437561878941], [-153.884429413282, 62.454463754093986], [-153.85719071610154, 62.45833704097669], [-153.82739396913146, 62.463241848194826], [-153.8153771741348, 62.46397756702339], [-153.78325064108552, 62.4675335498908], [-153.74811990726582, 62.475136004056054], [-153.74014958334791, 62.47660744585447], [-153.7223696322729, 62.478691988071084], [-153.68969130816203, 62.48151224819984], [-153.67117013199328, 62.48480184198365]]}, "properties": {"fault_name": "Denali fault", "section_name": "Farewell section", "class": "A"}}, {"type": "Feature", "geometry": {"type": "LineString", "coordinates": [[-153.67176499817103, 62.48480184198365], [-153.63114008542865, 62.492425446093534], [-153.6128733130467, 62.49550940602027], [-153.5925146715918, 62.49904693514323], [-153.5771813810078, 62.502647782926026], [-153.51685791067794, 62.5113702628207], [-153.47968292658027, 62.5172219629003], [-153.42852449098723, 62.52733466301401], [-153.40699006891148, 62.530253769883245], [-153.39117204201023, 62.53331927510492], [-153.37891000514432, 62.53663002082399], [-153.35450855234714, 62.54202530994698], [-153.34151079256858, 62.544355093845375], [-153.31717065158617, 62.5491372819119], [-153.30282407140854, 62.55146706495697], [-153.27492793769582, 62.557720696102066], [-153.25543130072296, 62.56029571904318], [-153.2409620987124, 62.56213502081951], [-153.22624765393437, 62.56691721019713], [-153.2175416080021, 62.57022795820114], [-153.2031950242312, 62.574151804931105], [-153.19222050133953, 62.577278622079056]]}, "properties": {"fault_name": "Denali fault", "section_name": "Farewell section", "class": "A"}}, {"type": "Feature", "geometry": {"type": "LineString", "coordinates": [[-152.98315278611597, 62.61657839281805], [-152.95040250156092, 62.6291429658104], [-152.9363118020004, 62.63435833294563], [-152.93116174520517, 62.63693335880805], [-152.91939019117936, 62.64024410589098]]}, "properties": {"fault_name": "Denali fault", "section_name": "Farewell section", "class": "A"}}, {"type": "Feature", "geometry": {"type": "LineString", "coordinates": [[-154.96676746784377, 62.116943967034715], [-155.01971050466508, 62.09671855519334], [-155.0542127079417, 62.084226388817996], [-155.0863354501005, 62.069354760116966], [-155.11548386496366, 62.05686259303021], [-155.1440374154457, 62.04139609802872], [-155.1612885184315, 62.03485258200505], [-155.18567800656743, 62.02533474093363], [-155.2059034368488, 62.01700662986032], [-155.22136994399622, 62.00748878611095], [-155.2404056428204, 62.00035040509147]]}, "properties": {"fault_name": "Denali fault", "section_name": "Farewell section", "class": "A"}}, {"type": "Feature", "geometry": {"type": "LineString", "coordinates": [[-155.10001737398596, 62.03961149299105], [-155.08395600155907, 62.04972420112778], [-155.06313570689656, 62.056267715013796], [-155.04885893120638, 62.06281123196274], [-155.03279755967782, 62.070544478983564], [-155.0185207857843, 62.07649312906462], [-155.00245941425572, 62.08363151192558], [-154.9828288510504, 62.09017502583593], [-154.97271613680803, 62.09195961989948], [-154.96141369200674, 62.09493394501553]]}, "properties": {"fault_name": "Denali fault", "section_name": "Farewell section", "class": "A"}}, {"type": "Feature", "geometry": {"type": "LineString", "coordinates": [[-153.1914847793252, 62.577646482083054], [-153.13109425155605, 62.5867203748257], [-153.08879022764756, 62.59591689084625], [-153.07107158389576, 62.600944320980396], [-153.0528354889807, 62.60486682715472], [-153.02067461603306, 62.60965035303197], [-153.01189498190936, 62.61018406805507], [-153.0005035679623, 62.61087655194552]]}, "properties": {"fault_name": "Denali fault", "section_name": "Farewell section", "class": "A"}}, {"type": "Feature", "geometry": {"type": "LineString", "coordinates": [[-152.910819027287, 62.64208340811157], [-152.89402003829892, 62.64551677392368], [-152.85171601528876, 62.64919537481517], [-152.82841814820796, 62.65177039612579], [-152.8040097846713, 62.657608179141334], [-152.7921838295702, 62.66041512184342], [-152.75724544391747, 62.66574109485606], [-152.73167068356136, 62.67046997614607], [-152.71340024964627, 62.673167619025286], [-152.68752735192209, 62.68199627806886], [-152.67264392325933, 62.68299177808003], [-152.63947682490405, 62.686994695132164], [-152.5978918673462, 62.6997762069269], [-152.5800506035581, 62.70363874382119], [-152.54633000644387, 62.70878879082294], [-152.5074593507378, 62.716636484107795], [-152.48319115941976, 62.723020985911965], [-152.46448091034156, 62.73024733206403], [-152.44659297907444, 62.73159867602084], [-152.42395488324735, 62.73404855396029]]}, "properties": {"fault_name": "Denali fault", "section_name": "Farewell section", "class": "A"}}, {"type": "Feature", "geometry": {"type": "LineString", "coordinates": [[-152.03260647436088, 62.8370563008989], [-151.97859324759213, 62.85167033388078], [-151.90977619187788, 62.87595868512562], [-151.85310332035252, 62.89687365485665], [-151.78361158943568, 62.918463298066946], [-151.7046743778353, 62.94410100096617], [-151.68173535716778, 62.95489582407052], [-151.64462811861898, 62.97176273706977], [-151.59200331088536, 62.98728029279897], [-151.550528354729, 63.00017259880694]]}, "properties": {"fault_name": "Denali fault", "section_name": "Tonzona-Muldrow section", "class": "A"}}, {"type": "Feature", "geometry": {"type": "LineString", "coordinates": [[-151.1170065226033, 63.13923160703702], [-151.11690654999364, 63.1392671519894], [-151.08500056682132, 63.14927222882462], [-151.06246942800524, 63.156204878958896], [-151.00393573409804, 63.17653015515169], [-150.99164602283318, 63.17983892019959], [-150.9788836297439, 63.18330524395006], [-150.92428895044122, 63.19543738087676], [-150.89860660605004, 63.199691505173845], [-150.82798803742403, 63.20961779119674], [-150.81034127326797, 63.211823632093136], [-150.7497593028337, 63.21946529704361], [-150.71462333542917, 63.22293161603129], [-150.6655432744168, 63.228761339930095], [-150.6543564859117, 63.2301793801528], [-150.58101212328646, 63.23837250106996], [-150.50357119143732, 63.25050463315606], [-150.4266029360227, 63.26421236603641], [-150.39871474521374, 63.269569414199346], [-150.38075286014086, 63.272720617013945], [-150.379899939423, 63.27282493115274]]}, "properties": {"fault_name": "Denali fault", "section_name": "Tonzona-Muldrow section", "class": "A"}}, {"type": "Feature", "geometry": {"type": "LineString", "coordinates": [[-152.32650520194989, 62.75447250594049], [-152.27675455127286, 62.76533757694673]]}, "properties": {"fault_name": "Denali fault", "section_name": "Tonzona-Muldrow section", "class": "A"}}, {"type": "Feature", "geometry": {"type": "LineString", "coordinates": [[-150.379899939423, 63.27282493115274], [-150.34790151781132, 63.276738397077786], [-150.33088499638728, 63.27925935999631], [-150.26526109128366, 63.289028087943066], [-150.2639543156331, 63.28921476910563]]}, "properties": {"fault_name": "Denali fault", "section_name": "Tonzona-Muldrow section", "class": "A"}}, {"type": "Feature", "geometry": {"type": "LineString", "coordinates": [[-152.27475307966702, 62.7787759688587], [-152.2404422876145, 62.784494426175485], [-152.21528103705506, 62.79135657797826], [-152.19926933517522, 62.792500265977004], [-152.16553038907298, 62.79821872282059], [-152.12435744112528, 62.80050609886505], [-152.09862433832728, 62.8182333340358], [-152.07117570037335, 62.82852656504013], [-152.0427547025997, 62.83488014410348], [-152.03803610034723, 62.83610827306227], [-152.0325633812784, 62.83709939389414]]}, "properties": {"fault_name": "Denali fault", "section_name": "Tonzona-Muldrow section", "class": "A"}}, {"type": "Feature", "geometry": {"type": "LineString", "coordinates": [[-151.5505915844469, 63.00014143979845], [-151.53987747776623, 63.002032162845424], [-151.5107288023916, 63.00801945098139], [-151.49591812379208, 63.01290381787412], [-151.46653310705614, 63.02275133496634], [-151.44841366017735, 63.028423503879715], [-151.42210107215593, 63.03567127585241], [-151.40532088760162, 63.039925401803806], [-151.38972240895583, 63.043706846857866], [-151.3719180820956, 63.0495365770476], [-151.34859914143655, 63.05709946988788], [-151.32811628543575, 63.06608040596332], [-151.29581640179117, 63.076479383134775], [-151.26816454964862, 63.085223977990154], [-151.2202661819683, 63.10413121197943], [-151.16512003679415, 63.122723324008696], [-151.1523576437049, 63.126662329986054], [-151.1170065226033, 63.13923160703702]]}, "properties": {"fault_name": "Denali fault", "section_name": "Tonzona-Muldrow section", "class": "A"}}, {"type": "Feature", "geometry": {"type": "LineString", "coordinates": [[-150.26399189305974, 63.28919545907162], [-150.2410343787755, 63.29247510285248], [-150.18833045012664, 63.30161360316938], [-150.16989589131418, 63.304292128156206], [-150.15634570356852, 63.306182852118276], [-150.13869894659902, 63.3096491788451], [-150.11916146682344, 63.311697463937506], [-150.0998603266126, 63.31453354895523], [-150.08835842258054, 63.31595159182385], [-150.07449311391807, 63.31784231581007], [-150.05637367692077, 63.32004816106706], [-150.04093276457243, 63.32304180703363], [-150.0165109137301, 63.325720332873786], [-149.99996707862198, 63.327611056996695]]}, "properties": {"fault_name": "Denali fault", "section_name": "west Muldrow-Alsek section", "class": "A"}}, {"type": "Feature", "geometry": {"type": "LineString", "coordinates": [[-149.99789292971641, 63.32850597795344], [-149.94569817784864, 63.33350334702569], [-149.90905079857185, 63.337945454124835], [-149.8738609861492, 63.34259578291779], [-149.83388202767313, 63.3492589439079], [-149.80556359774204, 63.35383986592559], [-149.76516819108002, 63.35842078803002], [-149.73268528737435, 63.36175236913846], [-149.6910405388495, 63.367582633062035], [-149.64289920922423, 63.37299645103098], [-149.58751169212312, 63.379243164048404], [-149.52421167386228, 63.385489875160125], [-149.47507086966868, 63.389654349949225], [-149.42676296094868, 63.39465171893524], [-149.3859511078974, 63.39756685213691], [-149.34847083314708, 63.40131487894821], [-149.29808068709065, 63.405895801844935], [-149.25143856841942, 63.409643829962235], [-149.19938263231418, 63.41339185680666], [-149.15274051364295, 63.41797277991719], [-149.1131780015562, 63.42172080703593], [-149.07319904308017, 63.427134625168655], [-149.01781152687735, 63.43379778496814], [-148.9703365136309, 63.43796225887347], [-148.91661478657858, 63.44337607598675], [-148.88138332915767, 63.4454583128615], [-148.84348660711973, 63.45045568319878], [-148.7801865888589, 63.45378726398459], [-148.72771420456772, 63.45462015791512], [-148.70439314568125, 63.45503660602931], [-148.634013520836, 63.46128331794186], [-148.60569509090482, 63.460450424036836], [-148.566757251097, 63.465447793049805], [-148.53344145191778, 63.46461489795812], [-148.48471709591013, 63.46628068797267], [-148.44145861201227, 63.46872731684893], [-148.41366074231354, 63.47122600195555], [-148.38679988013487, 63.47341235106356], [-148.369135835986, 63.474600690828716], [-148.34726258285983, 63.47618189011757], [-148.33434945695748, 63.4768407228248], [-148.31682449986235, 63.47789485583562], [-148.30233017556657, 63.4792125218047], [-148.28771726107686, 63.47973958795681], [-148.27098290407682, 63.480661954911646], [-148.2509543836074, 63.48092548687293], [-148.23870009021923, 63.481716087033256], [-148.22512813180265, 63.481979620909435], [-148.21471857017295, 63.48277021999475], [-148.20430901123817, 63.48303375297742], [-148.18823348675232, 63.48395611913806], [-148.16754613197207, 63.48527378410266], [-148.14923057657856, 63.48659145008673], [-148.13829395001545, 63.48725028315833], [-148.1183971944319, 63.48804088284855], [-148.1029805042569, 63.48830441616455], [-148.08874971242778, 63.488831481922595], [-148.06779882518083, 63.48896324784586], [-148.0592339971062, 63.48896324784586], [-148.04052314076685, 63.48962208198299], [-148.03037711429883, 63.48922678187973], [-148.01008505956605, 63.49014914790065], [-147.9907153707125, 63.490676214122], [-147.96857858422132, 63.491862114065434], [-147.93212316144601, 63.49350919590946], [-147.8892550970487, 63.49526608416631], [-147.87133484170272, 63.49596883888789], [-147.85552285058188, 63.49684728283728], [-147.84322463586454, 63.49807710517107], [-147.8238988692385, 63.49948261497623], [-147.80369465896075, 63.500361059113224], [-147.79245057680515, 63.50141519113119], [-147.7798009851661, 63.502293635959795], [-147.7690839688422, 63.50282070183331], [-147.74448753940754, 63.50492896705976], [-147.73043243559013, 63.5061587889441], [-147.71655302158106, 63.50738860996532], [-147.70197085283027, 63.50826705381395], [-147.6801854441591, 63.50861843212196], [-147.66946842783517, 63.50861843212196], [-147.66472483085826, 63.508969808911246], [-147.65207523832092, 63.50914549788835], [-147.6339792931666, 63.50949687580528], [-147.6125452614171, 63.51019962988694], [-147.59603051555453, 63.509848253004606], [-147.57635337290515, 63.509672565145756], [-147.55983862614428, 63.510023942987985], [-147.53682339600132, 63.5109023859055], [-147.52276829308227, 63.51230789693786], [-147.49641497544584, 63.51424047316354], [-147.45644577716533, 63.51652442793852], [-147.42464610601365, 63.51810562613994], [-147.40971255944285, 63.5186326930387], [-147.39688727889381, 63.519686824876636], [-147.3791427115595, 63.52126802493866], [-147.3649119188321, 63.521795089916004], [-147.3422480674075, 63.523727667934395], [-147.31185390663754, 63.52601162215293], [-147.2948120949433, 63.52636299914854], [-147.2744321957555, 63.52759282099853], [-147.2494364373293, 63.529201391199145], [-147.24175408185042, 63.52970108583127], [-147.22805035585304, 63.530930907945866], [-147.2182055848054, 63.53126918694763], [-147.21014830935786, 63.53162570417167], [-147.197129131048, 63.53303917314266], [-147.17850611916367, 63.53356623891786], [-147.16185214431357, 63.532226312045225]]}, "properties": {"fault_name": "Denali fault", "section_name": "west Muldrow-Alsek section", "class": "A"}}, {"type": "Feature", "geometry": {"type": "LineString", "coordinates": [[-147.1594139827835, 63.53204925607024], [-147.1484951554394, 63.53130892217711], [-147.1406864725771, 63.53079827409901]]}, "properties": {"fault_name": "Denali fault", "section_name": "west Muldrow-Alsek section", "class": "A"}}, {"type": "Feature", "geometry": {"type": "LineString", "coordinates": [[-147.12717195513477, 63.530236964070724], [-147.11916040483348, 63.52968133602539], [-147.11417830065704, 63.52948584808668]]}, "properties": {"fault_name": "Denali fault", "section_name": "west Muldrow-Alsek section", "class": "A"}}, {"type": "Feature", "geometry": {"type": "LineString", "coordinates": [[-146.33822664309503, 63.481103454103625], [-146.32814755908194, 63.47988308891413], [-146.31616173619963, 63.47862025697477], [-146.28756774536012, 63.47547111196699], [-146.19504427506212, 63.46426202112703], [-146.18878364455588, 63.46327366399375], [-146.1353131403559, 63.457416282881134], [-146.13053656442827, 63.45668341711441], [-146.1224852106751, 63.45580290187426], [-146.1143535825698, 63.45537313308081], [-146.10805072316037, 63.45436569793862], [-146.1022831312012, 63.452175016995916], [-146.08855692666043, 63.44983008203135], [-146.0821481774386, 63.44890659406088], [-146.07679589999145, 63.449368759166916], [-146.07008004641835, 63.44940756283259], [-146.0622116714037, 63.448517682107024], [-146.0529623531337, 63.44709700394837], [-146.03911108873237, 63.44566844881862], [-146.02741831516033, 63.444270553884145]]}, "properties": {"fault_name": "Denali fault", "section_name": "west Muldrow-Alsek section", "class": "A"}}, {"type": "Feature", "geometry": {"type": "LineString", "coordinates": [[-145.96080259542288, 63.434461382046656], [-145.9488796519155, 63.432292132976194]]}, "properties": {"fault_name": "Denali fault", "section_name": "west Muldrow-Alsek section", "class": "A"}}, {"type": "Feature", "geometry": {"type": "LineString", "coordinates": [[-145.93715911231635, 63.42908017800374], [-145.93118868885082, 63.42780967990939], [-145.9249015975696, 63.42706511013582], [-145.9196364333488, 63.42660548602028]]}, "properties": {"fault_name": "Denali fault", "section_name": "west Muldrow-Alsek section", "class": "A"}}, {"type": "Feature", "geometry": {"type": "LineString", "coordinates": [[-145.8707348675834, 63.42070183687505], [-145.86868569543597, 63.42022293591171], [-145.86556089404203, 63.41947153996943], [-145.86050733157973, 63.41763239515438], [-145.85543279794706, 63.41643054419838], [-145.85273135817351, 63.415092001947265], [-145.84983123531362, 63.414632775179484], [-145.84219869411223, 63.412727298116906], [-145.83594802592248, 63.411485573156135], [-145.8323641449942, 63.410293603091446]]}, "properties": {"fault_name": "Denali fault", "section_name": "west Muldrow-Alsek section", "class": "A"}}, {"type": "Feature", "geometry": {"type": "LineString", "coordinates": [[-145.82665554809464, 63.408396645119126], [-145.82172324561927, 63.40781973009829], [-145.81745096233254, 63.406841698801244], [-145.81099160023095, 63.40528270695875]]}, "properties": {"fault_name": "Denali fault", "section_name": "west Muldrow-Alsek section", "class": "A"}}, {"type": "Feature", "geometry": {"type": "LineString", "coordinates": [[-145.80130900383818, 63.402340853075934], [-145.79925481819316, 63.40168820901573], [-145.79611448762293, 63.4012735819658], [-145.79026209110765, 63.40010495709613], [-145.78520293483604, 63.398590889921934], [-145.7779443856436, 63.39637868400107]]}, "properties": {"fault_name": "Denali fault", "section_name": "west Muldrow-Alsek section", "class": "A"}}, {"type": "Feature", "geometry": {"type": "LineString", "coordinates": [[-145.77237072198795, 63.394013670071665], [-145.76655390055456, 63.39192428492528]]}, "properties": {"fault_name": "Denali fault", "section_name": "west Muldrow-Alsek section", "class": "A"}}, {"type": "Feature", "geometry": {"type": "LineString", "coordinates": [[-145.70235172940673, 63.373974457017546], [-145.68999139978078, 63.37106204599717], [-145.67953172742955, 63.36846837392172], [-145.67240585581132, 63.36708274902886], [-145.65934988879565, 63.36403932607837], [-145.64948829320105, 63.36163665494157], [-145.6379443372339, 63.35876272392472], [-145.62349997903084, 63.35498513407086], [-145.61373909625772, 63.35243604791283], [-145.60650887903103, 63.35014398480864], [-145.59994768211217, 63.34858024589757], [-145.5963510127675, 63.3484642171533], [-145.59035651714734, 63.34953226608926]]}, "properties": {"fault_name": "Denali fault", "section_name": "west Muldrow-Alsek section", "class": "A"}}, {"type": "Feature", "geometry": {"type": "LineString", "coordinates": [[-145.59652992842604, 63.3521112740345], [-145.59074578500773, 63.34967667805559], [-145.5847097872214, 63.347437148050595], [-145.57376732699888, 63.34368465412168], [-145.5708408197208, 63.34221404610705], [-145.56768746807052, 63.34150741299535], [-145.5604935957819, 63.34024450412367], [-145.55614528986933, 63.339478867831446], [-145.5499631945768, 63.337738188169936], [-145.5432512244207, 63.3360729601535], [-145.53554811157056, 63.33430092789345], [-145.52789331999787, 63.332942348974576], [-145.52242922565404, 63.33147387213585], [-145.51627012543617, 63.330711879184335], [-145.51098698143497, 63.329969574175585], [-145.50400414676278, 63.32899626815198], [-145.4939581180572, 63.32738096784944], [-145.4845338223429, 63.32531077799857], [-145.47699799107008, 63.3248107700306]]}, "properties": {"fault_name": "Denali fault", "section_name": "west Muldrow-Alsek section", "class": "A"}}, {"type": "Feature", "geometry": {"type": "LineString", "coordinates": [[-145.51658771222844, 63.32738711090687], [-145.5121442819138, 63.322397040015936], [-145.50567984343255, 63.318190436054465], [-145.50072429255758, 63.31670975201838], [-145.487738396829, 63.314493685947525], [-145.48183379741596, 63.313851898088444], [-145.4741983348932, 63.313109048087526], [-145.4650184510048, 63.31166337101737], [-145.45795666699556, 63.3101808419026], [-145.45034268229298, 63.30817754387491], [-145.42615761029157, 63.30457022690374], [-145.41748327488884, 63.30361100613113], [-145.41028254935293, 63.302304665001216]]}, "properties": {"fault_name": "Denali fault", "section_name": "west Muldrow-Alsek section", "class": "A"}}, {"type": "Feature", "geometry": {"type": "LineString", "coordinates": [[-145.4321823629671, 63.31384026581326], [-145.42064500871902, 63.31235998384425]]}, "properties": {"fault_name": "Denali fault", "section_name": "west Muldrow-Alsek section", "class": "A"}}, {"type": "Feature", "geometry": {"type": "LineString", "coordinates": [[-145.41327823678935, 63.309894735956796], [-145.4045719914311, 63.30879553184622], [-145.39323205094985, 63.306403776820666], [-145.38486223814024, 63.30411916883337], [-145.37541588339582, 63.302550478043955], [-145.3610806696015, 63.30061846015798], [-145.33360897009757, 63.29858035519911], [-145.32817774690668, 63.29759601281684], [-145.32065101197435, 63.2947799488987], [-145.31011985259116, 63.29197456214737], [-145.2996507730823, 63.290246703089664], [-145.29253686702364, 63.2886469680299], [-145.2868175604093, 63.288155867021295], [-145.21749949270153, 63.27846671792551], [-145.1997048406969, 63.27528623718922], [-145.19591482425872, 63.274270008962624], [-145.19184995388628, 63.273322943992895], [-145.1872911529397, 63.272600339106816], [-145.17532459173367, 63.270558990912576]]}, "properties": {"fault_name": "Denali fault", "section_name": "west Muldrow-Alsek section", "class": "A"}}, {"type": "Feature", "geometry": {"type": "LineString", "coordinates": [[-147.1406864725771, 63.53079827409901], [-147.1384876159505, 63.53061300513307], [-147.13278028567552, 63.53019332902863], [-147.12717195513477, 63.530236964070724]]}, "properties": {"fault_name": "Denali fault", "section_name": "west Muldrow-Alsek section", "class": "A"}}, {"type": "Feature", "geometry": {"type": "LineString", "coordinates": [[-147.11417830065704, 63.52948584808668], [-147.10535141604774, 63.52923130910536], [-147.09236057060195, 63.528541467093895], [-147.0788521958395, 63.52815971700929], [-147.0646969056134, 63.5278390010893], [-147.0548494333317, 63.527551462015914], [-147.04589487206937, 63.52727723399455], [-147.03878743388077, 63.52683962714476], [-147.02957303582082, 63.526077717813074], [-147.02261198798925, 63.525513793959256]]}, "properties": {"fault_name": "Denali fault", "section_name": "west Muldrow-Alsek section", "class": "A"}}, {"type": "Feature", "geometry": {"type": "LineString", "coordinates": [[-147.02261198798925, 63.525513793959256], [-146.9665898003601, 63.523811406966374], [-146.93965490712054, 63.52167903406666], [-146.89884092506202, 63.52080073205622], [-146.85079552742422, 63.517268785996336], [-146.83837629526508, 63.51576172719772], [-146.8156030371237, 63.51447901880086], [-146.7883992826112, 63.513109644838856], [-146.78004138236054, 63.51334087904737], [-146.76062274340887, 63.513691747012686], [-146.74087997343807, 63.51326329998505], [-146.72208516594216, 63.51165282597855], [-146.69416828923121, 63.508382977068884], [-146.67914742821142, 63.50564475685491], [-146.66968169590803, 63.50413446296635], [-146.65641624176808, 63.50172818118365], [-146.6456841085946, 63.50029142996425], [-146.6340928527345, 63.49894146608649], [-146.62191785094154, 63.49803213099931], [-146.6057971304171, 63.495854457153015], [-146.59304408160344, 63.49459898605414], [-146.5857766363947, 63.49421564210059], [-146.57763183898737, 63.49444577008279]]}, "properties": {"fault_name": "Denali fault", "section_name": "west Muldrow-Alsek section", "class": "A"}}, {"type": "Feature", "geometry": {"type": "LineString", "coordinates": [[-146.57763183898737, 63.49444577008279], [-146.57203851031187, 63.49395991290235], [-146.5636498571358, 63.493152458995404], [-146.55945321199601, 63.49290498697355], [-146.55455673074087, 63.492655130085346], [-146.54826035357456, 63.49240078497418], [-146.5419628364461, 63.492224341861906], [-146.53619289718907, 63.49189296401431], [-146.5304218089868, 63.491639533086854], [-146.52447830533544, 63.49122885200675], [-146.5178311755765, 63.49105018680027], [-146.5080396737269, 63.49054763489883], [-146.50226775278637, 63.49037124890877], [-146.49440154810145, 63.48987435395956], [-146.48758001312504, 63.489693754822625], [-146.477268896969, 63.48895251919172], [-146.46905641958983, 63.48829660487028], [-146.4650334951513, 63.48820336680336], [-146.45814690687698, 63.48778640203271], [-146.45360667770058, 63.4872998930726], [-146.4464585521178, 63.48594275414286], [-146.44122825420817, 63.48498392405212], [-146.43669316698845, 63.48426217708023], [-146.43233027513065, 63.4836974149391], [-146.42480448792097, 63.483823844856204], [-146.4178052095875, 63.48387374185539], [-146.4122068746009, 63.4838508758339], [-146.40555244872525, 63.48413631618488], [-146.39889787372925, 63.484421438865475], [-146.39417088839855, 63.484557892859655], [-146.3880526453564, 63.484297249832686], [-146.38280944135107, 63.48404011803053], [-146.37547016595394, 63.48361721985978], [-146.37123820444708, 63.48352051983985], [-146.36511866423768, 63.483337073934216], [-146.3555058615526, 63.48290305703489], [-146.34886889892604, 63.48240376697993], [-146.3429371596116, 63.48167268502386], [-146.33822664309503, 63.481103454103625]]}, "properties": {"fault_name": "Denali fault", "section_name": "west Muldrow-Alsek section", "class": "A"}}, {"type": "Feature", "geometry": {"type": "LineString", "coordinates": [[-146.02741831516033, 63.444270553884145], [-146.01284988165023, 63.44220666899873], [-146.00564942920215, 63.44120134705086], [-146.00020983281448, 63.4405862298225], [-145.99566428201834, 63.44022888497095], [-145.98652139793984, 63.438895032883046], [-145.97626947087957, 63.437478320106926], [-145.96626756023423, 63.43582756708582], [-145.96080259542288, 63.434461382046656]]}, "properties": {"fault_name": "Denali fault", "section_name": "west Muldrow-Alsek section", "class": "A"}}, {"type": "Feature", "geometry": {"type": "LineString", "coordinates": [[-145.9488796519155, 63.432292132976194], [-145.94471155343882, 63.431379515050835], [-145.94133813969677, 63.43029129988186], [-145.9379397689595, 63.4291687131199]]}, "properties": {"fault_name": "Denali fault", "section_name": "west Muldrow-Alsek section", "class": "A"}}, {"type": "Feature", "geometry": {"type": "LineString", "coordinates": [[-145.9196364333488, 63.42660548602028], [-145.9093718723824, 63.424686948126], [-145.9015821583456, 63.42361489590771], [-145.89607693283986, 63.42310037899013], [-145.88678695771844, 63.422351328088254], [-145.87710910443036, 63.42137883815697], [-145.8707372301526, 63.42070256398195]]}, "properties": {"fault_name": "Denali fault", "section_name": "west Muldrow-Alsek section", "class": "A"}}, {"type": "Feature", "geometry": {"type": "LineString", "coordinates": [[-145.8323641449942, 63.410293603091446], [-145.82665554809464, 63.408396645119126]]}, "properties": {"fault_name": "Denali fault", "section_name": "west Muldrow-Alsek section", "class": "A"}}, {"type": "Feature", "geometry": {"type": "LineString", "coordinates": [[-145.81099160023095, 63.40528270695875], [-145.80843213828976, 63.40480019398583], [-145.80542091538877, 63.40438232499763], [-145.80130900383818, 63.402340853075934]]}, "properties": {"fault_name": "Denali fault", "section_name": "west Muldrow-Alsek section", "class": "A"}}, {"type": "Feature", "geometry": {"type": "LineString", "coordinates": [[-145.7779443856436, 63.39637868400107], [-145.77237072198795, 63.394013670071665]]}, "properties": {"fault_name": "Denali fault", "section_name": "west Muldrow-Alsek section", "class": "A"}}, {"type": "Feature", "geometry": {"type": "LineString", "coordinates": [[-145.76655390055456, 63.39192428492528], [-145.7575836439276, 63.38911293109581], [-145.75167917477026, 63.38774632303575], [-145.74665216291444, 63.38643446788503], [-145.74056691139944, 63.38468100917529], [-145.73429405212724, 63.38268186108059], [-145.72618427733786, 63.380429963107915], [-145.72002407578543, 63.378489996964866], [-145.7135273554461, 63.37669177518724], [-145.7076782368833, 63.375469846142884], [-145.70235172940673, 63.373974457017546]]}, "properties": {"fault_name": "Denali fault", "section_name": "west Muldrow-Alsek section", "class": "A"}}, {"type": "Feature", "geometry": {"type": "LineString", "coordinates": [[-145.4667727089394, 63.325868968068775], [-145.46238721187575, 63.32457578398195], [-145.4569821170832, 63.32391993893151], [-145.45050754201225, 63.32307722102694], [-145.44551243382375, 63.32275220186163]]}, "properties": {"fault_name": "Denali fault", "section_name": "west Muldrow-Alsek section", "class": "A"}}, {"type": "Feature", "geometry": {"type": "LineString", "coordinates": [[-145.17532459173367, 63.270558990912576], [-145.17476324798736, 63.27044940106018], [-145.17218930879704, 63.269946974867004], [-145.16911959119804, 63.269046841028555], [-145.16622353231648, 63.26814896294877], [-145.1614285903329, 63.26707001813053], [-145.15852818091042, 63.266250123015716], [-145.154571393138, 63.265651190816], [-145.15077360717092, 63.26528899703952], [-145.14646016487453, 63.26484169993879], [-145.14177964759685, 63.26470238806883], [-145.13830891576683, 63.26465704203659], [-145.1355374648933, 63.264542570953665], [-145.12929536124147, 63.264382388025055], [-145.1258348477478, 63.26418046106385], [-145.12150164341344, 63.264045051954156], [-145.11646407725138, 63.26405678597253], [-145.11250356686045, 63.2635348250647], [-145.1071653130132, 63.262838027798274], [-145.10285293522043, 63.26238941395895], [-145.09908196486288, 63.26163497786355], [-145.0943059261278, 63.260319191804825], [-145.09174998827743, 63.25958081892586], [-145.0905716124237, 63.25901730697903], [-145.08824308757912, 63.25799238898106], [-145.0860445130235, 63.257102121806284], [-145.0826370369625, 63.256117424077054], [-145.07956119824317, 63.255371733026635], [-145.07632776178534, 63.25438913305361], [-145.0729157285709, 63.25348233608709], [-145.06846324772977, 63.252561336891205], [-145.0639951523724, 63.25187469606008], [-145.0588075747444, 63.25156922897939], [-145.0548391205514, 63.25120212397362], [-145.05069232023178, 63.25091066787589], [-145.0475967652886, 63.25047701503503], [-145.042582763733, 63.25017333404598], [-145.04000238182547, 63.249824889857315], [-145.0343162212485, 63.24919873497371], [-145.02969764011473, 63.248195910142094], [-145.0254207188262, 63.24727597282824], [-145.02046103480262, 63.24618990287048], [-145.01809231214568, 63.24529618702057], [-145.01622225328612, 63.24472247904385], [-145.014251122279, 63.244430538988446], [-145.01158652061864, 63.244019869972576], [-145.0056560039113, 63.24290970219524], [-144.999713044639, 63.241985787875414], [-144.9941067415958, 63.240692903866716], [-144.98900528096252, 63.23959371514471], [-144.9817350842141, 63.23841688808541], [-144.9766149035886, 63.23759714495841], [-144.97150812582714, 63.23659053391491], [-144.96709609612327, 63.236014000155286], [-144.9615367120874, 63.235560890952826], [-144.95773931239583, 63.235086171052146], [-144.95229689529813, 63.23444768398557], [-144.94829274475072, 63.23396973282418], [-144.94368485626376, 63.2332495581813], [-144.9413259872272, 63.23293526585082], [-144.93834040943096, 63.232406421089976], [-144.93547781908197, 63.23189794715995], [-144.93104842135037, 63.23114619896802]]}, "properties": {"fault_name": "Denali fault", "section_name": "west Muldrow-Alsek section", "class": "A"}}, {"type": "Feature", "geometry": {"type": "LineString", "coordinates": [[-145.11490894706918, 63.26334984195246], [-145.11142799510614, 63.262696719847], [-145.10906484020734, 63.26238528387992], [-145.106418618976, 63.26164973805338], [-145.103662851789, 63.26100614594651], [-145.1017294257693, 63.260466766948504], [-145.09938803884648, 63.25982862285181], [-145.09735738457033, 63.259194498984094], [-145.09543935657288, 63.25842186582235], [-145.093652878764, 63.257230748995816], [-145.0919238715737, 63.25674065791495], [-145.08896492882565, 63.256047359903526], [-145.08680325167205, 63.255831557008875]]}, "properties": {"fault_name": "Denali fault", "section_name": "west Muldrow-Alsek section", "class": "A"}}, {"type": "Feature", "geometry": {"type": "LineString", "coordinates": [[-160.88059515883228, 63.70078589810768], [-160.87892853784183, 63.70113861491094], [-160.8736281452889, 63.70251419409368], [-160.86918638494237, 63.70382256683747], [-160.86587814307586, 63.704637010118596], [-160.86049771871592, 63.70620903701678], [-160.8562829276074, 63.70742374507533], [-160.85352624144386, 63.70846115481015], [-160.8502448205768, 63.70966057192616], [-160.84801012925521, 63.710259793128714], [-160.84463233442955, 63.71104927993548], [-160.83985750931836, 63.71201293100565], [-160.83619765786653, 63.71320166780571], [-160.8330642452223, 63.714504355992744], [-160.8313300340916, 63.71510808402025], [-160.8281343466386, 63.716413492034015], [-160.82558247456322, 63.7177999431298], [-160.82326758704295, 63.71859568991626], [-160.8209187944089, 63.718978754811246], [-160.8189538599806, 63.719399537071865]]}, "properties": {"fault_name": "Kaltag fault", "section_name": "", "class": "A"}}, {"type": "Feature", "geometry": {"type": "LineString", "coordinates": [[-160.29409456370067, 63.886444281037846], [-160.29095141242047, 63.88701701187251], [-160.2886767622384, 63.887829399938425], [-160.28491023674488, 63.889007499911976], [-160.28177525115058, 63.88991082499379], [-160.2783673465932, 63.890715062151], [-160.27349408768646, 63.891718169140034], [-160.27063447076105, 63.89244421204397], [-160.26846902786977, 63.89289298505345], [-160.26678998856883, 63.89326632084864]]}, "properties": {"fault_name": "Kaltag fault", "section_name": "", "class": "A"}}, {"type": "Feature", "geometry": {"type": "LineString", "coordinates": [[-160.14217626098937, 63.92277042092581], [-160.13854742566932, 63.92354183289745], [-160.1352186941295, 63.92461285417536], [-160.13205943156467, 63.925365010902965], [-160.12625391542917, 63.92705622502775], [-160.12042600339524, 63.928644136022236], [-160.11478908756385, 63.930016136045495], [-160.1101352098259, 63.931556059026754], [-160.10492403255705, 63.93270250188602], [-160.10067439040876, 63.93391387109759], [-160.097621452441, 63.93518075509544], [-160.09290095204832, 63.93641089292188], [-160.08848000476863, 63.937940677180336], [-160.08442082881675, 63.9389359389845], [-160.0801262484464, 63.93994055909562], [-160.0757040920343, 63.941469977036896], [-160.07119524370577, 63.94258689694338], [-160.06726409385158, 63.94420026182462], [-160.06179226321655, 63.94525158710156], [-160.05730380574659, 63.94647119304298], [-160.05373426642183, 63.94754988008053], [-160.048966941345, 63.948572473015155], [-160.04492640184205, 63.949669786152974], [-160.03973086873387, 63.950917106153206], [-160.0359034554304, 63.95190168111635], [-160.0312419087749, 63.95343921715604], [-160.02651564389305, 63.954667311014354], [-160.0224734128624, 63.95576403393676], [-160.0180672051399, 63.957394896918956], [-160.0131258054256, 63.95873504889964], [-160.00846244596983, 63.959128403173956], [-160.00379829240342, 63.96066510785664], [-159.99851377577644, 63.96149861191871], [-159.9949615182411, 63.96267903694185], [-159.99074549913558, 63.964093574184844], [-159.985844246928, 63.96563906095072], [-159.98203433370452, 63.966725398947204], [-159.97820288876204, 63.96770853380874], [-159.9730668411937, 63.96811941509799], [-159.96929855769716, 63.969411657080514], [-159.9645458850409, 63.97053472904392], [-159.9607557221773, 63.971723651042936], [-159.9565790762307, 63.973343477045645], [-159.95208187725476, 63.97456000292664], [-159.94786205019076, 63.975973367842336], [-159.94338520883576, 63.97729275404585], [-159.94025751396833, 63.978247182139846], [-159.9338504023752, 63.98057755290618], [-159.9284933961964, 63.982242808141436], [-159.92137784172922, 63.98460035007503], [-159.9167470857284, 63.98634065896373], [-159.91078643503488, 63.98854853398438], [-159.90454728055212, 63.99055912809928], [-159.8984799288675, 63.992250919997176], [-159.89262149028357, 63.99497371189683], [-159.8873013581506, 63.99684378889687], [-159.88270847242717, 63.99878933398852], [-159.87978567788613, 64.00077380080585]]}, "properties": {"fault_name": "Kaltag fault", "section_name": "", "class": "A"}}, {"type": "Feature", "geometry": {"type": "LineString", "coordinates": [[-159.75594908016402, 64.09632889308247], [-159.75593592164174, 64.09626283713948], [-159.75108969034696, 64.09644642590281], [-159.74719149968055, 64.0967936478287], [-159.74123852598944, 64.09755122113563], [-159.7368463517483, 64.09771718105463], [-159.73197934960754, 64.098566460928], [-159.7248662439478, 64.09963335102262], [-159.71819396315755, 64.10061674409287], [-159.7134643412715, 64.10139367310418], [-159.7095571629607, 64.10247229397577]]}, "properties": {"fault_name": "Kaltag fault", "section_name": "", "class": "A"}}, {"type": "Feature", "geometry": {"type": "LineString", "coordinates": [[-159.66203432071353, 64.11383374903455], [-159.65952262578926, 64.11426004283335], [-159.6536284414436, 64.11534453600419], [-159.64804987657976, 64.11648360406775], [-159.64346735831305, 64.11725274198032], [-159.63999727506666, 64.11824664710295], [-159.63636247044155, 64.11918002710722], [-159.63102125305218, 64.11997689491687]]}, "properties": {"fault_name": "Kaltag fault", "section_name": "", "class": "A"}}, {"type": "Feature", "geometry": {"type": "LineString", "coordinates": [[-159.59194541674532, 64.07430839914505], [-159.58859177312604, 64.07509729897988], [-159.5872550081181, 64.07527958604078], [-159.58243841943107, 64.0763883358718], [-159.57831463574564, 64.07713877507207], [-159.57420337637194, 64.07795517187228], [-159.57112614256894, 64.07860043286139], [-159.56774599056396, 64.07925673789939], [-159.56500941678135, 64.08008898307104], [-159.5602038836605, 64.08126310581629], [-159.555675390075, 64.0822938561057], [-159.5510078435717, 64.08339607893804], [-159.5465040419784, 64.08455870304267], [-159.5433374114316, 64.08553930289246], [-159.5387949885693, 64.08650348208305], [-159.53435346358137, 64.08799612107606], [-159.52834640771692, 64.08927947081347], [-159.52344953569465, 64.09078833514593], [-159.51924641370164, 64.09193914600479], [-159.51476522539903, 64.09323299414966], [-159.50995547558622, 64.09440555008604], [-159.50764508682892, 64.09508814012806], [-159.50229167211464, 64.09661281113792], [-159.49691255570173, 64.09800514014987], [-159.49143164040427, 64.09966707189842], [-159.48636702057905, 64.10111415913867], [-159.4805567828984, 64.10265449091439], [-159.4748335722058, 64.10465716613021], [-159.46772057434393, 64.10657655118959], [-159.46179416293745, 64.10831987395242], [-159.45555141160028, 64.11000776885392], [-159.44814511379812, 64.112003214832], [-159.44136908298248, 64.1141087701583], [-159.43511145644254, 64.11572975613346], [-159.42993929570144, 64.11744475383168], [-159.42447568015967, 64.11923648614761], [-159.41726610801481, 64.12148938808416], [-159.40805914980206, 64.12367991202066], [-159.4008348309135, 64.12586596088866], [-159.3955071520338, 64.12758519914452], [-159.38839559596795, 64.1295670210522], [-159.38339454093227, 64.13140727297464], [-159.37685112796112, 64.13316881889], [-159.37209065792823, 64.13466752915396], [-159.36821547401453, 64.13600178704708], [-159.36450394877258, 64.13739669190223], [-159.36204723882852, 64.1381485498597], [-159.35990616094267, 64.13895577082516], [-159.35573860235348, 64.14036650286451], [-159.35312965581656, 64.14112356196986], [-159.3495440088004, 64.14238058505344], [-159.34703268577863, 64.14366629187316], [-159.34325796585313, 64.14473022097037], [-159.34080008001433, 64.14548174407945], [-159.33797229578934, 64.14671186588512], [-159.3341061426392, 64.14811137285163], [-159.33155699605243, 64.14919854696745], [-159.32865521310586, 64.15003192708103], [-159.3253954245692, 64.15140995801434], [-159.32223837635152, 64.15251822697905], [-159.31837068438733, 64.15391734491028], [-159.3152252702509, 64.15509156919535], [-159.3114357182417, 64.15608862892778], [-159.30909768922137, 64.15750063098702], [-159.30699018227602, 64.15850542284926], [-159.30266536012167, 64.1599200321534], [-159.2997616691534, 64.16075287191616], [-159.29635363793358, 64.16133710991792], [-159.29360149904207, 64.16216455209054], [-159.2890023700274, 64.16292306092873], [-159.28597032687313, 64.16389311893825], [-159.2819903976007, 64.16469642809426], [-159.27866623579072, 64.16574298090796], [-159.275105287055, 64.16633201204674], [-159.27181693838045, 64.16757672286536], [-159.26866305582587, 64.16788542193231], [-159.26547789123813, 64.16886033297034], [-159.26134478663337, 64.16966836108165], [-159.25799519621265, 64.17058226305946], [-159.25376992715465, 64.17172584999302], [-159.24699739887026, 64.17315662798718], [-159.24142779829464, 64.1744791810906], [-159.23614960041743, 64.17572498397574], [-159.23271452002604, 64.17617559909516], [-159.22645574184594, 64.17792034483043], [-159.21942432268995, 64.17962476294923], [-159.21219226840847, 64.18106962892732], [-159.202938877177, 64.18318180619232], [-159.1970732233248, 64.18457924681675], [-159.19208339723014, 64.1857470629961], [-159.1857368213074, 64.18702739095723], [-159.18117844795893, 64.1880471148601], [-159.1774488504101, 64.18857294084863], [-159.17408254413857, 64.18941891216932], [-159.1686822355698, 64.19086590019123], [-159.16386592895378, 64.19215987404131], [-159.15932964697475, 64.1933111770304], [-159.15510897729104, 64.19451817710792], [-159.1495665004471, 64.19603575605353], [-159.14547349663658, 64.19710512892468]]}, "properties": {"fault_name": "Kaltag fault", "section_name": "", "class": "A"}}, {"type": "Feature", "geometry": {"type": "LineString", "coordinates": [[-159.44310834623835, 64.16221547597677], [-159.4410073817232, 64.16242363883485], [-159.43848821820563, 64.16284631193953], [-159.4349308941721, 64.16343906893897], [-159.42989213774229, 64.16428417302615], [-159.42491525367595, 64.16545956095369], [-159.42059795940364, 64.16607903715985], [-159.41278425765384, 64.16762108699106], [-159.40451404105977, 64.16917891180924], [-159.3976753509564, 64.17021981715989], [-159.39431764964698, 64.17107061713443], [-159.3913536844182, 64.17157474915476], [-159.38852550044288, 64.1728058480844], [-159.38362333285198, 64.17357796705019], [-159.37888516080105, 64.17441065903814], [-159.3747790874015, 64.17535395118739], [-159.3698391842805, 64.17592734714671], [-159.36516173834275, 64.17709008998214], [-159.36114531860517, 64.17769719095674], [-159.35551867321234, 64.17869343417851], [-159.34991617722937, 64.17982166501994], [-159.34493336607878, 64.18099446616205], [-159.34094047501512, 64.18173323304798], [-159.33756752390548, 64.18251669885767], [-159.33376291164052, 64.18344825010603], [-159.32984274009743, 64.18458331912946], [-159.32635381109466, 64.18557015390094]]}, "properties": {"fault_name": "Kaltag fault", "section_name": "", "class": "A"}}, {"type": "Feature", "geometry": {"type": "LineString", "coordinates": [[-159.0389635241645, 64.22187232497922], [-159.03719127207643, 64.22226397891338], [-159.03350568299336, 64.2231185018504], [-159.02891627105518, 64.22406934399035], [-159.02491357218523, 64.22486746688816]]}, "properties": {"fault_name": "Kaltag fault", "section_name": "", "class": "A"}}, {"type": "Feature", "geometry": {"type": "LineString", "coordinates": [[-159.0375860457112, 64.27133904390548], [-159.0356614842667, 64.27173501206012], [-159.03334884343295, 64.27254279881109], [-159.03044917512062, 64.27350288690204], [-159.02611666159072, 64.27504211398526], [-159.02350999497799, 64.27592591386014]]}, "properties": {"fault_name": "Kaltag fault", "section_name": "", "class": "A"}}, {"type": "Feature", "geometry": {"type": "LineString", "coordinates": [[-158.88704468156573, 64.31319312400986], [-158.8850205544484, 64.31371521607073], [-158.8816634819597, 64.31416541891134], [-158.87939581528062, 64.31480957106024], [-158.878261944661, 64.3151316340906], [-158.8767629609807, 64.3156368768797]]}, "properties": {"fault_name": "Kaltag fault", "section_name": "", "class": "A"}}, {"type": "Feature", "geometry": {"type": "LineString", "coordinates": [[-158.76749099779332, 64.33994895606159], [-158.76580057234622, 64.34011590109478], [-158.76322749284358, 64.34053898790076], [-158.76005352126433, 64.34132377796229], [-158.75630621432796, 64.34184039203205], [-158.75386434006083, 64.34225924100217]]}, "properties": {"fault_name": "Kaltag fault", "section_name": "", "class": "A"}}, {"type": "Feature", "geometry": {"type": "LineString", "coordinates": [[-158.71547611289998, 64.34655338917227], [-158.70385730391348, 64.34780769707707], [-158.69136794567, 64.34881855303767], [-158.68387592074197, 64.3499449450219], [-158.6728591563707, 64.35108870590587], [-158.6601753353261, 64.35219260591646], [-158.64717890325753, 64.35393298707419], [-158.63729695992342, 64.35441163788778], [-158.6297869390453, 64.35544611100057], [-158.62527298918423, 64.35576178886146], [-158.61854503081264, 64.35650292909207], [-158.60957387856536, 64.35749065802466], [-158.60448287701692, 64.35809222097338], [-158.5936663552073, 64.3592241108274], [-158.58835389199186, 64.35974203510828], [-158.5836751138526, 64.36033055190846], [-158.57793493128935, 64.3607711671491], [-158.56770754081273, 64.36170414698233], [-158.55746528860809, 64.36254715000277], [-158.54664523911435, 64.36367573515936], [-158.54133110503247, 64.36419203613929], [-158.53663650576442, 64.36468982504515], [-158.53073049779297, 64.36540268484872], [-158.5262279996552, 64.36580475509571], [-158.5202933363245, 64.3663386149923], [-158.51541956358142, 64.36702044580954], [-158.5105315049304, 64.36761282193704], [-158.50523003260244, 64.36821717706614], [-158.4999703993089, 64.36908926001577], [-158.49462641690508, 64.36942534308818], [-158.48954488629468, 64.37011240912933], [-158.4846697427225, 64.37079326781489], [-158.47995912200136, 64.37120002487339], [-158.4690096863606, 64.3728650190423], [-158.46407793994237, 64.3731880021815], [-158.45513793587924, 64.37443465009105], [-158.44823615080523, 64.37544226901593], [-158.44149902961777, 64.37617566900424], [-158.43605697274452, 64.37723017204127], [-158.42834086935704, 64.37835010689442], [-158.42361442301552, 64.37866582991244], [-158.41340318065448, 64.37976717906268], [-158.40688460879585, 64.3805824339848], [-158.3974715294462, 64.38148035794674], [-158.39154493029181, 64.38209856896532], [-158.3819377968745, 64.38309077296043], [-158.37599688755768, 64.38361906918493], [-158.36554808122813, 64.38454450803101], [-158.35548496566756, 64.38527887017251], [-158.34768222156757, 64.38585885907904], [-158.3377979138676, 64.38640757116724], [-158.3289201217312, 64.3867478578805], [-158.31774059790177, 64.3869729780148], [-158.3074954845629, 64.38788865916185], [-158.29683612121562, 64.38881523403619], [-158.28396798563764, 64.39025118006589], [-158.27099200641152, 64.39097144507592], [-158.26101724465065, 64.39232491000254], [-158.24995430956872, 64.39334904612808], [-158.2398851636176, 64.39407584810009], [-158.23479320087182, 64.39475450709294], [-158.22743872687843, 64.39558498008746], [-158.21963060456483, 64.39615847801419], [-158.20919847366193, 64.3972519639098], [-158.197744209086, 64.39846235193818], [-158.18540915805212, 64.39933710496894], [-158.17560831192696, 64.40050073710727], [-158.16435825058483, 64.40170301990807], [-158.14920148703897, 64.4031893949789], [-158.13982465560935, 64.40442891415887]]}, "properties": {"fault_name": "Kaltag fault", "section_name": "", "class": "A"}}, {"type": "Feature", "geometry": {"type": "LineString", "coordinates": [[-158.13996746079005, 64.40453304303166], [-158.13852221612666, 64.40450286512677], [-158.13331907967793, 64.40505762783239], [-158.12726869806733, 64.40528939695739], [-158.122204864268, 64.40570180289619], [-158.1180978188913, 64.4060883968391], [-158.112694950124, 64.40637134192004], [-158.10793982596533, 64.40670589110057], [-158.1025170092088, 64.40685077898196], [-158.096655051924, 64.40728363594982], [-158.09142108619304, 64.4076304318497], [-158.08395393112363, 64.40803641709721], [-158.07837123580612, 64.40818469402343], [-158.07381410842092, 64.40878936307074], [-158.06521025124215, 64.40908633209179], [-158.0577423469778, 64.40949104600386], [-158.04660525866407, 64.4099920569116], [-158.03741121373355, 64.41064854414358], [-158.02646190385695, 64.41135047091488], [-158.02185481217566, 64.41160932607832], [-158.01725730102686, 64.4119368999216], [-158.01120453708407, 64.4121641049839], [-158.00422332656595, 64.41262258703688], [-157.9962846206511, 64.41310564593672], [-157.99007189640062, 64.4133361688593], [-157.98469516142157, 64.41382119492354]]}, "properties": {"fault_name": "Kaltag fault", "section_name": "", "class": "A"}}, {"type": "Feature", "geometry": {"type": "LineString", "coordinates": [[-157.85402718139088, 64.42205903893455], [-157.85008309040674, 64.42250334911634], [-157.8424583142426, 64.422970484108], [-157.83407206136502, 64.42373261713063], [-157.8269440104339, 64.42432477811025], [-157.82108356142044, 64.42481601089716], [-157.81459353173335, 64.42539173216538], [-157.80953086843886, 64.42586272216063], [-157.8030312195917, 64.4263690879047], [-157.79764889259997, 64.42684758306747], [-157.79098003169605, 64.42728851192362], [-157.78511836097377, 64.42777837712305], [-157.77640076540192, 64.42847636080775], [-157.76975841557862, 64.42912298685002], [-157.76246802560095, 64.42971608100905], [-157.75535508972283, 64.43044267787391], [-157.74883539856336, 64.43080900992231], [-157.74314998897793, 64.43143113501074], [-157.73634651912187, 64.43208020905803]]}, "properties": {"fault_name": "Kaltag fault", "section_name": "", "class": "A"}}, {"type": "Feature", "geometry": {"type": "LineString", "coordinates": [[-157.71695306533752, 64.43261916884377], [-157.71157706697696, 64.43316353508948], [-157.7068396665789, 64.43369232391639], [-157.69861529460704, 64.4345121151323], [-157.69021297176732, 64.4351975438623], [-157.6828839290796, 64.43551136183702], [-157.67480037521503, 64.436188303066], [-157.66106437634278, 64.43651580205496], [-157.6524832546255, 64.43706521609481]]}, "properties": {"fault_name": "Kaltag fault", "section_name": "", "class": "A"}}, {"type": "Feature", "geometry": {"type": "LineString", "coordinates": [[-156.70556269696905, 64.61226289603425], [-156.70269412923014, 64.6125892338493], [-156.69889978830216, 64.61334601088026], [-156.6935165117912, 64.614337519117], [-156.68718736138834, 64.61555242792284], [-156.6797317361956, 64.61678657001026], [-156.67244927205368, 64.6181554731011], [-156.66559702098277, 64.6189641540675], [-156.6566853039696, 64.62015315784753], [-156.65212293042316, 64.6213362789254], [-156.64734796068325, 64.62197043496563], [-156.63996662885944, 64.62230360018533], [-156.63468302042926, 64.62266979800955], [-156.62877483943316, 64.62325358597569], [-156.62381905230131, 64.62368290182793], [-156.6176140266128, 64.62454751412012], [-156.60919392341864, 64.62586353700304], [-156.60359375317393, 64.62630304812313], [-156.59727070143356, 64.62765220600792], [-156.59008590662089, 64.62839400314574], [-156.5829320488883, 64.62948022509627], [-156.5738838571222, 64.63101192593622], [-156.56929761264368, 64.63198576999204], [-156.562940600094, 64.63298877708458], [-156.5549921537465, 64.63422493188162], [-156.54431893029272, 64.63564354297739], [-156.53954531970382, 64.63634334301757], [-156.53509342815752, 64.6370377298274], [-156.5290069782899, 64.6374824518607], [-156.52327902000104, 64.6383354200478], [-156.5194337122571, 64.63860514588374], [-156.51496877537627, 64.6391610458918], [-156.50887547315972, 64.63953602416079], [-156.50351707099895, 64.64093469695187], [-156.49318497468946, 64.64262042298628], [-156.48314960359636, 64.64402447884332], [-156.47378136275586, 64.6456934410362], [-156.46345175298305, 64.64744615686666], [-156.455226462933, 64.6493029619191], [-156.4450435965551, 64.65091399312273], [-156.43505019295554, 64.65286662714296], [-156.42528712727622, 64.65564362707859], [-156.41708043774247, 64.65777427393495], [-156.40739325006027, 64.65958220096294], [-156.39824059770135, 64.66200271284023], [-156.3892185334353, 64.66407539906731], [-156.38069017426625, 64.66627807410555], [-156.37619295013747, 64.66729993916722], [-156.3708227926229, 64.668694080985], [-156.36560754239258, 64.6700166191338], [-156.36041473297638, 64.67161484105839], [-156.3521985707079, 64.67374210501103], [-156.3436359839299, 64.67559795090193], [-156.33397772828806, 64.67788410104367], [-156.32412845398594, 64.67982724116386], [-156.3144334590456, 64.68169838892067], [-156.30444513182567, 64.6833523131483], [-156.2945696446835, 64.68501772211987], [-156.2842091598144, 64.68668962705456], [-156.27391375159942, 64.68918847700111], [-156.26106304423624, 64.69206910802693], [-156.25123669044854, 64.69442148611219], [-156.24170414774255, 64.6964237360803], [-156.2326543120595, 64.69841845096924], [-156.2215540870118, 64.70106341316912], [-156.21313611282486, 64.70290982417356], [-156.20488915271523, 64.70489144100218], [-156.19586072478367, 64.70722890505377], [-156.1907756889471, 64.70833643602013], [-156.17706395806218, 64.71137400597951], [-156.16205251857306, 64.71372412913426], [-156.15233528314297, 64.71558524707726], [-156.1421011130809, 64.7170385800483], [-156.13467769967764, 64.71805216504367], [-156.1260254996618, 64.71906839596494], [-156.11913352778402, 64.71985300213798], [-156.10985479867162, 64.7211530521398], [-156.10474343321403, 64.72198187805553], [-156.09962666169505, 64.72274155798989], [-156.0952865529094, 64.72307631399158], [-156.09081027030655, 64.7237580170858], [-156.08437536483854, 64.72418967381655], [-156.07890427621192, 64.72453912888065], [-156.07310498270635, 64.72482372001991], [-156.06812824416713, 64.72530429417388], [-156.05874071559907, 64.72605032294082], [-156.04858475017073, 64.72646067500014], [-156.03717096457984, 64.72737017094884], [-156.0275234824332, 64.72811770283685], [-156.01738596211257, 64.7288019449512], [-156.00643046194537, 64.72935798912839], [-156.00060688607937, 64.72977825995902]]}, "properties": {"fault_name": "Kaltag fault", "section_name": "", "class": "A"}}, {"type": "Feature", "geometry": {"type": "LineString", "coordinates": [[-155.99995978107117, 64.72867026513404], [-155.99692886530255, 64.72882055091314], [-155.98896983500438, 64.72933077005185], [-155.98368913891235, 64.72962088699914], [-155.9683828184481, 64.73070602201688], [-155.96240445028224, 64.73096713288476], [-155.95878321021792, 64.73138387698128], [-155.9544672032314, 64.73180927106743], [-155.94757151142997, 64.73263795805066], [-155.93756697500902, 64.73376485991358], [-155.93074957857118, 64.73448049109906], [-155.92643520112858, 64.7349421861445], [-155.91531001998396, 64.73622995006849], [-155.9081465664475, 64.73698594898367], [-155.8932204318761, 64.738652669973], [-155.8813105435847, 64.73994752216974], [-155.87017645744072, 64.74115791186051], [-155.86025514723593, 64.74231588909909], [-155.85145267434447, 64.74331148284571], [-155.84427125270568, 64.74384207786862], [-155.83995404467166, 64.7443013808835], [-155.83303278771555, 64.74482837408293], [-155.8232585802318, 64.74561116207072], [-155.81902050299448, 64.74595762891236]]}, "properties": {"fault_name": "Kaltag fault", "section_name": "", "class": "A"}}, {"type": "Feature", "geometry": {"type": "LineString", "coordinates": [[-155.73092577016635, 64.75275121797077], [-155.72009412342229, 64.75339080818154], [-155.70553379630928, 64.7542189721264], [-155.69123335989283, 64.75504294193927], [-155.68490852140337, 64.75544549717605], [-155.67503089627084, 64.75607159992055], [-155.6640185255596, 64.75663499788614], [-155.6564803945996, 64.7571235689807], [-155.65423127813122, 64.75733301693322], [-155.6512063119047, 64.75766197901476], [-155.64558648562323, 64.758240971034], [-155.63797998298864, 64.75906330699186], [-155.6341765645847, 64.75947433610891]]}, "properties": {"fault_name": "Kaltag fault", "section_name": "", "class": "A"}}, {"type": "Feature", "geometry": {"type": "LineString", "coordinates": [[-155.26760009797312, 64.83394284288214], [-155.2674257619259, 64.8339442589652], [-155.2598243832817, 64.83556420995444], [-155.25299851842567, 64.8369920410404], [-155.24582813977668, 64.83853363686188], [-155.2364951335565, 64.84050019992112], [-155.23148665035174, 64.84165294201733], [-155.22396994421126, 64.8433075718203], [-155.21705958741288, 64.84488290107298], [-155.20971559316553, 64.84653549417385], [-155.20418799960922, 64.84783979501061], [-155.19874238810237, 64.84903195392482], [-155.1957165011027, 64.84968594096665], [-155.19164695410095, 64.85042204783853], [-155.18141690640772, 64.85198398500879], [-155.17292418610091, 64.853383785995], [-155.16651047728038, 64.85443366317077], [-155.15966162723115, 64.85552361108354], [-155.15073357884611, 64.85699963896866], [-155.14240932229953, 64.85832231991293], [-155.13339372500516, 64.85983509603022], [-155.1228982287388, 64.86146930892167], [-155.1157871406952, 64.86263341607741], [-155.10416238575982, 64.86445994986894], [-155.09366635319918, 64.86616640090025], [-155.0895016350829, 64.86682628502025], [-155.08091120142944, 64.86818462903707], [-155.0715386190311, 64.86965917802048], [-155.0658946217803, 64.8704769859833], [-155.0607726328461, 64.87125394195361], [-155.0547816137061, 64.87214791305433], [-155.04948304922473, 64.87288858416451], [-155.04436291710826, 64.87373919592724], [-155.03784705367025, 64.8746360209458], [-155.0275997430522, 64.87618793685547], [-155.02030372333263, 64.87727467889252], [-155.0161343169089, 64.87789552205062]]}, "properties": {"fault_name": "Kaltag fault", "section_name": "", "class": "A"}}, {"type": "Feature", "geometry": {"type": "LineString", "coordinates": [[-155.00247539169138, 64.87935661099755], [-154.99386389344278, 64.88033922914425], [-154.98481389157138, 64.88128702907397], [-154.9779386705787, 64.8819980820547], [-154.97115170457104, 64.88274538795024], [-154.961493926833, 64.8838440261313], [-154.9454787340999, 64.88553721485884], [-154.93607855455775, 64.88655850914357], [-154.9313782096651, 64.88706894385395], [-154.92798171461013, 64.88738597901082], [-154.91631656423309, 64.88864213611367], [-154.90325872961992, 64.89009099400178], [-154.89323698417311, 64.89089066204657], [-154.8824331178292, 64.89184251899877], [-154.86953648769043, 64.89295369818115], [-154.8615232260986, 64.89377725017889], [-154.84897770159023, 64.89499610690683], [-154.84418590011686, 64.89546730295187], [-154.83686794263977, 64.89621162305556], [-154.82937485410642, 64.89695652810221], [-154.8250170907305, 64.8973506229312], [-154.82275620094197, 64.89773358013315], [-154.81832699994146, 64.89868443499427], [-154.81250688797917, 64.89990212807653], [-154.80946556882125, 64.9005115729292], [-154.80607881779218, 64.90127115889396], [-154.80051876001983, 64.90244995989039], [-154.795130930847, 64.90355347907035], [-154.79183082502203, 64.90431231599577], [-154.78791771693204, 64.90503706611074], [-154.78226463681534, 64.90606726785727], [-154.77826261168187, 64.90675511490369], [-154.7735662364445, 64.90763182091116], [-154.77095622270897, 64.90808996286336]]}, "properties": {"fault_name": "Kaltag fault", "section_name": "", "class": "A"}}, {"type": "Feature", "geometry": {"type": "LineString", "coordinates": [[-154.6241019002224, 64.92822464684158], [-154.62138944081525, 64.92819833000061], [-154.61841538481087, 64.92821010509049], [-154.6094057280755, 64.9282454329937], [-154.59995473443098, 64.92809640805078], [-154.58954786235725, 64.92824725599233], [-154.58010537935172, 64.9285051570891], [-154.57249742683624, 64.9286444760255], [-154.56908968128067, 64.92884242396876], [-154.56462697401835, 64.92878437093175], [-154.56209242864816, 64.92890480606273], [-154.55982028656237, 64.92902426199454], [-154.55650281540466, 64.92937003286693], [-154.5534462356667, 64.92964060203282], [-154.5495162617072, 64.92998838995392], [-154.54576043155546, 64.9302983660965], [-154.54008421443032, 64.93083751815855], [-154.53650383693167, 64.931183771867], [-154.5331858240898, 64.93152905090913], [-154.53021557155233, 64.9317617668167]]}, "properties": {"fault_name": "Kaltag fault", "section_name": "", "class": "A"}}, {"type": "Feature", "geometry": {"type": "LineString", "coordinates": [[-154.49535486591716, 64.93447327696879], [-154.4938687847393, 64.93455218114981], [-154.48932621994317, 64.93497459689638], [-154.4845191147706, 64.93528638393987], [-154.48320986156648, 64.9354759550154], [-154.48076566605266, 64.93581742305162], [-154.477450198138, 64.93638414289505], [-154.4702926079054, 64.93744474389084], [-154.46453212521337, 64.93835245902726], [-154.4593814072581, 64.93910975508192], [-154.45423280663198, 64.94001529710806], [-154.4479497398032, 64.94114654895569], [-154.44253726535052, 64.94201535606383], [-154.43703981566193, 64.94306974011849], [-154.43267463130346, 64.94378686085628], [-154.4304064184487, 64.94427547992348], [-154.4277891490207, 64.94483923005468], [-154.4235132140824, 64.9457042741603], [-154.4195001639254, 64.94660560286147], [-154.41435164055437, 64.94769536602855], [-154.40955341343175, 64.94882114904293], [-154.40440463404087, 64.94994769298859], [-154.40134806957425, 64.95047503209025], [-154.39601991009587, 64.95134201987209], [-154.38859536481533, 64.95258509815122], [-154.38125872417694, 64.95390182388064], [-154.37619196905635, 64.95476750394747], [-154.37269754236405, 64.95536954787853]]}, "properties": {"fault_name": "Kaltag fault", "section_name": "", "class": "A"}}, {"type": "Feature", "geometry": {"type": "LineString", "coordinates": [[-154.34063916269875, 64.96171342399894], [-154.33696928335337, 64.96242637495851], [-154.33076452805778, 64.96358988411629], [-154.3250830773478, 64.96460363918665], [-154.31887735097345, 64.96576668192043], [-154.31450563855782, 64.9664805341262], [-154.31039731308184, 64.96726795696732]]}, "properties": {"fault_name": "Kaltag fault", "section_name": "", "class": "A"}}, {"type": "Feature", "geometry": {"type": "LineString", "coordinates": [[-160.81889837194382, 63.719429674984426], [-160.81671778705012, 63.71999829992722], [-160.81459261203977, 63.72053675685427], [-160.81299413455184, 63.72118929604216], [-160.80805722102406, 63.72334650188718], [-160.8027627690301, 63.72585108682152], [-160.7987317893984, 63.7276078579112], [-160.79599189993405, 63.72900224389866], [-160.7903128665905, 63.73066779794684], [-160.78407926100127, 63.73291043210421], [-160.77781150865144, 63.73474014911993], [-160.77383971362391, 63.736493471077964], [-160.76482185527004, 63.73968927912844], [-160.75755710141397, 63.74208761318067], [-160.75098492977727, 63.7445095960136], [-160.7423640737784, 63.747547943150515], [-160.73349368375983, 63.75059692690879], [-160.7261070824186, 63.75330270590694], [-160.7194606111248, 63.755422742912046], [-160.71287061601456, 63.758064488948996], [-160.7075734807528, 63.76034442088512], [-160.70248651443663, 63.76272518401388], [-160.69721281083076, 63.765114076061316], [-160.69167917790082, 63.76801128792874], [-160.68833566458298, 63.769540715903524], [-160.685605380804, 63.77101513903638], [-160.6820752433842, 63.772552715824624], [-160.6797339346148, 63.773540362103546], [-160.675342057716, 63.77541978006631], [-160.67035990503058, 63.77691115890349], [-160.66534021713926, 63.778514449143735], [-160.658206649654, 63.78101190208102], [-160.65355142893472, 63.782570980130195], [-160.6475005020467, 63.78432971211743], [-160.64312315719428, 63.785738090866595], [-160.63924138234137, 63.78684835714245], [-160.63570658715682, 63.78783275587181], [-160.6338585639712, 63.78852172713376], [-160.6294426598335, 63.78976572405919], [-160.6244991850109, 63.79144693417932], [-160.6189285666441, 63.79312798696307], [-160.61236458494787, 63.795128586883706], [-160.60697882100186, 63.796524951932376], [-160.60350367215557, 63.797781938947864], [-160.598613218596, 63.79943225490746], [-160.5936230664129, 63.800921134102076], [-160.5893768405577, 63.80265326210523], [-160.58519898997028, 63.803857762872944], [-160.58159173038672, 63.80509235912945], [-160.57916422736747, 63.80572312795713], [-160.57722044107763, 63.80655352606541], [-160.57403511569143, 63.807438198197154], [-160.57042648438045, 63.80894859690221], [-160.5654271163809, 63.81040922297061], [-160.56042724981634, 63.8118696861182], [-160.5564454448616, 63.8131199459133], [-160.55208399120653, 63.81463506812667], [-160.5483559630145, 63.81590163113706], [-160.5436532169251, 63.81701728713438], [-160.53871399023552, 63.81819827111712], [-160.53471120692396, 63.8196420241621], [-160.52837781198133, 63.821600891097304], [-160.52445541980288, 63.822847624077276], [-160.52297522797997, 63.823519095017794], [-160.52153964290085, 63.823829774887265], [-160.51889142112137, 63.82460704802103], [-160.5160801964403, 63.82577776718881], [-160.51252432767757, 63.826704642818875], [-160.50875848310702, 63.82725407616144], [-160.5060780171987, 63.82817050493309], [-160.50304294582358, 63.82918501684884], [-160.49918781410366, 63.830179686046606], [-160.49586603462583, 63.83131682985301], [-160.49261461120105, 63.831926418059986], [-160.49048753176228, 63.83251503217281], [-160.48768174009209, 63.83343650095976], [-160.4847575837051, 63.83439061418867], [-160.4814104268205, 63.835418087808726], [-160.4773598926617, 63.83666896784438], [-160.47277538642325, 63.83777708901621], [-160.47130679634225, 63.83822667100335], [-160.46838304958703, 63.83890439785612], [-160.46236082926225, 63.84032237209892], [-160.45620159070378, 63.84169076114486], [-160.45097415392834, 63.84301893895476], [-160.44684699257746, 63.84421699406735], [-160.44144865221747, 63.8459109330543], [-160.43725419806867, 63.84680797297439], [-160.43485811542317, 63.84732442219651], [-160.42886091856892, 63.84915385814128], [-160.4245394219777, 63.850331934094655], [-160.41711903230367, 63.852828768035266], [-160.412778447411, 63.85392448506851], [-160.40837136383107, 63.855574879101866], [-160.4029365716335, 63.8574068250369], [-160.39972446567205, 63.85792975400939], [-160.3963115314474, 63.85868193188729], [-160.39312919655282, 63.859341440907635], [-160.39190709520264, 63.85977969895485], [-160.38883476170952, 63.86065522811679], [-160.38591885455176, 63.86138606285138], [-160.38205324667905, 63.86265385307464], [-160.37792647609533, 63.8638773949626], [-160.37402193433985, 63.86525699488877], [-160.36915148985494, 63.86681531410985], [-160.36525094290752, 63.86764253181426], [-160.36248808801295, 63.86850438905862], [-160.35974545239878, 63.86917215097302], [-160.3560718162989, 63.86960316409276], [-160.35389493156583, 63.87027453686172], [-160.35068903925122, 63.870547695896825], [-160.34707814059246, 63.87155537605109], [-160.34464938711835, 63.87251318712105], [-160.34284541821256, 63.87316868016424], [-160.3390326537364, 63.87440542090523], [-160.33444023693357, 63.87581281410452], [-160.33089359297048, 63.87712092597163], [-160.32599507703122, 63.878568488004014], [-160.3217657978938, 63.879629046857204], [-160.31771108297568, 63.88062696611415], [-160.31369459855935, 63.88151277910852], [-160.31046637502513, 63.88197912895188], [-160.307122444889, 63.882781400906424], [-160.30244120626415, 63.884081048063905], [-160.29853934957305, 63.88520999305487], [-160.29580552283858, 63.88593130283179], [-160.29408864470128, 63.88641693313873]]}, "properties": {"fault_name": "Kaltag fault", "section_name": "", "class": "A"}}, {"type": "Feature", "geometry": {"type": "LineString", "coordinates": [[-160.26673360131846, 63.8932962591891], [-160.26378191695792, 63.89388801396438], [-160.25742698310975, 63.89531083107162], [-160.25086342901162, 63.896935163953714], [-160.24888422664165, 63.897375914120545], [-160.24488097261286, 63.89834196695762], [-160.2363129680954, 63.900296943900486], [-160.22791685441095, 63.90188557882529], [-160.2206238117082, 63.90334544797792], [-160.21363374380135, 63.904461340005696], [-160.20848529139724, 63.905666666073245], [-160.20175495608345, 63.907709434098074], [-160.19406549942227, 63.90968087691238], [-160.19000223883086, 63.91067540209995], [-160.18750509302086, 63.91105374886157], [-160.18351369405892, 63.911796808937325], [-160.1809149784347, 63.91228957102998], [-160.17876829955307, 63.91254304115467], [-160.17487468400643, 63.91256446506617], [-160.17421387879185, 63.913005381838175], [-160.173385076941, 63.91383945381969], [-160.17107176955736, 63.91478941711457], [-160.16743758207485, 63.91573814393746], [-160.16431780226338, 63.91644503200716], [-160.16065998729226, 63.91728417886371], [-160.15746451633328, 63.9176353168754], [-160.15569130843775, 63.91787319890587], [-160.1542557539013, 63.91881466118135], [-160.15214890991265, 63.919259239082145], [-160.14781297380156, 63.92076028314838], [-160.1454462058787, 63.92146366389485], [-160.14319373869424, 63.92241066992609], [-160.1419594552905, 63.92281957794859]]}, "properties": {"fault_name": "Kaltag fault", "section_name": "", "class": "A"}}, {"type": "Feature", "geometry": {"type": "LineString", "coordinates": [[-159.8883821392352, 64.08273095681258], [-159.8868552197462, 64.08272361817805], [-159.8797552887784, 64.08306537010466], [-159.868430685234, 64.08363673190017], [-159.85740422624417, 64.08492792101205], [-159.8485939137552, 64.08586666499681], [-159.83813121677647, 64.08693499206643], [-159.82659472670767, 64.08797722386382], [-159.81849956032147, 64.08868703209421], [-159.81210921398647, 64.08953082284177], [-159.8074955053148, 64.09010671201345], [-159.80358557995584, 64.090389324833], [-159.7996169631678, 64.09113998297326], [-159.7901972335901, 64.09209848500052], [-159.78470061214816, 64.09284043211701], [-159.77556948701672, 64.09372044088465], [-159.7711190094187, 64.09435552689263], [-159.76325119135953, 64.09545297489028], [-159.75847096378027, 64.09596707591477], [-159.75607420560164, 64.09619104200587]]}, "properties": {"fault_name": "Kaltag fault", "section_name": "", "class": "A"}}, {"type": "Feature", "geometry": {"type": "LineString", "coordinates": [[-159.7094056773594, 64.10247798698606], [-159.70808146361253, 64.10272740207748], [-159.69993698510712, 64.1047635180043], [-159.6905058424337, 64.10724665403843], [-159.68455373561684, 64.10880044681095], [-159.67461342155224, 64.1110353619966], [-159.6659707230172, 64.11288846301643], [-159.66215996897066, 64.11369597213428]]}, "properties": {"fault_name": "Kaltag fault", "section_name": "", "class": "A"}}, {"type": "Feature", "geometry": {"type": "LineString", "coordinates": [[-159.64975388185906, 64.06198643691214], [-159.6466284489495, 64.06236896091924], [-159.63888050837005, 64.06405450194981], [-159.63154700734358, 64.06552461389127], [-159.62375881325627, 64.0670111990875], [-159.6118864826286, 64.06944692509057], [-159.60635353062162, 64.07078260182297], [-159.60054296056427, 64.07226138402726], [-159.59619423244357, 64.07341987699266], [-159.59194541674532, 64.07430839914505]]}, "properties": {"fault_name": "Kaltag fault", "section_name": "", "class": "A"}}, {"type": "Feature", "geometry": {"type": "LineString", "coordinates": [[-159.63073095168835, 64.12005419300564], [-159.62537654613232, 64.12078479493448], [-159.61782495571438, 64.1219956809282], [-159.60897239096604, 64.1235868948517], [-159.60000567370128, 64.12538139808535], [-159.59265465732338, 64.12684974494987], [-159.586642122634, 64.12813545817009], [-159.58294046179222, 64.12873720903963], [-159.577243180072, 64.13007749204871], [-159.57014214237978, 64.1312693409402], [-159.56503771640774, 64.13252087510544], [-159.55970480124824, 64.13338133082912], [-159.5556740542802, 64.13465981701756], [-159.54919047359851, 64.13589460784705], [-159.54572761640026, 64.13695246495766], [-159.54177132719283, 64.1378285938737], [-159.53768844919222, 64.13884229913747], [-159.5334662397961, 64.13992749312521], [-159.5305712175704, 64.14076470096184], [-159.52440130433143, 64.14205349508978], [-159.52006431719144, 64.14334206995466], [-159.51248956371396, 64.14528015416622], [-159.50602698025372, 64.14664528792197], [-159.5034592250658, 64.14760316788771], [-159.49866516343118, 64.14890760899574], [-159.49178352397576, 64.15048684510498], [-159.48888623889388, 64.1513232708793], [-159.48390142360188, 64.15243447908396], [-159.48072523498047, 64.15341385809327]]}, "properties": {"fault_name": "Kaltag fault", "section_name": "", "class": "A"}}, {"type": "Feature", "geometry": {"type": "LineString", "coordinates": [[-155.7999044274103, 64.7475158101755], [-155.78969393244753, 64.74830151785645], [-155.7799266509746, 64.74922990714309], [-155.77170430021215, 64.74984324216597], [-155.76919592995273, 64.75005731613386], [-155.76114920611656, 64.75070519705856], [-155.7531936037895, 64.75142584510948], [-155.74522389162428, 64.75192360409181], [-155.7371669952658, 64.75242192596086], [-155.7314449344168, 64.75270833608445]]}, "properties": {"fault_name": "Kaltag fault", "section_name": "", "class": "A"}}, {"type": "Feature", "geometry": {"type": "LineString", "coordinates": [[-155.62256629228835, 64.76026368707717], [-155.61556077335862, 64.76096733915855], [-155.6066549259375, 64.76191292506678], [-155.6026767950923, 64.76232498097443], [-155.59151793970094, 64.76344129309187], [-155.57950736014772, 64.76489938293909], [-155.56844174359466, 64.76616149795022], [-155.55754905542875, 64.76742108894813], [-155.54718120796755, 64.76874890487697], [-155.54087145758157, 64.76951645915976], [-155.5352570849722, 64.77027689791278], [-155.53153964701903, 64.77072165410338], [-155.52990130858703, 64.77099748917352], [-155.5274112585695, 64.77161560207108], [-155.52449423211092, 64.77238627301817], [-155.52105320756732, 64.77312490296136], [-155.517969852644, 64.77404549100142], [-155.51487439022728, 64.77474350998774]]}, "properties": {"fault_name": "Kaltag fault", "section_name": "", "class": "A"}}, {"type": "Feature", "geometry": {"type": "LineString", "coordinates": [[-155.50196080169255, 64.77902426515892], [-155.49578156483923, 64.78067921501729], [-155.48771871893865, 64.78294558910326], [-155.48307677621756, 64.78406587900494], [-155.47672517601745, 64.78579591381403], [-155.46934011259196, 64.78775806408457], [-155.4627276847525, 64.78952708698746], [-155.45637170616368, 64.79121922204317], [-155.44545883464997, 64.7940665651415], [-155.43816026461326, 64.79610063003723], [-155.43076796256324, 64.79802389591477], [-155.4249249139168, 64.79959871297213], [-155.42071306479087, 64.80071319312634], [-155.41297751108087, 64.8027871551007], [-155.40067726167942, 64.80594073881473], [-155.39466222338532, 64.80762726901021], [-155.38726577291533, 64.80958559613296], [-155.38090258624464, 64.81131179184487], [-155.37487260088255, 64.8127379529014], [-155.36883302869975, 64.81397843710283], [-155.36166587859591, 64.8153398491124], [-155.3569211793861, 64.81634592686079], [-155.3497528560825, 64.81770679687925], [-155.3412057508701, 64.819413139134], [-155.3355082742155, 64.82057516893033], [-155.32980683958368, 64.8216628141865], [-155.3268688275818, 64.82220730003282], [-155.31616129926388, 64.82437587681996], [-155.30803899836621, 64.82592838202324], [-155.2986256342506, 64.8278622598664], [-155.29119012593034, 64.82922263792446], [-155.2841913758063, 64.8306161699317], [-155.27874910513398, 64.83173690494071], [-155.27243642264693, 64.83290165214453], [-155.26803094705136, 64.83382802798036]]}, "properties": {"fault_name": "Kaltag fault", "section_name": "", "class": "A"}}, {"type": "Feature", "geometry": {"type": "LineString", "coordinates": [[-154.7706086214064, 64.90816588494005], [-154.76582133756062, 64.90893148984071], [-154.76217016203776, 64.90969141802987], [-154.75912070324503, 64.91007729300551], [-154.75372285156857, 64.9109196981142], [-154.74771470964097, 64.91183904392007], [-154.7428358245856, 64.91249306685891], [-154.7391777284418, 64.91302985986776], [-154.73526205655998, 64.91375330313899], [-154.7277788764442, 64.91516117216965], [-154.72229643670568, 64.91618840999918], [-154.71881612703805, 64.91687232603844], [-154.71394134009705, 64.91774805787718], [-154.70915742673014, 64.91877164796853], [-154.70166329255787, 64.91984436993194], [-154.69791785142235, 64.9204547989591], [-154.69469511030624, 64.9209886088688], [-154.69068792255487, 64.921637132183], [-154.68606928123396, 64.9223253381319], [-154.68275774883858, 64.92282218582784], [-154.67752919905044, 64.92362411592441], [-154.67474211569436, 64.92411852196602], [-154.67169255539199, 64.92461400583264], [-154.66985941459566, 64.92477028292447], [-154.66636711780893, 64.9250449249027], [-154.6620018696701, 64.92539739191967], [-154.65632627867075, 64.92582944810614], [-154.65126191666204, 64.92622165103742], [-154.647333630637, 64.92657189193105], [-154.64357848859476, 64.9268471100806], [-154.63842797904863, 64.92731346209669], [-154.63545820800812, 64.92751107117179]]}, "properties": {"fault_name": "Kaltag fault", "section_name": "", "class": "A"}}, {"type": "Feature", "geometry": {"type": "LineString", "coordinates": [[-154.31031053492708, 64.96734234201065], [-154.30768668803452, 64.96771857791596], [-154.29946906241045, 64.96929296306465], [-154.2935236758902, 64.97041740293619], [-154.28748906689935, 64.97143046306948], [-154.28215529744202, 64.97247913789191], [-154.2781320711695, 64.97319135286733], [-154.27437149342148, 64.97390300583893], [-154.26938653799235, 64.97487642602557], [-154.26510187592103, 64.97581139781713], [-154.258716626627, 64.97704658907837], [-154.25303186742184, 64.9782803938414], [-154.24909602117535, 64.97914015410616], [-154.2461213399435, 64.97970145607856], [-154.24279983535016, 64.98070852513243], [-154.23781729010093, 64.98223755098802], [-154.2334455830752, 64.9835057639067], [-154.22907408625528, 64.9848480718549], [-154.2256634103952, 64.98581780691812], [-154.22207864911798, 64.98697325207416], [-154.21893248039672, 64.98820222193092], [-154.2144733107, 64.9897297919543], [-154.21097526020384, 64.99088487093252], [-154.20896435179594, 64.99162971616158]]}, "properties": {"fault_name": "Kaltag fault", "section_name": "", "class": "A"}}, {"type": "Feature", "geometry": {"type": "LineString", "coordinates": [[-159.48073779073317, 64.15347994203465], [-159.47897898642492, 64.15387594618889], [-159.47613242561388, 64.15417799604508], [-159.47395572593376, 64.15478858001212], [-159.46910902032852, 64.15582776508519], [-159.46221160286348, 64.15733959391999], [-159.4560476104205, 64.15869173604584], [-159.45127455409218, 64.16012687709089], [-159.44646358167233, 64.16136361192206], [-159.44370327080662, 64.16212767115995]]}, "properties": {"fault_name": "Kaltag fault", "section_name": "", "class": "A"}}, {"type": "Feature", "geometry": {"type": "LineString", "coordinates": [[-159.32620181794522, 64.18557546610343], [-159.3235391710189, 64.18606766501964], [-159.31748453768208, 64.18807525018627], [-159.3115381504386, 64.18901439302608], [-159.30455156440178, 64.19012254996593], [-159.29738810727207, 64.1911034680621], [-159.2916046178273, 64.19210265701292], [-159.28522468655976, 64.19318881904037], [-159.27998130289137, 64.19463447693944], [-159.27130049422868, 64.19653145185968], [-159.26535086406707, 64.19746880585633], [-159.26141402608053, 64.19853603392936], [-159.25491563487475, 64.19982450393164], [-159.24922530162326, 64.20135094799627], [-159.24369849858442, 64.2029380598168], [-159.2365459505955, 64.2048468750849], [-159.2287719597711, 64.20671011393904], [-159.2197355889359, 64.20921481380951], [-159.20751764407905, 64.21275885514835], [-159.19672598134832, 64.21658584804025], [-159.18488984294515, 64.2205805319902], [-159.1773341984304, 64.22369734802199], [-159.16702677794345, 64.22770514699428], [-159.15586210865555, 64.23207371617127], [-159.14718845058258, 64.23582528296791], [-159.13812525515462, 64.23912379896129], [-159.1309577187752, 64.24189242705276], [-159.1249250887729, 64.24415699195464], [-159.1219260775699, 64.24538836799113], [-159.1139465908361, 64.24791728482077], [-159.10679777983876, 64.24995237510804], [-159.09762003483903, 64.25265345316032], [-159.09036331012496, 64.25495736607931], [-159.0805727550996, 64.25767774895833], [-159.0717532806931, 64.26069778891495], [-159.06299124995573, 64.2631832689495], [-159.05745397795056, 64.26482989207437], [-159.05046106957076, 64.26692347710855], [-159.0456847757141, 64.26854448702927], [-159.04176489971675, 64.26980453006304], [-159.03772695544663, 64.27126788801392]]}, "properties": {"fault_name": "Kaltag fault", "section_name": "", "class": "A"}}, {"type": "Feature", "geometry": {"type": "LineString", "coordinates": [[-159.1463334314002, 64.19689867582274], [-159.13502608359406, 64.1996787620955], [-159.12499387636745, 64.20188203000028], [-159.11644893339994, 64.20383480205648], [-159.1100833599056, 64.20511435887671], [-159.1017475420413, 64.20739240812009], [-159.09064301496167, 64.20962912716539], [-159.08006424576675, 64.21224726897539], [-159.07238134231557, 64.21390216807907], [-159.0662106888648, 64.21543981804913], [-159.05754017220036, 64.21759312305882], [-159.05267068621785, 64.21868726895347], [-159.04810584140606, 64.21977117092128], [-159.04446731955227, 64.22089093784365], [-159.03911604103175, 64.22186728890365]]}, "properties": {"fault_name": "Kaltag fault", "section_name": "", "class": "A"}}, {"type": "Feature", "geometry": {"type": "LineString", "coordinates": [[-159.02491357218523, 64.22486746688816], [-159.02312938508032, 64.22519271193265], [-159.01512313394093, 64.22678855312176], [-159.00669289595376, 64.22859773882116], [-159.001197856445, 64.22964402599595], [-158.99823859210008, 64.2302739641833]]}, "properties": {"fault_name": "Kaltag fault", "section_name": "", "class": "A"}}, {"type": "Feature", "geometry": {"type": "LineString", "coordinates": [[-159.02365096040901, 64.27585477212946], [-159.02164271011603, 64.27665236196614], [-159.01488016660602, 64.27833754789073], [-159.00858600917675, 64.28007358204111], [-159.00194853271387, 64.28248565788046], [-158.99867264636728, 64.28305834091131]]}, "properties": {"fault_name": "Kaltag fault", "section_name": "", "class": "A"}}, {"type": "Feature", "geometry": {"type": "LineString", "coordinates": [[-159.00083821142942, 64.27954904692514], [-158.9971922946443, 64.28058330196747], [-158.99086031364993, 64.28210548993991], [-158.98005093704012, 64.28520302408405], [-158.97278544566717, 64.28744108300775], [-158.96913752114736, 64.28847468102296], [-158.9645083120454, 64.28994036502527], [-158.96010182225191, 64.2911699159548], [-158.95565571136447, 64.29217185791654], [-158.95262357927697, 64.29295632393415], [-158.9509331807793, 64.29386887602426], [-158.94767152284845, 64.29408877484241], [-158.9449504387163, 64.29514896200313], [-158.94211746402559, 64.29632708587486], [-158.94029935743384, 64.29650018208059], [-158.9382871491637, 64.29707983998344], [-158.93541461805776, 64.29803035216433], [-158.93325139400525, 64.29850043184233], [-158.9307430938144, 64.29926754083236], [-158.92484611121665, 64.30105871289483], [-158.91816062159845, 64.30287498315711], [-158.91466928511073, 64.30407370705476], [-158.91094422315578, 64.30545140801425], [-158.90683457895298, 64.30689852702345], [-158.90116806542952, 64.3085097590655], [-158.89883788858313, 64.30955653103662], [-158.89543747417858, 64.3105231208207], [-158.89281516699842, 64.31140757504619], [-158.8890493610554, 64.31255725017591], [-158.88666032210006, 64.31326257889958]]}, "properties": {"fault_name": "Kaltag fault", "section_name": "", "class": "A"}}, {"type": "Feature", "geometry": {"type": "LineString", "coordinates": [[-158.8768943207264, 64.31563269184592], [-158.87562902658073, 64.31595892089683], [-158.87161851057118, 64.31723029797577], [-158.86555386101892, 64.31885277510955], [-158.86206802581398, 64.32010720689937], [-158.8577069054339, 64.32087465486688], [-158.8535827579308, 64.3222634960781], [-158.84846152627645, 64.32322630993161], [-158.8441187719523, 64.32410713489784], [-158.84170847616235, 64.32469801383347], [-158.83909952693048, 64.3248948388492], [-158.83618259299834, 64.3256160020712], [-158.83165979742668, 64.32621621999898], [-158.82825515285546, 64.3271813420726], [-158.82482158522706, 64.32797574207453], [-158.82166980203525, 64.32887555690961], [-158.81787020955613, 64.32985286202182], [-158.81204366385978, 64.33135121795534], [-158.80706039995832, 64.33236541385483], [-158.80194533344175, 64.33338356991958], [-158.79759010600992, 64.33420620704793], [-158.7941738650867, 64.33511369807367], [-158.79001459255767, 64.33552970110779], [-158.7868324148683, 64.33625815484552], [-158.78288970369636, 64.3371818248245], [-158.7799132384104, 64.33756061608085], [-158.77585758924434, 64.33860198098402], [-158.77131256486095, 64.33908665901006], [-158.7691624876526, 64.33966822092037], [-158.76722802497704, 64.33995713785755]]}, "properties": {"fault_name": "Kaltag fault", "section_name": "", "class": "A"}}, {"type": "Feature", "geometry": {"type": "LineString", "coordinates": [[-158.75387376877805, 64.34231612908626], [-158.75192954860188, 64.34254796699034], [-158.74373901706508, 64.34337350801552], [-158.7347777337095, 64.34433677100827], [-158.72673646803696, 64.34527112199846], [-158.72091182317578, 64.34602242403693], [-158.71519033455357, 64.34659878909963]]}, "properties": {"fault_name": "Kaltag fault", "section_name": "", "class": "A"}}, {"type": "Feature", "geometry": {"type": "LineString", "coordinates": [[-157.98512271458102, 64.41380997607334], [-157.9791309696023, 64.4140548899244], [-157.95768466506937, 64.4152363250346], [-157.94013395507173, 64.41604590607086], [-157.92387368486115, 64.41717920901694], [-157.90203296332467, 64.41854217901269], [-157.87856967058602, 64.4202119469654], [-157.86455875130417, 64.42110277294034], [-157.85492059906008, 64.42206206096265]]}, "properties": {"fault_name": "Kaltag fault", "section_name": "", "class": "A"}}, {"type": "Feature", "geometry": {"type": "LineString", "coordinates": [[-157.73667467100026, 64.43198620783997], [-157.73668051543947, 64.43203096198334], [-157.73533160610717, 64.43206372617568], [-157.7326221030556, 64.43203971112372], [-157.7276473120639, 64.43220524990058], [-157.72286252373797, 64.43223134206907], [-157.7187235800838, 64.43242125381711], [-157.71687324732957, 64.4326006621654]]}, "properties": {"fault_name": "Kaltag fault", "section_name": "", "class": "A"}}, {"type": "Feature", "geometry": {"type": "LineString", "coordinates": [[-157.65280253114886, 64.43705349392258], [-157.64846626625436, 64.43733596001525], [-157.64681134492218, 64.43742008997538], [-157.64353567327294, 64.43785684010045], [-157.6390371546718, 64.4385020169606], [-157.63502329513278, 64.43886625602403], [-157.6309168974414, 64.43932235501424], [-157.62593289961634, 64.44024794708322], [-157.62224137356756, 64.44069403104002], [-157.6168472867305, 64.44167386195701], [-157.6133913232037, 64.44233864892719], [-157.60849310909842, 64.44312696409773], [-157.60441951788118, 64.44385091598298], [-157.6019030097836, 64.44453831692505], [-157.5977896411656, 64.44494877785289], [-157.59548052442273, 64.44563122103786], [-157.59281483939412, 64.44596282395145], [-157.5900565012288, 64.446386322062], [-157.58508678571846, 64.44744488118604], [-157.58050962859735, 64.44831457704831], [-157.57400961144094, 64.44963280795471], [-157.56908113399203, 64.45019607499492], [-157.56503344120443, 64.45114279610367], [-157.56114858782502, 64.45172651603494], [-157.55758626556525, 64.45239246306414], [-157.55437799361349, 64.45255635602987], [-157.55009398371905, 64.45328367509029], [-157.5437325882891, 64.4540587060951], [-157.54087997013806, 64.45457324382681], [-157.53814219081633, 64.45517486689319], [-157.53475343564583, 64.45556693914219], [-157.5314684529587, 64.45595655418985], [-157.52637447798668, 64.45688132717099], [-157.5215587157497, 64.45753022616951], [-157.5195583948857, 64.45820441497497], [-157.51688515412727, 64.45848994483096], [-157.5128889428903, 64.459030063927], [-157.50994238521506, 64.459635930001], [-157.50502739058027, 64.4603314460907], [-157.5001395601013, 64.46125062805794], [-157.49461164674477, 64.46204950911593], [-157.49187218038693, 64.46265031616309], [-157.48724607676095, 64.46315914308384], [-157.48299695294057, 64.46419795995098], [-157.476778777713, 64.46532600807627], [-157.47000795982092, 64.46619692085855], [-157.46655105755465, 64.46690319907471], [-157.46592758901824, 64.46691723092042], [-157.4639090260658, 64.46745640782589], [-157.45896448404469, 64.46792663411958], [-157.4567487103446, 64.46855991891054], [-157.4515407517395, 64.46943979895816], [-157.446873694818, 64.47048694399267], [-157.44349266515897, 64.47096654985782], [-157.43999142564357, 64.47131410288458], [-157.43580563844063, 64.47203594215907], [-157.4321124352372, 64.47252225411559], [-157.42775061057793, 64.47351711090046], [-157.42375598486748, 64.4740996958626], [-157.42185614595792, 64.47477032185728], [-157.41543071681787, 64.47594529603819], [-157.41303753932397, 64.47685117682036], [-157.40701643291013, 64.47792705712106], [-157.40009651534214, 64.47933673316368], [-157.39497286003314, 64.48007811490763], [-157.3910806180105, 64.48065756897854], [-157.38394600488627, 64.48202633311348], [-157.37945060164253, 64.482798270907], [-157.3745760545517, 64.483892575888], [-157.36734113823778, 64.48530762482888], [-157.36122834437614, 64.48651831317947], [-157.3530403613598, 64.4878187929289], [-157.34532531888274, 64.48960229587094], [-157.33775455212847, 64.49084365503812], [-157.330937333557, 64.49229277303719], [-157.3220338019927, 64.49374166491286], [-157.3153243192716, 64.49523262986192], [-157.30886398159956, 64.49617933303087], [-157.30366716839214, 64.49723334110092], [-157.29691972376543, 64.49841009995839], [-157.290374651606, 64.4995373521121], [-157.28711223010714, 64.50019042187412], [-157.2813050143591, 64.50139131283163], [-157.27570028785922, 64.50254279206528], [-157.2714273784468, 64.50348628080934], [-157.26756531891942, 64.50437605911536], [-157.2649995642796, 64.50474458207411], [-157.2614084213706, 64.50526939703977], [-157.25804061401422, 64.50592405892584], [-157.25492163639834, 64.5069324590197], [-157.2507565616509, 64.5079179601337], [-157.24766478232684, 64.50825238706179], [-157.24574836321207, 64.50883132192077], [-157.24270220123645, 64.50956863392386], [-157.23881810334024, 64.51027859495447], [-157.23618289365763, 64.51096226211966], [-157.2305795379869, 64.51215689402522], [-157.2274538490575, 64.51311997199967], [-157.22470388678386, 64.51371606892978], [-157.2216263376722, 64.51418430781473], [-157.21867298963176, 64.51482942305705], [-157.21162571521097, 64.51618810482228], [-157.20678782567194, 64.51678243690728], [-157.20340735835828, 64.51734636101718], [-157.20133006265425, 64.51743435712478], [-157.1970273902598, 64.51815191516188], [-157.19306191757525, 64.51908678201637], [-157.18948266566562, 64.5197442701468], [-157.1865921439995, 64.52002839599295], [-157.18478782115747, 64.52069398986858], [-157.18224450284023, 64.52128503890383], [-157.17872396841088, 64.52153712297178], [-157.17670112498607, 64.52211735481696], [-157.17033923907596, 64.52310092789176], [-157.16379841864273, 64.52435718789624], [-157.15724711307345, 64.52552361211366], [-157.1521088978703, 64.52625696885778], [-157.1451647338745, 64.52765529310483], [-157.1377089218322, 64.52915345613431], [-157.13412221480402, 64.52976488898477], [-157.1321774682151, 64.53011852496667], [-157.12921554216197, 64.53071716319187], [-157.1256235494467, 64.53128361907116], [-157.12338078227071, 64.53177781718819], [-157.11989761416388, 64.53238681294206], [-157.11600736460457, 64.53309370799855], [-157.11314408524774, 64.53364515514755], [-157.10616207972058, 64.53472826702118], [-157.10136754916533, 64.53576713093102], [-157.097977891188, 64.53628398006911], [-157.0926666730376, 64.53737781100125], [-157.0865068972866, 64.5383537769923], [-157.08324507316746, 64.53909213686904], [-157.0773123501978, 64.54024270998295], [-157.0709864076788, 64.54162526501074], [-157.0634525131737, 64.54343543210237], [-157.0574282689446, 64.54472166801128], [-157.05385227522447, 64.54546560289396], [-157.04720654863405, 64.54680859302242], [-157.03701195385182, 64.54916355782478], [-157.0268723826774, 64.5510679621627], [-157.0192620496264, 64.55220421306313], [-157.0149258880382, 64.55269280099022], [-157.0097933187466, 64.55355580903006], [-157.00550400699538, 64.55449199591358], [-156.9964839073449, 64.55614817203785], [-156.9873209297501, 64.5574475449075], [-156.97930423389892, 64.55872426583197], [-156.9727328419999, 64.55983812991013], [-156.9696835332258, 64.56065967708035], [-156.96459189297522, 64.56093694692164], [-156.96259915479058, 64.56187271017075], [-156.95899063936227, 64.56234573781933], [-156.95497873725225, 64.56296102506825], [-156.95160639520032, 64.56369862590948], [-156.94941601956833, 64.56374044091949], [-156.9451951028479, 64.56435945614548], [-156.93917035376558, 64.56573069806294], [-156.92873763356786, 64.5679481830113], [-156.91306032416261, 64.57102675899903], [-156.8993485106327, 64.57393222097313], [-156.89490720034217, 64.57446420507745], [-156.893278591563, 64.57489857594503], [-156.88920003984876, 64.57591724116219], [-156.8851620407814, 64.57630677198217], [-156.88059291190405, 64.57764848885614], [-156.87576487957864, 64.5785012440589], [-156.8715582415796, 64.5792974299197], [-156.8670247353948, 64.57996493183191], [-156.86398824557983, 64.58096358715848], [-156.8613330501788, 64.5815961209072], [-156.85771586690635, 64.58202200607602], [-156.8506944208466, 64.58291447092552], [-156.84587355438222, 64.58385588499364], [-156.83967745884598, 64.58464289698716], [-156.83555545741808, 64.58525702306306], [-156.83205963474387, 64.58585957202394], [-156.8291677835711, 64.5862266181823], [-156.8265513387965, 64.5872617041063], [-156.82291071488496, 64.58746280991377], [-156.820402770427, 64.5885406820054], [-156.81753708897506, 64.58917627692983], [-156.81453587959462, 64.58950015883119], [-156.81075239301018, 64.59037669515817], [-156.80880835609037, 64.59081587704317], [-156.80663776944573, 64.59107964510669], [-156.80437596337563, 64.59147965886253], [-156.80090074985063, 64.59230548317224], [-156.7982298914243, 64.59280255890616], [-156.79568095414496, 64.59347688183819], [-156.79086526826478, 64.59450618784246], [-156.78790705944033, 64.59527751005311], [-156.78338657074232, 64.59612175908306], [-156.7805887363489, 64.59639643218236], [-156.77846555380182, 64.59715256082258], [-156.77611590417501, 64.59773322406042], [-156.77343537628298, 64.59814028394216], [-156.76972341266315, 64.59870038415811], [-156.7637874216225, 64.60006298783051], [-156.76112822243024, 64.60069381790608], [-156.75784652128883, 64.60138057002767]]}, "properties": {"fault_name": "Kaltag fault", "section_name": "", "class": "A"}}, {"type": "Feature", "geometry": {"type": "LineString", "coordinates": [[-156.7583057023328, 64.60131839187527], [-156.75152658760075, 64.60282026606633], [-156.7463478170558, 64.6042243858462], [-156.7421132791807, 64.60540442291075], [-156.73817342644804, 64.6063028859034]]}, "properties": {"fault_name": "Kaltag fault", "section_name": "", "class": "A"}}, {"type": "Feature", "geometry": {"type": "LineString", "coordinates": [[-156.73822625906485, 64.6062611940002], [-156.73812178589563, 64.6062630419499], [-156.7367679340326, 64.60633185901492], [-156.72976249595126, 64.60748765296644], [-156.7217459312541, 64.60901989094118], [-156.713423573746, 64.61064680992193], [-156.70911169361992, 64.61153004401004], [-156.7055182564136, 64.61226598104791]]}, "properties": {"fault_name": "Kaltag fault", "section_name": "", "class": "A"}}, {"type": "Feature", "geometry": {"type": "LineString", "coordinates": [[-148.06896112119094, 61.886552210145055], [-148.06607858734435, 61.886794805065385], [-148.06258385432656, 61.887167616046675], [-148.05826215471606, 61.887641370936706], [-148.05424793135936, 61.888259237899014], [-148.0496525573026, 61.889125241202], [-148.04603866455903, 61.88992920918647], [-148.04245427787922, 61.89070627996233], [-148.03966996762242, 61.89162474914065], [-148.03743547932007, 61.89234190990448], [-148.0337926248917, 61.89343280086044], [-148.03082479690715, 61.894555485906785], [-148.02745555404297, 61.89541986293917], [-148.02491420483284, 61.89617887813922], [-148.0230160188234, 61.89680343685926], [-148.0202292525726, 61.89765076305317], [-148.0188189640519, 61.897840253116826]]}, "properties": {"fault_name": "East Boulder Creek fault (Castle Mountain fault system)", "section_name": "", "class": "B"}}, {"type": "Feature", "geometry": {"type": "LineString", "coordinates": [[-147.99759875828948, 61.90516870816047], [-147.9957302858547, 61.9058379828014], [-147.99217823942345, 61.90725054495978], [-147.98880895972832, 61.908401432971765], [-147.98626600972037, 61.90927201199274], [-147.983999769566, 61.91014534603489], [-147.9812122235775, 61.91128378903048], [-147.98001841826047, 61.91177620611045]]}, "properties": {"fault_name": "East Boulder Creek fault (Castle Mountain fault system)", "section_name": "", "class": "B"}}, {"type": "Feature", "geometry": {"type": "LineString", "coordinates": [[-147.94133158301435, 61.93088018091368], [-147.94240413912425, 61.93034355304161], [-147.94344508531591, 61.9297168930009], [-147.9445791131407, 61.92904931312496], [-147.94509938142065, 61.92864168514702]]}, "properties": {"fault_name": "East Boulder Creek fault (Castle Mountain fault system)", "section_name": "", "class": "B"}}, {"type": "Feature", "geometry": {"type": "LineString", "coordinates": [[-147.9305371390995, 61.93546977808544], [-147.93022992335716, 61.93555650092564], [-147.92676388432616, 61.93688160206366], [-147.92477007175643, 61.93766706707327], [-147.92142590805835, 61.93911739607039], [-147.91903253203677, 61.93988675497929], [-147.9158393194424, 61.94067557892521], [-147.91387385321144, 61.941258961818384], [-147.91197030156485, 61.941783247014094], [-147.909974368971, 61.942191284033484], [-147.90816289913263, 61.94264315579543], [-147.9071191007899, 61.94304947602814], [-147.90558369042483, 61.94339645898265]]}, "properties": {"fault_name": "East Boulder Creek fault (Castle Mountain fault system)", "section_name": "", "class": "B"}}, {"type": "Feature", "geometry": {"type": "LineString", "coordinates": [[-148.16839097773385, 61.8588699079196], [-148.166320358309, 61.859623691812615], [-148.16332866837558, 61.86063224404195], [-148.1587767260662, 61.86195435686873], [-148.15389406000182, 61.863849505818685], [-148.1490421432696, 61.86577496110687], [-148.14461614206812, 61.867500243004116], [-148.14122617686695, 61.868668053982645], [-148.13737533639917, 61.86983574208951], [-148.1342011195798, 61.87111896399569], [-148.13096423718454, 61.8723176050528], [-148.12839951830227, 61.87338365792582], [-148.12513243993706, 61.87470773299027], [-148.1216493957977, 61.875935231896875], [-148.1183476649204, 61.87688630098665], [-148.11443034732494, 61.87775330607081], [-148.1105145972897, 61.878736984043464], [-148.1071817110417, 61.87977292886916], [-148.10307870718546, 61.88044786815959], [-148.10035438372836, 61.881053460074746], [-148.09671229825787, 61.88188662511102], [-148.0930383576291, 61.882637573192106], [-148.08875257086703, 61.88360523495523], [-148.0853207711231, 61.8840631338422], [-148.08311266544234, 61.88417044718807], [-148.08069463605608, 61.88474138296657], [-148.07683636023268, 61.88546289884214], [-148.07358883639455, 61.88599109889879], [-148.06896112119094, 61.886552210145055]]}, "properties": {"fault_name": "East Boulder Creek fault (Castle Mountain fault system)", "section_name": "", "class": "B"}}, {"type": "Feature", "geometry": {"type": "LineString", "coordinates": [[-147.94773348078556, 61.927088690084354], [-147.94920309674262, 61.9262210529482], [-147.95260435197025, 61.924577330033266], [-147.95582087943953, 61.92290769111557], [-147.9592829443237, 61.921307966929966], [-147.96124237657088, 61.92020860711634], [-147.96464027299766, 61.9182457469439], [-147.96752007596584, 61.917009370128646], [-147.97061385493973, 61.915645134926685], [-147.97327810176554, 61.914396104956595], [-147.97661749990104, 61.91308487989317], [-147.97912964308466, 61.91216936286019], [-147.98001841826047, 61.91177620611045]]}, "properties": {"fault_name": "East Boulder Creek fault (Castle Mountain fault system)", "section_name": "", "class": "B"}}, {"type": "Feature", "geometry": {"type": "LineString", "coordinates": [[-147.88844411867146, 61.95191051981427], [-147.889012369564, 61.951700438078575], [-147.8909459357209, 61.95078594779672], [-147.89232761469643, 61.95003172394917], [-147.89352335498464, 61.94918864907033], [-147.89499520415345, 61.94804316593166], [-147.89662042718234, 61.94704123395615], [-147.89827682983642, 61.945926135006985], [-147.90042530624692, 61.94512632497615], [-147.9034646230601, 61.94399330595455], [-147.90558369042483, 61.94339645898265]]}, "properties": {"fault_name": "East Boulder Creek fault (Castle Mountain fault system)", "section_name": "", "class": "B"}}, {"type": "Feature", "geometry": {"type": "LineString", "coordinates": [[-147.88844411867146, 61.95191051981427], [-147.88741507156402, 61.95229378498879], [-147.88379246516217, 61.953848102030655], [-147.88038363983162, 61.955445259180124], [-147.8763595179388, 61.95693828784435], [-147.8728266586237, 61.95819091798017], [-147.86720392359732, 61.96020614315907], [-147.86324048919013, 61.961819355181134], [-147.8597676166748, 61.96293623191406], [-147.8558950809946, 61.964217557129054], [-147.85242232256527, 61.96566657293329], [-147.84879543389442, 61.96721883901572], [-147.84526058391268, 61.96864143911717], [-147.84357044143485, 61.96936953980217]]}, "properties": {"fault_name": "East Boulder Creek fault (Castle Mountain fault system)", "section_name": "", "class": "B"}}, {"type": "Feature", "geometry": {"type": "LineString", "coordinates": [[-147.8017947320163, 61.970050218032576], [-147.79997408858222, 61.970410637024344], [-147.7986819842169, 61.970539321992845], [-147.79594410608047, 61.9708471859486], [-147.79240581465285, 61.9709391749496], [-147.78874408033215, 61.97091002604171], [-147.78363699444859, 61.97065681718743], [-147.78019064469194, 61.97075702706169], [-147.7761595860085, 61.970919039068846], [-147.77154458196617, 61.97083745484498], [-147.76843754565533, 61.97052229618686], [-147.76342213823636, 61.97049693011603], [-147.75692970286093, 61.97048264694333], [-147.752223037422, 61.97025716906899], [-147.75068434281621, 61.97031504384958]]}, "properties": {"fault_name": "East Boulder Creek fault (Castle Mountain fault system)", "section_name": "", "class": "B"}}, {"type": "Feature", "geometry": {"type": "LineString", "coordinates": [[-148.17608180073256, 61.85838728603952], [-148.17478272005073, 61.85857382206362], [-148.17168979717133, 61.85878842496042], [-148.16890116601797, 61.85884384995388], [-148.16839097773385, 61.8588699079196]]}, "properties": {"fault_name": "East Boulder Creek fault (Castle Mountain fault system)", "section_name": "", "class": "B"}}, {"type": "Feature", "geometry": {"type": "LineString", "coordinates": [[-148.0188189640519, 61.897840253116826], [-148.01829776242235, 61.89791584020269], [-148.01673504057766, 61.89830873296926], [-148.01358160718073, 61.89932897217237], [-148.01082590557075, 61.90029192893113], [-148.00788662065605, 61.90135480197101], [-148.00500729110007, 61.90221477679881], [-148.0025271423136, 61.903162341854085], [-147.99919034030927, 61.90448429381054], [-147.99759875828948, 61.90516870816047]]}, "properties": {"fault_name": "East Boulder Creek fault (Castle Mountain fault system)", "section_name": "", "class": "B"}}, {"type": "Feature", "geometry": {"type": "LineString", "coordinates": [[-147.94509938142065, 61.92864168514702], [-147.94555771176007, 61.92816742486885], [-147.94730425855627, 61.9272667550372], [-147.94773348078556, 61.927088690084354]]}, "properties": {"fault_name": "East Boulder Creek fault (Castle Mountain fault system)", "section_name": "", "class": "B"}}, {"type": "Feature", "geometry": {"type": "LineString", "coordinates": [[-147.9305371390995, 61.93546977808544], [-147.93204031791217, 61.93483045495045], [-147.93786586108868, 61.93218756403814], [-147.94016601444162, 61.93128822792007], [-147.94133158301435, 61.93088018091368]]}, "properties": {"fault_name": "East Boulder Creek fault (Castle Mountain fault system)", "section_name": "", "class": "B"}}, {"type": "Feature", "geometry": {"type": "LineString", "coordinates": [[-150.12438964111576, 61.573181141913], [-150.1094056227007, 61.57638889493186], [-150.08357230923954, 61.58282811414914], [-150.05270386764397, 61.59143774610297], [-150.0251465416255, 61.59896043319299], [-149.9959564467298, 61.605728328806535], [-149.97175595334983, 61.6114312930196], [-149.93501285857954, 61.61996111687534], [-149.90075683770823, 61.62850979293245]]}, "properties": {"fault_name": "Castle Mountain fault", "section_name": "Susitna section", "class": "A"}}, {"type": "Feature", "geometry": {"type": "LineString", "coordinates": [[-149.87248239827653, 61.63122209611087], [-149.86495972462762, 61.63299961500802], [-149.84991468365533, 61.63618062091466], [-149.82896412698838, 61.64262060095214], [-149.7980042476767, 61.64970046180694], [-149.77549747835764, 61.652809564156655], [-149.75105287408743, 61.66251036085273], [-149.72595219423266, 61.66778918810077], [-149.70254507225042, 61.67198212680045], [-149.66679396279383, 61.67348064205042], [-149.63256831755552, 61.677928757019345], [-149.59323129967308, 61.68524881402038], [-149.54783633277205, 61.69726994799929]]}, "properties": {"fault_name": "Castle Mountain fault", "section_name": "Susitna section", "class": "A"}}, {"type": "Feature", "geometry": {"type": "LineString", "coordinates": [[-150.58354485495803, 61.44697638015678], [-150.58389455203016, 61.44681565689528], [-150.58737822858345, 61.44376371906328], [-150.59168632320896, 61.440028478991955], [-150.59403963526717, 61.4392936379489], [-150.59552855332473, 61.43885326212137], [-150.6037198187851, 61.43641974215327], [-150.61511943704562, 61.43235817402289], [-150.6275446537812, 61.4294553329895], [-150.63114963703381, 61.42897394190781], [-150.66605757159505, 61.41930794098666], [-150.69521319543838, 61.41278076301421], [-150.74813213315556, 61.39925768215576], [-150.81143337671847, 61.384316937901865], [-150.87024026806648, 61.37005019311531], [-150.9024420673602, 61.36236036595492], [-150.90354954457842, 61.36207728883667], [-150.9153747585694, 61.3590389869187], [-150.9314022474421, 61.3549231930508], [-150.95496703543478, 61.3481803089034], [-150.98410205282383, 61.34205115511633], [-151.02069269720224, 61.33298826993352], [-151.0499129862713, 61.32712994293019], [-151.09008719357433, 61.31619264005864], [-151.1034730300472, 61.31410377891712]]}, "properties": {"fault_name": "Castle Mountain fault", "section_name": "Susitna section", "class": "A"}}, {"type": "Feature", "geometry": {"type": "LineString", "coordinates": [[-150.28976913457922, 61.53400479021233], [-150.29190913179175, 61.53325217614644], [-150.3006335985772, 61.53035770503482], [-150.3028267832411, 61.52967798380114], [-150.30648298034637, 61.52854656105071], [-150.30866268489112, 61.527785805079056], [-150.31096001573746, 61.52704043308574], [-150.31498615255148, 61.52567341398979]]}, "properties": {"fault_name": "Castle Mountain fault", "section_name": "Susitna section", "class": "A"}}, {"type": "Feature", "geometry": {"type": "LineString", "coordinates": [[-150.2797851812564, 61.53697434991831], [-150.28398066667114, 61.53577384485288], [-150.28568603110145, 61.53517880996277], [-150.28666069509987, 61.53492817817967], [-150.28833168729247, 61.53441839320868], [-150.28978926043482, 61.534020471092695]]}, "properties": {"fault_name": "Castle Mountain fault", "section_name": "Susitna section", "class": "A"}}, {"type": "Feature", "geometry": {"type": "LineString", "coordinates": [[-150.27229397559188, 61.539321731027094], [-150.2731654240625, 61.539069555976795], [-150.27566253663477, 61.538285696055794], [-150.27749450872292, 61.537621353831845]]}, "properties": {"fault_name": "Castle Mountain fault", "section_name": "Susitna section", "class": "A"}}, {"type": "Feature", "geometry": {"type": "LineString", "coordinates": [[-150.26525166975298, 61.53473919994286], [-150.26709535227914, 61.534394344901216], [-150.27048667842797, 61.53373026112871], [-150.27442930605653, 61.53305390683768], [-150.2766299880598, 61.53277888078923]]}, "properties": {"fault_name": "Castle Mountain fault", "section_name": "Susitna section", "class": "A"}}, {"type": "Feature", "geometry": {"type": "LineString", "coordinates": [[-150.25184713305083, 61.53705186908297], [-150.25611383510466, 61.536334312038576], [-150.26134097813107, 61.53535683083627], [-150.26295461828263, 61.535087600993336]]}, "properties": {"fault_name": "Castle Mountain fault", "section_name": "Susitna section", "class": "A"}}, {"type": "Feature", "geometry": {"type": "LineString", "coordinates": [[-150.15882213332972, 61.55464450396378], [-150.1607546475594, 61.55431125608718], [-150.16340404164035, 61.553867758126145], [-150.17238090896947, 61.55197063300154], [-150.1795673575806, 61.550685758086146], [-150.18581803924508, 61.549660516918024], [-150.19317954255558, 61.54827674881999], [-150.2007285709783, 61.547102565018506], [-150.20536263727095, 61.54620502008293], [-150.21078420626753, 61.54503981693816], [-150.21561499911581, 61.544038683139995], [-150.22006185560494, 61.54319942414356], [-150.22436912198376, 61.5422711868959], [-150.22876848364547, 61.54135090282379], [-150.2342558820844, 61.54012392284876], [-150.23809273578323, 61.53934383495724], [-150.24233490035508, 61.53867415505102], [-150.24690384597614, 61.53792691694663], [-150.25017909721385, 61.53729265398114]]}, "properties": {"fault_name": "Castle Mountain fault", "section_name": "Susitna section", "class": "A"}}, {"type": "Feature", "geometry": {"type": "LineString", "coordinates": [[-150.12647197097866, 61.56053355612606], [-150.1295495901589, 61.56000510886368], [-150.13342844099554, 61.55931399101016], [-150.1382529240773, 61.558373435114554], [-150.14347114593457, 61.55739542216677], [-150.14552317741956, 61.55705670891523]]}, "properties": {"fault_name": "Castle Mountain fault", "section_name": "Susitna section", "class": "A"}}, {"type": "Feature", "geometry": {"type": "LineString", "coordinates": [[-150.08576717375303, 61.56818192998887], [-150.09371862766008, 61.56663152593334], [-150.09701220093632, 61.56602357284399], [-150.09893589370992, 61.56555654100342], [-150.10133533874955, 61.56515422796736], [-150.10545540790125, 61.56431157916421], [-150.1092578219887, 61.56366935415207], [-150.11069886163824, 61.56340260480311]]}, "properties": {"fault_name": "Castle Mountain fault", "section_name": "Susitna section", "class": "A"}}, {"type": "Feature", "geometry": {"type": "LineString", "coordinates": [[-149.89734507219174, 61.608007983945164], [-149.90024572685425, 61.60750153917281], [-149.9042742495937, 61.60675138296051], [-149.9082064352054, 61.605989350122066], [-149.91237613268328, 61.60517254489392], [-149.9156872258025, 61.604621768007114], [-149.91919012001466, 61.603913007162824], [-149.92368673239073, 61.603053885055274], [-149.9252644300495, 61.6027951541168]]}, "properties": {"fault_name": "Castle Mountain fault", "section_name": "Susitna section", "class": "A"}}, {"type": "Feature", "geometry": {"type": "LineString", "coordinates": [[-149.87152393988583, 61.611621073872996], [-149.87320151044128, 61.611478941856184], [-149.87577683842702, 61.61117841593204], [-149.87857518396183, 61.610831765106155], [-149.88122720292003, 61.6104986798682], [-149.88580912740034, 61.609811189803075], [-149.8890648816031, 61.60929074279702], [-149.8924648827826, 61.608773327850336], [-149.89498332225804, 61.60834985587159], [-149.89734507219174, 61.608007983945164]]}, "properties": {"fault_name": "Castle Mountain fault", "section_name": "Susitna section", "class": "A"}}, {"type": "Feature", "geometry": {"type": "LineString", "coordinates": [[-150.5575916370677, 61.457066725938915], [-150.5576565116009, 61.45701460615911], [-150.56006879176934, 61.456079136879445], [-150.56410145125062, 61.45461946603733], [-150.56581709061115, 61.45400809817211], [-150.56886727703926, 61.452746842792], [-150.57149337061833, 61.45169334489309], [-150.572793570601, 61.45116906100786], [-150.57477529094868, 61.45043542398146], [-150.57597587944446, 61.44995455197686], [-150.5783268522897, 61.44886845113138], [-150.57951219098518, 61.44832898598141], [-150.58070467128718, 61.44780199594286], [-150.58166408009546, 61.4473610579998]]}, "properties": {"fault_name": "Castle Mountain fault", "section_name": "Susitna section", "class": "A"}}, {"type": "Feature", "geometry": {"type": "LineString", "coordinates": [[-150.39499058337069, 61.50004744200475], [-150.40036525312294, 61.49846556209405], [-150.40498108900522, 61.49710238695358], [-150.411451523741, 61.495411728195236], [-150.4168830218164, 61.49384414502222], [-150.42454421029225, 61.491725651177205], [-150.42741737560874, 61.49083654407493]]}, "properties": {"fault_name": "Castle Mountain fault", "section_name": "Susitna section", "class": "A"}}, {"type": "Feature", "geometry": {"type": "LineString", "coordinates": [[-150.34224442312367, 61.51721835316938], [-150.34374341219387, 61.516798606163086], [-150.34488491040858, 61.51638517387012], [-150.34752187000933, 61.51543880579011], [-150.3498133725861, 61.51453150910489], [-150.35293437859795, 61.51352715700103], [-150.3572535018402, 61.5119495099061], [-150.36074888613658, 61.51076446309694], [-150.36375464009407, 61.50974010197393], [-150.3667844751894, 61.50863571580619], [-150.3692505365956, 61.50788824793249], [-150.3705530353671, 61.5073388907866], [-150.37404264080124, 61.506310093156515], [-150.37947403377376, 61.50465431505475], [-150.38391647414494, 61.5033510969847]]}, "properties": {"fault_name": "Castle Mountain fault", "section_name": "Susitna section", "class": "A"}}, {"type": "Feature", "geometry": {"type": "LineString", "coordinates": [[-150.32783344541826, 61.52233463699678], [-150.32935210759317, 61.52188420703111], [-150.3333199302705, 61.52071329716287], [-150.33828718978688, 61.51922032614686], [-150.34331468134306, 61.517593324956245]]}, "properties": {"fault_name": "Castle Mountain fault", "section_name": "Susitna section", "class": "A"}}, {"type": "Feature", "geometry": {"type": "LineString", "coordinates": [[-150.3150062784071, 61.52568909479265], [-150.31565679342012, 61.52552264694746], [-150.31822569126507, 61.52478655198476], [-150.32491214208062, 61.522771727958684], [-150.3280920623037, 61.52198994708899]]}, "properties": {"fault_name": "Castle Mountain fault", "section_name": "Susitna section", "class": "A"}}, {"type": "Feature", "geometry": {"type": "LineString", "coordinates": [[-150.0499324949239, 61.57554662611278], [-150.0515239898071, 61.575195123837766], [-150.05454639493672, 61.574595033860554], [-150.05802283915364, 61.573938235913], [-150.06234401684296, 61.573025191155736], [-150.06622262064292, 61.5721477389107], [-150.07045798496807, 61.571290268896966], [-150.07493138757215, 61.57011577603699], [-150.07916087691535, 61.569042927960936], [-150.08323094583832, 61.5682812330426], [-150.0852330839941, 61.56776171219853]]}, "properties": {"fault_name": "Castle Mountain fault", "section_name": "Susitna section", "class": "A"}}, {"type": "Feature", "geometry": {"type": "LineString", "coordinates": [[-150.04546583597266, 61.57655933284674], [-150.04621023301763, 61.57640791096248], [-150.0469411418587, 61.57624378897495], [-150.0476098594343, 61.57607566900389]]}, "properties": {"fault_name": "Castle Mountain fault", "section_name": "Susitna section", "class": "A"}}, {"type": "Feature", "geometry": {"type": "LineString", "coordinates": [[-150.03990272662327, 61.577855546831394], [-150.04099509058514, 61.57760201890058], [-150.04508915620434, 61.576819655855545], [-150.04685219157759, 61.57648760003187]]}, "properties": {"fault_name": "Castle Mountain fault", "section_name": "Susitna section", "class": "A"}}, {"type": "Feature", "geometry": {"type": "LineString", "coordinates": [[-149.93675373341304, 61.600392906891955], [-149.9383759704419, 61.60001215191709], [-149.94049188292337, 61.59959864105667], [-149.94296725357083, 61.59897490584277], [-149.94549802781344, 61.59842999813715], [-149.94852538086366, 61.597767261907876], [-149.9512793460302, 61.59724997790031], [-149.95388235200815, 61.59670477108081], [-149.95725878139461, 61.595895167009154], [-149.9616399620533, 61.594933030938186], [-149.96615615770259, 61.593967932131974], [-149.9690789809897, 61.5935313150033], [-149.972272794557, 61.59299045392945], [-149.97459664367054, 61.592468217789715], [-149.9775298299228, 61.59169469486923], [-149.98073849892992, 61.590824882152376], [-149.9836120199793, 61.59020069206672], [-149.98617421729054, 61.5895787319996], [-149.9888782675683, 61.58900333501539], [-149.99149371611128, 61.58847462295801], [-149.9943219665619, 61.58797209800011], [-150.00132248457044, 61.58660102407293], [-150.00573812909502, 61.58566432514462], [-150.01124389089497, 61.58468909812832], [-150.0158174879926, 61.58366366005279], [-150.0207977084019, 61.58252870214049], [-150.02511569707193, 61.581508038063106], [-150.02854607298613, 61.58066364196652], [-150.03317420860128, 61.57971647315867], [-150.03598673224624, 61.57893503395644], [-150.03695332398354, 61.57872500181528], [-150.03921688176845, 61.57830641988977], [-150.04113599493076, 61.577764989957615]]}, "properties": {"fault_name": "Castle Mountain fault", "section_name": "Susitna section", "class": "A"}}, {"type": "Feature", "geometry": {"type": "LineString", "coordinates": [[-149.9252644300495, 61.6027951541168], [-149.92690126110847, 61.60249109192975], [-149.93104361027585, 61.60166960805211], [-149.93722003809725, 61.60052623112479], [-149.941004585592, 61.599771365859425]]}, "properties": {"fault_name": "Castle Mountain fault", "section_name": "Susitna section", "class": "A"}}, {"type": "Feature", "geometry": {"type": "LineString", "coordinates": [[-150.48389234737874, 61.47333028105682], [-150.48480041207864, 61.47318972493338], [-150.48673052241665, 61.47286110107363], [-150.48939406226836, 61.472385238051324], [-150.49184995564383, 61.4718235328361], [-150.49419507506667, 61.47124781378733], [-150.49590499844703, 61.47079378921322], [-150.49777132839986, 61.47042424682275], [-150.50004562195076, 61.469927241013266], [-150.50206233527203, 61.469465163047765], [-150.50459496633232, 61.46880220001629], [-150.50709029485046, 61.46804425190622], [-150.51020166912582, 61.4674807198725], [-150.51284579279098, 61.46673870417419], [-150.5155472262763, 61.46614579987278], [-150.5180800738306, 61.465707566039654], [-150.52051027359232, 61.46513131297606], [-150.52307987302152, 61.464598779870016], [-150.524858457334, 61.46422782895212], [-150.52766784855356, 61.46364522213889], [-150.52965944767445, 61.463192212824175], [-150.531691824021, 61.46277488392158], [-150.533193311306, 61.46242045399542], [-150.53564270357379, 61.46194850893512], [-150.53712284958257, 61.46165618218602], [-150.53911886931297, 61.46131059206616], [-150.540318033979, 61.461085133897235], [-150.54196190513485, 61.46070616311238], [-150.54450366397677, 61.46008750984867], [-150.54606028715895, 61.459743265020045], [-150.54834882709196, 61.45937568601719], [-150.55034025912616, 61.458840696043666], [-150.5525704436, 61.45812243897163], [-150.55423231699413, 61.45773482111873], [-150.55702876888034, 61.4572140061464], [-150.5575916370677, 61.457066725938915]]}, "properties": {"fault_name": "Castle Mountain fault", "section_name": "Susitna section", "class": "A"}}, {"type": "Feature", "geometry": {"type": "LineString", "coordinates": [[-150.38391647414494, 61.5033510969847], [-150.38681389577076, 61.50257644008001], [-150.391802646582, 61.501055409055226], [-150.39499058337069, 61.50004744200475]]}, "properties": {"fault_name": "Castle Mountain fault", "section_name": "Susitna section", "class": "A"}}, {"type": "Feature", "geometry": {"type": "LineString", "coordinates": [[-150.27782146135036, 61.537572524932756], [-150.27825395614218, 61.53742842713053], [-150.27915143868807, 61.53717243280198], [-150.2797851812564, 61.53697434991831]]}, "properties": {"fault_name": "Castle Mountain fault", "section_name": "Susitna section", "class": "A"}}, {"type": "Feature", "geometry": {"type": "LineString", "coordinates": [[-150.26295461828263, 61.535087600993336], [-150.263440058879, 61.53498526010737], [-150.2643610638106, 61.53483745186577], [-150.26525166975298, 61.53473919994286]]}, "properties": {"fault_name": "Castle Mountain fault", "section_name": "Susitna section", "class": "A"}}, {"type": "Feature", "geometry": {"type": "LineString", "coordinates": [[-150.25017909721385, 61.53729265398114], [-150.25033087836087, 61.537277688865494], [-150.25110875741316, 61.53716754915996], [-150.25184713305083, 61.53705186908297]]}, "properties": {"fault_name": "Castle Mountain fault", "section_name": "Susitna section", "class": "A"}}, {"type": "Feature", "geometry": {"type": "LineString", "coordinates": [[-150.14552317741956, 61.55705670891523], [-150.14763763283364, 61.556755509039895], [-150.15166293601106, 61.55608472888634], [-150.15482507677808, 61.55543268586368], [-150.15765094759152, 61.55489337979782], [-150.15882213332972, 61.55464450396378]]}, "properties": {"fault_name": "Castle Mountain fault", "section_name": "Susitna section", "class": "A"}}, {"type": "Feature", "geometry": {"type": "LineString", "coordinates": [[-150.11069886163824, 61.56340260480311], [-150.1127484353326, 61.562961281067984], [-150.11713891535112, 61.56221873404658], [-150.1199595912073, 61.561770690896296], [-150.12432449618967, 61.56107200313596], [-150.12647197097866, 61.56053355612606]]}, "properties": {"fault_name": "Castle Mountain fault", "section_name": "Susitna section", "class": "A"}}, {"type": "Feature", "geometry": {"type": "LineString", "coordinates": [[-150.0476098594343, 61.57607566900389], [-150.04801157974111, 61.57596383808798], [-150.04878162278922, 61.57584335697869], [-150.0499324949239, 61.57554662611278]]}, "properties": {"fault_name": "Castle Mountain fault", "section_name": "Susitna section", "class": "A"}}, {"type": "Feature", "geometry": {"type": "LineString", "coordinates": [[-149.8170894679275, 61.62119729795941], [-149.81877286944746, 61.62113547889113], [-149.82343042398983, 61.62090014294477], [-149.83262256808527, 61.62048135508288]]}, "properties": {"fault_name": "Castle Mountain fault", "section_name": "Susitna section", "class": "A"}}, {"type": "Feature", "geometry": {"type": "LineString", "coordinates": [[-149.81698090742373, 61.616897037042065], [-149.817436558987, 61.61683782920383], [-149.81957365104793, 61.616407652040834], [-149.82015460411856, 61.61625697693028], [-149.82060674416738, 61.61615733810537], [-149.82150434708748, 61.615990333054384], [-149.82209807240483, 61.615879228163806], [-149.823062794748, 61.6156794968031], [-149.82361288440046, 61.61553796889566]]}, "properties": {"fault_name": "Castle Mountain fault", "section_name": "Susitna section", "class": "A"}}, {"type": "Feature", "geometry": {"type": "LineString", "coordinates": [[-149.71615877268326, 61.63042169019274], [-149.7171946676481, 61.63029762181517], [-149.7181876015828, 61.63014311807316], [-149.71884065882801, 61.63000399882353], [-149.7206066981676, 61.62968153798773], [-149.72220415157608, 61.62937183804961], [-149.72349856730665, 61.62915704496996], [-149.72424369198703, 61.62900726898763], [-149.72640786286388, 61.6286408677924], [-149.72785299613616, 61.62842838710698], [-149.72866958808564, 61.62829084298243], [-149.7296128272188, 61.628136989164275], [-149.73037983036795, 61.62800016686953], [-149.73122559061468, 61.62783101704777], [-149.73150459117227, 61.627753263936604], [-149.73219054741818, 61.62758708811875], [-149.73261026726837, 61.627515852013836], [-149.73325505372478, 61.62738649912904], [-149.7335283023696, 61.627344407181255], [-149.73452108089575, 61.62718530821111], [-149.73504777841816, 61.627107237154526], [-149.7355015830452, 61.627031427978615], [-149.7360337629858, 61.62698487883451], [-149.73665526780502, 61.62695896200907], [-149.7370175403928, 61.62693748694161], [-149.73750353165644, 61.62689288896838], [-149.73794331088695, 61.62685696704544], [-149.7384288610778, 61.626811233853864], [-149.73892832796903, 61.626791680973895], [-149.7393761049005, 61.62674703711315], [-149.73985702786933, 61.626674278056164], [-149.74067675224418, 61.62654124310457], [-149.74122278330816, 61.626453656201996], [-149.74170156379503, 61.626359546067384], [-149.7422233259733, 61.62624994094536], [-149.74256381082216, 61.62617067306406], [-149.74343525839447, 61.626005591861635], [-149.74355039815939, 61.625945245819125]]}, "properties": {"fault_name": "Castle Mountain fault", "section_name": "Susitna section", "class": "A"}}, {"type": "Feature", "geometry": {"type": "LineString", "coordinates": [[-149.72778816831539, 61.629610243957224], [-149.73234634493284, 61.62894924793547], [-149.7363807121115, 61.62828899719537], [-149.73973178385413, 61.62775909295083]]}, "properties": {"fault_name": "Castle Mountain fault", "section_name": "Susitna section", "class": "A"}}, {"type": "Feature", "geometry": {"type": "LineString", "coordinates": [[-149.63574627855297, 61.66728083707113], [-149.64291155926273, 61.666321507162664], [-149.6543908428176, 61.664850152852466], [-149.66564787688299, 61.66338784119205], [-149.67433112087835, 61.66236066490104], [-149.68490214120567, 61.661210639206274], [-149.69433637498196, 61.66014485188042], [-149.70564998494393, 61.65873606479568], [-149.7146116545751, 61.65757499391758], [-149.72392193431688, 61.656370225090505]]}, "properties": {"fault_name": "Castle Mountain fault", "section_name": "Susitna section", "class": "A"}}, {"type": "Feature", "geometry": {"type": "LineString", "coordinates": [[-149.67698564972946, 61.64142459114119], [-149.67711882586866, 61.64141749103422], [-149.6780593368183, 61.64126051809033], [-149.67911113196368, 61.64099719891866], [-149.67989899758695, 61.640788473969664], [-149.68038790118877, 61.640671352015495], [-149.68074050520914, 61.640592596848386], [-149.68112258475063, 61.64052146706475], [-149.68188407134562, 61.64027384093301], [-149.68231473177767, 61.640116839142145], [-149.6830695340086, 61.639900362184115], [-149.68334096625992, 61.63979110286944]]}, "properties": {"fault_name": "Castle Mountain fault", "section_name": "Susitna section", "class": "A"}}, {"type": "Feature", "geometry": {"type": "LineString", "coordinates": [[-149.6331771372646, 61.6495056342049], [-149.6338579623336, 61.64937111096791], [-149.63525504022977, 61.64907963000207]]}, "properties": {"fault_name": "Castle Mountain fault", "section_name": "Susitna section", "class": "A"}}, {"type": "Feature", "geometry": {"type": "LineString", "coordinates": [[-149.61092248102833, 61.67054566984481], [-149.62064347141634, 61.669286389130264], [-149.6245967656406, 61.66876659495326]]}, "properties": {"fault_name": "Castle Mountain fault", "section_name": "Susitna section", "class": "A"}}, {"type": "Feature", "geometry": {"type": "LineString", "coordinates": [[-149.60202384528233, 61.65382045317147], [-149.60256379026026, 61.65367942082223], [-149.60385103114666, 61.65339039886765]]}, "properties": {"fault_name": "Castle Mountain fault", "section_name": "Susitna section", "class": "A"}}, {"type": "Feature", "geometry": {"type": "LineString", "coordinates": [[-149.59399350581862, 61.65515376415507], [-149.5942988090477, 61.65514429799415], [-149.5985043780515, 61.65447077501509], [-149.59944382359922, 61.65428738581012], [-149.60202384528233, 61.65382045317147]]}, "properties": {"fault_name": "Castle Mountain fault", "section_name": "Susitna section", "class": "A"}}, {"type": "Feature", "geometry": {"type": "LineString", "coordinates": [[-149.5835124463771, 61.657050331092634], [-149.58485620117634, 61.656768850924706], [-149.5874722848282, 61.65627866079227]]}, "properties": {"fault_name": "Castle Mountain fault", "section_name": "Susitna section", "class": "A"}}, {"type": "Feature", "geometry": {"type": "LineString", "coordinates": [[-149.56786916605316, 61.65975120004568], [-149.567974321942, 61.659718673181104], [-149.56978088069076, 61.659356715899584], [-149.56991183529624, 61.65934516401977], [-149.57115965181976, 61.65911454982975]]}, "properties": {"fault_name": "Castle Mountain fault", "section_name": "Susitna section", "class": "A"}}, {"type": "Feature", "geometry": {"type": "LineString", "coordinates": [[-149.5697810190313, 61.65935641781688], [-149.56991171941357, 61.65934498192912], [-149.57115950359773, 61.65911495879049]]}, "properties": {"fault_name": "Castle Mountain fault", "section_name": "Susitna section", "class": "A"}}, {"type": "Feature", "geometry": {"type": "LineString", "coordinates": [[-149.56786918761273, 61.65975158213251], [-149.5679744504011, 61.65971816998585], [-149.5697810190313, 61.65935641781688]]}, "properties": {"fault_name": "Castle Mountain fault", "section_name": "Susitna section", "class": "A"}}, {"type": "Feature", "geometry": {"type": "LineString", "coordinates": [[-149.5643612295973, 61.66037867279281], [-149.56446545572982, 61.66036740188445], [-149.56520576723693, 61.66024627315455], [-149.56786916605316, 61.65975120004568]]}, "properties": {"fault_name": "Castle Mountain fault", "section_name": "Susitna section", "class": "A"}}, {"type": "Feature", "geometry": {"type": "LineString", "coordinates": [[-149.55439798873, 61.661920989025376], [-149.5569745896285, 61.66150066216914], [-149.5600191517046, 61.66103458899716], [-149.5603392771359, 61.66097973617982]]}, "properties": {"fault_name": "Castle Mountain fault", "section_name": "Susitna section", "class": "A"}}, {"type": "Feature", "geometry": {"type": "LineString", "coordinates": [[-149.51271016958052, 61.67374488916911], [-149.51847127031348, 61.673441429031534]]}, "properties": {"fault_name": "Castle Mountain fault", "section_name": "Susitna section", "class": "A"}}, {"type": "Feature", "geometry": {"type": "LineString", "coordinates": [[-149.24529615979782, 61.71254616998689], [-149.25616613136683, 61.710908231007764], [-149.27418348022198, 61.70822796905153], [-149.2906475359497, 61.70575795307011], [-149.2959580354479, 61.705116418987956], [-149.30265852962626, 61.704082832078996], [-149.31270927358878, 61.70269283821249], [-149.3234159458122, 61.7014007440279], [-149.32429569022443, 61.701292469016195], [-149.32693492256288, 61.70094057185824], [-149.32981101279395, 61.700568371889915], [-149.3318682607958, 61.70029768294539], [-149.3335194738825, 61.70008112990934], [-149.33508271136012, 61.6998848810008], [-149.33672039042875, 61.699729233839584], [-149.3383039307301, 61.699587120991254], [-149.3404897563952, 61.69938410411707], [-149.3430477837269, 61.69912694817338], [-149.34540279180436, 61.69891716419737], [-149.3470810738255, 61.698761516838765], [-149.35014664569945, 61.69847052506666], [-149.35200764415106, 61.69826074088618], [-149.35361148458125, 61.698078025101964], [-149.3555333888091, 61.69784793809233], [-149.3572387397647, 61.69765845593971], [-149.3581117171679, 61.697550178867075], [-149.35904559944908, 61.69744867007076], [-149.36184048018188, 61.6971238418931], [-149.3637962203532, 61.69690052293304], [-149.36652342830067, 61.69658246209014], [-149.36813403843485, 61.696352375853465], [-149.36935214497694, 61.696183193877886], [-149.37094922019472, 61.69595310807136], [-149.3737441009275, 61.695553839808134], [-149.37523290040744, 61.69534405496326], [-149.37776385790636, 61.69497862312083], [-149.37892782657954, 61.694822975912544], [-149.38079559204022, 61.69455228596797], [-149.38253477983758, 61.694261294110355], [-149.3839220696904, 61.6940176730496], [-149.38569509343134, 61.69373344902957], [-149.38671018341415, 61.69355073199277], [-149.38875389739792, 61.693225904950054], [-149.39012088532533, 61.69298228295668], [-149.3926721447497, 61.69256948110552], [-149.39424891714373, 61.69230555693888], [-149.3957174137999, 61.692075471185156], [-149.39732802303575, 61.6918386168125], [-149.39838371686946, 61.69167620301454], [-149.39941234176868, 61.691507020959584], [-149.40159816833204, 61.691182192852764], [-149.40361481427968, 61.690864131853736], [-149.40465697140036, 61.690701718039485], [-149.40624051260005, 61.69046486419974], [-149.4079729333884, 61.690194173940675], [-149.40960384365135, 61.68994378497745], [-149.41136333157755, 61.68967309611245], [-149.41369127341554, 61.68932119806121], [-149.4147063633984, 61.68915878294374], [-149.4163237378466, 61.688915162925426], [-149.41908478263588, 61.68849559314106], [-149.42061418506836, 61.688258738986384], [-149.42211651856638, 61.688035418919526], [-149.42486402843926, 61.687649686959844], [-149.42654907657112, 61.68742636717303], [-149.42876197386562, 61.68712184084064], [-149.4311169828414, 61.686797013020225], [-149.4320982350841, 61.68666166701516], [-149.4332825065811, 61.68649248601767], [-149.4357593271094, 61.68615412294522], [-149.43744437524126, 61.68592403691987], [-149.43917002812228, 61.685700717004295], [-149.4412746478823, 61.68540972604297], [-149.4425401270809, 61.685254079143704], [-149.44450940037206, 61.68500369100761], [-149.44616738136605, 61.68478037082523], [-149.447574972246, 61.68459765617081], [-149.4488472175553, 61.684442008159685], [-149.45128343423283, 61.68411717983521], [-149.45298201728107, 61.68390062785058], [-149.4537602529645, 61.68378558496292], [-149.45502573216314, 61.68363670496962], [-149.45591224358444, 61.6834810589312], [-149.45696793831644, 61.683291575905024], [-149.45859208157032, 61.683000583113554], [-149.45974251622545, 61.68279756618598], [-149.4616576534443, 61.682452434984405], [-149.46350511697955, 61.68212084012818], [-149.46472999142898, 61.68189752082351], [-149.46596840169317, 61.68168096818344], [-149.4681474603492, 61.68128846685998], [-149.4699678558483, 61.680963639019076], [-149.471334844674, 61.68072001781337], [-149.4733988596849, 61.68035458580973], [-149.47484705441568, 61.68009066414934], [-149.47585537738948, 61.67990794815992], [-149.4767621907362, 61.67975906693938], [-149.47855551640248, 61.6794004029963], [-149.48134362922792, 61.67884548810318], [-149.4830286791564, 61.67850035704411], [-149.4859318374236, 61.67792514083656], [-149.48830240971174, 61.67745346294926], [-149.48983451876816, 61.67713946319373], [-149.49156152541028, 61.67680380583943], [-149.49297453133477, 61.67651687500364], [-149.49471777861893, 61.67616497698573], [-149.49706195930227, 61.67570480391536], [-149.49826923934862, 61.67547742492341], [-149.49948734768734, 61.67524463080734], [-149.50143090670346, 61.674881906183636], [-149.50284932407922, 61.67461121480226], [-149.50481453878186, 61.67424848998494], [-149.5066444079139, 61.67390200708413], [-149.5081169649552, 61.67362590403629], [-149.50897776120317, 61.67346348902482], [-149.51068311215877, 61.67314407409502], [-149.51196077341095, 61.67290586600653], [-149.5125887748463, 61.67278676212585]]}, "properties": {"fault_name": "Castle Mountain fault", "section_name": "Susitna section", "class": "A"}}, {"type": "Feature", "geometry": {"type": "LineString", "coordinates": [[-150.46884653744857, 61.47936954697802], [-150.46986341687548, 61.478930763992274], [-150.47156225504526, 61.478306615016805], [-150.47348702759382, 61.477556083925016], [-150.47555025298556, 61.47670493307393], [-150.47752307013047, 61.47583916405054], [-150.47913514541685, 61.47515006888133], [-150.4808560938207, 61.474490561821405], [-150.48302772700262, 61.4735883200635], [-150.48389234737874, 61.47333028105682]]}, "properties": {"fault_name": "Castle Mountain fault", "section_name": "Susitna section", "class": "A"}}, {"type": "Feature", "geometry": {"type": "LineString", "coordinates": [[-150.42741737560874, 61.49083654407493], [-150.42906379528506, 61.49042307098138], [-150.43177993059837, 61.48961157406084], [-150.43743141171382, 61.48802983588546], [-150.44053809858002, 61.487018834872586], [-150.44184603126067, 61.48662122598247], [-150.4453255135799, 61.48571251291227], [-150.4489641980287, 61.484720462114396], [-150.4506034051316, 61.48419017015333], [-150.45304233022966, 61.483710376017726], [-150.4552368165524, 61.48313144702202], [-150.45757126758292, 61.482434035965355], [-150.460190044384, 61.481589338188016], [-150.4644612380143, 61.48053234517], [-150.46788071466918, 61.47962606303492], [-150.46884653744857, 61.47936954697802]]}, "properties": {"fault_name": "Castle Mountain fault", "section_name": "Susitna section", "class": "A"}}, {"type": "Feature", "geometry": {"type": "LineString", "coordinates": [[-150.2766299880598, 61.53277888078923], [-150.28291621156848, 61.53094223315676], [-150.28747993528282, 61.52942008804746], [-150.29188205656908, 61.52781516801695], [-150.29826999811402, 61.52573207487627], [-150.3035485283679, 61.52362165190526], [-150.30867171385805, 61.52199387792808], [-150.31033840940864, 61.5213706908743]]}, "properties": {"fault_name": "Castle Mountain fault", "section_name": "Susitna section", "class": "A"}}, {"type": "Feature", "geometry": {"type": "LineString", "coordinates": [[-149.86815524409565, 61.61238752604561], [-149.86953107593703, 61.612061856949175], [-149.87152393988583, 61.611621073872996]]}, "properties": {"fault_name": "Castle Mountain fault", "section_name": "Susitna section", "class": "A"}}, {"type": "Feature", "geometry": {"type": "LineString", "coordinates": [[-149.86193238595047, 61.613528881151254], [-149.86502772978957, 61.61297399998841], [-149.86815524409565, 61.61238752604561]]}, "properties": {"fault_name": "Castle Mountain fault", "section_name": "Susitna section", "class": "A"}}, {"type": "Feature", "geometry": {"type": "LineString", "coordinates": [[-149.8649671698647, 61.61222528280719], [-149.86643416184282, 61.611906808150266], [-149.8673944941192, 61.61169881711898]]}, "properties": {"fault_name": "Castle Mountain fault", "section_name": "Susitna section", "class": "A"}}, {"type": "Feature", "geometry": {"type": "LineString", "coordinates": [[-149.85046309525484, 61.61478366290216], [-149.86081864657638, 61.61250944495038]]}, "properties": {"fault_name": "Castle Mountain fault", "section_name": "Susitna section", "class": "A"}}, {"type": "Feature", "geometry": {"type": "LineString", "coordinates": [[-149.8511806811819, 61.61503333497998], [-149.8527610558202, 61.614717228199275], [-149.85567617066386, 61.61409002682681]]}, "properties": {"fault_name": "Castle Mountain fault", "section_name": "Susitna section", "class": "A"}}, {"type": "Feature", "geometry": {"type": "LineString", "coordinates": [[-149.82361288440046, 61.61553796889566], [-149.82378993695306, 61.61545812909166], [-149.824023462096, 61.61539004785696], [-149.82445815955694, 61.61530555582285], [-149.8249853798989, 61.61516446307953], [-149.82526935442817, 61.61507772285234], [-149.82540963624126, 61.6150427011082], [-149.82562647697443, 61.61498868013537], [-149.8265316949132, 61.61481291199431], [-149.8268532666321, 61.614726169073954], [-149.8271881289256, 61.61461966206021], [-149.82761163607304, 61.61449451221018], [-149.82806994395457, 61.61436815583031], [-149.82849519383365, 61.614265456139634], [-149.82867885259688, 61.61419812391607], [-149.82896493996373, 61.614030808922394], [-149.82928311066095, 61.61393835903364], [-149.829591998168, 61.613833315013025], [-149.82984955414312, 61.61374242206239], [-149.83020979025017, 61.61359634679579], [-149.83046086128724, 61.613496300947574], [-149.8306702019861, 61.613389415157506], [-149.83089428493707, 61.61328520720011], [-149.83121437174083, 61.61317601189358], [-149.83150996238504, 61.6130884871016], [-149.8319703561547, 61.612881550787876], [-149.83216197039803, 61.61280549279482], [-149.8323695180596, 61.6127164700222], [-149.83262030702568, 61.61257609579871]]}, "properties": {"fault_name": "Castle Mountain fault", "section_name": "Susitna section", "class": "A"}}, {"type": "Feature", "geometry": {"type": "LineString", "coordinates": [[-149.788034073612, 61.64132115385664], [-149.789606634704, 61.64109169592229], [-149.79658446306507, 61.64000613917047], [-149.8017957678947, 61.63926612706862], [-149.8063075105951, 61.63846359888577], [-149.81050529839192, 61.637740036976865], [-149.81339543557908, 61.63727637888527], [-149.81739266820054, 61.636776220064675], [-149.82019156440262, 61.6364440980268], [-149.8224471604192, 61.6361282320649], [-149.82478280710737, 61.63569376594626], [-149.82703856571902, 61.635413669920446], [-149.8292538669052, 61.63511218091781]]}, "properties": {"fault_name": "Castle Mountain fault", "section_name": "Susitna section", "class": "A"}}, {"type": "Feature", "geometry": {"type": "LineString", "coordinates": [[-149.8184967569735, 61.62048107583924], [-149.81859678438042, 61.62046165900851], [-149.82194293694852, 61.61996555111608]]}, "properties": {"fault_name": "Castle Mountain fault", "section_name": "Susitna section", "class": "A"}}, {"type": "Feature", "geometry": {"type": "LineString", "coordinates": [[-149.8177586840681, 61.62249953998851], [-149.81810496664383, 61.62242952093722], [-149.81983969340752, 61.62230391891978]]}, "properties": {"fault_name": "Castle Mountain fault", "section_name": "Susitna section", "class": "A"}}, {"type": "Feature", "geometry": {"type": "LineString", "coordinates": [[-149.814223551117, 61.622828636971306], [-149.81470094999497, 61.62279135989994], [-149.81775864274562, 61.62249951992187], [-149.81810508072985, 61.62242921182462], [-149.81983965477994, 61.622303950941266]]}, "properties": {"fault_name": "Castle Mountain fault", "section_name": "Susitna section", "class": "A"}}, {"type": "Feature", "geometry": {"type": "LineString", "coordinates": [[-149.81193785794517, 61.621119274133385], [-149.81332518462892, 61.62091556304271], [-149.8184967506853, 61.62048115098737]]}, "properties": {"fault_name": "Castle Mountain fault", "section_name": "Susitna section", "class": "A"}}, {"type": "Feature", "geometry": {"type": "LineString", "coordinates": [[-149.8170894679275, 61.62119729795941], [-149.81193780494456, 61.621119788204304], [-149.81332506155974, 61.62091592895771], [-149.8184967569735, 61.62048107583924]]}, "properties": {"fault_name": "Castle Mountain fault", "section_name": "Susitna section", "class": "A"}}, {"type": "Feature", "geometry": {"type": "LineString", "coordinates": [[-149.81422370203398, 61.62282837183807], [-149.8147009859276, 61.62279159685506], [-149.8177586840681, 61.62249953998851]]}, "properties": {"fault_name": "Castle Mountain fault", "section_name": "Susitna section", "class": "A"}}, {"type": "Feature", "geometry": {"type": "LineString", "coordinates": [[-149.81193785794517, 61.621119274133385], [-149.81708944816458, 61.62119734919559]]}, "properties": {"fault_name": "Castle Mountain fault", "section_name": "Susitna section", "class": "A"}}, {"type": "Feature", "geometry": {"type": "LineString", "coordinates": [[-149.79298829498035, 61.624795176951444], [-149.79388220133305, 61.62468310296014], [-149.79609456143498, 61.62445821518292], [-149.7989901019886, 61.62420559220352], [-149.8021549808206, 61.62394304701244], [-149.80473119813848, 61.62378266811543], [-149.80717456271068, 61.62356563709323], [-149.8084426613967, 61.62343217379463], [-149.81048843970896, 61.62320209088197], [-149.814223551117, 61.622828636971306]]}, "properties": {"fault_name": "Castle Mountain fault", "section_name": "Susitna section", "class": "A"}}, {"type": "Feature", "geometry": {"type": "LineString", "coordinates": [[-149.8003519910785, 61.6197801531977], [-149.8009644696257, 61.619656256072304], [-149.8013293293615, 61.61959885882571]]}, "properties": {"fault_name": "Castle Mountain fault", "section_name": "Susitna section", "class": "A"}}, {"type": "Feature", "geometry": {"type": "LineString", "coordinates": [[-149.79824823370112, 61.62001730679236], [-149.7986522599833, 61.620003647985364], [-149.79899289574917, 61.61997016981368], [-149.79929442156248, 61.6199500801606], [-149.79947825100558, 61.619924226188274], [-149.79993253533294, 61.619847112050856], [-149.8003519910785, 61.6197801531977]]}, "properties": {"fault_name": "Castle Mountain fault", "section_name": "Susitna section", "class": "A"}}, {"type": "Feature", "geometry": {"type": "LineString", "coordinates": [[-149.78843085498144, 61.62229656081335], [-149.79469142440223, 61.621638782837884]]}, "properties": {"fault_name": "Castle Mountain fault", "section_name": "Susitna section", "class": "A"}}, {"type": "Feature", "geometry": {"type": "LineString", "coordinates": [[-149.79060365956647, 61.625126842172826], [-149.79129974611382, 61.62501892796585], [-149.79298829498035, 61.624795176951444]]}, "properties": {"fault_name": "Castle Mountain fault", "section_name": "Susitna section", "class": "A"}}, {"type": "Feature", "geometry": {"type": "LineString", "coordinates": [[-149.73973178385413, 61.62775909295083], [-149.74153231939889, 61.62747214705662], [-149.74535296659164, 61.62677044613013], [-149.75185514689127, 61.62572874011445], [-149.75352589743704, 61.62549707507461], [-149.7559109505675, 61.62516604010297], [-149.7582755382792, 61.62490266502162], [-149.76161551582808, 61.62468327202048], [-149.76340832765803, 61.62458845507016], [-149.7654193690166, 61.62442180502159], [-149.76666583088067, 61.624347416049204]]}, "properties": {"fault_name": "Castle Mountain fault", "section_name": "Susitna section", "class": "A"}}, {"type": "Feature", "geometry": {"type": "LineString", "coordinates": [[-149.74355039815939, 61.625945245819125], [-149.7439749734037, 61.62586404499105], [-149.74551230796013, 61.625496271205336]]}, "properties": {"fault_name": "Castle Mountain fault", "section_name": "Susitna section", "class": "A"}}, {"type": "Feature", "geometry": {"type": "LineString", "coordinates": [[-149.71141839526834, 61.63279694285627], [-149.71960152738208, 61.63110800599433], [-149.7247420018482, 61.630025963916665], [-149.72778816831539, 61.629610243957224]]}, "properties": {"fault_name": "Castle Mountain fault", "section_name": "Susitna section", "class": "A"}}, {"type": "Feature", "geometry": {"type": "LineString", "coordinates": [[-149.71305331740734, 61.63100895405974], [-149.7139896916151, 61.63084154979441], [-149.7146120255793, 61.6307171928514], [-149.71551060766308, 61.630550866056666], [-149.71615877268326, 61.63042169019274]]}, "properties": {"fault_name": "Castle Mountain fault", "section_name": "Susitna section", "class": "A"}}, {"type": "Feature", "geometry": {"type": "LineString", "coordinates": [[-149.63525504022977, 61.64907963000207], [-149.64072833242378, 61.647941373060355], [-149.6471440426908, 61.646546512940596], [-149.65048037038463, 61.64582103684797], [-149.65473096834037, 61.64508346005097], [-149.65691069264807, 61.64478015308346], [-149.66060525769745, 61.64427722419685], [-149.66226983142735, 61.64409680417261], [-149.66407954865264, 61.64376067806009], [-149.66759422606637, 61.643086247836884], [-149.67075428992845, 61.64242208194113], [-149.67368649522038, 61.64198379881019], [-149.6757468091723, 61.64161044994237], [-149.67641538571237, 61.6415167959522], [-149.67698564972946, 61.64142459114119]]}, "properties": {"fault_name": "Castle Mountain fault", "section_name": "Susitna section", "class": "A"}}, {"type": "Feature", "geometry": {"type": "LineString", "coordinates": [[-149.6245967656406, 61.66876659495326], [-149.63082489330324, 61.66794220993162], [-149.63574627855297, 61.66728083707113]]}, "properties": {"fault_name": "Castle Mountain fault", "section_name": "Susitna section", "class": "A"}}, {"type": "Feature", "geometry": {"type": "LineString", "coordinates": [[-149.62235778755849, 61.65054875618233], [-149.6236369732517, 61.650348920923676], [-149.6276122860819, 61.64973459801674], [-149.6311542749752, 61.6492030160333], [-149.63463309523607, 61.64865146181363]]}, "properties": {"fault_name": "Castle Mountain fault", "section_name": "Susitna section", "class": "A"}}, {"type": "Feature", "geometry": {"type": "LineString", "coordinates": [[-149.62550071785313, 61.65100960691577], [-149.62806489325465, 61.65045771594825], [-149.63160196656673, 61.64975571088363], [-149.6331771372646, 61.6495056342049]]}, "properties": {"fault_name": "Castle Mountain fault", "section_name": "Susitna section", "class": "A"}}, {"type": "Feature", "geometry": {"type": "LineString", "coordinates": [[-149.61716148998403, 61.65136230213245], [-149.6188871365768, 61.65109579302806], [-149.62235778755849, 61.65054875618233]]}, "properties": {"fault_name": "Castle Mountain fault", "section_name": "Susitna section", "class": "A"}}, {"type": "Feature", "geometry": {"type": "LineString", "coordinates": [[-149.61139562638343, 61.65224523799468], [-149.61368688911003, 61.65190013297543], [-149.61716148998403, 61.65136230213245]]}, "properties": {"fault_name": "Castle Mountain fault", "section_name": "Susitna section", "class": "A"}}, {"type": "Feature", "geometry": {"type": "LineString", "coordinates": [[-149.60385103114666, 61.65339039886765], [-149.6057344425646, 61.65301360785447], [-149.60858186126677, 61.652653499121435], [-149.61139562638343, 61.65224523799468]]}, "properties": {"fault_name": "Castle Mountain fault", "section_name": "Susitna section", "class": "A"}}, {"type": "Feature", "geometry": {"type": "LineString", "coordinates": [[-149.55097923072734, 61.67792762805438], [-149.5521345971334, 61.677762384896155], [-149.5627011097146, 61.676536566938815], [-149.57408613484333, 61.67515531407299], [-149.58602868138684, 61.67363682101422], [-149.5971232677095, 61.67229503789012], [-149.6080127758393, 61.67092032204404], [-149.61092229328042, 61.67054598998654]]}, "properties": {"fault_name": "Castle Mountain fault", "section_name": "Susitna section", "class": "A"}}, {"type": "Feature", "geometry": {"type": "LineString", "coordinates": [[-149.53140739578205, 61.67979503482883], [-149.53232521528764, 61.67965729889322], [-149.53476030278281, 61.679432220034585], [-149.53750759436508, 61.67916548204125], [-149.54020304057903, 61.67889144695749], [-149.54284767089405, 61.67864039394822], [-149.54520707083495, 61.678462027899144], [-149.54723946963938, 61.67829342716913], [-149.5490669717107, 61.67816087799105], [-149.5509790744205, 61.67792792510555], [-149.55213448664063, 61.67776285796443], [-149.5627011923596, 61.67653643481543], [-149.57408615640293, 61.67515578888609], [-149.5860286194031, 61.673637182895845], [-149.59712335933767, 61.672294910011225], [-149.60801262492237, 61.67092072786456], [-149.61092248102833, 61.67054566984481]]}, "properties": {"fault_name": "Castle Mountain fault", "section_name": "Susitna section", "class": "A"}}, {"type": "Feature", "geometry": {"type": "LineString", "coordinates": [[-149.5874722848282, 61.65627866079227], [-149.58791056207554, 61.656175933818915], [-149.59051180466062, 61.65568298383361], [-149.59399350581862, 61.65515376415507]]}, "properties": {"fault_name": "Castle Mountain fault", "section_name": "Susitna section", "class": "A"}}, {"type": "Feature", "geometry": {"type": "LineString", "coordinates": [[-149.57115965181976, 61.65911454982975], [-149.57427430943747, 61.65862126887781], [-149.57906611180917, 61.657821145832585], [-149.5835124463771, 61.657050331092634]]}, "properties": {"fault_name": "Castle Mountain fault", "section_name": "Susitna section", "class": "A"}}, {"type": "Feature", "geometry": {"type": "LineString", "coordinates": [[-149.5688250831099, 61.67122620519182], [-149.57182873411134, 61.67113830018162], [-149.57597539519207, 61.671005669989384]]}, "properties": {"fault_name": "Castle Mountain fault", "section_name": "Susitna section", "class": "A"}}, {"type": "Feature", "geometry": {"type": "LineString", "coordinates": [[-149.55692208759172, 61.67147541814846], [-149.56184307578613, 61.671401285957025], [-149.566985219322, 61.671277951015675], [-149.5673579231469, 61.67126730602142]]}, "properties": {"fault_name": "Castle Mountain fault", "section_name": "Susitna section", "class": "A"}}, {"type": "Feature", "geometry": {"type": "LineString", "coordinates": [[-149.5603392771359, 61.66097973617982], [-149.56187251537463, 61.66070781212133], [-149.5643612295973, 61.66037867279281]]}, "properties": {"fault_name": "Castle Mountain fault", "section_name": "Susitna section", "class": "A"}}, {"type": "Feature", "geometry": {"type": "LineString", "coordinates": [[-149.54738846241577, 61.67172031096922], [-149.55007898765862, 61.671680074794935], [-149.5556164519033, 61.67150918119407]]}, "properties": {"fault_name": "Castle Mountain fault", "section_name": "Susitna section", "class": "A"}}, {"type": "Feature", "geometry": {"type": "LineString", "coordinates": [[-149.5505209515919, 61.66255549591387], [-149.55285505227945, 61.662174605897654], [-149.55439798873, 61.661920989025376]]}, "properties": {"fault_name": "Castle Mountain fault", "section_name": "Susitna section", "class": "A"}}, {"type": "Feature", "geometry": {"type": "LineString", "coordinates": [[-149.53140737781575, 61.67979537405188], [-149.5323252835596, 61.679657145901224], [-149.53476018240855, 61.679432450163446], [-149.5375076599421, 61.67916599088613], [-149.5402030360875, 61.678891461873505], [-149.54284771491146, 61.67864027291436], [-149.54520711125912, 61.67846170102061], [-149.547239505572, 61.678293662846855], [-149.54906685223474, 61.67816084986302], [-149.55084660705205, 61.677952553068494]]}, "properties": {"fault_name": "Castle Mountain fault", "section_name": "Susitna section", "class": "A"}}, {"type": "Feature", "geometry": {"type": "LineString", "coordinates": [[-149.5394630794149, 61.67196185308955], [-149.54449785181643, 61.671733987871974]]}, "properties": {"fault_name": "Castle Mountain fault", "section_name": "Susitna section", "class": "A"}}, {"type": "Feature", "geometry": {"type": "LineString", "coordinates": [[-149.52644433588964, 61.672804889948665], [-149.5311223666306, 61.67252132990573]]}, "properties": {"fault_name": "Castle Mountain fault", "section_name": "Susitna section", "class": "A"}}, {"type": "Feature", "geometry": {"type": "LineString", "coordinates": [[-149.51132300459352, 61.68197472194843], [-149.5154881404264, 61.681426559866416]]}, "properties": {"fault_name": "Castle Mountain fault", "section_name": "Susitna section", "class": "A"}}, {"type": "Feature", "geometry": {"type": "LineString", "coordinates": [[-149.24887384504558, 61.7138516948075], [-149.2611340619247, 61.71177311212541]]}, "properties": {"fault_name": "Castle Mountain fault", "section_name": "Susitna section", "class": "A"}}, {"type": "Feature", "geometry": {"type": "LineString", "coordinates": [[-149.85567617066386, 61.61409002682681], [-149.85777155304783, 61.61363342012387], [-149.8594598836237, 61.613310350936494], [-149.86340960255313, 61.612536593211765], [-149.8649671698647, 61.61222528280719]]}, "properties": {"fault_name": "Castle Mountain fault", "section_name": "Susitna section", "class": "A"}}, {"type": "Feature", "geometry": {"type": "LineString", "coordinates": [[-149.82194293694852, 61.61996555111608], [-149.82578145522555, 61.619333952135825], [-149.82869633740557, 61.61890997211803], [-149.8314026963536, 61.61853461278982], [-149.83423272636682, 61.618175193033444], [-149.8361260605754, 61.61793798604035], [-149.8376299751083, 61.617740718178474], [-149.83891087927864, 61.617525621031064], [-149.8399684272351, 61.61739571908662], [-149.84117098663458, 61.617177159797215], [-149.8432925737737, 61.61678312598169], [-149.84446351966173, 61.61657480088556], [-149.84602118039805, 61.6162592128921], [-149.84727762523988, 61.61606683588529], [-149.84923372922893, 61.61571149307586], [-149.8520212859972, 61.615158978031644], [-149.85427827619907, 61.6147844670497], [-149.85493660475842, 61.61471657095776], [-149.85684166108314, 61.61438089595091], [-149.8602714809402, 61.6137564829433], [-149.86193238595047, 61.613528881151254]]}, "properties": {"fault_name": "Castle Mountain fault", "section_name": "Susitna section", "class": "A"}}, {"type": "Feature", "geometry": {"type": "LineString", "coordinates": [[-149.8013293293615, 61.61959885882571], [-149.80223801659392, 61.61945022190919], [-149.80332346083316, 61.619262068922815], [-149.8045098855918, 61.61909820794701], [-149.80538005486147, 61.6189450390194], [-149.80746323722556, 61.61857501809756], [-149.80919334934364, 61.61825601819871], [-149.80985779093848, 61.61815715314477], [-149.81128365624625, 61.61789399512143], [-149.81240538433815, 61.617623985929434], [-149.8135877810511, 61.61741177590962], [-149.81504292604723, 61.61715281602759], [-149.81616002691712, 61.61699911009692], [-149.81698090742373, 61.616897037042065]]}, "properties": {"fault_name": "Castle Mountain fault", "section_name": "Susitna section", "class": "A"}}, {"type": "Feature", "geometry": {"type": "LineString", "coordinates": [[-149.76666583088067, 61.624347416049204], [-149.76768595502236, 61.62428635081916], [-149.76935994309642, 61.62420243508101], [-149.77403215275436, 61.623811240130074], [-149.77855848678993, 61.623486063053655], [-149.78509768486578, 61.62277324499717], [-149.78843085498144, 61.62229656081335]]}, "properties": {"fault_name": "Castle Mountain fault", "section_name": "Susitna section", "class": "A"}}, {"type": "Feature", "geometry": {"type": "LineString", "coordinates": [[-149.57597539519207, 61.671005669989384], [-149.5777410213066, 61.67100859896521], [-149.58294083129385, 61.67100075582298], [-149.59040998601307, 61.67089929013246], [-149.5950578468352, 61.67072694199101], [-149.59968125641365, 61.670611922056786], [-149.60328617408925, 61.67063738881729], [-149.60611740335338, 61.67062401196071], [-149.60742162060197, 61.670626701826194], [-149.60808405536048, 61.670667569849066]]}, "properties": {"fault_name": "Castle Mountain fault", "section_name": "Susitna section", "class": "A"}}, {"type": "Feature", "geometry": {"type": "LineString", "coordinates": [[-149.54449785181643, 61.671733987871974], [-149.54738846241577, 61.67172031096922]]}, "properties": {"fault_name": "Castle Mountain fault", "section_name": "Susitna section", "class": "A"}}, {"type": "Feature", "geometry": {"type": "LineString", "coordinates": [[-149.54449787427433, 61.671734139198115], [-149.54728060978445, 61.67175423104096]]}, "properties": {"fault_name": "Castle Mountain fault", "section_name": "Susitna section", "class": "A"}}, {"type": "Feature", "geometry": {"type": "LineString", "coordinates": [[-149.5311223666306, 61.67252132990573], [-149.5394630794149, 61.67196185308955]]}, "properties": {"fault_name": "Castle Mountain fault", "section_name": "Susitna section", "class": "A"}}, {"type": "Feature", "geometry": {"type": "LineString", "coordinates": [[-149.5154881404264, 61.681426559866416], [-149.51587443306656, 61.681388472990804], [-149.5167479359842, 61.68131439399613], [-149.51788741478614, 61.6812028618149], [-149.51917548661416, 61.68109829792503], [-149.52037337477418, 61.6810098921684], [-149.5217399890024, 61.680939175818494], [-149.52286066606544, 61.68086957495358], [-149.5241438259055, 61.68075136686162], [-149.5255619944479, 61.68055454797173], [-149.52704753843324, 61.680343057973715], [-149.5290061927394, 61.68009619181183], [-149.53140739578205, 61.67979503482883]]}, "properties": {"fault_name": "Castle Mountain fault", "section_name": "Susitna section", "class": "A"}}, {"type": "Feature", "geometry": {"type": "LineString", "coordinates": [[-149.51847127031348, 61.673441429031534], [-149.52644433588964, 61.672804889948665]]}, "properties": {"fault_name": "Castle Mountain fault", "section_name": "Susitna section", "class": "A"}}, {"type": "Feature", "geometry": {"type": "LineString", "coordinates": [[-149.19194284531824, 61.7194435521856], [-149.19552227329766, 61.71886542998573], [-149.20059000398865, 61.71807465192897], [-149.20784881638747, 61.717127502089454], [-149.21233192798314, 61.71653940896536]]}, "properties": {"fault_name": "Castle Mountain fault", "section_name": "Talkeetna west section", "class": "A"}}, {"type": "Feature", "geometry": {"type": "LineString", "coordinates": [[-149.032197358043, 61.75152979097552], [-149.03555791419842, 61.75064066183077], [-149.03985604740572, 61.749472895857195], [-149.04847008698826, 61.747650969853694], [-149.05635811264975, 61.74605636712359], [-149.0621729398232, 61.744621787955886], [-149.0682903474321, 61.743129219014605], [-149.0732076965513, 61.742228781857975], [-149.078295630353, 61.74100687799114], [-149.084490329009, 61.73994673998423], [-149.09153444495323, 61.738762420148085], [-149.0987309466107, 61.73756065619131], [-149.10628766730719, 61.736224250983504], [-149.11252746498366, 61.73481708682583], [-149.1195253329621, 61.733281292973025], [-149.12846367783692, 61.73139544698168], [-149.13591996688464, 61.729901660057045], [-149.14354795722085, 61.72888412116153], [-149.15115168675612, 61.72729716302292], [-149.15929831133676, 61.72556151602151], [-149.16461159291742, 61.7247546320321], [-149.16954936882786, 61.72376096519681], [-149.1761255002383, 61.722489354919084], [-149.18082318791429, 61.721587946190404], [-149.1870934717166, 61.72034796579779], [-149.19194284531824, 61.7194435521856]]}, "properties": {"fault_name": "Castle Mountain fault", "section_name": "Talkeetna west section", "class": "A"}}, {"type": "Feature", "geometry": {"type": "LineString", "coordinates": [[-149.00860844489503, 61.75615209181096], [-149.00988720658347, 61.756007976093365], [-149.0153524840085, 61.754930439853084], [-149.02139533144884, 61.753773369829474], [-149.02631268955116, 61.75279824003297], [-149.03040582810897, 61.751862240003405], [-149.032197358043, 61.75152979097552]]}, "properties": {"fault_name": "Castle Mountain fault", "section_name": "Talkeetna west section", "class": "A"}}, {"type": "Feature", "geometry": {"type": "LineString", "coordinates": [[-149.00799628524973, 61.75863443801283], [-149.00924239227925, 61.75841967182308], [-149.0126494362506, 61.75792499095332], [-149.0166915190592, 61.757231888848274], [-149.02055705596504, 61.75673531293208], [-149.0249026588469, 61.755997796897084], [-149.02800179986474, 61.75546274520465], [-149.03034475524606, 61.755149774916376], [-149.03076876724668, 61.75503135519432]]}, "properties": {"fault_name": "Castle Mountain fault", "section_name": "Talkeetna west section", "class": "A"}}, {"type": "Feature", "geometry": {"type": "LineString", "coordinates": [[-148.89509714593063, 61.7804406371096], [-148.8971504629048, 61.77961256481921], [-148.90126980172616, 61.7783211389751], [-148.90554697903454, 61.777166467907115], [-148.90924477173073, 61.776109580008516], [-148.91182315309015, 61.775422477929496], [-148.91352518477075, 61.77508820800654]]}, "properties": {"fault_name": "Castle Mountain fault", "section_name": "Talkeetna west section", "class": "A"}}, {"type": "Feature", "geometry": {"type": "LineString", "coordinates": [[-148.90077466022302, 61.78184341718479], [-148.90332960543498, 61.78135850085154], [-148.90587394423838, 61.780551427071586], [-148.9087517637264, 61.77969021983149], [-148.91145358079234, 61.77900084611997]]}, "properties": {"fault_name": "Castle Mountain fault", "section_name": "Talkeetna west section", "class": "A"}}, {"type": "Feature", "geometry": {"type": "LineString", "coordinates": [[-148.82002288857962, 61.79846234406687], [-148.82127428129627, 61.79830650292726], [-148.82492384883474, 61.797495374852126], [-148.83224915183592, 61.79574040486038], [-148.83771586566715, 61.79429374314665], [-148.84205825258027, 61.79314545487767], [-148.84603810459762, 61.79215756392484], [-148.847620664837, 61.79185329304374]]}, "properties": {"fault_name": "Castle Mountain fault", "section_name": "Talkeetna west section", "class": "A"}}, {"type": "Feature", "geometry": {"type": "LineString", "coordinates": [[-148.72701231041205, 61.81698917503887], [-148.72881540705373, 61.816804268848294], [-148.73188938715873, 61.81607029196299], [-148.73295425368977, 61.81580058393217]]}, "properties": {"fault_name": "Castle Mountain fault", "section_name": "Talkeetna west section", "class": "A"}}, {"type": "Feature", "geometry": {"type": "LineString", "coordinates": [[-148.63385110543263, 61.83515166799722], [-148.63628476191155, 61.83438181085445], [-148.63957810881232, 61.8336782088806], [-148.6430159048108, 61.83261332700679], [-148.64505975444015, 61.832194111126995], [-148.6467078045587, 61.83189554381127]]}, "properties": {"fault_name": "Castle Mountain fault", "section_name": "Talkeetna west section", "class": "A"}}, {"type": "Feature", "geometry": {"type": "LineString", "coordinates": [[-148.58275371844795, 61.84633559319021], [-148.58501833714323, 61.846120783143114], [-148.58956781896703, 61.84523764217047], [-148.59408242459824, 61.84419266087308], [-148.59734641365725, 61.84346416919827], [-148.60011658982137, 61.84257878298161], [-148.60423365410844, 61.84161025879493], [-148.6069747554001, 61.84081111507201], [-148.61005145290886, 61.8399529650819], [-148.6125537721165, 61.839475429111744], [-148.6138645632364, 61.83913182390103]]}, "properties": {"fault_name": "Castle Mountain fault", "section_name": "Talkeetna west section", "class": "A"}}, {"type": "Feature", "geometry": {"type": "LineString", "coordinates": [[-149.03076876724668, 61.75503135519432], [-149.0336112524013, 61.75418114096085], [-149.03696370126124, 61.75306190987547], [-149.04114789215794, 61.752110882893604], [-149.04712617588217, 61.75092246995103], [-149.05085915468973, 61.75017947001756], [-149.0538267509089, 61.749425187802345], [-149.0575814419969, 61.74846198479099], [-149.0616398678555, 61.74746787307764], [-149.06570699210098, 61.74668803196256], [-149.06920053125776, 61.746105430973984], [-149.07223335504804, 61.745480844847464], [-149.07693350141298, 61.744493091146396], [-149.08230887634272, 61.74358593703911], [-149.08674284380413, 61.74283515119496], [-149.08981020422385, 61.742326857033355], [-149.0936949659751, 61.74162059303098], [-149.09728222816207, 61.741121295032315], [-149.10062051238663, 61.74050901698591], [-149.10374088059461, 61.739815114798034], [-149.1072857369103, 61.73902382701712], [-149.10983697118183, 61.73862046501828], [-149.11321550801594, 61.73826819492724], [-149.11810594540586, 61.7375099070502], [-149.12153134106015, 61.736810524002856], [-149.12553573055942, 61.736075076899354], [-149.1303855991328, 61.73508411305772], [-149.13399838964352, 61.734497397090266], [-149.1379078730314, 61.7336910959146], [-149.14302901485422, 61.73263736789948], [-149.1486318737566, 61.731390502859185], [-149.1545498095584, 61.730417641015066], [-149.1589194288994, 61.72968042789636], [-149.16740931502144, 61.72810067904581], [-149.17355760940478, 61.72681782287141], [-149.17652628809387, 61.72620910717206], [-149.18120418857913, 61.72556473684106], [-149.1869049764239, 61.72454841390672], [-149.19203834431778, 61.723843075043106], [-149.19779531369872, 61.72274084502507], [-149.201590205294, 61.72219008399402], [-149.20717239396168, 61.72127876183033], [-149.21411369143343, 61.720030215208546], [-149.2183605047869, 61.7193464749861], [-149.22328605821954, 61.718404387893784]]}, "properties": {"fault_name": "Castle Mountain fault", "section_name": "Talkeetna west section", "class": "A"}}, {"type": "Feature", "geometry": {"type": "LineString", "coordinates": [[-148.91145358079234, 61.77900084611997], [-148.91242547258983, 61.77880388409697], [-148.91645765865897, 61.777669197993134], [-148.91953282364184, 61.777209502065865], [-148.92332865038333, 61.776334034108984], [-148.9275486633986, 61.775354913987954], [-148.9312231591862, 61.7745264468484], [-148.9357560473301, 61.77374892221], [-148.9398538481442, 61.77280206385972], [-148.94528137027618, 61.77136473904614], [-148.95046764624533, 61.770056456805555], [-148.95562356544607, 61.768752517808224], [-148.9599998628629, 61.76793167093594], [-148.96574432859342, 61.76686590404699], [-148.9700911954049, 61.76607621779184], [-148.97468597657357, 61.7653950108028], [-148.9793967500083, 61.7645283607911], [-148.98402020001092, 61.76379184283064], [-148.98865806168564, 61.76263423295352], [-148.9914497192632, 61.762001569197714], [-148.99489940715938, 61.76096741401739], [-148.99829536142852, 61.76015545506406], [-149.00197700960246, 61.759629296014715], [-149.00599241424376, 61.759040900154666], [-149.00799628524973, 61.75863443801283]]}, "properties": {"fault_name": "Castle Mountain fault", "section_name": "Talkeetna west section", "class": "A"}}, {"type": "Feature", "geometry": {"type": "LineString", "coordinates": [[-148.847620664837, 61.79185329304374], [-148.8511552399343, 61.79132097597448], [-148.85829512616928, 61.78960844379318], [-148.8636363830845, 61.78813050400811], [-148.87156777132304, 61.78632959997255], [-148.87673371302745, 61.7851598481144], [-148.88247390726877, 61.783760778118584], [-148.88975694363754, 61.781846830903824], [-148.8934869939373, 61.780803814004074], [-148.89509714593063, 61.7804406371096]]}, "properties": {"fault_name": "Castle Mountain fault", "section_name": "Talkeetna west section", "class": "A"}}, {"type": "Feature", "geometry": {"type": "LineString", "coordinates": [[-148.8059081887296, 61.80563874813564], [-148.80715302643964, 61.80529554485899], [-148.81249924475017, 61.8038060738444], [-148.8160530806255, 61.80286605200793], [-148.81970158186374, 61.80196866812349], [-148.82319400980452, 61.800997077946484]]}, "properties": {"fault_name": "Castle Mountain fault", "section_name": "Talkeetna west section", "class": "A"}}, {"type": "Feature", "geometry": {"type": "LineString", "coordinates": [[-148.73295425368977, 61.81580058393217], [-148.73596918932782, 61.815142809023584], [-148.74285508500105, 61.813762556911435], [-148.7501685248506, 61.812358661958456], [-148.76210153218412, 61.809691985927536], [-148.76957586658926, 61.80863958394695], [-148.7848659976155, 61.80567175114611], [-148.79419152805588, 61.80407775394114], [-148.79848570777762, 61.80327647489376], [-148.80404952499944, 61.80188840283989], [-148.8113801091962, 61.8002377721398], [-148.8167068825741, 61.799184710816924], [-148.82002288857962, 61.79846234406687]]}, "properties": {"fault_name": "Castle Mountain fault", "section_name": "Talkeetna west section", "class": "A"}}, {"type": "Feature", "geometry": {"type": "LineString", "coordinates": [[-148.6467078045587, 61.83189554381127], [-148.64911812639983, 61.83144531813867], [-148.65561450897258, 61.830141726046115], [-148.6609198638192, 61.82903613820672], [-148.66540496158996, 61.828209978909555], [-148.67297115591944, 61.826838427861105], [-148.6784075992205, 61.826075821859675], [-148.68698055435348, 61.82458342116707], [-148.69460265802962, 61.82307160398975], [-148.70051384568697, 61.8217810900769], [-148.70783654177723, 61.82058590511876], [-148.72006691123272, 61.81847188278975], [-148.72582360393255, 61.8172284229709], [-148.72701231041205, 61.81698917503887]]}, "properties": {"fault_name": "Castle Mountain fault", "section_name": "Talkeetna west section", "class": "A"}}, {"type": "Feature", "geometry": {"type": "LineString", "coordinates": [[-149.1051932327285, 61.741821327884715], [-149.10711752108517, 61.74100618685507], [-149.11011985515637, 61.73963111607987], [-149.11221741685324, 61.738566405011774]]}, "properties": {"fault_name": "Castle Mountain fault", "section_name": "Talkeetna west section", "class": "A"}}, {"type": "Feature", "geometry": {"type": "LineString", "coordinates": [[-148.97414678258718, 61.76227306006717], [-148.97481194912245, 61.76204794613908], [-148.97881997410371, 61.76121903298979], [-148.9829867098361, 61.760557078812965], [-148.98760889501082, 61.75982042285859], [-148.99305079557723, 61.75890203479383], [-148.9995635661157, 61.75801698680998], [-149.00681895144174, 61.756559430986194], [-149.00860844489503, 61.75615209181096]]}, "properties": {"fault_name": "Castle Mountain fault", "section_name": "Talkeetna west section", "class": "A"}}, {"type": "Feature", "geometry": {"type": "LineString", "coordinates": [[-148.91352518477075, 61.77508820800654], [-148.91799620234775, 61.774280976010026], [-148.92231789836498, 61.77359153795748], [-148.9289127111401, 61.77227309504101], [-148.93295566890777, 61.77150269795637], [-148.93872412235132, 61.77020455401826], [-148.9493063689247, 61.76744672302697], [-148.95447100268206, 61.76640321296933], [-148.9611536733869, 61.76508203399269], [-148.96698197798455, 61.76379953405105], [-148.970933021929, 61.76308312795458], [-148.9721123589801, 61.76269815313662]]}, "properties": {"fault_name": "Castle Mountain fault", "section_name": "Talkeetna west section", "class": "A"}}, {"type": "Feature", "geometry": {"type": "LineString", "coordinates": [[-148.93325006209773, 61.775391874202185], [-148.93452363781202, 61.77504531702565], [-148.93838200256863, 61.77422776501127], [-148.94026435307623, 61.773793169882694]]}, "properties": {"fault_name": "Castle Mountain fault", "section_name": "Talkeetna west section", "class": "A"}}, {"type": "Feature", "geometry": {"type": "LineString", "coordinates": [[-148.92989477456152, 61.766629538893866], [-148.93273394583102, 61.766459289006896], [-148.935604716239, 61.7663069338865], [-148.93731290856584, 61.766160950818524], [-148.93951074470627, 61.766040381048875]]}, "properties": {"fault_name": "Castle Mountain fault", "section_name": "Talkeetna west section", "class": "A"}}, {"type": "Feature", "geometry": {"type": "LineString", "coordinates": [[-148.6138645632364, 61.83913182390103], [-148.61819846376505, 61.83829568017197], [-148.62643766243067, 61.836662776047085], [-148.63024993642668, 61.835841194007614], [-148.63385110543263, 61.83515166799722]]}, "properties": {"fault_name": "Castle Mountain fault", "section_name": "Talkeetna west section", "class": "A"}}, {"type": "Feature", "geometry": {"type": "LineString", "coordinates": [[-148.54274791112465, 61.85569627892943], [-148.54659515922964, 61.854863544094115], [-148.55200074540068, 61.85374764980036], [-148.55710089359533, 61.85271512117941], [-148.56180162656017, 61.85166143419388], [-148.56769116392087, 61.85026530187843], [-148.57327486624982, 61.84897158394938], [-148.5783039406375, 61.84758011007039], [-148.58275371844795, 61.84633559319021]]}, "properties": {"fault_name": "Castle Mountain fault", "section_name": "Talkeetna west section", "class": "A"}}, {"type": "Feature", "geometry": {"type": "LineString", "coordinates": [[-148.48097915121568, 61.86714458393299], [-148.48426795713272, 61.8663106699883], [-148.489400856106, 61.86513700099198], [-148.49374495341146, 61.864461813176256], [-148.50285190937018, 61.862575537001646], [-148.50810829974554, 61.86154400181325], [-148.51450125568644, 61.86056652220303], [-148.5216550658083, 61.859312093852246], [-148.52770891042437, 61.85829286007002], [-148.53360581217376, 61.85714057491209], [-148.53818815886223, 61.85621873881233], [-148.54032654359884, 61.85578663112248]]}, "properties": {"fault_name": "Castle Mountain fault", "section_name": "Talkeetna west section", "class": "A"}}, {"type": "Feature", "geometry": {"type": "LineString", "coordinates": [[-149.23845976758494, 61.71610606118428], [-149.24439983697698, 61.7151595080985]]}, "properties": {"fault_name": "Castle Mountain fault", "section_name": "Talkeetna west section", "class": "A"}}, {"type": "Feature", "geometry": {"type": "LineString", "coordinates": [[-149.23681238671128, 61.7157242071171], [-149.24365608941392, 61.71479483197802]]}, "properties": {"fault_name": "Castle Mountain fault", "section_name": "Talkeetna west section", "class": "A"}}, {"type": "Feature", "geometry": {"type": "LineString", "coordinates": [[-149.22330261956014, 61.71840495014653], [-149.2276581658939, 61.71770110300011]]}, "properties": {"fault_name": "Castle Mountain fault", "section_name": "Talkeetna west section", "class": "A"}}, {"type": "Feature", "geometry": {"type": "LineString", "coordinates": [[-149.22317328731205, 61.71811928911219], [-149.22697014711608, 61.71737520390072]]}, "properties": {"fault_name": "Castle Mountain fault", "section_name": "Talkeetna west section", "class": "A"}}, {"type": "Feature", "geometry": {"type": "LineString", "coordinates": [[-149.2276581658939, 61.71770110300011], [-149.23845976758494, 61.71610606118428]]}, "properties": {"fault_name": "Castle Mountain fault", "section_name": "Talkeetna west section", "class": "A"}}, {"type": "Feature", "geometry": {"type": "LineString", "coordinates": [[-149.22697014711608, 61.71737520390072], [-149.23681238671128, 61.7157242071171]]}, "properties": {"fault_name": "Castle Mountain fault", "section_name": "Talkeetna west section", "class": "A"}}, {"type": "Feature", "geometry": {"type": "LineString", "coordinates": [[-149.21174059038782, 61.71503111214167], [-149.2119658833695, 61.71498275009776], [-149.21272917827315, 61.71485296314825], [-149.2136766592511, 61.71469469696833], [-149.2150073597326, 61.71452032607167], [-149.21609720122515, 61.71432318484219], [-149.21708426287285, 61.71414495300647], [-149.21834760497939, 61.71392679995787], [-149.22002323786876, 61.713644202852706], [-149.22155797898895, 61.713376972915626], [-149.22278432577718, 61.713104856183755], [-149.22669088155553, 61.71257071499325]]}, "properties": {"fault_name": "Castle Mountain fault", "section_name": "Talkeetna west section", "class": "A"}}, {"type": "Feature", "geometry": {"type": "LineString", "coordinates": [[-148.38690328700383, 61.87135301783244], [-148.38785336321462, 61.87132120984796], [-148.39306738904125, 61.871353227048004], [-148.3979440417831, 61.871412058073496], [-148.40094242775865, 61.87110801397316]]}, "properties": {"fault_name": "Castle Mountain fault", "section_name": "east section", "class": "B"}}, {"type": "Feature", "geometry": {"type": "LineString", "coordinates": [[-148.29373296861584, 61.87074830387424], [-148.29548324611542, 61.870884058789755], [-148.29944390742332, 61.87118753082594], [-148.3039883380203, 61.87154022793553], [-148.30901916322446, 61.87161843883307], [-148.31196630660128, 61.87181004501093]]}, "properties": {"fault_name": "Castle Mountain fault", "section_name": "east section", "class": "B"}}, {"type": "Feature", "geometry": {"type": "LineString", "coordinates": [[-148.1969397401954, 61.86275908083694], [-148.19985628875025, 61.863038220951104], [-148.20246530984736, 61.86327662192342], [-148.205903445409, 61.863623046076015], [-148.20931312773232, 61.864087149835086], [-148.2154233964297, 61.86474258390632], [-148.22110500344652, 61.86540152403618], [-148.22589102336275, 61.86567355719884], [-148.23212199958311, 61.8661648808313], [-148.23507332012602, 61.86665898711793]]}, "properties": {"fault_name": "Castle Mountain fault", "section_name": "east section", "class": "B"}}, {"type": "Feature", "geometry": {"type": "LineString", "coordinates": [[-148.054237530665, 61.849324669074235], [-148.05604480177777, 61.84926611815572], [-148.0630359683242, 61.849719705894664], [-148.06963053406258, 61.850381844181115], [-148.0742936258204, 61.8509334178854], [-148.08018381266302, 61.85161036120996], [-148.08356058879917, 61.852221007838715], [-148.0886246301093, 61.85293028718324], [-148.0932267020048, 61.85348201801692], [-148.0970908896411, 61.85371658799284], [-148.10025115472578, 61.85406863705962], [-148.10101995001392, 61.85426796694553]]}, "properties": {"fault_name": "Castle Mountain fault", "section_name": "east section", "class": "B"}}, {"type": "Feature", "geometry": {"type": "LineString", "coordinates": [[-148.05363380979347, 61.8469144751107], [-148.05473863428668, 61.84706763081202], [-148.0608711066429, 61.84757270894075], [-148.065957745074, 61.847600368015314], [-148.07187412858698, 61.847860206887226], [-148.07628941558207, 61.84816677890664], [-148.08144080457885, 61.84853886719066], [-148.08591737643926, 61.84883198913195], [-148.08748180957454, 61.84901199287916]]}, "properties": {"fault_name": "Castle Mountain fault", "section_name": "east section", "class": "B"}}, {"type": "Feature", "geometry": {"type": "LineString", "coordinates": [[-147.97808387473654, 61.838854515032274], [-147.97894265157177, 61.83896973089263], [-147.98320539834342, 61.83975651993742], [-147.98571873987962, 61.8399803970113], [-147.98706771658556, 61.84006482679585]]}, "properties": {"fault_name": "Castle Mountain fault", "section_name": "east section", "class": "B"}}, {"type": "Feature", "geometry": {"type": "LineString", "coordinates": [[-147.91686012271043, 61.83433440615916], [-147.91889456967374, 61.83444232586465]]}, "properties": {"fault_name": "Castle Mountain fault", "section_name": "east section", "class": "B"}}, {"type": "Feature", "geometry": {"type": "LineString", "coordinates": [[-147.7498675819835, 61.812060505880936], [-147.7518261473564, 61.81220235792622], [-147.7565999816258, 61.8123285821239], [-147.76051778341318, 61.81235612404782], [-147.76354769935688, 61.81258677221076], [-147.76798571911857, 61.81279991109154], [-147.77248475335267, 61.81320084293138], [-147.7769837318912, 61.81395189209125], [-147.78145244798444, 61.814209735026054], [-147.7863801699502, 61.81434733582687], [-147.79231829359136, 61.81454722607196], [-147.7974002553931, 61.815163855937854], [-147.80303191608013, 61.81543624299012], [-147.80967453270304, 61.81560349321133], [-147.81506191002327, 61.81575577301279], [-147.81898041698815, 61.816387904885005], [-147.82299160673418, 61.81684885889144], [-147.82743056882856, 61.81726219204648], [-147.8316254182361, 61.81786451886099], [-147.8371672887172, 61.81878267114784], [-147.84127116304097, 61.819619821899316], [-147.84595803140772, 61.8208695730517], [-147.849817554991, 61.8217934499485], [-147.85625127019128, 61.82369262801262], [-147.85998978262097, 61.82489043883321]]}, "properties": {"fault_name": "Castle Mountain fault", "section_name": "east section", "class": "B"}}, {"type": "Feature", "geometry": {"type": "LineString", "coordinates": [[-148.40094242775865, 61.87110801397316], [-148.4060923983156, 61.87101025896117], [-148.4097988597543, 61.87082828880407], [-148.41620304643286, 61.87059246105162], [-148.4236776584174, 61.870232584804384], [-148.43007586680773, 61.869748005986686], [-148.43715317640002, 61.86943682905332], [-148.44227112022043, 61.869307347999325], [-148.44778690003244, 61.869159668850585], [-148.4557819635533, 61.86880960506121], [-148.4642953163655, 61.86829769796461], [-148.47075698444246, 61.8679596220946], [-148.4760837757867, 61.86759707906866], [-148.48097915121568, 61.86714458393299]]}, "properties": {"fault_name": "Castle Mountain fault", "section_name": "east section", "class": "B"}}, {"type": "Feature", "geometry": {"type": "LineString", "coordinates": [[-148.31196630660128, 61.87181004501093], [-148.31525113657483, 61.872052196039874], [-148.32034599099754, 61.87229075895362], [-148.32657146593513, 61.87228959093959], [-148.33252148955884, 61.872348897874076], [-148.33887084127582, 61.87244863609084], [-148.35114012844437, 61.87258857693044], [-148.35626111036711, 61.87256549595337], [-148.36049311858636, 61.87257293721044], [-148.36555022490248, 61.872420210880385], [-148.36931614672815, 61.872108164113996], [-148.3747737776935, 61.87208100697982], [-148.38395961381897, 61.87138299197301], [-148.38690328700383, 61.87135301783244]]}, "properties": {"fault_name": "Castle Mountain fault", "section_name": "east section", "class": "B"}}, {"type": "Feature", "geometry": {"type": "LineString", "coordinates": [[-148.15388666956196, 61.85675307500236], [-148.15521567312592, 61.85763507714518], [-148.1574921405998, 61.858347561020786], [-148.16068384222785, 61.85863892281114], [-148.1635378617507, 61.85890727699422], [-148.16620613841891, 61.858996221140146], [-148.16839097773385, 61.8588699079196]]}, "properties": {"fault_name": "Castle Mountain fault", "section_name": "east section", "class": "B"}}, {"type": "Feature", "geometry": {"type": "LineString", "coordinates": [[-148.00868466419152, 61.84349495780652], [-148.01056252671597, 61.84398768112234], [-148.01402960958933, 61.8446443131969], [-148.0181698656821, 61.84521154887717], [-148.02240359956497, 61.845983504902584], [-148.02755560300943, 61.846532698100695], [-148.03163562975735, 61.84708574696367], [-148.03890198890286, 61.847659935942474], [-148.0447287016858, 61.848194328096255], [-148.0509571536403, 61.84914829082666], [-148.054237530665, 61.849324669074235]]}, "properties": {"fault_name": "Castle Mountain fault", "section_name": "east section", "class": "B"}}, {"type": "Feature", "geometry": {"type": "LineString", "coordinates": [[-148.23507332012602, 61.86665898711793], [-148.23740511932982, 61.86678218713767], [-148.24133537715693, 61.86716799006203], [-148.2455099983009, 61.86747163403251], [-148.25045200797123, 61.86784004995851], [-148.25674365640594, 61.868236239143364], [-148.26558451790274, 61.86889159800897], [-148.2769402094442, 61.86954956582676], [-148.2857500197749, 61.87013618398913], [-148.29262716316234, 61.87062398094992], [-148.29373296861584, 61.87074830387424]]}, "properties": {"fault_name": "Castle Mountain fault", "section_name": "east section", "class": "B"}}, {"type": "Feature", "geometry": {"type": "LineString", "coordinates": [[-148.17608180073256, 61.85838728603952], [-148.1763441474231, 61.85845196603374], [-148.17834451589775, 61.85904162183062], [-148.18053011698402, 61.85974098699503], [-148.18293461684377, 61.860801656929375], [-148.18914233118988, 61.86193803388925], [-148.19181278357772, 61.862170190067985], [-148.1969397401954, 61.86275908083694]]}, "properties": {"fault_name": "Castle Mountain fault", "section_name": "east section", "class": "B"}}, {"type": "Feature", "geometry": {"type": "LineString", "coordinates": [[-148.08748180957454, 61.84901199287916], [-148.08965900961627, 61.849151427096785], [-148.09297178707664, 61.84944383879904], [-148.09659179465237, 61.849869093047865], [-148.09993781157488, 61.85046571303554], [-148.1037125350937, 61.85100609408823], [-148.10724156938232, 61.85143960707421], [-148.11095314942148, 61.85181892394813], [-148.11411241827454, 61.851998936008876], [-148.1188325710192, 61.852082321992036], [-148.12217291508068, 61.85207331878995], [-148.1245610557208, 61.85189219897507], [-148.12961324915065, 61.85152784991161], [-148.1322167590835, 61.85143410799242], [-148.1363519864073, 61.85127378406655], [-148.13883646866668, 61.85142408920193], [-148.14119816829472, 61.85158832812993], [-148.14377775070164, 61.85204321514814], [-148.14749167264878, 61.85251029501985], [-148.15139088919125, 61.853146531853845], [-148.15415748197572, 61.853832262036605], [-148.15778336543175, 61.85464213592309], [-148.16042578229786, 61.85515315888669], [-148.16331403841284, 61.85572142007859], [-148.1670616220303, 61.85641712888829], [-148.1699196462427, 61.85698511919834], [-148.17219357597588, 61.857441418000356], [-148.17608180073256, 61.85838728603952]]}, "properties": {"fault_name": "Castle Mountain fault", "section_name": "east section", "class": "B"}}, {"type": "Feature", "geometry": {"type": "LineString", "coordinates": [[-148.10101995001392, 61.85426796694553], [-148.10338362413896, 61.85468091910115], [-148.10467624234062, 61.85515459196616], [-148.10722845757243, 61.85591087316274], [-148.10919505657895, 61.85643843902183], [-148.11174203642926, 61.856750036964385], [-148.11438066330322, 61.85694421783097], [-148.116648973176, 61.8569972360871], [-148.1189782858431, 61.8569427869537], [-148.12105894214463, 61.85660639081283], [-148.1224035701063, 61.856281967051856], [-148.12377670790013, 61.85572755779891], [-148.12527364342162, 61.8552613278102], [-148.12640262900268, 61.85482129493876], [-148.1285098727417, 61.854194148840506], [-148.13147556273583, 61.85357685290481], [-148.13422758933797, 61.8530740569291], [-148.1362198846532, 61.853070418897445], [-148.14047928160713, 61.85302621285851], [-148.14228932941245, 61.85320904984591], [-148.14483822896256, 61.8536054100164], [-148.147419428337, 61.85418932994884], [-148.1492634872573, 61.854646153866874], [-148.15163381520367, 61.85550626307341], [-148.15308419912878, 61.856292327892845], [-148.15388666956196, 61.85675307500236]]}, "properties": {"fault_name": "Castle Mountain fault", "section_name": "east section", "class": "B"}}, {"type": "Feature", "geometry": {"type": "LineString", "coordinates": [[-148.00868466419152, 61.84349495780652], [-148.00997640294253, 61.84348021207125], [-148.01328537424104, 61.84350166515109], [-148.01766673007126, 61.84353596020525], [-148.02088632169392, 61.843947369848], [-148.0257632762697, 61.844616294970116], [-148.03156053688778, 61.84545303020704], [-148.03478000184802, 61.845760853814916], [-148.0388276533131, 61.84614286381053], [-148.04278229770523, 61.846364836069554], [-148.04548092485362, 61.84661787702546], [-148.0518250654436, 61.8468158129916], [-148.05363380979347, 61.8469144751107]]}, "properties": {"fault_name": "Castle Mountain fault", "section_name": "east section", "class": "B"}}, {"type": "Feature", "geometry": {"type": "LineString", "coordinates": [[-148.0025492480561, 61.843404927152626], [-148.00544237573487, 61.843536833858785], [-148.00868466419152, 61.84349495780652]]}, "properties": {"fault_name": "Castle Mountain fault", "section_name": "east section", "class": "B"}}, {"type": "Feature", "geometry": {"type": "LineString", "coordinates": [[-147.98706771658556, 61.84006482679585], [-147.98875358667593, 61.84021859115438], [-147.991391441897, 61.84081916179174], [-147.9942772599843, 61.84169622420624], [-147.9966427352315, 61.84253200392968], [-147.99925125596698, 61.84315922415116], [-148.00247000586828, 61.843400435934946], [-148.0025492480561, 61.843404927152626]]}, "properties": {"fault_name": "Castle Mountain fault", "section_name": "east section", "class": "B"}}, {"type": "Feature", "geometry": {"type": "LineString", "coordinates": [[-147.96970046862006, 61.837621007923296], [-147.9718893350824, 61.83775383113325], [-147.97541650806173, 61.83844209882275], [-147.97808387473654, 61.838854515032274]]}, "properties": {"fault_name": "Castle Mountain fault", "section_name": "east section", "class": "B"}}, {"type": "Feature", "geometry": {"type": "LineString", "coordinates": [[-147.9321742899587, 61.834927737020216], [-147.9348437290469, 61.83535344404515], [-147.93781666125886, 61.83572816020145], [-147.9403902653776, 61.83589485000295], [-147.94544571609867, 61.83618710787132], [-147.94961259915473, 61.83635240616416], [-147.95338066436068, 61.83646008218087], [-147.95843558417744, 61.83665419782157], [-147.96229666543945, 61.83689244493186], [-147.96499406459085, 61.837191923946705], [-147.9686716586679, 61.83755682920825], [-147.96970046862006, 61.837621007923296]]}, "properties": {"fault_name": "Castle Mountain fault", "section_name": "east section", "class": "B"}}, {"type": "Feature", "geometry": {"type": "LineString", "coordinates": [[-147.91889456967374, 61.83444232586465], [-147.9202912190735, 61.834513752130974], [-147.92295606417736, 61.8345095988293], [-147.93000078289109, 61.83458280795012], [-147.9321742899587, 61.834927737020216]]}, "properties": {"fault_name": "Castle Mountain fault", "section_name": "east section", "class": "B"}}, {"type": "Feature", "geometry": {"type": "LineString", "coordinates": [[-147.8654390664407, 61.82677210000069], [-147.86608892658185, 61.8270192579867], [-147.87001262311412, 61.82839095787264], [-147.8722808260874, 61.82903619206721], [-147.87519085197496, 61.82946679684127], [-147.87990998872502, 61.83035638213057], [-147.88266686712802, 61.830743136046195], [-147.88634499480432, 61.83149080119789], [-147.88913283633852, 61.83189111112443], [-147.89170733338264, 61.83226416402929], [-147.89483275191915, 61.8327205051712], [-147.89844742529877, 61.832974566174876], [-147.9025526282308, 61.83336086092918], [-147.90524883531782, 61.8336569770593], [-147.9115293913554, 61.83396636290241], [-147.91554329940345, 61.83428883784602], [-147.91686012271043, 61.83433440615916]]}, "properties": {"fault_name": "Castle Mountain fault", "section_name": "east section", "class": "B"}}, {"type": "Feature", "geometry": {"type": "LineString", "coordinates": [[-147.85998978262097, 61.82489043883321], [-147.86213463702427, 61.82552262692586], [-147.8654390664407, 61.82677210000069]]}, "properties": {"fault_name": "Castle Mountain fault", "section_name": "east section", "class": "B"}}, {"type": "Feature", "geometry": {"type": "LineString", "coordinates": [[-151.39559984780627, 62.43129936091674], [-151.38930909229697, 62.433016676151944], [-151.38086647462686, 62.434528173864386], [-151.37317341482307, 62.43571991919169]]}, "properties": {"fault_name": "Pass Creek fault", "section_name": "", "class": "A"}}, {"type": "Feature", "geometry": {"type": "LineString", "coordinates": [[-151.31201223943967, 62.44474724519877], [-151.29262900488993, 62.4472146729184]]}, "properties": {"fault_name": "Pass Creek fault", "section_name": "", "class": "A"}}, {"type": "Feature", "geometry": {"type": "LineString", "coordinates": [[-151.60918895543304, 62.380406980039595], [-151.5910895769177, 62.38576419084934], [-151.57778777155147, 62.38970205205791], [-151.5646147917835, 62.39197646092143], [-151.54848963807316, 62.395031696926274], [-151.5313468063336, 62.397235485970356], [-151.51193034130492, 62.400729626861], [-151.49758452828854, 62.40397653580241], [-151.48140532833744, 62.40752293415641], [-151.47000690663285, 62.40998644608192], [-151.45570760838189, 62.41256433588236], [-151.43974058780591, 62.417774594017], [-151.4223390619258, 62.42279107412696], [-151.40076497923027, 62.430060885090256]]}, "properties": {"fault_name": "Pass Creek fault", "section_name": "", "class": "A"}}, {"type": "Feature", "geometry": {"type": "LineString", "coordinates": [[-151.36878528659395, 62.43630575592073], [-151.34604807784493, 62.440050683046586]]}, "properties": {"fault_name": "Pass Creek fault", "section_name": "", "class": "A"}}, {"type": "Feature", "geometry": {"type": "LineString", "coordinates": [[-151.34020050438443, 62.440775267059266], [-151.31898797023456, 62.443545332106225]]}, "properties": {"fault_name": "Pass Creek fault", "section_name": "", "class": "A"}}, {"type": "Feature", "geometry": {"type": "LineString", "coordinates": [[-151.61398950470067, 62.37898869212247], [-151.6306656688366, 62.373272441037926], [-151.64476336357828, 62.368177929179566], [-151.6566957025652, 62.36304685784623], [-151.66828928955346, 62.35757651503329], [-151.68534132317737, 62.35136114490345], [-151.69815489688162, 62.343911051024556]]}, "properties": {"fault_name": "Pass Creek fault", "section_name": "", "class": "A"}}, {"type": "Feature", "geometry": {"type": "LineString", "coordinates": [[-148.43582154795882, 61.87383665885755], [-148.43441491288635, 61.87401681898981], [-148.4314492121124, 61.87446979912283], [-148.42821425929836, 61.87523964095329], [-148.42534170842947, 61.8757455299609]]}, "properties": {"fault_name": "Caribou fault (Castle Mountain fault system)", "section_name": "", "class": "B"}}, {"type": "Feature", "geometry": {"type": "LineString", "coordinates": [[-148.4353981468126, 61.872651186126575], [-148.43454216373792, 61.872785728192916], [-148.43292370412482, 61.87313026702342], [-148.4301108013908, 61.87351856986345], [-148.4272358313589, 61.87392568502003], [-148.4250074237527, 61.87441546106924]]}, "properties": {"fault_name": "Caribou fault (Castle Mountain fault system)", "section_name": "", "class": "B"}}, {"type": "Feature", "geometry": {"type": "LineString", "coordinates": [[-148.3914793490786, 61.881928069814045], [-148.38606583258021, 61.882794526152146], [-148.38090034003346, 61.883789554948535], [-148.37781369458128, 61.884430741047375], [-148.3731678837146, 61.8853216622043], [-148.36974444189605, 61.88601995006351], [-148.36540215110261, 61.88680830197638], [-148.36115297428165, 61.887636139942046], [-148.3577663984241, 61.88865198080626], [-148.35156186501237, 61.890001665949], [-148.34719035471772, 61.890901636857926], [-148.34284840079252, 61.89177910817538], [-148.33863135042105, 61.89275456994302], [-148.33404353119587, 61.893615213966726], [-148.32936796363543, 61.894751544002276], [-148.32426312084507, 61.89593220203113], [-148.31943306102204, 61.89703847205936], [-148.3160678048811, 61.897649276105206], [-148.31248659644078, 61.898271513925856], [-148.31043863971394, 61.8987713778221]]}, "properties": {"fault_name": "Caribou fault (Castle Mountain fault system)", "section_name": "", "class": "B"}}, {"type": "Feature", "geometry": {"type": "LineString", "coordinates": [[-148.3913899613179, 61.88054139898657], [-148.39028894118994, 61.88070522617163], [-148.38918743058184, 61.880828641936624], [-148.3857321327067, 61.88140711090221], [-148.38288791380356, 61.88188414883343], [-148.3807763473714, 61.88215693612937]]}, "properties": {"fault_name": "Caribou fault (Castle Mountain fault system)", "section_name": "", "class": "B"}}, {"type": "Feature", "geometry": {"type": "LineString", "coordinates": [[-148.14755992574575, 61.91093952509272], [-148.146272769301, 61.91116117997408], [-148.14560343458282, 61.91127037481614]]}, "properties": {"fault_name": "Caribou fault (Castle Mountain fault system)", "section_name": "", "class": "B"}}, {"type": "Feature", "geometry": {"type": "LineString", "coordinates": [[-148.14560343458282, 61.91127037481614], [-148.143477121407, 61.91104095806052], [-148.14013190039182, 61.911226698956305], [-148.13718778164258, 61.91152437089752], [-148.13400046289482, 61.91208457799238], [-148.13099645166892, 61.912602950879325], [-148.12915841056275, 61.91298675304131], [-148.1263690930965, 61.913471304098316], [-148.12590918980703, 61.9135430999085]]}, "properties": {"fault_name": "Caribou fault (Castle Mountain fault system)", "section_name": "", "class": "B"}}, {"type": "Feature", "geometry": {"type": "LineString", "coordinates": [[-148.14560343458282, 61.91127037481614], [-148.14348351292026, 61.9116067769188], [-148.14081758893977, 61.91207762892265], [-148.13787448259185, 61.91249318601449], [-148.1354869860438, 61.9132077679858], [-148.1322717251991, 61.91401590306881], [-148.12899509414913, 61.914837135946954], [-148.1270626598695, 61.915104785177704], [-148.12583704341162, 61.91532545494623]]}, "properties": {"fault_name": "Caribou fault (Castle Mountain fault system)", "section_name": "", "class": "B"}}, {"type": "Feature", "geometry": {"type": "LineString", "coordinates": [[-148.13456862305748, 61.92147019501449], [-148.13091463131624, 61.92164408905155], [-148.12964626583062, 61.921766522886394]]}, "properties": {"fault_name": "Caribou fault (Castle Mountain fault system)", "section_name": "", "class": "B"}}, {"type": "Feature", "geometry": {"type": "LineString", "coordinates": [[-148.12964626583062, 61.921766522886394], [-148.12664953365348, 61.922060716912895], [-148.1220801164169, 61.9227574668353], [-148.1173576792565, 61.92348250303123], [-148.1114371554084, 61.92433932794068], [-148.10591874173596, 61.92537090004634], [-148.09849855058962, 61.926794294188554], [-148.09340929087452, 61.927868000826926], [-148.08868618626585, 61.92873576113597], [-148.0838125967791, 61.929891106180264], [-148.07890551001373, 61.93087768492901], [-148.07473368622357, 61.931641267934594], [-148.0684167960277, 61.93304655616796], [-148.06262135719305, 61.934352259148284], [-148.05863481362516, 61.93532967495738], [-148.05385227198573, 61.936704505131175], [-148.0498628044016, 61.937362847903614], [-148.04698027414824, 61.93812600597744], [-148.04308384956968, 61.938859913052426], [-148.03943340437718, 61.93980721496484], [-148.03458823309444, 61.94109689793021], [-148.0303831392994, 61.94193195213229], [-148.02691564859091, 61.94263527988593], [-148.02372428742436, 61.943305294919455], [-148.02099343770672, 61.94398122600882], [-148.01562161471563, 61.944989943111366], [-148.01083018334813, 61.94558194301403], [-148.00817982806984, 61.94609943614985]]}, "properties": {"fault_name": "Caribou fault (Castle Mountain fault system)", "section_name": "", "class": "B"}}, {"type": "Feature", "geometry": {"type": "LineString", "coordinates": [[-148.08570165590524, 61.92518603311186], [-148.08484475475234, 61.92553401297235], [-148.08227226634122, 61.92636687414785], [-148.0803388528979, 61.92656094692648]]}, "properties": {"fault_name": "Caribou fault (Castle Mountain fault system)", "section_name": "", "class": "B"}}, {"type": "Feature", "geometry": {"type": "LineString", "coordinates": [[-148.0787645553625, 61.91944522086564], [-148.07612595274307, 61.91974437013418], [-148.07339767310546, 61.92031803011628], [-148.07134272479075, 61.92065725698171], [-148.07100549543645, 61.92070035785182]]}, "properties": {"fault_name": "Caribou fault (Castle Mountain fault system)", "section_name": "", "class": "B"}}, {"type": "Feature", "geometry": {"type": "LineString", "coordinates": [[-148.06144235970513, 61.912856449934495], [-148.06052134579042, 61.912832366066645], [-148.05797459141723, 61.913066559137775], [-148.05554840532818, 61.91309030108878], [-148.05410448298488, 61.91306551998293], [-148.0536443632014, 61.91306862010699]]}, "properties": {"fault_name": "Caribou fault (Castle Mountain fault system)", "section_name": "", "class": "B"}}, {"type": "Feature", "geometry": {"type": "LineString", "coordinates": [[-148.0602703088893, 61.922493434057195], [-148.05778534423465, 61.92283574479271], [-148.0537677468057, 61.923584961937706], [-148.05205127291026, 61.92403803403957], [-148.0512850575836, 61.924254964933084]]}, "properties": {"fault_name": "Caribou fault (Castle Mountain fault system)", "section_name": "", "class": "B"}}, {"type": "Feature", "geometry": {"type": "LineString", "coordinates": [[-148.05844680971094, 61.93152515596635], [-148.0573729690102, 61.93171686618187], [-148.0562993142607, 61.931923165959404], [-148.05540975844892, 61.93208219892829]]}, "properties": {"fault_name": "Caribou fault (Castle Mountain fault system)", "section_name": "", "class": "B"}}, {"type": "Feature", "geometry": {"type": "LineString", "coordinates": [[-148.04280811798145, 61.913573283974266], [-148.0415185774079, 61.91367720517258], [-148.03854325837224, 61.91406359101853], [-148.03611816014305, 61.914171222952554], [-148.03535060273333, 61.91419946011689]]}, "properties": {"fault_name": "Caribou fault (Castle Mountain fault system)", "section_name": "", "class": "B"}}, {"type": "Feature", "geometry": {"type": "LineString", "coordinates": [[-148.02661366373846, 61.927847259066546], [-148.02483404456677, 61.92805831108384], [-148.02084249468786, 61.92848677399729], [-148.0168807904359, 61.928700904918685], [-148.01381057606852, 61.92906936800281], [-148.0111716329876, 61.92949193516379], [-148.0085307154097, 61.929673070180996], [-148.0059833950979, 61.930114016053004]]}, "properties": {"fault_name": "Caribou fault (Castle Mountain fault system)", "section_name": "", "class": "B"}}, {"type": "Feature", "geometry": {"type": "LineString", "coordinates": [[-148.00817982806984, 61.94609943614985], [-148.00861815202958, 61.94574648801131], [-148.00953665874633, 61.94523652909856], [-148.01241934261162, 61.94430459687321], [-148.0133078051737, 61.94391231517385]]}, "properties": {"fault_name": "Caribou fault (Castle Mountain fault system)", "section_name": "", "class": "B"}}, {"type": "Feature", "geometry": {"type": "LineString", "coordinates": [[-148.00817982806984, 61.94609943614985], [-148.0060412483988, 61.94651958105287], [-148.0017110291662, 61.94722397295197], [-147.9978412279577, 61.94769635110764], [-147.99516843815348, 61.94806114719726], [-147.99381723272734, 61.948313607881104]]}, "properties": {"fault_name": "Caribou fault (Castle Mountain fault system)", "section_name": "", "class": "B"}}, {"type": "Feature", "geometry": {"type": "LineString", "coordinates": [[-147.8585072174491, 61.973119848883584], [-147.8581996558554, 61.973174993968456], [-147.85595469768842, 61.97354353480372], [-147.85478495644122, 61.97352872712119]]}, "properties": {"fault_name": "Caribou fault (Castle Mountain fault system)", "section_name": "", "class": "B"}}, {"type": "Feature", "geometry": {"type": "LineString", "coordinates": [[-147.76578589590474, 61.99156504406585], [-147.7653854000016, 61.99167093208974], [-147.76489247374394, 61.991812049038096], [-147.76295248283614, 61.99233523290002], [-147.76184420881228, 61.99251213883042], [-147.7614436167894, 61.9926123988063]]}, "properties": {"fault_name": "Caribou fault (Castle Mountain fault system)", "section_name": "", "class": "B"}}, {"type": "Feature", "geometry": {"type": "LineString", "coordinates": [[-148.18936593174558, 61.914235141075885], [-148.18567904908852, 61.914131895911126], [-148.18325196109092, 61.91406689700472], [-148.18045334516322, 61.91371839706303], [-148.17633140931235, 61.91321100893263], [-148.1736260313246, 61.91299187904395], [-148.1701203433519, 61.91262638317346], [-148.1669201975602, 61.91210171719152], [-148.1628903650771, 61.91156517783647], [-148.15821513258823, 61.910890774854174], [-148.15025945659931, 61.9107022229799], [-148.14755992574575, 61.91093952509272]]}, "properties": {"fault_name": "Caribou fault (Castle Mountain fault system)", "section_name": "", "class": "B"}}, {"type": "Feature", "geometry": {"type": "LineString", "coordinates": [[-148.12590918980703, 61.9135430999085], [-148.1242528024243, 61.91373576499581], [-148.12014101843448, 61.91402498788316], [-148.11624538437337, 61.9144880450886], [-148.11271774427007, 61.9148170658078], [-148.10866871209444, 61.91527578299872], [-148.1053746815757, 61.91561660391248]]}, "properties": {"fault_name": "Caribou fault (Castle Mountain fault system)", "section_name": "", "class": "B"}}, {"type": "Feature", "geometry": {"type": "LineString", "coordinates": [[-148.1053746815757, 61.91561660391248], [-148.10215511959743, 61.91502342301978], [-148.0966883087482, 61.91501308119215], [-148.09293925099536, 61.91479147706967], [-148.08980617432107, 61.91472681112961], [-148.08774682426144, 61.91457678220483], [-148.08513598856746, 61.91453832816095], [-148.08194143927994, 61.914447348202515], [-148.07948297223118, 61.9143231422011], [-148.07677930014415, 61.91419984582061], [-148.07398210175793, 61.913907610825305], [-148.0713986682734, 61.913537866997], [-148.07038419992472, 61.91339770516106], [-148.06703332581145, 61.91302824614718], [-148.06436075519622, 61.91291835592747], [-148.06251758740467, 61.91291057005175], [-148.06144235970513, 61.912856449934495]]}, "properties": {"fault_name": "Caribou fault (Castle Mountain fault system)", "section_name": "", "class": "B"}}, {"type": "Feature", "geometry": {"type": "LineString", "coordinates": [[-148.1053746815757, 61.91561660391248], [-148.1040672375786, 61.915752886048516], [-148.0990973864226, 61.916335675039505], [-148.0952032390733, 61.916982284107746], [-148.09244320399043, 61.917367549850134], [-148.08735284743236, 61.918192926009986], [-148.08351882432498, 61.918766558021886], [-148.07944023218658, 61.919399433981376], [-148.0787645553625, 61.91944522086564]]}, "properties": {"fault_name": "Caribou fault (Castle Mountain fault system)", "section_name": "", "class": "B"}}, {"type": "Feature", "geometry": {"type": "LineString", "coordinates": [[-148.0536443632014, 61.91306862010699], [-148.05263123513913, 61.91311243586536], [-148.04891790967338, 61.913355768900416], [-148.04572570409042, 61.913596257915486], [-148.04360700234002, 61.913656309984795], [-148.04280811798145, 61.913573283974266]]}, "properties": {"fault_name": "Caribou fault (Castle Mountain fault system)", "section_name": "", "class": "B"}}, {"type": "Feature", "geometry": {"type": "LineString", "coordinates": [[-147.89653036838016, 61.96249588604065], [-147.89456216857582, 61.96250871787137], [-147.8918556524226, 61.96257050684624], [-147.8893339367913, 61.96271767297596], [-147.88748848727894, 61.96293551620625], [-147.88616691637569, 61.96301093609183], [-147.88512033505222, 61.96308586809871], [-147.88180068458163, 61.96364073696325], [-147.87583445355352, 61.9641103150612], [-147.87119131158158, 61.96483896807002], [-147.86799343942582, 61.96523715284809], [-147.8645191817083, 61.965851180170766], [-147.8599378914386, 61.96686730407468], [-147.85587899755774, 61.967772364914495], [-147.85289634018451, 61.96826600491599], [-147.850189555435, 61.96861552393052], [-147.8464374784445, 61.969212590124506], [-147.84360795058956, 61.96935121816341]]}, "properties": {"fault_name": "Caribou fault (Castle Mountain fault system)", "section_name": "", "class": "B"}}, {"type": "Feature", "geometry": {"type": "LineString", "coordinates": [[-147.85478495644122, 61.97352872712119], [-147.854046607753, 61.97357303702457], [-147.849555249623, 61.97408650000607], [-147.84235693606362, 61.97523885105342], [-147.83869626804318, 61.97589361381602], [-147.83420496740536, 61.976719834112856], [-147.82989789057106, 61.977711114200304], [-147.82562181459724, 61.97885855095494], [-147.82472992226744, 61.97912055503929]]}, "properties": {"fault_name": "Caribou fault (Castle Mountain fault system)", "section_name": "", "class": "B"}}, {"type": "Feature", "geometry": {"type": "LineString", "coordinates": [[-147.84360795058956, 61.96935121816341], [-147.84191499009668, 61.96943816817267], [-147.83745452772425, 61.96974376615317], [-147.83139386759015, 61.97001323488786], [-147.8266560422889, 61.9702211030756], [-147.8223800660281, 61.970457938115274], [-147.81856450958801, 61.9704453008582], [-147.81714917163706, 61.970358837074365], [-147.8135186995866, 61.97039343595703], [-147.80896505496975, 61.97031238011855], [-147.80416494767326, 61.97024172910571], [-147.80183225464572, 61.970031906089936]]}, "properties": {"fault_name": "Caribou fault (Castle Mountain fault system)", "section_name": "", "class": "B"}}, {"type": "Feature", "geometry": {"type": "LineString", "coordinates": [[-148.48101639267242, 61.86712613696467], [-148.48015087577764, 61.867508444946466], [-148.47685570080526, 61.8682354678471], [-148.47434979821793, 61.868625396069945], [-148.47169102392877, 61.8690171498937], [-148.4679901931303, 61.86947461682878], [-148.46401331902817, 61.86993014900999], [-148.45927470141285, 61.87058227996043], [-148.45615417510137, 61.87092872908505]]}, "properties": {"fault_name": "Caribou fault (Castle Mountain fault system)", "section_name": "", "class": "B"}}, {"type": "Feature", "geometry": {"type": "LineString", "coordinates": [[-148.45615417510137, 61.87092872908505], [-148.4561225436236, 61.87087140486241], [-148.45538270642695, 61.870731330814614], [-148.45381834156362, 61.87068451508975], [-148.45265375125626, 61.87074647595463], [-148.45118351186838, 61.870815493821276], [-148.44928180356473, 61.87080922020771], [-148.4479655354166, 61.8709033221585], [-148.4451200193462, 61.8712390281631], [-148.44248868499574, 61.871527021174025], [-148.43802515308002, 61.872161245071865], [-148.4353981468126, 61.872651186126575]]}, "properties": {"fault_name": "Caribou fault (Castle Mountain fault system)", "section_name": "", "class": "B"}}, {"type": "Feature", "geometry": {"type": "LineString", "coordinates": [[-148.45615417510137, 61.87092872908505], [-148.45422885997036, 61.871232295969534], [-148.4496712645629, 61.8717790591055], [-148.44636584160978, 61.87210121400747], [-148.44367591733985, 61.87250582607754], [-148.43964310424664, 61.87324902108404], [-148.43719767983748, 61.87365640788738], [-148.43582154795882, 61.87383665885755]]}, "properties": {"fault_name": "Caribou fault (Castle Mountain fault system)", "section_name": "", "class": "B"}}, {"type": "Feature", "geometry": {"type": "LineString", "coordinates": [[-148.42534170842947, 61.8757455299609], [-148.42255873396752, 61.87615170298677], [-148.41599419801074, 61.877606444206386], [-148.4112247924357, 61.87839605312443], [-148.4079561590867, 61.87903513818802], [-148.4025745246961, 61.879889986031934], [-148.39798722559541, 61.88059104183316], [-148.39389528000035, 61.8815393219426], [-148.3914793490786, 61.881928069814045]]}, "properties": {"fault_name": "Caribou fault (Castle Mountain fault system)", "section_name": "", "class": "B"}}, {"type": "Feature", "geometry": {"type": "LineString", "coordinates": [[-148.4250074237527, 61.87441546106924], [-148.4228064506953, 61.87480196990657], [-148.4174575715749, 61.875687793840356], [-148.41290387305912, 61.87649381997269], [-148.40868461912027, 61.877178332953356], [-148.405780583199, 61.87764333905958], [-148.40309262444293, 61.878209951093616], [-148.39991636485462, 61.878906359071884], [-148.39704671644242, 61.87958681403656], [-148.3936523324284, 61.88015105214033], [-148.3913899613179, 61.88054139898657]]}, "properties": {"fault_name": "Caribou fault (Castle Mountain fault system)", "section_name": "", "class": "B"}}, {"type": "Feature", "geometry": {"type": "LineString", "coordinates": [[-148.31043863971394, 61.8987713778221], [-148.30793214603514, 61.8993784110734], [-148.29979172072828, 61.90084776718305], [-148.2948311545591, 61.901563192048535], [-148.28907909177624, 61.90277491201827], [-148.282710957185, 61.90381790700043], [-148.27416745511522, 61.90519891191524], [-148.2664234482584, 61.90666569990477], [-148.26109705666448, 61.90772981891779], [-148.25629033507252, 61.90863085599414], [-148.25065480803653, 61.909539567817085], [-148.24226313292786, 61.91102031400407], [-148.23668609340336, 61.91179288192479], [-148.23200017365755, 61.91263860705609], [-148.22746113385065, 61.9130604540496], [-148.2225268910142, 61.913773451168424], [-148.2160031664191, 61.914984561852535], [-148.211098040676, 61.91565686111716], [-148.20650263517825, 61.91645613113857], [-148.20180962862315, 61.91692362393597], [-148.19684411812668, 61.91769396598017], [-148.19160330992818, 61.91849323602532], [-148.18724750757457, 61.918970748085776], [-148.18297924335047, 61.919047784094346], [-148.17889761221147, 61.919320880827826], [-148.17573736060146, 61.9195813028425], [-148.17368016470192, 61.91964359184881], [-148.1714383829778, 61.91972517892706], [-148.16708109570902, 61.92004493594876], [-148.1615553868182, 61.92033879390057], [-148.15633492366428, 61.920458777988735], [-148.15203580770003, 61.92057626097421], [-148.14620102085925, 61.92069628979596], [-148.14083153169128, 61.92116301501907], [-148.13736242311697, 61.9213896138347], [-148.13456862305748, 61.92147019501449]]}, "properties": {"fault_name": "Caribou fault (Castle Mountain fault system)", "section_name": "", "class": "B"}}, {"type": "Feature", "geometry": {"type": "LineString", "coordinates": [[-148.12583704341162, 61.91532545494623], [-148.12458395557402, 61.91583337086598], [-148.1213354615554, 61.91646596712524], [-148.11655422157477, 61.917452202086736], [-148.11226597881875, 61.91851940605921], [-148.10886633157546, 61.91943048206484], [-148.1040267136778, 61.92073148199189], [-148.09881688388188, 61.92190354882093], [-148.09510816318027, 61.92268360612781], [-148.0889802605539, 61.92430743209409], [-148.08570165590524, 61.92518603311186]]}, "properties": {"fault_name": "Caribou fault (Castle Mountain fault system)", "section_name": "", "class": "B"}}, {"type": "Feature", "geometry": {"type": "LineString", "coordinates": [[-148.0803388528979, 61.92656094692648], [-148.07831261833294, 61.92673876680181], [-148.07518627992158, 61.92748548585481], [-148.0717542834466, 61.92848194396238], [-148.06773923992802, 61.929563867931186], [-148.06329248944013, 61.93050076480771], [-148.06062536081885, 61.93115872095643], [-148.05844680971094, 61.93152515596635]]}, "properties": {"fault_name": "Caribou fault (Castle Mountain fault system)", "section_name": "", "class": "B"}}, {"type": "Feature", "geometry": {"type": "LineString", "coordinates": [[-148.07100549543645, 61.92070035785182], [-148.0682457082886, 61.921183949050366], [-148.0644719845947, 61.92176074679512], [-148.06177265765868, 61.922171564919054], [-148.0602703088893, 61.922493434057195]]}, "properties": {"fault_name": "Caribou fault (Castle Mountain fault system)", "section_name": "", "class": "B"}}, {"type": "Feature", "geometry": {"type": "LineString", "coordinates": [[-148.05540975844892, 61.93208219892829], [-148.0541535714236, 61.93246486896058], [-148.05081182239698, 61.93341528384], [-148.04848180904398, 61.9340569040882], [-148.04563016556503, 61.934801118969965], [-148.04351537867262, 61.935413561943626], [-148.04066267697826, 61.93604653613327], [-148.03796421242492, 61.93676226987105], [-148.03523428258214, 61.93751928104679], [-148.03228998866146, 61.93820547979795], [-148.0262783675587, 61.9397846380726], [-148.0221984306423, 61.94079420495568], [-148.01913353519976, 61.94201490408441], [-148.0162515753766, 61.942979532980395], [-148.0133078051737, 61.94391231517385]]}, "properties": {"fault_name": "Caribou fault (Castle Mountain fault system)", "section_name": "", "class": "B"}}, {"type": "Feature", "geometry": {"type": "LineString", "coordinates": [[-148.0512850575836, 61.924254964933084], [-148.04947531430716, 61.9245783941635], [-148.04469019090962, 61.92541741909405], [-148.039228806783, 61.926240152144054], [-148.03569990544506, 61.92675584198388], [-148.03250810230736, 61.92721047307118], [-148.02805655481583, 61.92768819094906], [-148.02661366373846, 61.927847259066546]]}, "properties": {"fault_name": "Caribou fault (Castle Mountain fault system)", "section_name": "", "class": "B"}}, {"type": "Feature", "geometry": {"type": "LineString", "coordinates": [[-148.0059833950979, 61.930114016053004], [-148.00374050844596, 61.930161530102225], [-147.9984308830085, 61.9309723690459], [-147.99505446979174, 61.931526117143164], [-147.99241546293044, 61.93199885903363], [-147.99081920068798, 61.932287997065075]]}, "properties": {"fault_name": "Caribou fault (Castle Mountain fault system)", "section_name": "", "class": "B"}}, {"type": "Feature", "geometry": {"type": "LineString", "coordinates": [[-147.99381723272734, 61.948313607881104], [-147.9895165420164, 61.94879779502555], [-147.98555621757671, 61.949647623109506], [-147.981747711115, 61.950347789182445], [-147.97674022324358, 61.95103951505406], [-147.9710905684031, 61.9522952418248], [-147.96430005944003, 61.953137357005886], [-147.96110413213685, 61.953576899834204], [-147.95790686095404, 61.953712140103775], [-147.9536361057016, 61.95422575707494], [-147.9500097335621, 61.954668010148076], [-147.9473983103699, 61.95525233198316], [-147.944725920316, 61.955647677837916], [-147.9411606048697, 61.956088960040944], [-147.94089848455465, 61.95614060303843]]}, "properties": {"fault_name": "Caribou fault (Castle Mountain fault system)", "section_name": "", "class": "B"}}, {"type": "Feature", "geometry": {"type": "LineString", "coordinates": [[-147.94089848455465, 61.95614060303843], [-147.9401140864283, 61.95597571198583], [-147.93869985610013, 61.95599375995534], [-147.93596390484998, 61.95614265307925], [-147.93331924758556, 61.95629091619254], [-147.93024653141015, 61.95674630217182], [-147.9270186968464, 61.957055783902604], [-147.92357586129918, 61.9574513830186], [-147.92142425066666, 61.95770365118135], [-147.91813549595363, 61.9581113500451], [-147.9151846730774, 61.95842349199416], [-147.911556568986, 61.95876146311255], [-147.90940374383118, 61.9588204331988], [-147.9062074796598, 61.959375527011126], [-147.90341045105518, 61.95997804884254], [-147.90172084307494, 61.960338597819046], [-147.8991700480796, 61.961024609022665], [-147.89791132421192, 61.961503581849975], [-147.89716011883536, 61.96202012993615]]}, "properties": {"fault_name": "Caribou fault (Castle Mountain fault system)", "section_name": "", "class": "B"}}, {"type": "Feature", "geometry": {"type": "LineString", "coordinates": [[-147.94089848455465, 61.95614060303843], [-147.9376581373573, 61.956791014019956], [-147.93406266726353, 61.95742165699882], [-147.9311132574373, 61.95801592019387], [-147.9273951825786, 61.95861533493448], [-147.92379924356425, 61.95930408504351], [-147.9203891713721, 61.95995919792651], [-147.91759189303585, 61.96044523914735], [-147.91448668659322, 61.960708091015455], [-147.91095100477153, 61.961090440035], [-147.90630900455827, 61.961762986116625], [-147.9033881701412, 61.96214579020195], [-147.90043681636067, 61.962393642053726], [-147.89733009535848, 61.962485444999515], [-147.89653036838016, 61.96249588604065]]}, "properties": {"fault_name": "Caribou fault (Castle Mountain fault system)", "section_name": "", "class": "B"}}, {"type": "Feature", "geometry": {"type": "LineString", "coordinates": [[-147.89653036838016, 61.96249588604065], [-147.8968988941406, 61.962197457998016], [-147.89716011883536, 61.96202012993615]]}, "properties": {"fault_name": "Caribou fault (Castle Mountain fault system)", "section_name": "", "class": "B"}}, {"type": "Feature", "geometry": {"type": "LineString", "coordinates": [[-147.89653036838016, 61.96249588604065], [-147.89639183289196, 61.962662785980434], [-147.89613973328392, 61.96292469487134], [-147.89561090855088, 61.963183660169115], [-147.89465798917223, 61.96334688791907], [-147.89358156761165, 61.963551932849626], [-147.89170672612153, 61.96395827295407], [-147.89044644098186, 61.96427659985096], [-147.8890639193866, 61.96478833285465], [-147.88771273462163, 61.965393455884005], [-147.8842112696291, 61.96699237188827], [-147.87999959118304, 61.968082330099804], [-147.87677144131064, 61.968781383108904], [-147.87342099389713, 61.969654690205736], [-147.8683472678499, 61.97100677991106], [-147.864258052235, 61.971893944056454], [-147.85964525984488, 61.97290087704704], [-147.8585072174491, 61.973119848883584]]}, "properties": {"fault_name": "Caribou fault (Castle Mountain fault system)", "section_name": "", "class": "B"}}, {"type": "Feature", "geometry": {"type": "LineString", "coordinates": [[-147.82472992226744, 61.97912055503929], [-147.82371470741873, 61.97932329101711], [-147.8204219974235, 61.979878027052095], [-147.81648332597547, 61.98074916302673], [-147.81303701843967, 61.981532797161876], [-147.8085746767917, 61.98224502501022], [-147.80549690040627, 61.98305806606143], [-147.8027892164432, 61.983710968882626], [-147.8000808039464, 61.98429194302338], [-147.79672568080184, 61.98500286379885], [-147.7930626735684, 61.98558571412761], [-147.78992269244281, 61.98612403091601], [-147.78789112278338, 61.986458262055415], [-147.7852746465677, 61.98670731505693], [-147.78151939672762, 61.98740597202582], [-147.7788717184289, 61.98807232003621], [-147.77603904108054, 61.98852279597367], [-147.77065108883852, 61.990231798971195], [-147.76710982308902, 61.99117641205084], [-147.76578589590474, 61.99156504406585]]}, "properties": {"fault_name": "Caribou fault (Castle Mountain fault system)", "section_name": "", "class": "B"}}, {"type": "Feature", "geometry": {"type": "LineString", "coordinates": [[-147.80183225464572, 61.970031906089936], [-147.79954988973202, 61.96982873810997], [-147.79478132318343, 61.969457141990574], [-147.78955043597895, 61.96879566581171], [-147.78527390186434, 61.96846551886944], [-147.78108973162892, 61.96807642386731], [-147.77530592418051, 61.96745861001255], [-147.7696459459008, 61.966897641093475], [-147.7632166998191, 61.96645750480453], [-147.75869415397906, 61.966271762139485], [-147.75248048559928, 61.96565087985427], [-147.74974251493637, 61.96535156097813]]}, "properties": {"fault_name": "Caribou fault (Castle Mountain fault system)", "section_name": "", "class": "B"}}, {"type": "Feature", "geometry": {"type": "LineString", "coordinates": [[-147.7614436167894, 61.9926123988063], [-147.76067428071545, 61.99282778990798], [-147.75947232139058, 61.993135285037525], [-147.7573477150138, 61.993667115030185], [-147.75537691009515, 61.99416302713438], [-147.75291282498256, 61.994714648924244], [-147.75069580621755, 61.994973974968204], [-147.7499559798007, 61.99501883115932]]}, "properties": {"fault_name": "Caribou fault (Castle Mountain fault system)", "section_name": "", "class": "B"}}, {"type": "Feature", "geometry": {"type": "LineString", "coordinates": [[-154.41909169457583, 60.162018556917175], [-154.41547112465472, 60.161303330213286], [-154.4101780587612, 60.16101337782576]]}, "properties": {"fault_name": "Lake Clark fault", "section_name": "", "class": "B"}}, {"type": "Feature", "geometry": {"type": "LineString", "coordinates": [[-154.18133179456737, 60.25015946705001], [-154.17773690119202, 60.25120590519011], [-154.17628584532704, 60.251771103081786], [-154.17417037930826, 60.25259420303808], [-154.16771527791605, 60.25524561107299], [-154.15735617914746, 60.259409017890995], [-154.14809689766267, 60.26297359914769], [-154.13527432194093, 60.268039910839256], [-154.12230096310046, 60.27271284000187], [-154.10707584674464, 60.27805688897443], [-154.0933776211317, 60.28239565092628], [-154.07960601214324, 60.28730751615806], [-154.06359846497156, 60.29312096185499], [-154.04390562156763, 60.3004917141691], [-154.02896462436988, 60.306849427034095], [-154.01078302844644, 60.31458044408878], [-153.99676854375127, 60.31966153821369], [-153.98612272160858, 60.32393352201088], [-153.98049182089628, 60.32599595295902], [-153.97145422116571, 60.32929914510389], [-153.96801985134175, 60.33113797221346]]}, "properties": {"fault_name": "Lake Clark fault", "section_name": "", "class": "B"}}, {"type": "Feature", "geometry": {"type": "LineString", "coordinates": [[-154.0444356060257, 60.31167550395666], [-154.0400693320108, 60.31330412612328], [-154.031657971221, 60.31627476201656], [-154.02154996684567, 60.31967543719819], [-154.01336551420843, 60.322642655981184], [-154.00529876872116, 60.32565742995381], [-153.99678801832832, 60.32891423490513], [-153.98838628298677, 60.332105692972554], [-153.97807796957443, 60.33602501813305], [-153.9676080752936, 60.33937018401871], [-153.95587431698502, 60.342800188801355], [-153.94575038637802, 60.346199650945444], [-153.93683945179748, 60.34888365281256], [-153.9249664097041, 60.352087386935956], [-153.91070143877508, 60.35573333406275], [-153.89702218827594, 60.359533568171614], [-153.88426988057233, 60.36343603201256], [-153.87103669122249, 60.367114460090995], [-153.85812982567933, 60.37055614689877], [-153.84691599159598, 60.37350677502761], [-153.83549060605984, 60.376747892854425], [-153.82594943862878, 60.378926514185935], [-153.817737737394, 60.38033398902352], [-153.8077003298202, 60.38206473584461], [-153.7963107762841, 60.384271053119235], [-153.78549611039386, 60.38647173212099], [-153.7743419837342, 60.38878610021571], [-153.76228697799857, 60.39146007998892], [-153.74989208389542, 60.394255323200255], [-153.73729223736356, 60.39745036001278], [-153.72387097492916, 60.400491693033494], [-153.71084726911027, 60.40432045489747], [-153.70098986774974, 60.40717815911773], [-153.69318534318887, 60.409657560916834], [-153.68241712828365, 60.41276109600368], [-153.6722546563577, 60.41631004207196], [-153.66370258885163, 60.41976944981691], [-153.65504441863249, 60.42340463686999], [-153.64569152281362, 60.42705088209032], [-153.6391818739207, 60.43001782682681], [-153.63119249044743, 60.4333515148357], [-153.62352193344148, 60.43627886211132], [-153.61362563502917, 60.44056306289962], [-153.61201543542506, 60.44105138081388], [-153.60523255226045, 60.443102942975784], [-153.59833257280013, 60.445504757121384], [-153.59167046363385, 60.44801645507851], [-153.5832588423326, 60.450325819831775], [-153.57480768976902, 60.45383709395158], [-153.56667922912342, 60.457001290178574], [-153.556916849757, 60.45996079290503], [-153.54954022780026, 60.46225019081288], [-153.54219133144642, 60.46500085896108], [-153.53472200964055, 60.46769372578252], [-153.52793502656496, 60.47020301516929], [-153.5198811171048, 60.47284835015866], [-153.50885164067392, 60.47605143721613], [-153.49760940455621, 60.47960497383787], [-153.4880579702798, 60.48244201001011], [-153.4803451870656, 60.48507858495803], [-153.47275389111215, 60.487826955000656], [-153.46707689694432, 60.48968712708012], [-153.46134196323726, 60.49251805086561], [-153.45557858617343, 60.494894867970665], [-153.44992976856278, 60.49726631499568], [-153.44398471980912, 60.500501361839845], [-153.43785469715866, 60.50454006210607], [-153.43287766756524, 60.5084971970314], [-153.42777980827793, 60.51240671219429], [-153.4223371315671, 60.51637046997186], [-153.41486541664935, 60.5213412980303], [-153.40520762633483, 60.52663197203869], [-153.3964567706396, 60.53161973080731], [-153.3880741325827, 60.53700086099777], [-153.37981426098742, 60.5425507999006], [-153.36817693862125, 60.54992332602491], [-153.3616438419028, 60.553330987174895], [-153.35356829112914, 60.55819295396025], [-153.34617583367057, 60.562872171076854], [-153.34102128170568, 60.568147359846506], [-153.33586565355907, 60.573416765998296], [-153.33114264057855, 60.57816950600004], [-153.3253098453028, 60.583854338020785], [-153.31798168565896, 60.58984222690393], [-153.31311164272097, 60.596197420917655], [-153.30985885026368, 60.60240968191849], [-153.3045015674038, 60.60842796494477], [-153.29931369782332, 60.613356103870586], [-153.2948737296158, 60.617132253843636], [-153.29403028163262, 60.618687022158234]]}, "properties": {"fault_name": "Lake Clark fault", "section_name": "", "class": "B"}}, {"type": "Feature", "geometry": {"type": "LineString", "coordinates": [[-154.01444162944347, 60.34546858098496], [-154.00955023534777, 60.34784952880221], [-154.0032721981863, 60.35020463907817], [-153.9965667668671, 60.35301990497667], [-153.9905520160339, 60.35582594597668], [-153.98364070612297, 60.35898924805388], [-153.97660807603793, 60.36209853117858], [-153.97176192379493, 60.36362426888327], [-153.9679870295962, 60.36558260098387], [-153.9619284787064, 60.36787101987951], [-153.9549454679644, 60.370507559145615], [-153.95362451240712, 60.37100668612782], [-153.95296336583272, 60.371262391198314], [-153.94588641826152, 60.37401130702846], [-153.939346406312, 60.37608281200573], [-153.93882022891412, 60.37627033198413], [-153.9314773710356, 60.37891665199467], [-153.92487166528937, 60.38167474083679], [-153.91770075393947, 60.384610980926716], [-153.9113144922441, 60.387250075172474], [-153.90167966556317, 60.39126119518098], [-153.89438502655423, 60.39413911113793], [-153.88812757428747, 60.39700072781814], [-153.88115937856116, 60.39964574007212], [-153.87681094957938, 60.401785409997345], [-153.87343739390352, 60.40305079089281], [-153.86695754482355, 60.406083360166996], [-153.86242660692213, 60.40891419680037], [-153.85709475626624, 60.411866981123225], [-153.85147392836325, 60.41562837617814], [-153.84613206239024, 60.418473430011346], [-153.84026931279132, 60.422124563873005], [-153.83516847019897, 60.42512816578212], [-153.83002131855534, 60.429111643909025], [-153.82608979140875, 60.43232311181256], [-153.82216122600764, 60.435593701020494], [-153.81656105666121, 60.4397537730544], [-153.81159937478444, 60.44316012679615], [-153.80538991411342, 60.44692885820582], [-153.7983906375766, 60.45099788920406], [-153.79091524944764, 60.45490378096615], [-153.7892659138399, 60.45569025908988], [-153.78431013479283, 60.45805403278347], [-153.7832230646029, 60.458563047993486], [-153.77635705134185, 60.461795201048005], [-153.76793928197083, 60.465547406906204], [-153.76009420655973, 60.469228577059525], [-153.75336724711474, 60.47237823302638], [-153.74700637989415, 60.47580321986342], [-153.74507245980104, 60.47629472879578], [-153.73904485407616, 60.4795478678922], [-153.73343899929228, 60.48221817892594], [-153.72590224365297, 60.48564437402754], [-153.72546660206268, 60.485844668191355], [-153.71923107767202, 60.48850419296791], [-153.71792691611893, 60.489059192080134], [-153.7157176605946, 60.49001463701071], [-153.71128845959407, 60.491918690016455], [-153.7049529554072, 60.49414372793612], [-153.69681601556366, 60.49714457508919], [-153.68973022318013, 60.500292601862164], [-153.6875660891342, 60.501116930052675], [-153.68091836918217, 60.50364745798432], [-153.6709892436344, 60.50764838400927], [-153.6619344447594, 60.51088967302359], [-153.65190590625238, 60.51345734108432], [-153.64018035944383, 60.51668813708535], [-153.63062616733944, 60.51947677081318], [-153.62617708482506, 60.520584527830806], [-153.61949031780256, 60.52292318786077], [-153.60990698165546, 60.525315919849106], [-153.6018498463451, 60.52801974617887], [-153.5891716298895, 60.532803730996335], [-153.57955523843486, 60.53656328894988], [-153.577236383056, 60.537367546978125], [-153.56991070186405, 60.53991751721306], [-153.56211888217624, 60.54324680679709], [-153.55502085743348, 60.54656225813381], [-153.54789254060105, 60.54942014581145], [-153.5389840440482, 60.55350664692818], [-153.5316419084152, 60.556709430960666], [-153.52258095967377, 60.56028807806037], [-153.51713653124813, 60.562315368940276], [-153.51343061059524, 60.564318438864156], [-153.50633356771115, 60.567802374849954], [-153.49823383159506, 60.571986429931286], [-153.49173811018233, 60.57585746978887], [-153.48536456683473, 60.57984489097149], [-153.47720897437267, 60.58511386509553], [-153.47004687908893, 60.589570333018735], [-153.4696503447562, 60.58980126797253], [-153.4629781960183, 60.59367586601718], [-153.45541893758113, 60.59739241011982], [-153.44955768816874, 60.60039783094], [-153.44785375026308, 60.60117557298928], [-153.44691124685014, 60.60160095305623], [-153.441752776434, 60.60394835709063], [-153.44062742184323, 60.604494771784005], [-153.43980541574757, 60.60489712519612], [-153.43739353622775, 60.6060730769574], [-153.43497759183128, 60.60725232515638], [-153.42752107371317, 60.610850414202005], [-153.41952277356236, 60.615145443014825], [-153.41032351840317, 60.618823544047295], [-153.40115012304602, 60.62181046115521], [-153.40073953457068, 60.62194167101059], [-153.39443970967028, 60.62358159780099], [-153.3866821373544, 60.626154655914775], [-153.37593795328132, 60.62939999693851], [-153.37401474919125, 60.629831622985726], [-153.3701968014359, 60.63068598384555], [-153.36191066938997, 60.63224050291064], [-153.3534313600321, 60.63448094806446], [-153.34636177864616, 60.63698237119889], [-153.34380286108401, 60.637765960808075], [-153.33789976095917, 60.639567284168855], [-153.33009765735798, 60.641508900936756], [-153.32355093858658, 60.64303378302095], [-153.31635488069688, 60.64542128503126], [-153.30958383642934, 60.64712097417023], [-153.30204629476418, 60.649688193155164], [-153.29595608005724, 60.6510900149001], [-153.29067582324137, 60.65242085789924], [-153.28550824031493, 60.653693967144], [-153.27827521944627, 60.655514892960966], [-153.27299342561292, 60.65684505001057], [-153.26682772637096, 60.65904875794299], [-153.26283740089576, 60.66058767908902], [-153.25745077187216, 60.66215138213433], [-153.25114756840796, 60.66400942290771], [-153.24290326641324, 60.66658299801326], [-153.23246767160657, 60.66958312685622], [-153.2223762456398, 60.672522938823676], [-153.21503106112473, 60.67456904411556], [-153.21100572470962, 60.67553628516263], [-153.20528002658202, 60.67738660491566], [-153.1952938984379, 60.68020769420141], [-153.18563185370223, 60.68256950889002], [-153.17573231506665, 60.68487334607442], [-153.1662850700918, 60.68694115182792], [-153.15684220709892, 60.6891256889466], [-153.14374505142914, 60.69278680106941], [-153.13013817459918, 60.69565216097736], [-153.11641504588994, 60.698574624943184], [-153.10382863096822, 60.700964407045376], [-153.08906905842352, 60.70423950904272], [-153.08566967708157, 60.705134570937666], [-153.0776745354073, 60.70724055605375], [-153.0689108868041, 60.70923917797324], [-153.06605616839192, 60.71047497407092], [-153.06231716458376, 60.71204893206371], [-153.06171400785422, 60.712300766907916], [-153.05331685392062, 60.714692080930426], [-153.04283933114644, 60.717506564964715], [-153.0299341670124, 60.720810592875324], [-153.02039331758493, 60.72378421482847], [-153.00993975198108, 60.72722451395329], [-153.0023001140889, 60.72995907880914]]}, "properties": {"fault_name": "Lake Clark fault", "section_name": "", "class": "B"}}, {"type": "Feature", "geometry": {"type": "LineString", "coordinates": [[-153.18157589282077, 60.66262264100034], [-153.17355447632275, 60.66495869209084], [-153.1650876751069, 60.66697751895576], [-153.16090190137868, 60.66798367492172], [-153.14536997262405, 60.67167813486044], [-153.1347051672828, 60.67495891887019], [-153.1193990040237, 60.67864625988904], [-153.10433671539795, 60.68261398994338], [-153.09332344457482, 60.686070335058226], [-153.08032507573853, 60.68949131780113], [-153.06544400156008, 60.69259318501872], [-153.05600149609666, 60.69494066689251], [-153.04598848317272, 60.69758085303964], [-153.03723377819648, 60.69974740581458], [-153.0319346531664, 60.70106932293382]]}, "properties": {"fault_name": "Lake Clark fault", "section_name": "", "class": "B"}}, {"type": "Feature", "geometry": {"type": "LineString", "coordinates": [[-153.00130211635098, 60.702843223068875], [-152.99608208169343, 60.70440570999491], [-152.9856995530656, 60.70755175896108], [-152.97807764791713, 60.71009168103158], [-152.96812899569005, 60.712716564036924], [-152.95863184480956, 60.71522791697885], [-152.95748608139388, 60.71551988878362], [-152.94812771842822, 60.718600483907245], [-152.9469645070348, 60.71861393112163], [-152.94611514723871, 60.718919258174616], [-152.9444473153193, 60.71951113178749], [-152.94215077499038, 60.720331747802014], [-152.93474089291024, 60.72297711306203], [-152.92758889558857, 60.72577945703911], [-152.92529582455333, 60.7266758268264], [-152.9243009188166, 60.72706147498814], [-152.92348662924917, 60.727379234102926]]}, "properties": {"fault_name": "Lake Clark fault", "section_name": "", "class": "B"}}, {"type": "Feature", "geometry": {"type": "LineString", "coordinates": [[-152.92147741057235, 60.72815286979065], [-152.9136446052497, 60.73120176007769], [-152.9109350384178, 60.73199848021515]]}, "properties": {"fault_name": "Lake Clark fault", "section_name": "", "class": "B"}}, {"type": "Feature", "geometry": {"type": "LineString", "coordinates": [[-152.91089036340205, 60.731944379076104], [-152.90414473786382, 60.733928333118875], [-152.90327007162784, 60.734188487061296], [-152.8945421202774, 60.737768990011325], [-152.89258284793033, 60.73857026217814]]}, "properties": {"fault_name": "Lake Clark fault", "section_name": "", "class": "B"}}, {"type": "Feature", "geometry": {"type": "LineString", "coordinates": [[-152.80326073704805, 60.78116865404377], [-152.8008785019326, 60.78199065804973]]}, "properties": {"fault_name": "Lake Clark fault", "section_name": "", "class": "B"}}, {"type": "Feature", "geometry": {"type": "LineString", "coordinates": [[-152.7998885719642, 60.782436883912325], [-152.792311699361, 60.785227439942645]]}, "properties": {"fault_name": "Lake Clark fault", "section_name": "", "class": "B"}}, {"type": "Feature", "geometry": {"type": "LineString", "coordinates": [[-152.77536761808142, 60.7926613669911], [-152.76867093814974, 60.79515893613923], [-152.76438661564163, 60.79707766191674]]}, "properties": {"fault_name": "Lake Clark fault", "section_name": "", "class": "B"}}, {"type": "Feature", "geometry": {"type": "LineString", "coordinates": [[-152.3528853540605, 60.999496386153794], [-152.34611667056552, 61.00458131994787], [-152.33782278426204, 61.00997740520342], [-152.32567246996973, 61.01824521286187], [-152.316893402683, 61.023188214866295], [-152.30953754528403, 61.0288657710514], [-152.30287294059787, 61.033517390074266], [-152.29912482607608, 61.035698240038556], [-152.2768404041629, 61.04696057578575], [-152.2545180490902, 61.05621795587568], [-152.23793311605786, 61.06197011408229], [-152.20296072378176, 61.07227050703368], [-152.19791389688737, 61.07415811087355], [-152.18282962738496, 61.079796014175606], [-152.17846224664567, 61.08020495020759], [-152.1744589297348, 61.081868421987124], [-152.17289939331613, 61.082667368027636], [-152.17257442955872, 61.082818485979786], [-152.17210468342867, 61.083058251806825], [-152.17116534298387, 61.083532192934875], [-152.16964385920062, 61.08424553413979], [-152.15550914308943, 61.09087471091749], [-152.13100102074216, 61.1010861798832], [-152.0970246579952, 61.1126761190333], [-152.0684448497574, 61.12042129081286], [-152.03736477496236, 61.127818963939156], [-152.01146467714972, 61.13166139591032], [-151.98946301883683, 61.13492420096857], [-151.98887960258568, 61.135018581831545], [-151.9642615516004, 61.13898469912293], [-151.92804515435256, 61.144355769966545], [-151.87760713078643, 61.15182188608673], [-151.86335245005898, 61.15419451694978], [-151.85520399740673, 61.15554451104616], [-151.82761750039606, 61.16012505811746], [-151.77428449143514, 61.168523793200436], [-151.76530080858794, 61.170480335080136], [-151.75455855409615, 61.172802575885655], [-151.747127966747, 61.17379777887816], [-151.7356248293281, 61.17555334084718], [-151.72364193225863, 61.17804480805195], [-151.71201254291472, 61.18059591497459], [-151.69884548484112, 61.18240037311772], [-151.68329603804014, 61.185571600119935], [-151.6722969659884, 61.18778115215514], [-151.6711878978538, 61.18800291300972], [-151.66798233791584, 61.18851028517298], [-151.65326311140552, 61.19099110099056], [-151.63849560494026, 61.193298479789135], [-151.6311874364048, 61.19374054408453], [-151.62429654520025, 61.19526513685396], [-151.61300697864684, 61.19797715808645], [-151.60474339431454, 61.19965598805836], [-151.60433494742284, 61.199737258963104], [-151.59399221775536, 61.20221593597642], [-151.58376144242675, 61.204188116823026], [-151.57938797021146, 61.205163123950406], [-151.5738578496943, 61.20620815295242], [-151.56564330080008, 61.206716369057496], [-151.55951962564544, 61.207249519795134], [-151.5519350095644, 61.20866777401272], [-151.54123533342045, 61.210635335823895], [-151.53008067855137, 61.21094104609096], [-151.5183381904149, 61.2106739000296], [-151.50346652698738, 61.21399301911696], [-151.4915657143753, 61.21675735715629], [-151.47798932097618, 61.22047890209728], [-151.46215574783062, 61.22402252299859], [-151.44940140723958, 61.2278638191599], [-151.4396122293316, 61.23171072798744], [-151.43244614103642, 61.23393132008173], [-151.4299507882638, 61.234705996790126], [-151.42481241495716, 61.23691347795789], [-151.415971552562, 61.24047782300427], [-151.40572590113229, 61.24261170799181], [-151.39261757401368, 61.24541581692116], [-151.3685206932169, 61.25165468015806], [-151.31816373362201, 61.26388428500159], [-151.27531991655087, 61.27305738218306], [-151.27352681456506, 61.2734393960549], [-151.27233782421794, 61.27373371803667], [-151.26634036325902, 61.27521976084708], [-151.25680008695673, 61.27758413494926], [-151.22655670122072, 61.28519830807274], [-151.19200811343435, 61.29323721184339], [-151.16592039708473, 61.29989141187741], [-151.10357183664362, 61.314143509056805]]}, "properties": {"fault_name": "Lake Clark fault", "section_name": "", "class": "B"}}, {"type": "Feature", "geometry": {"type": "LineString", "coordinates": [[-154.65969052959687, 60.063927495908786], [-154.66194474490288, 60.06238616221345], [-154.67040551482992, 60.05760028389798], [-154.67927699809817, 60.05235013389968], [-154.6864360723476, 60.04833882781421], [-154.693924462692, 60.044205814162666], [-154.70199820875027, 60.04023136781054], [-154.70944679743937, 60.03689798512717], [-154.71756697471972, 60.0334331429616], [-154.7257080297456, 60.03019794191626], [-154.7327068705995, 60.026985270223456], [-154.73947143891215, 60.023725455139335], [-154.7459374503435, 60.02093194811457], [-154.74614762557727, 60.02084470496588], [-154.7537305537238, 60.01770364695521], [-154.75442388873148, 60.01749741597646], [-154.75646831328265, 60.016899019000796], [-154.76183507426708, 60.01531927486401], [-154.7702117412223, 60.012247633022525], [-154.77728270242048, 60.00869011699242], [-154.78406727711283, 60.005711789867796], [-154.78815753387522, 60.004358660090105], [-154.79081078442368, 60.00347780191276], [-154.7926869958446, 60.002832888781896], [-154.7965518203864, 60.001500954135196], [-154.8006863649906, 59.99934235607475]]}, "properties": {"fault_name": "Lake Clark fault", "section_name": "", "class": "B"}}, {"type": "Feature", "geometry": {"type": "LineString", "coordinates": [[-154.4190269287388, 60.16196219304101], [-154.42137015181805, 60.16122277304249], [-154.42529771110603, 60.15896272581913], [-154.43299983670767, 60.15529667911649], [-154.4410327480481, 60.15150950302702], [-154.44770612478297, 60.1479253300262], [-154.45705732278597, 60.143534806197565], [-154.46493596105273, 60.139491862184634], [-154.4660422695628, 60.13892247089541], [-154.47341212990037, 60.135491045139545], [-154.47424829344496, 60.135140486999894], [-154.48158137316156, 60.132041806218226], [-154.48916193065412, 60.12843661697782], [-154.4983717401196, 60.12387377715866], [-154.5004863329759, 60.12278060309169], [-154.506358744854, 60.119741845843144], [-154.51457173786613, 60.11560184908529], [-154.52254374343028, 60.11135273996475], [-154.53114168340628, 60.10646244921982], [-154.54134189894722, 60.1015841200877], [-154.5425313195874, 60.101045036194954], [-154.55232838470354, 60.09657880401144], [-154.56147238898123, 60.09251137282053], [-154.56266349575912, 60.09198551098052], [-154.57440550060198, 60.08655601921258], [-154.58545914440896, 60.081143015781755], [-154.59583415144294, 60.075859522102505], [-154.5996522878445, 60.07387748589859], [-154.60742924041432, 60.070199696017674], [-154.61236862071584, 60.067414125986076], [-154.61579197000796, 60.0654814861835], [-154.62200506616094, 60.06224034717467], [-154.62220432596567, 60.06210305484105], [-154.62768994663867, 60.058272622114224], [-154.63129783773783, 60.05412333802347], [-154.63767077382425, 60.050160860942235], [-154.63809923158723, 60.04989502818599], [-154.64015838671244, 60.04841422704811], [-154.6448387279203, 60.045041835852636], [-154.645582346126, 60.04445813384586], [-154.65249365244364, 60.03902359402086], [-154.65855490905912, 60.03436747379967], [-154.660265073188, 60.03305684810017], [-154.66771347412922, 60.02732261810363], [-154.67473105563656, 60.021890804091164], [-154.68122075564193, 60.016927402920906], [-154.68282970029955, 60.0156672889011], [-154.68711923303636, 60.01230316197901], [-154.6882280981517, 60.011435651859856], [-154.6953166654311, 60.00679594797445], [-154.70095282128784, 60.00368253814427], [-154.70678740241436, 60.00027609282382], [-154.7079477571652, 59.999348896837695]]}, "properties": {"fault_name": "Lake Clark fault", "section_name": "", "class": "B"}}, {"type": "Feature", "geometry": {"type": "LineString", "coordinates": [[-153.78393004232478, 60.56234352918619], [-153.7830248702001, 60.561046836193384], [-153.78312918077427, 60.55596430001833], [-153.78205458728533, 60.55227126202712], [-153.78159133597475, 60.54736662901715], [-153.78185816885178, 60.54622042815615], [-153.78185469057502, 60.5461712491395], [-153.78177764297143, 60.545081495216984], [-153.78134369021387, 60.5422332331387], [-153.78059757559, 60.53824566387865], [-153.78083346420047, 60.53338684180441], [-153.78297198997257, 60.52918147806872], [-153.78502590163146, 60.52542968097136], [-153.78736313204948, 60.52241700796547], [-153.78766431021475, 60.522020736789536], [-153.78810545039292, 60.5214346968501], [-153.78902590825047, 60.51970499990115], [-153.7965471957989, 60.5145967980499], [-153.80325565983048, 60.509506014165105], [-153.80963903074723, 60.50476201202563], [-153.81303511617043, 60.502016350191575], [-153.81422154003081, 60.50109820417946], [-153.81424270613553, 60.50108035102606], [-153.81619061120097, 60.49915963913416], [-153.82110741863605, 60.4950132269481], [-153.8256127680266, 60.49161824594462], [-153.8281262631747, 60.489514786921276], [-153.8281935847187, 60.48947910899783], [-153.82846068798867, 60.48933751200424], [-153.83179979507, 60.487445122804374], [-153.83983088013545, 60.48318336478753], [-153.84836462290798, 60.479483835990955], [-153.8577964195549, 60.47542372914974], [-153.86713497287198, 60.47170373891282], [-153.87420604007133, 60.46865941682084], [-153.88040095342464, 60.46631470593898], [-153.88195994007435, 60.46544323515584], [-153.88251300674364, 60.46513414316832], [-153.88305337213313, 60.46460934384413], [-153.88847156256594, 60.46273299689664], [-153.8938848068748, 60.46080166880627], [-153.89891240892374, 60.45836692599474], [-153.90375900942607, 60.45661918282596], [-153.9046267110236, 60.456297940040024], [-153.90556136136436, 60.455955501906324], [-153.91027908686112, 60.45403309313941], [-153.92106998422724, 60.44823056793103], [-153.93133066986155, 60.44312205418613], [-153.9410744729662, 60.437334167166696], [-153.95089122825507, 60.43103263120458], [-153.9626608967171, 60.42309142500135], [-153.97291366370214, 60.41654812207979], [-153.9814382912695, 60.41164108196608], [-153.98732270194486, 60.40849461183753], [-153.98786032657443, 60.408302423908744], [-153.9894131606628, 60.407748213919334], [-153.99204606437004, 60.406802903873064], [-153.99537130415834, 60.404964613989435], [-153.99541925173665, 60.404937792804134], [-153.99684782187174, 60.404149928814256], [-154.00213184442526, 60.401233022203364], [-154.00771104080474, 60.39718154296735], [-154.01119420891155, 60.394425314880266], [-154.01641222235972, 60.39021033487976], [-154.02228868923302, 60.385577063031675], [-154.02678071930285, 60.382462625023926], [-154.02859644356246, 60.38106525820703], [-154.03059347479584, 60.379528126182834], [-154.0321530453505, 60.37817770820997], [-154.03383825158585, 60.37671995121093], [-154.03697627168916, 60.37402795297958], [-154.03844099811613, 60.372723299829985], [-154.0406449490887, 60.37075790501114], [-154.04067991960434, 60.37073554296973], [-154.04458348578945, 60.36799282207449], [-154.0493463444427, 60.3654419020859], [-154.05290397659837, 60.36371161403972], [-154.0605939165532, 60.36024267379466], [-154.06926912062679, 60.356123461014555], [-154.08008977827996, 60.351443623880705], [-154.08776932113366, 60.34791948897919], [-154.09130951070145, 60.34659723905134], [-154.0953863511251, 60.345077817202316], [-154.10465641059665, 60.3412833540872], [-154.11241873769535, 60.33741128506874], [-154.1167305666175, 60.33516233603592], [-154.11983292540066, 60.33354242910381], [-154.1208804912777, 60.332944688217225], [-154.12732888944123, 60.329271863145614], [-154.13212671232196, 60.32701301381736], [-154.13366748742592, 60.326290631985984], [-154.13532495458364, 60.32550888091609], [-154.14424917075564, 60.3218360748629], [-154.15162993125088, 60.31905180702345], [-154.15708642315246, 60.31670973306667], [-154.16447893271337, 60.314094620038304], [-154.17092646400266, 60.31121878198706], [-154.17574464719928, 60.309083514805245], [-154.17770886207705, 60.30821813381487], [-154.18050129220572, 60.306891158127875], [-154.18425020892306, 60.30510682805889], [-154.19295257176265, 60.301665774959], [-154.19368312756575, 60.30130932190768], [-154.1984894359327, 60.298976550080965], [-154.20598590033487, 60.29493066902735], [-154.2135474449844, 60.29168336284888], [-154.21662879217308, 60.290312700792406], [-154.21976611428542, 60.288918405957006], [-154.2267836904029, 60.28608364000655], [-154.22758923756595, 60.28577046220722], [-154.23380937740907, 60.28336025300133], [-154.23518449958138, 60.28276439605387], [-154.24103042193838, 60.28023156492854], [-154.24868030062478, 60.27675187610518], [-154.25486427519292, 60.273644467784386], [-154.2613726143421, 60.270305909868426], [-154.27054877381534, 60.26587647002397], [-154.2788138709106, 60.26158128805521], [-154.28887448825637, 60.25678663102302], [-154.29570589481946, 60.25326351697582], [-154.30432329589775, 60.24912914084356], [-154.31418814159707, 60.24348243918798], [-154.32391869365296, 60.23898091600581], [-154.33289777173601, 60.23511872083929], [-154.34172549267686, 60.230864007027066], [-154.35258069055274, 60.22616416112623], [-154.36261554870777, 60.22262241778566], [-154.37165641561103, 60.21956102990819], [-154.38111813334342, 60.21608653704142], [-154.39063752022207, 60.21198196211643], [-154.40235339037838, 60.20805567316566], [-154.41366670030305, 60.20351263990748], [-154.42179526964478, 60.20063730305665], [-154.42945399044854, 60.197659027802956], [-154.4372103482422, 60.19450787197299], [-154.44436009169078, 60.19228370311142], [-154.4501643079641, 60.1904336180077], [-154.45250160395912, 60.18926337886875], [-154.45422888368913, 60.18839581904989], [-154.4596521280437, 60.18615430302062], [-154.46585564815578, 60.184922475000974], [-154.46987135912258, 60.18362985478796], [-154.47572510311082, 60.18108998904055], [-154.47968780359437, 60.17922724283646], [-154.4842954800789, 60.17688591985804], [-154.48904818058298, 60.173631877823375], [-154.49508059319297, 60.16932008795088], [-154.50042488910879, 60.16627804197364], [-154.50667859270587, 60.16315857384572], [-154.51246280978603, 60.15993106685688], [-154.5182723027633, 60.15699604196345], [-154.52550518978302, 60.15333427794299], [-154.53183722557458, 60.14987016922175], [-154.53810602895328, 60.1469737959767], [-154.54348025942932, 60.14433335313873], [-154.54792724437755, 60.141597009209555], [-154.55167144044808, 60.13950943600977], [-154.55457578808475, 60.13789019796022], [-154.56033513081465, 60.134495253921074], [-154.5661356819616, 60.13155366898144], [-154.5718316566331, 60.128728514821255], [-154.57783226888205, 60.12549607122135], [-154.5854112049155, 60.12199713587547], [-154.59132705213423, 60.1191109108698], [-154.59592433511094, 60.116828270800724], [-154.59937144214734, 60.11571305190838], [-154.6063790667281, 60.112283632014176], [-154.61396850586385, 60.10775467901228], [-154.62073943065545, 60.104271919215385], [-154.62900558776272, 60.10086562081423], [-154.63769940313236, 60.09716615910085], [-154.64251314595657, 60.096015348901375]]}, "properties": {"fault_name": "Lake Clark fault", "section_name": "", "class": "B"}}, {"type": "Feature", "geometry": {"type": "LineString", "coordinates": [[-154.33830115793293, 60.201406357865565], [-154.3413119918634, 60.20036601719953], [-154.3471638035754, 60.19766191379235], [-154.35620896801896, 60.19340226721167], [-154.36651230296803, 60.18911174581443], [-154.37519867669383, 60.18474336518537], [-154.385441055561, 60.179823415938166], [-154.39456530678385, 60.17526921006616], [-154.40773711425038, 60.168511488209866], [-154.4149135547309, 60.164061248866226], [-154.41909169457583, 60.162018556917175]]}, "properties": {"fault_name": "Lake Clark fault", "section_name": "", "class": "B"}}, {"type": "Feature", "geometry": {"type": "LineString", "coordinates": [[-153.7167400125582, 60.55779235702128], [-153.7174531230785, 60.55556649901966], [-153.71961674418642, 60.55225955817274], [-153.7207672048927, 60.55049836799639], [-153.72125190617555, 60.550006502131986], [-153.7248805339848, 60.54634146603997], [-153.7269974696474, 60.54400883878941], [-153.7287365756981, 60.54145303816567], [-153.72947923180809, 60.54036263184377], [-153.7328909353408, 60.53648796890396], [-153.7336483202282, 60.5357563098255], [-153.73629439593248, 60.53318763892029], [-153.73934279201822, 60.53040063600883], [-153.74310598476205, 60.52601230094064], [-153.7465268358393, 60.52111249915861], [-153.7502930487191, 60.51632834883278], [-153.7504995534366, 60.51610297378901], [-153.7532274198492, 60.51313739516971], [-153.75511795400902, 60.51006075908345], [-153.7568917404196, 60.50704312099956], [-153.75797259426776, 60.50498981714412], [-153.75902453763513, 60.5029945678986], [-153.76126607771243, 60.499458021831224], [-153.76267686928975, 60.49769469902739]]}, "properties": {"fault_name": "Lake Clark fault", "section_name": "", "class": "B"}}, {"type": "Feature", "geometry": {"type": "LineString", "coordinates": [[-153.71879402842166, 60.532230154095956], [-153.7162918412663, 60.53209536720238], [-153.7107420701023, 60.5310522580493], [-153.7054248017984, 60.52995018800664], [-153.70174437443498, 60.5278277661215], [-153.69922104902267, 60.5258787748176], [-153.697962473377, 60.524673485887085], [-153.69416500541354, 60.522722705862], [-153.69346007495218, 60.52186506016912], [-153.69142989139323, 60.51940181419383], [-153.68790181021714, 60.516285815132264]]}, "properties": {"fault_name": "Lake Clark fault", "section_name": "", "class": "B"}}, {"type": "Feature", "geometry": {"type": "LineString", "coordinates": [[-152.88974112903867, 60.73977122601863], [-152.89024806362488, 60.73952942516104], [-152.8921002001962, 60.738767558903106]]}, "properties": {"fault_name": "Lake Clark fault", "section_name": "", "class": "B"}}, {"type": "Feature", "geometry": {"type": "LineString", "coordinates": [[-152.81435352943507, 60.77534302807601], [-152.82596996237763, 60.76933775394003], [-152.83506817772863, 60.7652416229556], [-152.84458340989914, 60.76023411894129], [-152.85489735844325, 60.75423898900518], [-152.85888560162365, 60.752658200809485], [-152.86212388718738, 60.75137399009033], [-152.8627281084205, 60.75113197904841], [-152.87094026060956, 60.748302631062366], [-152.8742630453022, 60.74687353612884], [-152.8797290261081, 60.74452184679253], [-152.88307858059622, 60.742935130988414], [-152.88336106661708, 60.74280106596676], [-152.8871850797972, 60.74098562317304], [-152.88942188665132, 60.73992400912111]]}, "properties": {"fault_name": "Lake Clark fault", "section_name": "", "class": "B"}}, {"type": "Feature", "geometry": {"type": "LineString", "coordinates": [[-152.8043413375713, 60.78053648287549], [-152.80723674158097, 60.7790102350014]]}, "properties": {"fault_name": "Lake Clark fault", "section_name": "", "class": "B"}}, {"type": "Feature", "geometry": {"type": "LineString", "coordinates": [[-152.77721008159378, 60.79197694588859], [-152.78047762798127, 60.79075745903781], [-152.78996103823113, 60.78622502115457]]}, "properties": {"fault_name": "Lake Clark fault", "section_name": "", "class": "B"}}, {"type": "Feature", "geometry": {"type": "LineString", "coordinates": [[-152.65605356709762, 60.842419013908724], [-152.65867502087826, 60.84108315904564], [-152.6689018085853, 60.83756654401065], [-152.67829502708233, 60.83428149592668], [-152.68780986758742, 60.83082820215995], [-152.68818660125459, 60.83068201702135], [-152.69996412009394, 60.82602999598452], [-152.71362886639452, 60.820480344870596], [-152.7250885675745, 60.81591156201887], [-152.73491612959626, 60.81193600583077], [-152.74726127230403, 60.80621782306154], [-152.75549713821994, 60.80137121480068], [-152.75771406984833, 60.80006450084979], [-152.76229416625702, 60.798016746148285]]}, "properties": {"fault_name": "Lake Clark fault", "section_name": "", "class": "B"}}, {"type": "Feature", "geometry": {"type": "LineString", "coordinates": [[-152.60382968556013, 60.877420982058474], [-152.60540772727364, 60.876572930199565], [-152.6099048705541, 60.87396479908889], [-152.6146105280833, 60.87043644594905], [-152.61481752867084, 60.87027086181551], [-152.62067073277154, 60.865640544969565], [-152.62466503419023, 60.86183646797006], [-152.62794658441467, 60.85855053405922], [-152.6320287177119, 60.8555005130374], [-152.63357050791217, 60.854351105083374], [-152.63459755267482, 60.853581090944274], [-152.6400145079241, 60.85056197507168], [-152.64822766442964, 60.8463182541351], [-152.65402270261566, 60.84336603789039]]}, "properties": {"fault_name": "Lake Clark fault", "section_name": "", "class": "B"}}, {"type": "Feature", "geometry": {"type": "LineString", "coordinates": [[-152.35723796200494, 60.999498969215665], [-152.3577212511362, 60.999263245988416], [-152.36841733312076, 60.99313752408759], [-152.3822378203421, 60.98481530214183], [-152.38878397586987, 60.97843501318352], [-152.39401671090886, 60.974467185158204], [-152.39434023107364, 60.97422166403182], [-152.39654560767258, 60.97289468005257], [-152.4004863820767, 60.970348071070944], [-152.40628628104676, 60.96688159816886], [-152.41104335005798, 60.96399312186645], [-152.4173115883964, 60.96029461787594], [-152.42370075704, 60.956709013877536], [-152.42868419341804, 60.95369958812606], [-152.43366799900357, 60.95068999506224], [-152.4386678287372, 60.94820245212137], [-152.44424093274242, 60.94541938501065], [-152.44761012530094, 60.94374033815224], [-152.4505264375989, 60.94234788207812], [-152.45703804212417, 60.93933005503064], [-152.4630972415976, 60.93659864903453], [-152.47446979541527, 60.931143586919816], [-152.4858595968864, 60.925742590946506], [-152.496555126407, 60.920974756044586], [-152.50539206406265, 60.91708360578723], [-152.51296310659973, 60.91405464988259], [-152.51667874343073, 60.912254780995134], [-152.52004768356267, 60.91087027520979], [-152.52131054866382, 60.91042473309327], [-152.52406116760594, 60.909483066934335], [-152.52482401784349, 60.90921684721454], [-152.52785991566867, 60.908168404059815], [-152.53622869092413, 60.90467389795364], [-152.5443547422881, 60.901181923144435], [-152.55694232771467, 60.896968386808624], [-152.5656760552324, 60.89386720396793], [-152.5728815292629, 60.89107157112154], [-152.58010405331748, 60.888665861995776], [-152.58557383759032, 60.88667548708626], [-152.59194599304078, 60.88376859992456], [-152.5970330321205, 60.88115796179755], [-152.6005057366509, 60.879412673914864], [-152.60375614138616, 60.87755438604611]]}, "properties": {"fault_name": "Lake Clark fault", "section_name": "", "class": "B"}}, {"type": "Feature", "geometry": {"type": "LineString", "coordinates": [[-145.04486532986937, 63.691295434907786], [-145.042270656664, 63.69219674495364], [-145.03777167273554, 63.69316572483844], [-145.03494628880898, 63.69434473386906], [-145.0326268216774, 63.69431305806058], [-145.0273488187346, 63.69433449799435], [-145.01528403304044, 63.69482429589919], [-145.01167313797495, 63.69514910711513], [-145.0089056244173, 63.69548549518514], [-145.0047806405827, 63.69711424006518], [-144.99760019720927, 63.69949973014973]]}, "properties": {"fault_name": "Canteen fault (Northern Foothills fold and thrust belt)", "section_name": "", "class": "A"}}, {"type": "Feature", "geometry": {"type": "LineString", "coordinates": [[-162.04010983573374, 55.30547680185928], [-162.03959587272877, 55.30393491189794], [-162.03982429993246, 55.30227880597281], [-162.03976719313155, 55.30079402308825], [-162.0402240502339, 55.29948056100813], [-162.04016694343298, 55.29822420513068], [-162.0402240502339, 55.2972533851877], [-162.04062379963702, 55.29633967190066], [-162.04130908484143, 55.29565438693623], [-162.0424512253515, 55.29474067416384], [-162.04353625995904, 55.29394117491546], [-162.04484972266857, 55.293084570066], [-162.04576343597495, 55.292227964116364], [-162.04730532588817, 55.291371358090466], [-162.04930407380206, 55.29005789507159], [-162.05050332201145, 55.28908707481914], [-162.05244496132778, 55.28743097111599], [-162.05404395894027, 55.28617461481761], [-162.05512899444605, 55.285318009099676], [-162.05655666985913, 55.28463272513102], [-162.05815566657327, 55.28394744007553], [-162.05941202158357, 55.28343347581078], [-162.0612394490947, 55.28297661975119], [-162.0628955544064, 55.282405548806324], [-162.06438033841704, 55.28194869319613], [-162.06586512242765, 55.281434729147], [-162.06723569103977, 55.28114919409996], [-162.06906311675428, 55.28080655086768], [-162.07049079396398, 55.28046390877139], [-162.07231821967844, 55.27994994494298], [-162.07425986079144, 55.27937887497418], [-162.0751735731995, 55.278750695889435], [-162.07700099981233, 55.278465162005595], [-162.0793423894301, 55.278065412141835], [-162.08219774205287, 55.27795119788683], [-162.08339699026223, 55.27766566285864], [-162.0848817733745, 55.27709459175909], [-162.08682341358917, 55.2760095569666], [-162.08802266269683, 55.27538137983993], [-162.08836530529902, 55.27481031017276], [-162.0893361254064, 55.274067917818144], [-162.09156330142233, 55.27292577599173], [-162.09327651263663, 55.27206916994262], [-162.09544658095334, 55.27132677905495], [-162.0969313640656, 55.27075570686292]]}, "properties": {"fault_name": "Emmons Lake fault", "section_name": "", "class": "A"}}, {"type": "Feature", "geometry": {"type": "LineString", "coordinates": [[-162.05901227307876, 55.29199953492267], [-162.05764170356832, 55.2912571432387], [-162.05581427785378, 55.29017210877106], [-162.05478635094556, 55.28937261006487], [-162.05352999503697, 55.288458896902426], [-162.05130281991933, 55.28691700693628], [-162.0502748939094, 55.28634593589152], [-162.04873300219955, 55.285318009099676], [-162.04764796759204, 55.284689831898156], [-162.0457063282757, 55.283833225857926], [-162.04467840136743, 55.28320504818236], [-162.0440502238623, 55.28212001409049], [-162.04347915225978, 55.2810349789945], [-162.0427938679537, 55.27949308921574], [-162.04199436914746, 55.27720880591968], [-162.04119486944293, 55.27532427298693], [-162.04050958513685, 55.27441055984553], [-162.03925323012658, 55.272982883223534]]}, "properties": {"fault_name": "Emmons Lake fault", "section_name": "", "class": "A"}}, {"type": "Feature", "geometry": {"type": "LineString", "coordinates": [[-149.09843902558438, 63.89813776010894], [-149.0568697597979, 63.89876968000404]]}, "properties": {"fault_name": "Healy Creek fault  (Northern Foothills fold and thrust belt)", "section_name": "", "class": "A"}}, {"type": "Feature", "geometry": {"type": "LineString", "coordinates": [[-149.05603363757584, 63.89870020118108], [-149.05055485757376, 63.898595301851124], [-148.99585884471375, 63.896297273127466], [-148.97567658836323, 63.89529571514834]]}, "properties": {"fault_name": "Healy Creek fault  (Northern Foothills fold and thrust belt)", "section_name": "", "class": "A"}}, {"type": "Feature", "geometry": {"type": "LineString", "coordinates": [[-148.6284620186184, 63.88539446098951], [-148.5948607653846, 63.881687397038476], [-148.57570456115835, 63.880289478005565], [-148.56102224013483, 63.87859350808551], [-148.54351111440016, 63.876431577083764]]}, "properties": {"fault_name": "Healy Creek fault  (Northern Foothills fold and thrust belt)", "section_name": "", "class": "A"}}, {"type": "Feature", "geometry": {"type": "LineString", "coordinates": [[-149.43187050856633, 63.82631692110157], [-149.42859228929495, 63.830182420924245], [-149.42319395073162, 63.83478883486974], [-149.41781965018697, 63.83969566808405], [-149.411004150991, 63.84372320017865], [-149.40312650176935, 63.8473164929893], [-149.39315205082562, 63.85034199399438], [-149.38962219008695, 63.85295928703074], [-149.38071714575972, 63.856568277121134], [-149.37575748958392, 63.85864150392939], [-149.35453312641835, 63.86612477502414], [-149.33265783501477, 63.872738927869584], [-149.30813784861755, 63.878390325126254], [-149.28421596592634, 63.8845287490953]]}, "properties": {"fault_name": "Healy Creek fault  (Northern Foothills fold and thrust belt)", "section_name": "", "class": "A"}}, {"type": "Feature", "geometry": {"type": "LineString", "coordinates": [[-149.28338530635952, 63.884792238031835], [-149.26945457608983, 63.8881411240593], [-149.2504633528554, 63.89219334492833], [-149.22257002188638, 63.89512817695411], [-149.20816596929347, 63.89622497395363], [-149.19232222182904, 63.89709176916564], [-149.18044118023806, 63.89777198907813], [-149.16879509839956, 63.89782179107204]]}, "properties": {"fault_name": "Healy Creek fault  (Northern Foothills fold and thrust belt)", "section_name": "", "class": "A"}}, {"type": "Feature", "geometry": {"type": "LineString", "coordinates": [[-149.16793399941935, 63.89770950900295], [-149.1547468675924, 63.89793363200704], [-149.13032863875725, 63.89804771385478], [-149.10542073376917, 63.89863582412405], [-149.09912088102098, 63.89873266393825]]}, "properties": {"fault_name": "Healy Creek fault  (Northern Foothills fold and thrust belt)", "section_name": "", "class": "A"}}, {"type": "Feature", "geometry": {"type": "LineString", "coordinates": [[-148.97626338317818, 63.89598057309087], [-148.9700472974319, 63.89580079887063], [-148.96472476679708, 63.89552046890213], [-148.95829358664258, 63.89512269610267], [-148.9403978220662, 63.895319594998966], [-148.92301363187443, 63.895683816924574], [-148.91313228592, 63.896035151026666], [-148.91026025787062, 63.89646981893025], [-148.90057839719807, 63.89681765907719], [-148.89069133795843, 63.8958107551537], [-148.88563442028848, 63.89575303917719], [-148.88004427614064, 63.89560437094888], [-148.8739645304, 63.89516255498325], [-148.86667758635977, 63.8957565171038], [-148.8613239515582, 63.89628361504572], [-148.85594396737278, 63.896755227865164], [-148.85329246314924, 63.89743070593533], [-148.84498312941614, 63.89736050999254], [-148.83794755465365, 63.896876941999835], [-148.8324519752574, 63.89699068585846], [-148.8254937867634, 63.89615288803307], [-148.81586250124133, 63.8957450421973], [-148.80762820378393, 63.895275038945876], [-148.80471499875856, 63.895090980980385], [-148.7971864618058, 63.894699749888254], [-148.7743318890632, 63.893573683815326], [-148.76616699903792, 63.89317884581239], [-148.75947432828735, 63.89387875903498], [-148.7488852248734, 63.89512020193152], [-148.7435481253613, 63.895060912136906], [-148.73054627375663, 63.893609140133705], [-148.71812180172444, 63.89239671189413], [-148.7150215072698, 63.89218612807516], [-148.70631184561853, 63.892041717093264], [-148.69758733122237, 63.891649603055825], [-148.68942398540102, 63.89125041785926], [-148.6797010609402, 63.890776958071854], [-148.67172050880447, 63.8894588158028], [-148.6515721162452, 63.88711134706688], [-148.6290300152877, 63.88551174084637]]}, "properties": {"fault_name": "Healy Creek fault  (Northern Foothills fold and thrust belt)", "section_name": "", "class": "A"}}, {"type": "Feature", "geometry": {"type": "LineString", "coordinates": [[-148.99369866864495, 63.84606837006707], [-148.9909171602335, 63.847807413050596], [-148.95699507639097, 63.851690931012065]]}, "properties": {"fault_name": "Healy fault  (Northern Foothills fold and thrust belt)", "section_name": "", "class": "A"}}, {"type": "Feature", "geometry": {"type": "LineString", "coordinates": [[-145.64451048207334, 63.25286342897424], [-145.6430631596067, 63.251174886979015], [-145.6406509575917, 63.24984817618028], [-145.63944485613504, 63.24936573603276], [-145.63534411244004, 63.24779780397702], [-145.63232885879842, 63.246712312893884], [-145.63039909700677, 63.2463504819591], [-145.6282281151034, 63.245626821858224], [-145.62473042123847, 63.244300110956594], [-145.62219760961676, 63.243938280135175], [-145.62026784692682, 63.24381766993261], [-145.61833808513515, 63.24381766993261], [-145.6171319836785, 63.243938280135175], [-145.6155640534018, 63.24381766993261], [-145.61327246009517, 63.24369706003537], [-145.61122208779852, 63.24345583994335], [-145.60868927617685, 63.24261157013847], [-145.60627707416185, 63.242370349071045], [-145.6050709727052, 63.242370349071045], [-145.60374426074355, 63.242370349071045], [-145.60072900800023, 63.2416466891525]]}, "properties": {"fault_name": "McCallum Creek fault", "section_name": "", "class": "B"}}, {"type": "Feature", "geometry": {"type": "LineString", "coordinates": [[-145.57389325642865, 63.23377687811053], [-145.5698226646862, 63.23287230186729], [-145.5657520729437, 63.23166620107559], [-145.56047538064288, 63.23030933704919], [-145.55715860298454, 63.229103236121425], [-145.5538418244279, 63.22850018519569]]}, "properties": {"fault_name": "McCallum Creek fault", "section_name": "", "class": "B"}}, {"type": "Feature", "geometry": {"type": "LineString", "coordinates": [[-145.51675421227142, 63.22005747707748], [-145.51343743461308, 63.21960518908099], [-145.5092160804131, 63.21990671398373], [-145.5025825232998, 63.220660526853855], [-145.49685354272816, 63.221866627935995], [-145.49474286562815, 63.22216815394627], [-145.48886312170072, 63.22292196816615], [-145.48042041330072, 63.2224696800499], [-145.4727315180866, 63.221112814938266], [-145.4651933862283, 63.22005747707748], [-145.45810754174252, 63.218851375009464], [-145.45026788407085, 63.21764527485359], [-145.4421267005859, 63.21658993592765], [-145.43820687219923, 63.21658993592765], [-145.4329301790001, 63.21628841084898], [-145.43006568871428, 63.21553459694825], [-145.42478899641344, 63.21432849610489], [-145.41951230321433, 63.21267010679947], [-145.4164970513693, 63.21055943019573], [-145.41272798544017, 63.209202566175435], [-145.4086573927994, 63.20784570208688], [-145.40338069960023, 63.20663960092795]]}, "properties": {"fault_name": "McCallum Creek fault", "section_name": "", "class": "B"}}, {"type": "Feature", "geometry": {"type": "LineString", "coordinates": [[-145.3673484273412, 63.20151367009412], [-145.35981029458458, 63.20166443308772], [-145.35166911109962, 63.20181519610597], [-145.3444325041563, 63.20226748409326], [-145.33568827084133, 63.20317205992133], [-145.3278486122714, 63.20422739882826], [-145.31985819304057, 63.204830449071316], [-145.31247082274143, 63.206187312837436], [-145.30387735188398, 63.20724265111076], [-145.29664074404235, 63.208297990168546], [-145.28774574826988, 63.20890104101304], [-145.2796045647849, 63.209654854100144], [-145.2696542300133, 63.210710191815465], [-145.26151304742666, 63.21116248005803], [-145.25487949031336, 63.212067055977066], [-145.2447783921859, 63.212067055977066], [-145.2352803456851, 63.21297163194948], [-145.22533001091347, 63.213725445040446], [-145.21658577759854, 63.213725445040446], [-145.20754001757192, 63.2140269709298], [-145.1995495983411, 63.21493154714584], [-145.18899621194282, 63.21493154714584], [-145.1811565551695, 63.21493154714584], [-145.17226155939701, 63.2146300209705], [-145.1647234266404, 63.214479259133036], [-145.15959749589877, 63.214479259133036]]}, "properties": {"fault_name": "McCallum Creek fault", "section_name": "", "class": "B"}}, {"type": "Feature", "geometry": {"type": "LineString", "coordinates": [[-145.40262688731272, 63.206187312837436], [-145.40157154831357, 63.20603655113413], [-145.39870705802772, 63.205433498895275], [-145.39312883901528, 63.204830449071316], [-145.39026434962778, 63.20452892288848], [-145.38739985934197, 63.20377511109904], [-145.38408308078533, 63.202870535087094], [-145.375037321657, 63.201965959148815], [-145.3671976639854, 63.20166443308772]]}, "properties": {"fault_name": "McCallum Creek fault", "section_name": "", "class": "B"}}, {"type": "Feature", "geometry": {"type": "LineString", "coordinates": [[-145.60057824644102, 63.24161653597604], [-145.5983168059852, 63.24116424789927], [-145.59530155234356, 63.240108909020876], [-145.59047714741527, 63.23799823210852], [-145.58761265712943, 63.23664136803403], [-145.5844466419286, 63.23573679205023], [-145.58112986337196, 63.23528450496882], [-145.57871766135696, 63.23528450496882], [-145.5767577467145, 63.2346814539546], [-145.57374249397114, 63.23377687811053]]}, "properties": {"fault_name": "McCallum Creek fault", "section_name": "", "class": "B"}}, {"type": "Feature", "geometry": {"type": "LineString", "coordinates": [[-145.5535403004112, 63.2283494228251], [-145.54886665704208, 63.22669103300581], [-145.54615292921378, 63.22563569518798], [-145.54328843892796, 63.22503264395421], [-145.5399716603713, 63.22427883093915], [-145.53514725544298, 63.22292196816615], [-145.53348886661382, 63.22292196816615], [-145.53152895197135, 63.222620441922565], [-145.52971979978636, 63.222318916986424], [-145.52685531039884, 63.221263577814796], [-145.52459386994306, 63.22050976488052], [-145.52293548111388, 63.22050976488052], [-145.5214278538439, 63.22050976488052], [-145.52007098992974, 63.22050976488052], [-145.51675421227142, 63.22005747707748]]}, "properties": {"fault_name": "McCallum Creek fault", "section_name": "", "class": "B"}}, {"type": "Feature", "geometry": {"type": "LineString", "coordinates": [[-145.73798332430295, 63.37045829611975], [-145.73653600273462, 63.36828731403003], [-145.73520929077299, 63.366116332188085], [-145.734365019933, 63.36442778993036], [-145.7335207499913, 63.36298046905195], [-145.73122915668466, 63.36032704614906], [-145.72893756427638, 63.356829352051534], [-145.72676658237302, 63.35357287887811], [-145.72399254974138, 63.35152250694571], [-145.72242461856638, 63.3503164050762], [-145.72121851710972, 63.34790420308354], [-145.72025363666302, 63.34597444102739], [-145.71832387397305, 63.343200408855886], [-145.71506740111806, 63.33982332494163], [-145.7122933675881, 63.336808072982535], [-145.7122933675881, 63.334395871081654], [-145.7114490976464, 63.33174244812108], [-145.70855445361144, 63.325953162184796], [-145.70614225159645, 63.321973027960404], [-145.70409188019812, 63.31944021490303], [-145.70204150879977, 63.31702801280594], [-145.69938808577479, 63.31521886083361], [-145.6954079516865, 63.31316848900905], [-145.69166903860815, 63.31123872679925], [-145.68841256485484, 63.30834408395722], [-145.68612097244653, 63.30496700108742], [-145.6823820593682, 63.3020723579897], [-145.6797286363432, 63.29978076594717], [-145.67683399320657, 63.29748917290368], [-145.67333629934157, 63.29447392003429], [-145.66971799586995, 63.29206171791568], [-145.66609969239826, 63.288564025180506], [-145.66392870959663, 63.28494572201204], [-145.66211955830997, 63.281930467892266], [-145.66043101662996, 63.27939765602181], [-145.6580188164116, 63.27698545303105], [-145.65669210355165, 63.27517630211582], [-145.65452112164832, 63.27240226901667], [-145.6528325799683, 63.27023128719492], [-145.65150586800667, 63.26757786388923]]}, "properties": {"fault_name": "McCallum Creek fault", "section_name": "", "class": "B"}}, {"type": "Feature", "geometry": {"type": "LineString", "coordinates": [[-145.65150586800667, 63.26745725380075], [-145.650420377055, 63.26552749212252], [-145.65017915694335, 63.26299467895867], [-145.64897305638502, 63.25985881603046], [-145.64776695492833, 63.257446614192915], [-145.64631963336, 63.2546725811331], [-145.6447517012867, 63.2527428180343]]}, "properties": {"fault_name": "McCallum Creek fault", "section_name": "", "class": "B"}}, {"type": "Feature", "geometry": {"type": "LineString", "coordinates": [[-146.20445158902427, 63.63388786206572], [-146.20346011485194, 63.63354465101557]]}, "properties": {"fault_name": "McGinnis Glacier fault (Northern Foothills fold and thrust belt)", "section_name": "", "class": "A"}}, {"type": "Feature", "geometry": {"type": "LineString", "coordinates": [[-146.36823016966707, 63.73721184181115], [-146.34507134921589, 63.71991592300775], [-146.33017211469567, 63.70572490802973], [-146.2982834303808, 63.679783950837255], [-146.27242633312414, 63.66338376299576], [-146.24455166555347, 63.646047139887386], [-146.23907617967353, 63.64417616898568], [-146.22329414826575, 63.6404075810483], [-146.20445158902427, 63.63388786206572]]}, "properties": {"fault_name": "McGinnis Glacier fault (Northern Foothills fold and thrust belt)", "section_name": "", "class": "A"}}, {"type": "Feature", "geometry": {"type": "LineString", "coordinates": [[-146.18642248661195, 63.625773727008024], [-146.14891738332548, 63.61051242607333], [-146.11761858403014, 63.59650748800158], [-146.09530799778597, 63.58255247187567]]}, "properties": {"fault_name": "McGinnis Glacier fault (Northern Foothills fold and thrust belt)", "section_name": "", "class": "A"}}, {"type": "Feature", "geometry": {"type": "LineString", "coordinates": [[-146.06750968162453, 63.56855831398895], [-146.0587188176615, 63.563588450173654], [-146.04996168094576, 63.55769715915894], [-146.04065401979304, 63.54781021382659], [-146.02375390475842, 63.53879224002394], [-146.00370408882685, 63.521767447982135]]}, "properties": {"fault_name": "McGinnis Glacier fault (Northern Foothills fold and thrust belt)", "section_name": "", "class": "A"}}, {"type": "Feature", "geometry": {"type": "LineString", "coordinates": [[-145.98831429870302, 63.509685251007056], [-145.93157200177922, 63.48286797495165]]}, "properties": {"fault_name": "McGinnis Glacier fault (Northern Foothills fold and thrust belt)", "section_name": "", "class": "A"}}, {"type": "Feature", "geometry": {"type": "LineString", "coordinates": [[-146.19980888183693, 63.6323107300869], [-146.1886281336038, 63.62642461410192]]}, "properties": {"fault_name": "McGinnis Glacier fault (Northern Foothills fold and thrust belt)", "section_name": "", "class": "A"}}, {"type": "Feature", "geometry": {"type": "LineString", "coordinates": [[-146.09147057365692, 63.58041958909379], [-146.07000669807707, 63.57057615092364]]}, "properties": {"fault_name": "McGinnis Glacier fault (Northern Foothills fold and thrust belt)", "section_name": "", "class": "A"}}, {"type": "Feature", "geometry": {"type": "LineString", "coordinates": [[-146.00206071623597, 63.52077335591549], [-145.9910465605723, 63.51254302114362]]}, "properties": {"fault_name": "McGinnis Glacier fault (Northern Foothills fold and thrust belt)", "section_name": "", "class": "A"}}, {"type": "Feature", "geometry": {"type": "LineString", "coordinates": [[-145.92954663858006, 63.48193172600328], [-145.91737402001755, 63.47692754706438], [-145.90721780485754, 63.47316588282141], [-145.90049561636505, 63.469429896039735], [-145.8842762760938, 63.46285647002264], [-145.87828156667456, 63.458203936812026]]}, "properties": {"fault_name": "McGinnis Glacier fault (Northern Foothills fold and thrust belt)", "section_name": "", "class": "A"}}, {"type": "Feature", "geometry": {"type": "LineString", "coordinates": [[-147.7187734871818, 59.80433476900085], [-147.71747924572443, 59.80190806791996], [-147.71683212544488, 59.79851068594171]]}, "properties": {"fault_name": "Patton Bay fault", "section_name": "", "class": "A"}}, {"type": "Feature", "geometry": {"type": "LineString", "coordinates": [[-147.3570151750208, 60.04250434097916], [-147.35410271380047, 60.043360947062354], [-147.35113314667757, 60.04410333885014], [-147.34702143814621, 60.045302588025024], [-147.3443374077229, 60.04610208585393], [-147.34085387669666, 60.047072906845635], [-147.33759877287417, 60.048100833864986], [-147.33394392144518, 60.04907165394295], [-147.33080303212282, 60.050270902960776], [-147.32777635819897, 60.051527258135664], [-147.32594893158617, 60.052212543007755], [-147.32240829375905, 60.053640218826786], [-147.31818237162582, 60.055353430989385], [-147.313956447696, 60.05718085706185], [-147.30796020664926, 60.05957935410142], [-147.301335787199, 60.06232049186288], [-147.29773804257096, 60.06391948901169], [-147.29551086655502, 60.065118737909536], [-147.29282683523337, 60.066603521953965], [-147.29031412431448, 60.06763145001551], [-147.2883153772989, 60.0683167340314], [-147.286316629385, 60.068887803778345], [-147.28237624215475, 60.07048680178516], [-147.27837874812357, 60.07185737185615], [-147.27455257359685, 60.07351347694903]]}, "properties": {"fault_name": "Patton Bay fault", "section_name": "", "class": "A"}}, {"type": "Feature", "geometry": {"type": "LineString", "coordinates": [[-147.63838167855758, 59.86650037002959], [-147.6368968954453, 59.86775672496931], [-147.6352407919302, 59.869184400839245], [-147.63324204491462, 59.870212328852716], [-147.6299298351895, 59.871468682894395], [-147.6264463041633, 59.872439503846515], [-147.61982188471308, 59.874209822805135], [-147.61919370720793, 59.87438114412641], [-147.61885106460574, 59.87443825118759], [-147.6187939578048, 59.87438114412641]]}, "properties": {"fault_name": "Patton Bay fault", "section_name": "", "class": "A"}}, {"type": "Feature", "geometry": {"type": "LineString", "coordinates": [[-147.6186797424063, 59.87455246501572], [-147.61679520989088, 59.875009320913186], [-147.61376853506871, 59.87598014082969], [-147.61102739604786, 59.87712228287302], [-147.60788650762382, 59.878607065894414]]}, "properties": {"fault_name": "Patton Bay fault", "section_name": "", "class": "A"}}, {"type": "Feature", "geometry": {"type": "LineString", "coordinates": [[-147.76069177540563, 59.79768721616281], [-147.760951557406, 59.79586873796333], [-147.76757601009388, 59.78755569894739], [-147.7771879611761, 59.780931247030644], [-147.78238361016693, 59.776904617918866], [-147.789137953855, 59.77261820816601], [-147.8021270772304, 59.76625353803263], [-147.80797218301882, 59.76313614896039], [-147.8156357664032, 59.759109520186826], [-147.82849499608346, 59.75339430611781], [-147.83421020997338, 59.750017134190756], [-147.84434172685295, 59.744821483939845], [-147.85577215463277, 59.73780735791934], [-147.86889116900838, 59.72858508089466], [-147.8808411616873, 59.72040193404516], [-147.89538897975993, 59.710789982822554], [-147.91071614563037, 59.700528575947054], [-147.92656287460323, 59.69260521106215], [-147.93643460858414, 59.685980757809396], [-147.94500742896986, 59.681694346873414], [-147.95202155555666, 59.679356304963946], [-147.96423133203254, 59.67740793581877], [-147.97955849610636, 59.67494000409689], [-147.99774326757426, 59.67117315786331], [-148.0129405424445, 59.667925878050774], [-148.02592966492162, 59.6640291400926], [-148.03385303030632, 59.66182098902691], [-148.0420361776915, 59.659223165128125], [-148.0524274756731, 59.65493675382925], [-148.06229920965401, 59.65091012612733], [-148.06827420644265, 59.64896175684285], [-148.07411931043444, 59.645584586069305]]}, "properties": {"fault_name": "Patton Bay fault", "section_name": "", "class": "A"}}, {"type": "Feature", "geometry": {"type": "LineString", "coordinates": [[-147.71081354239868, 59.75742093388142], [-147.71068365139848, 59.75742093388142], [-147.7109434342972, 59.75742093388142], [-147.72029560158236, 59.75014702506449], [-147.72704994706712, 59.745470941004825], [-147.73172603115881, 59.74118452987321], [-147.73757113604896, 59.73663833702655], [-147.74107819844403, 59.7330013831141], [-147.74627384833317, 59.72767584209527], [-147.75030047742396, 59.7220905198526], [-147.7541972128196, 59.71676497887866], [-147.7574444941126, 59.71273835118508], [-147.76666677219424, 59.70312639980139], [-147.77173252928657, 59.698190533992936], [-147.78043524157079, 59.69052695122586], [-147.79069664855226, 59.68351282398439], [-147.79887979593738, 59.67870684786626], [-147.80693305232234, 59.672731853132646], [-147.8151161997075, 59.66870522518748], [-147.821480870395, 59.66493837920187], [-147.82953412588162, 59.6605220768232], [-147.8361585785695, 59.656495448904565], [-147.8418737915611, 59.6535079508614], [-147.85447324283425, 59.647532954018295], [-147.86434497681512, 59.64324654318463], [-147.8765547505961, 59.63947969786123], [-147.88954387397152, 59.63558296112795], [-147.89889604305333, 59.63285524512374], [-147.9064297354375, 59.63077698511531], [-147.91058625373185, 59.62960796415221], [-147.9194188579146, 59.62714003097547], [-147.92721233140085, 59.625061771025734], [-147.9379933023831, 59.62233405597458], [-147.94500742896986, 59.62051557884854], [-147.95345036015203, 59.61921666708306], [-147.96579002672982, 59.617268297937194], [-147.97670088871226, 59.6157096031274], [-147.98605305779407, 59.61441068998914], [-148.0038481571597, 59.61168297506165], [-148.01384978124247, 59.61090362686364], [-148.02424107922417, 59.60960471514121], [-148.04567313198507, 59.60648732602457], [-148.05645410386563, 59.604538957152116]]}, "properties": {"fault_name": "Patton Bay fault", "section_name": "", "class": "A"}}, {"type": "Feature", "geometry": {"type": "LineString", "coordinates": [[-147.69265607612218, 59.80658797301988], [-147.69455573626698, 59.80555179485398], [-147.69847018644003, 59.803824831817515], [-147.70267246222, 59.80192517204299]]}, "properties": {"fault_name": "Patton Bay fault", "section_name": "", "class": "A"}}, {"type": "Feature", "geometry": {"type": "LineString", "coordinates": [[-147.63756595887227, 59.8321470239049], [-147.63963831384223, 59.83139867379482], [-147.64119258074345, 59.83070788901606], [-147.64314980582998, 59.829844406855955], [-147.6451645958582, 59.82915362099193], [-147.64671886275946, 59.828290140073406], [-147.64867608694763, 59.82731152695013]]}, "properties": {"fault_name": "Patton Bay fault", "section_name": "", "class": "A"}}, {"type": "Feature", "geometry": {"type": "LineString", "coordinates": [[-147.59029753209, 59.89202722780564], [-147.591039923197, 59.891399049036494], [-147.59281024211055, 59.890028479826654], [-147.5941237048201, 59.88865790996242], [-147.59566559563166, 59.88671627105985], [-147.5972645932441, 59.885402807845075]]}, "properties": {"fault_name": "Patton Bay fault", "section_name": "", "class": "A"}}, {"type": "Feature", "geometry": {"type": "LineString", "coordinates": [[-147.55506247332312, 59.91464162517018], [-147.55780361234403, 59.913385268893855], [-147.5603734300638, 59.9121289150548], [-147.56145846467132, 59.91155784308384], [-147.56277192738085, 59.91047280895388], [-147.56454224629442, 59.90961620299639], [-147.56694074271311, 59.9082456340639]]}, "properties": {"fault_name": "Patton Bay fault", "section_name": "", "class": "A"}}, {"type": "Feature", "geometry": {"type": "LineString", "coordinates": [[-147.5377590335906, 59.9382839491421], [-147.53970067290692, 59.937313128884085], [-147.54089992111628, 59.93588545191995], [-147.5424418119278, 59.93342984808023], [-147.54341263113682, 59.93103135221417], [-147.54432634444325, 59.929261033049144], [-147.5452971654489, 59.927490713936756], [-147.54563980715275, 59.92606303684484], [-147.54569691485202, 59.9244069321887]]}, "properties": {"fault_name": "Patton Bay fault", "section_name": "", "class": "A"}}, {"type": "Feature", "geometry": {"type": "LineString", "coordinates": [[-147.68161172808178, 59.848397430877824], [-147.68492393690855, 59.84822610879136], [-147.68869300373603, 59.84771214491137], [-147.692119427063, 59.847026860176726], [-147.69697352759965, 59.845599183942795], [-147.70217027073852, 59.84485679315428], [-147.70776676238216, 59.84342911499867], [-147.712221114414, 59.8414303690385], [-147.71650414424644, 59.8398313699933], [-147.7215295651859, 59.83737576715061], [-147.7236996344009, 59.835434126096835], [-147.72666920242213, 59.83303562990098], [-147.72918191244267, 59.83132241697785], [-147.73277965617245, 59.82898102782032], [-147.73700557920395, 59.82589724697455], [-147.73980382502577, 59.823384534938626], [-147.74248785724575, 59.82070050289226], [-147.74522899626666, 59.81801647184845], [-147.74905516989506, 59.814590049105604], [-147.7509968101097, 59.8127055148771], [-147.75322398522732, 59.81047834005566], [-147.75470877013626, 59.80779430692798], [-147.75596512514653, 59.80579556100652], [-147.75705015885572, 59.80351127812164], [-147.75893469226943, 59.79997064003953], [-147.76064790438207, 59.79762925111462]]}, "properties": {"fault_name": "Patton Bay fault", "section_name": "", "class": "A"}}, {"type": "Feature", "geometry": {"type": "LineString", "coordinates": [[-147.6487751657336, 59.85873380911], [-147.65191605415762, 59.85759166779227], [-147.65574222778602, 59.85656374077875], [-147.66025368572048, 59.85587845605254], [-147.66390853804776, 59.85536449215478], [-147.6672778536755, 59.855250277829505], [-147.67030452759934, 59.85473631505527], [-147.67241749001343, 59.8536512798696], [-147.67430202342717, 59.85262335292693], [-147.67544416483557, 59.85188096089804], [-147.6789848026627, 59.85022485686404], [-147.68406733040305, 59.846684219061274], [-147.6886358960368, 59.84302936710332], [-147.69052042855222, 59.84097351213914], [-147.69171967765988, 59.83988847681258], [-147.69497478058406, 59.8382323731357], [-147.69874384741152, 59.83554834118016], [-147.701085236131, 59.83332116487023], [-147.70445455355537, 59.83080845392821], [-147.7079951913825, 59.82761045903585], [-147.71125029340837, 59.82441246277613], [-147.71382011202647, 59.820243646957785], [-147.7163899297463, 59.81613193896849], [-147.71793182055782, 59.81253419384327], [-147.71901685516534, 59.80945041281725], [-147.7193594968692, 59.80636663110594], [-147.71890264066516, 59.804367884075994]]}, "properties": {"fault_name": "Patton Bay fault", "section_name": "", "class": "A"}}, {"type": "Feature", "geometry": {"type": "LineString", "coordinates": [[-147.64884878356943, 59.82731152695013], [-147.6516119250266, 59.82633291487566], [-147.6575411643296, 59.82328194812573], [-147.661052655419, 59.82080663404388], [-147.66479440897027, 59.81867671412742], [-147.66865129240497, 59.816604358981586], [-147.67308383064676, 59.814129045182845], [-147.67682558419804, 59.812229384851], [-147.6813732532216, 59.81055998807714], [-147.68603605212863, 59.80866032896285], [-147.69012319802516, 59.807509019796704], [-147.6925409462387, 59.80658797301988]]}, "properties": {"fault_name": "Patton Bay fault", "section_name": "", "class": "A"}}, {"type": "Feature", "geometry": {"type": "LineString", "coordinates": [[-147.5972645932441, 59.885459914903876], [-147.60103366007158, 59.88266166810651], [-147.6034892632912, 59.88111977777512], [-147.60548801120513, 59.87974920784594], [-147.60782940082288, 59.87866417381132]]}, "properties": {"fault_name": "Patton Bay fault", "section_name": "", "class": "A"}}, {"type": "Feature", "geometry": {"type": "LineString", "coordinates": [[-147.56699785041238, 59.90818852697954], [-147.56905370422888, 59.90636110111744], [-147.57168062964791, 59.904476567065004], [-147.57390780476553, 59.90264914097224], [-147.57636340798518, 59.901107250851], [-147.57807662009782, 59.9001364308935], [-147.5799611544099, 59.898937182170854], [-147.58184568692528, 59.89802346895073], [-147.58384443394087, 59.89699554200215], [-147.58658557296178, 59.8952823298703], [-147.5890411761814, 59.89345490386563], [-147.59035463889094, 59.89208433519685]]}, "properties": {"fault_name": "Patton Bay fault", "section_name": "", "class": "A"}}, {"type": "Feature", "geometry": {"type": "LineString", "coordinates": [[-147.54558270035182, 59.92429271814773], [-147.54563980715275, 59.923493219207245], [-147.5462108787553, 59.922236863011896], [-147.54769566186758, 59.920295223955144], [-147.54912333817896, 59.918582011007956], [-147.55106497929197, 59.917154335110496], [-147.55289240500642, 59.91595508715932], [-147.55494825882295, 59.91475584000766]]}, "properties": {"fault_name": "Patton Bay fault", "section_name": "", "class": "A"}}, {"type": "Feature", "geometry": {"type": "LineString", "coordinates": [[-147.46865948556726, 59.98499752808722], [-147.4703726967816, 59.98402670689113], [-147.47317094440004, 59.982484817154834], [-147.47539812041597, 59.98105714018579], [-147.47705422303275, 59.979629463216966], [-147.47819636533947, 59.97877285795526], [-147.48070907625836, 59.97745939521751], [-147.4828220368758, 59.976088824940504], [-147.4849921060908, 59.97448982822272], [-147.4876190306115, 59.97192001002922], [-147.49013174242873, 59.96940729907428], [-147.49327262995442, 59.96695169490302], [-147.49452898496472, 59.96546691101141], [-147.50006836980745, 59.96169784585663], [-147.50412297243616, 59.95924224215707], [-147.50617882625266, 59.9578716720573], [-147.50897707207452, 59.95621556820135], [-147.5115468906926, 59.95404549898733], [-147.51274613890197, 59.95278914377547], [-147.51440224331537, 59.951418573949454], [-147.51622966902985, 59.95010511207068], [-147.51811420334192, 59.9487345419166], [-147.52017005715842, 59.94736397312494], [-147.52228301867422, 59.94582208101413], [-147.5246815150929, 59.944508619169646], [-147.52679447660867, 59.94353779892455], [-147.52947850882862, 59.94228144404407], [-147.53284782625298, 59.94073955311923], [-147.5355889652739, 59.939368984061794], [-147.53764481909042, 59.938341056204564]]}, "properties": {"fault_name": "Patton Bay fault", "section_name": "", "class": "A"}}, {"type": "Feature", "geometry": {"type": "LineString", "coordinates": [[-147.3570151750208, 60.04250434097916], [-147.36118399035303, 60.04153352113384], [-147.36552412698643, 60.04010584479321], [-147.3716916902326, 60.037764455178234], [-147.37586050556487, 60.03662231414003], [-147.37951535879048, 60.03548017309109], [-147.38442656612807, 60.03428092390024], [-147.3879672039552, 60.03359563877924], [-147.39202180568563, 60.032453498076066], [-147.39613351331866, 60.030683178952465], [-147.40064497125314, 60.029198395027784], [-147.40464246618262, 60.027999147109604], [-147.40898260371432, 60.02634304200095], [-147.41475041665907, 60.02434429514767], [-147.41989005209868, 60.022916618161574], [-147.42440151003314, 60.02097497798819], [-147.42959825407033, 60.01874780208774], [-147.43376706940256, 60.016977483021655], [-147.43879249124032, 60.01480741401128], [-147.4423902367667, 60.01263734712103], [-147.44581665919534, 60.01086702813746], [-147.4482151574107, 60.009724887062205], [-147.45124183043623, 60.0077261392143], [-147.45455404016133, 60.00567028496215], [-147.4567241075797, 60.00401418001796], [-147.4587228545953, 60.00264361100547], [-147.4607216034075, 60.00110171900344], [-147.462777457224, 59.99904586618053], [-147.46540438264307, 59.99624761894218], [-147.46814552166398, 59.99379201620158], [-147.4703726967816, 59.99219301816331], [-147.4727711940986, 59.99019427101777], [-147.47505547691546, 59.98825263002164], [-147.47751108013512, 59.98625388302406], [-147.4799095765538, 59.98391249411788], [-147.48230807387083, 59.98191374611589], [-147.48470657118784, 59.98008631982214], [-147.48613424660093, 59.97894417907279], [-147.48836142261683, 59.977116752011476], [-147.49098834713757, 59.97506089787152], [-147.4936152725566, 59.97306215079542], [-147.49629930387826, 59.97100629710652], [-147.49789830059242, 59.969293084865164], [-147.49972572720523, 59.96603798204081], [-147.5007536550118, 59.96306841597381], [-147.50103918991476, 59.9612980957889]]}, "properties": {"fault_name": "Patton Bay fault", "section_name": "", "class": "A"}}, {"type": "Feature", "geometry": {"type": "LineString", "coordinates": [[-147.63838167855758, 59.86650037002959], [-147.638553000757, 59.86632904913942], [-147.6408943903748, 59.86450162311216], [-147.6426647092883, 59.862617088929994], [-147.64420660009986, 59.861303626808095], [-147.64620534711545, 59.86061834183324], [-147.64757591662593, 59.859647522169595], [-147.6487751657336, 59.85873380911]]}, "properties": {"fault_name": "Patton Bay fault", "section_name": "", "class": "A"}}, {"type": "Feature", "geometry": {"type": "LineString", "coordinates": [[-153.48781520686248, 56.36270367714966], [-153.4533130215521, 56.37103179095555], [-153.4176211065812, 56.38054963500065], [-153.3831189221692, 56.38887774904828], [-153.35694485077133, 56.39482640113027]]}, "properties": {"fault_name": "Albatross Bank fault zone", "section_name": "", "class": ""}}, {"type": "Feature", "geometry": {"type": "LineString", "coordinates": [[-153.3542679565646, 56.39452896789977], [-153.32095550540646, 56.40107248521787], [-153.26325357419722, 56.41118519385509], [-153.1859210905625, 56.42308249993691], [-153.13297808338552, 56.429626017817306], [-153.0734915590329, 56.4349798051276], [-153.04077396956095, 56.4379541311239], [-152.9919950193402, 56.43854899700269], [-152.93131876442862, 56.43676440123673], [-152.89919603933788, 56.43260034395936]]}, "properties": {"fault_name": "Albatross Bank fault zone", "section_name": "", "class": ""}}, {"type": "Feature", "geometry": {"type": "LineString", "coordinates": [[-151.86799712725175, 56.695828217925886], [-151.8872707601503, 56.68702421191264], [-151.9146345630054, 56.67465101508714], [-151.93819122663467, 56.662515763997405], [-151.96198583691475, 56.650618459109204], [-151.9836389318294, 56.63991088384176], [-152.00624381244887, 56.62801357923113], [-152.03027636758307, 56.61516448996612], [-152.0521674082502, 56.60302923784166], [-152.07144104294537, 56.59374933976279]]}, "properties": {"fault_name": "Albatross Bank fault zone", "section_name": "", "class": ""}}, {"type": "Feature", "geometry": {"type": "LineString", "coordinates": [[-152.78349474922038, 56.35306685991239], [-152.812524173241, 56.345214638931225], [-152.85273706379687, 56.33902803984615], [-152.89176022469206, 56.335696793815416], [-152.9307833855873, 56.33474501102133], [-152.96266816223073, 56.33522090289591], [-152.98289358173233, 56.33664857876405], [-153.01834755005245, 56.33855214814771], [-153.05308768111524, 56.336172686767455], [-153.0802135373196, 56.33426911819185], [-153.10543582301267, 56.330699927031866], [-153.13517908518907, 56.325703057970294], [-153.1673018093815, 56.31856467603627], [-153.1880031185914, 56.313329861129965], [-153.20727675418487, 56.30642942384905], [-153.22321914295574, 56.30095666416248]]}, "properties": {"fault_name": "Albatross Bank fault zone", "section_name": "", "class": ""}}, {"type": "Feature", "geometry": {"type": "LineString", "coordinates": [[-152.77064565882475, 56.391852075148336], [-152.78444653312852, 56.38423779895523], [-152.80157865156, 56.37495790115352], [-152.81300006564427, 56.367343626117645]]}, "properties": {"fault_name": "Albatross Bank fault zone", "section_name": "", "class": ""}}, {"type": "Feature", "geometry": {"type": "LineString", "coordinates": [[-152.68141587229573, 56.40553397501115], [-152.69569263810445, 56.3986335380416], [-152.7180595702765, 56.38792596386778], [-152.734001960844, 56.380073743034934]]}, "properties": {"fault_name": "Albatross Bank fault zone", "section_name": "", "class": ""}}, {"type": "Feature", "geometry": {"type": "LineString", "coordinates": [[-152.3818417315738, 56.69261594395731], [-152.409205531734, 56.67548382699987], [-152.42728943587022, 56.66168295324458], [-152.44251798558707, 56.64883386312773], [-152.45393940056962, 56.63812628797935], [-152.46060188972328, 56.631463798130916], [-152.4679782197276, 56.623611577041146], [-152.47797195570382, 56.612666054927516]]}, "properties": {"fault_name": "Albatross Bank fault zone", "section_name": "", "class": ""}}, {"type": "Feature", "geometry": {"type": "LineString", "coordinates": [[-152.17804089455657, 56.50166419900026], [-152.17661321914352, 56.50142625295676], [-152.17685116489594, 56.50118830690763], [-152.19445917662898, 56.49690527707959], [-152.2094497805934, 56.49167046402639], [-152.22824752288528, 56.48191467408214], [-152.25656310964857, 56.46692406890355], [-152.28797199388873, 56.449554002854356], [-152.31961882477967, 56.431232154091674], [-152.34674468098405, 56.41624154903411], [-152.36697009958732, 56.40624781298194]]}, "properties": {"fault_name": "Albatross Bank fault zone", "section_name": "", "class": ""}}, {"type": "Feature", "geometry": {"type": "LineString", "coordinates": [[-151.59459705702938, 56.94281626984079], [-151.61981934362083, 56.933774318059534], [-151.6448036835615, 56.92401852780559], [-151.67050186255614, 56.91307300811227], [-151.69120317356266, 56.90450694787133], [-151.71333216177885, 56.89475115798934], [-151.73950623227847, 56.88332974390434], [-151.75782808216718, 56.874287793007724]]}, "properties": {"fault_name": "Albatross Bank fault zone", "section_name": "", "class": ""}}, {"type": "Feature", "geometry": {"type": "LineString", "coordinates": [[-153.2329154458431, 56.34872434378426], [-153.21150029668087, 56.35526786101265], [-153.1859210905625, 56.36240624382474], [-153.1645059431969, 56.367760030928636], [-153.1484445806515, 56.37013949190149], [-153.11572699207784, 56.37311381777714], [-153.0532661404296, 56.37846760610184], [-152.96403635210393, 56.38501112393784], [-152.93340079155925, 56.38828288280357], [-152.88152854206504, 56.394945373970764], [-152.84274332782059, 56.40065608004307], [-152.8184728251373, 56.405652948190514], [-152.79729562172753, 56.41136365382169], [-152.76231754581062, 56.42278506688507], [-152.73614347441276, 56.43301674979751], [-152.70116539759752, 56.4489591379236], [-152.66428375206766, 56.46751893391743], [-152.61598069335187, 56.49440684290315], [-152.57481601798958, 56.51605993900357]]}, "properties": {"fault_name": "Albatross Bank fault zone", "section_name": "", "class": ""}}, {"type": "Feature", "geometry": {"type": "LineString", "coordinates": [[-153.16278083379663, 56.2664544789536], [-153.13779649295762, 56.27240313181821], [-153.1192366973165, 56.275734377196684], [-153.08687602557492, 56.28049329884841], [-153.06165374078014, 56.28239686824919], [-153.0285792326795, 56.28406249115347], [-152.99145963960055, 56.28287276100158], [-152.95743334759177, 56.282158921895835], [-152.9224552716749, 56.28168302923498], [-152.89651914602945, 56.28168302923498], [-152.86915534497095, 56.28239686824919], [-152.8458366261958, 56.28334865182017], [-152.81656925732102, 56.286441952087095], [-152.77897377273717, 56.29191471319862], [-152.74114034329918, 56.300480772218776]]}, "properties": {"fault_name": "Albatross Bank fault zone", "section_name": "", "class": ""}}, {"type": "Feature", "geometry": {"type": "LineString", "coordinates": [[-153.23410517640204, 56.34753461380786], [-153.25016653894744, 56.34158596090099], [-153.26384843857838, 56.335637308024005], [-153.27990980022543, 56.328498925028995]]}, "properties": {"fault_name": "Albatross Bank fault zone", "section_name": "", "class": ""}}, {"type": "Feature", "geometry": {"type": "LineString", "coordinates": [[-151.75925575937683, 56.840499446754556], [-151.7680597647942, 56.83407490214728], [-151.78923696730564, 56.82074992111768], [-151.80851060200075, 56.809566454156354], [-151.81993201518674, 56.803855747242075], [-151.83849180992956, 56.794813795142545]]}, "properties": {"fault_name": "Albatross Bank fault zone", "section_name": "", "class": ""}}, {"type": "Feature", "geometry": {"type": "LineString", "coordinates": [[-151.8070829247911, 56.7703053469953], [-151.8070829247911, 56.77054329422367], [-151.80803470869924, 56.77006740121215], [-151.8494373307123, 56.74270360001921], [-151.88108416339986, 56.72414380402921], [-151.92462829898167, 56.70368043907381], [-151.96769654305857, 56.68440680600564], [-151.99981926725104, 56.66989209311626], [-152.01933084769865, 56.661088086887744], [-152.0671580131129, 56.63943499120527], [-152.10403965864273, 56.6218269811425], [-152.14401460344612, 56.6018395081447], [-152.18303776344302, 56.58280381998037], [-152.22158503193504, 56.562816348004326], [-152.25394570187993, 56.547111904198246]]}, "properties": {"fault_name": "Albatross Bank fault zone", "section_name": "", "class": ""}}, {"type": "Feature", "geometry": {"type": "LineString", "coordinates": [[-151.92510419138492, 56.7303304021686], [-151.98030768590513, 56.70082508595758], [-152.03360761260902, 56.67560279890934], [-152.07048925903723, 56.65894657202796], [-152.1102262571898, 56.642290343906076], [-152.14258692713477, 56.629441255802845]]}, "properties": {"fault_name": "Albatross Bank fault zone", "section_name": "", "class": ""}}, {"type": "Feature", "geometry": {"type": "LineString", "coordinates": [[-151.83825386417715, 56.79505174096466], [-151.88489129993076, 56.77363659300307], [-151.9205832158, 56.758883933919755], [-151.94651933964883, 56.747462522069355]]}, "properties": {"fault_name": "Albatross Bank fault zone", "section_name": "", "class": ""}}, {"type": "Feature", "geometry": {"type": "LineString", "coordinates": [[-179.99998854118687, 50.399215885058766], [-179.4399155022634, 50.36986390611054], [-178.9993060784287, 50.36986390611054], [-178.52038279087066, 50.36986390611054], [-178.01272410596934, 50.38211466674382], [-177.35180996886976, 50.40660664683096], [-176.91120054413673, 50.449437003947025], [-176.10660942121888, 50.504447380260736], [-175.4840091478426, 50.5898911711162], [-174.8039380797797, 50.63864631694945], [-174.04723928516853, 50.71168379374322], [-173.15644197022078, 50.81495802477168], [-172.40932164198958, 50.90589210172399], [-171.63346591641508, 51.00873527483582], [-170.80013939525563, 51.12943441472793], [-170.0147052033011, 51.27385591321926], [-169.2771633405516, 51.46571036191389], [-168.8173969848552, 51.59714183688912], [-167.8787073416008, 51.83513179686006], [-166.79634071073153, 52.10136744513472], [-165.94385726040537, 52.289724358955105], [-165.13926613658924, 52.500667945810505], [-164.3921458065614, 52.69314357290586], [-163.77912399956512, 52.88477021179094], [-163.09905293240053, 53.05824091406087], [-162.3327756714094, 53.23101260319841], [-161.59523380865986, 53.391636650123566], [-160.80022115122367, 53.517415558809255], [-159.9285807681376, 53.631435421759356], [-159.22935276821303, 53.76785176313565], [-157.9362598913572, 54.02807628409171], [-156.8731445801331, 54.23071844677021], [-156.07823338471331, 54.37019511879131], [-155.59245432019694, 54.49377619694234], [-155.27448984292732, 54.60160269175203], [-154.85397510138102, 54.838960142892056], [-154.53257272839997, 54.99452187824644], [-154.0090889333814, 55.195482769026725], [-153.23323320690855, 55.51200388593647], [-152.42864208488908, 55.85293852311258], [-152.00718959111936, 56.02497046118182], [-151.2180023196545, 56.30899810680773], [-150.54699707010016, 56.49900054898393], [-150.08099365299566, 56.62300109899661], [-149.60299468784754, 56.78440197505896], [-149.15280679763285, 56.94703267220878], [-148.75051123572476, 57.114165734990316], [-148.17580329155345, 57.373803250026846], [-147.80224312698869, 57.59562595476629], [-147.41910449604399, 57.8416476650464], [-147.03596586599755, 58.09613909010582], [-146.73903342887937, 58.34882089983347], [-146.40619339937538, 58.644141811028014], [-146.14516855194807, 58.85871449616325], [-145.79076531924497, 59.101018034105095], [-145.5800390723601, 59.228893907127585]]}, "properties": {"fault_name": "Alaska-Aleutian subduction zone", "section_name": "Aleutian megathrust", "class": "A"}}, {"type": "Feature", "geometry": {"type": "LineString", "coordinates": [[-158.8473926766154, 62.00003889786393], [-158.84930772759597, 61.998940933899014], [-158.85109511090664, 61.99789404002379], [-158.85290802703273, 61.99710248503197], [-158.85444006781717, 61.99633646412513], [-158.85579337260617, 61.99554490915966], [-158.8562019174142, 61.99498316015015], [-158.85696793690815, 61.99416607094606], [-158.85786162856348, 61.99347665290743], [-158.85890852339898, 61.992914904154965], [-158.85970007840314, 61.992455292005275], [-158.86110444972113, 61.99156160092397], [-158.86243221989815, 61.99059130702784], [-158.86365785342403, 61.98972315101155], [-158.86511329216927, 61.988778392056695], [-158.86598144921265, 61.988242178044814], [-158.86751349089545, 61.98739955396347], [-158.86937747444873, 61.9862505239358], [-158.87121592428838, 61.98525469618039], [-158.87279903429678, 61.984335471026895], [-158.87458641581082, 61.983416246004204], [-158.876297196184, 61.98257362312179], [-158.87780370415314, 61.981731001002956], [-158.87966768770642, 61.9807607068332], [-158.8812507977148, 61.98002021986911], [-158.88278284029587, 61.97920313080276], [-158.88354886068808, 61.97879458692099], [-158.88449361887243, 61.97838604220771], [-158.88525964016296, 61.97790089619068], [-158.8862810012848, 61.97744128298527], [-158.88720022575546, 61.976930602946815], [-158.88860459887007, 61.97619011497379], [-158.89192402206692, 61.974402734038776], [-158.89429868618112, 61.97304943020051], [-158.8965201471152, 61.971696127097296], [-158.8983585969549, 61.970547094878874], [-158.90024811512012, 61.96937252994324], [-158.9023419056894, 61.96794262396431], [-158.90456336572518, 61.96664038892162], [-158.90601880626704, 61.96572116404637], [-158.90752531333786, 61.96475087086469], [-158.9087509468637, 61.96398484993459], [-158.90967017223275, 61.96337203319258], [-158.9108958048603, 61.96255494391728], [-158.91316833322162, 61.96138037907297], [-158.9149301819204, 61.96041008592716], [-158.91656436025437, 61.959388725017426], [-158.91776445826994, 61.958648238065344], [-158.9193986366039, 61.95772901310933], [-158.92054766719227, 61.956860856170046], [-158.9216966986789, 61.95627357285964], [-158.92246271907112, 61.95576289312967], [-158.92307553628322, 61.95535434817723], [-158.92402029536586, 61.95489473601318], [-158.92504165558935, 61.95446065812029], [-158.92580767687988, 61.954026579122676], [-158.9267269022489, 61.953643568010506], [-158.9274673898258, 61.95318395585035], [-158.92843768262208, 61.95267327595663], [-158.92922923672793, 61.95229026518148], [-158.93014846209692, 61.95188172021099], [-158.93081234673627, 61.95154977791085], [-158.9317060383916, 61.951013562949655], [-158.9327274004118, 61.95055395005174], [-158.93349341990572, 61.95014540592156], [-158.93431051042015, 61.949685793048374], [-158.93512759823966, 61.949175112927726], [-158.93581701659267, 61.94879210303989], [-158.9364553666201, 61.94833249007024], [-158.93717031958502, 61.94782181012494], [-158.93793634087555, 61.94728559600876], [-158.93908537236223, 61.946442972120906], [-158.9405408120058, 61.94554928097862], [-158.9418685812845, 61.94475772598397], [-158.94271120371596, 61.94406830789885], [-158.9439879055674, 61.94337888903662], [-158.94511140244217, 61.94276607295895], [-158.94654130837205, 61.94177024505831], [-158.94809888376847, 61.94087655405903], [-158.94952878969838, 61.94000839695325], [-158.95113743431867, 61.939191309182355], [-158.95297588415838, 61.93827208392683], [-158.95389511042563, 61.93788907291581], [-158.95448239122913, 61.93735285889784], [-158.95514627676684, 61.9369443151868], [-158.95583569511984, 61.936357031979384], [-158.95652511437117, 61.935922952922446], [-158.95721453272418, 61.93541227293031], [-158.95792948568914, 61.93492712587666], [-158.95844016625003, 61.93446751297829], [-158.95923172125424, 61.93393129891121], [-158.95984453756802, 61.93344615200609], [-158.96045735388176, 61.93298654007229], [-158.96109570570584, 61.93250139295721], [-158.961682988306, 61.93204178118099], [-158.96229580461974, 61.931428964163615], [-158.96295968925915, 61.93102041899686], [-158.96377677797693, 61.93056080692129], [-158.96446619722826, 61.93007566101988], [-158.96513008096932, 61.929590514178464], [-158.96653445318557, 61.92869682313241], [-158.9679132898916, 61.92764992798613], [-158.96929212659762, 61.92673070205021], [-158.9700326141745, 61.92622002311826], [-158.97141145177886, 61.925300798136554], [-158.97358184438735, 61.92389642494338], [-158.9755734992038, 61.92236438280985], [-158.97753961940825, 61.9209855470492], [-158.9794291375735, 61.91947903813258], [-158.98057816906012, 61.918381076067256], [-158.98159952928367, 61.917385248091186], [-158.98251875465266, 61.9164404888727], [-158.983182639292, 61.91577660519156], [-158.98364225242568, 61.91529145800135], [-158.98430613616677, 61.914780776956505], [-158.9847657493004, 61.91427009710873], [-158.98525089614768, 61.913759415920865], [-158.9858892461751, 61.913223200861495], [-158.98617012061837, 61.91261038494503], [-158.9866297328537, 61.91199756816608], [-158.98698721023447, 61.91138475094809], [-158.9876000274466, 61.91043999282715], [-158.98813624082283, 61.90941863102508], [-158.98885119378778, 61.908295133911906], [-158.98925973769755, 61.907758919048824], [-158.98946401010153, 61.90709503509532], [-158.98977041915677, 61.906609888053225], [-158.99025556510577, 61.906048138961985], [-158.9908428477059, 61.905486390975234], [-158.99137906287874, 61.90505231199545], [-158.99191527715334, 61.904465029142074], [-158.9924514914279, 61.90410755284069], [-158.99306430864, 61.90349473615343], [-158.9936515912401, 61.90298405607383], [-158.9940601360482, 61.902447841170265], [-158.99454528199715, 61.90180949020931], [-158.9950048942325, 61.90117113988969], [-158.99547835759117, 61.90045685206275], [-158.99606992964684, 61.899596386075416], [-158.9965539419219, 61.89862835983287], [-158.9968766185686, 61.89776789192503], [-158.99709173543474, 61.89706876297283], [-158.99714551397753, 61.89631585415923], [-158.99719929341865, 61.89518649111324], [-158.99725307285976, 61.89421846499379], [-158.9975219682687, 61.89314288084899], [-158.99795220200096, 61.89222863615275], [-158.99832865629216, 61.89104549300679], [-158.99870511058333, 61.89002368919175], [-158.99924290229953, 61.88910944315925], [-158.9997269145746, 61.88835653405005], [-159.00004959122128, 61.887496065950174]]}, "properties": {"fault_name": "Iditarod-Nixon Fork fault", "section_name": "unnamed strand", "class": "B"}}, {"type": "Feature", "geometry": {"type": "LineString", "coordinates": [[-157.80067416515197, 62.27100510704859], [-157.80127294079787, 62.27048359201394], [-157.80206487039953, 62.26985584312952], [-157.80276988170922, 62.26930535496875], [-157.80343626097016, 62.26879349783543], [-157.80408332555413, 62.268320272027324], [-157.80474004792575, 62.2677504690935], [-157.80543540144785, 62.2672192959807], [-157.806121096284, 62.26659154720151], [-157.80680679201845, 62.26600242791922], [-157.80756008957133, 62.265422967974956], [-157.80822646973056, 62.264843506917984], [-157.80882524537643, 62.26420610009278], [-157.80923086796489, 62.2638970541923], [-157.8095688869383, 62.263636297932194], [-157.8101869781594, 62.26314375579542], [-157.81087267299557, 62.262593267046334], [-157.8115390531548, 62.26198483394426], [-157.81214748658832, 62.261395716138004], [-157.81284284011042, 62.2608065968477], [-157.81340298640245, 62.260207821104856], [-157.81405970787574, 62.25967664879299], [-157.8146777990969, 62.2591068458492], [-157.8152476013799, 62.258537043002384], [-157.81588500907463, 62.25789963614102], [-157.8165707039107, 62.25730085991964], [-157.81715982266732, 62.25674071496895], [-157.81783586061417, 62.256093648951385], [-157.81842497757415, 62.255504530961815], [-157.8190430696936, 62.25483815220911], [-157.8196901351759, 62.25428766393705], [-157.82017301826863, 62.25382409518933], [-157.8207428205517, 62.25319634581399], [-157.82151543457812, 62.25236578610076], [-157.82219147342326, 62.25172837919824], [-157.82288682604704, 62.251081313889266], [-157.82314758361784, 62.250849529798664], [-157.82361115203366, 62.25059842992442]]}, "properties": {"fault_name": "Iditarod-Nixon Fork fault", "section_name": "unnamed strand", "class": "B"}}, {"type": "Feature", "geometry": {"type": "LineString", "coordinates": [[-157.70162501013496, 62.33798111019513], [-157.70218515463034, 62.33763343288059], [-157.7026873532984, 62.33733404503882], [-157.70308331899753, 62.337121577006975], [-157.70358551856384, 62.33678355687015], [-157.70383661834703, 62.33656143109345], [-157.7045512856477, 62.33617512396624], [-157.70529492720956, 62.335653609116235], [-157.70604822655906, 62.335209355889795], [-157.70681118279788, 62.334765103183024], [-157.70762242797474, 62.33441742617705], [-157.7082984659216, 62.333915226923835], [-157.70910005331086, 62.333461316079436], [-157.7099402709523, 62.33292048619891], [-157.71046178609387, 62.33265007094409], [-157.71107987731503, 62.33231205220645], [-157.7119683820979, 62.33163601416596], [-157.7125575008545, 62.331269021960786], [-157.71369710811553, 62.330641273049686], [-157.71528096642047, 62.329714136077335], [-157.71598597773018, 62.32925056812502], [-157.71677790733185, 62.32884494483594], [-157.71752154889373, 62.32841034917176], [-157.71810100896437, 62.328091647196125], [-157.71866115435807, 62.32775362806287], [-157.7191150649863, 62.32746389697284], [-157.7198587074465, 62.327000328927085], [-157.7206216636853, 62.32651744499845], [-157.72136530524716, 62.326015245924694], [-157.72207031476023, 62.32561928180325], [-157.72295882133977, 62.32517502786447], [-157.72354794009638, 62.32480803683912], [-157.72432055412278, 62.32430583715002], [-157.7250448801094, 62.32385192588484], [-157.7260782526049, 62.32328212306285], [-157.7267156594013, 62.32290547279442], [-157.72750758900295, 62.32241293100481], [-157.72828020302936, 62.32198799389176], [-157.72909144820625, 62.32145682187484], [-157.72986406223265, 62.321012568989204], [-157.73051112681665, 62.320577973117594], [-157.73132237199354, 62.32001782706192], [-157.73209498601994, 62.319670150877485], [-157.7328386266835, 62.319196925011816], [-157.73365952964804, 62.31871404087226], [-157.73432590980724, 62.31827944514901], [-157.73525304663895, 62.31779656087591], [-157.73590011212124, 62.317304020073365], [-157.73666306836003, 62.31685010905232], [-157.73737773655904, 62.316425170910236], [-157.73803445803236, 62.31607749406772], [-157.738884335258, 62.315517348860055], [-157.73967626396134, 62.31497651897324], [-157.74070963555855, 62.31438739996181], [-157.7415015651602, 62.31390451702256], [-157.74224520672206, 62.313489236074226], [-157.7429212446689, 62.31300635206485], [-157.74362625508033, 62.31245586507634], [-157.74438921221744, 62.311963323166026], [-157.74507490705358, 62.3114321509604], [-157.74581854861543, 62.31097824018341], [-157.7463400628587, 62.31067885214164], [-157.74691952382764, 62.31030220212495], [-157.74782734508412, 62.30976137192138], [-157.74843577941596, 62.309288146175376], [-157.74944017765029, 62.30861210810497], [-157.75036731358364, 62.308032648044026], [-157.75103369643784, 62.307655997859115], [-157.7517869939907, 62.30713448300433], [-157.7521733010039, 62.30672886090546], [-157.7526658427826, 62.306139741840475], [-157.75318735792416, 62.30559891317029], [-157.75395997195056, 62.30505808312403], [-157.75467464014957, 62.30456554110196], [-157.75542793860075, 62.30413094498511], [-157.75586253455205, 62.30374463789885], [-157.75638404879533, 62.303348673017126], [-157.75696351066262, 62.303020311994906], [-157.75758160188371, 62.30249879691451], [-157.75822866556942, 62.302025572115184], [-157.7589240190915, 62.3014943980497], [-157.75967731844096, 62.30099219919302], [-157.76038232795406, 62.300451368982806], [-157.76113562640523, 62.299910539070424], [-157.76183097902899, 62.29936970903865], [-157.76241043999795, 62.29893511300824], [-157.76287400841383, 62.29862606804989], [-157.76347278495803, 62.29823010301536], [-157.7640039569889, 62.29780516601703], [-157.7646510215729, 62.2973126238171], [-157.76535603198425, 62.29676213598053], [-157.76621556520095, 62.29624062097428], [-157.76699783791327, 62.295680476185986], [-157.76752900994416, 62.295207250195915], [-157.76817607542645, 62.2947823118464], [-157.76849477882465, 62.29451189705315], [-157.76896800412982, 62.29415456284773], [-157.7693060231032, 62.29380688614462], [-157.76989514185982, 62.29326605580719], [-157.77068707056316, 62.29279282984994], [-157.7713148195719, 62.29233891879986], [-157.77203914555855, 62.291817403975024], [-157.7727731293328, 62.29128623217856], [-157.7735360855716, 62.29081300599443], [-157.7742410977796, 62.290301148063214], [-157.77469500840783, 62.28999210296436], [-157.7752358382263, 62.28966374107967], [-157.7757187222174, 62.289335381042484], [-157.77633681343852, 62.28887181215655], [-157.77711908525254, 62.28835029697926], [-157.77783375434987, 62.28781912497331], [-157.77862568395156, 62.287336241019716], [-157.77929206321244, 62.28682438410904], [-157.77993912779644, 62.286331843029195], [-157.78037372374774, 62.2859648510244], [-157.78142641092018, 62.28527915598975], [-157.78217005158373, 62.284728668149555], [-157.78284609042888, 62.28423612619783], [-157.78360904576937, 62.283695295973345], [-157.78424645256572, 62.28316412411981], [-157.7850287252781, 62.28260397780051], [-157.7856951054373, 62.28202451800289], [-157.78628422329558, 62.28160923713533], [-157.7871727298751, 62.280981487830616], [-157.78790671364936, 62.28049860406741], [-157.78861172406073, 62.279899828158044], [-157.78922981528189, 62.279397628991546], [-157.78993482569325, 62.278798852914235], [-157.7907460708702, 62.278219393001194], [-157.7913641620913, 62.27782342808695], [-157.79203054225053, 62.27719567882207], [-157.79275486823715, 62.27659690199632], [-157.79349850979904, 62.276114018950594], [-157.79425180914853, 62.27553455793353], [-157.79496647555092, 62.27499372809402], [-157.79548799159076, 62.27461707789176], [-157.7962606056172, 62.27401830202993], [-157.79707185079408, 62.273506445162305], [-157.79782515014355, 62.27299458795355], [-157.79847221382926, 62.27249238896272], [-157.79911927841326, 62.27199984783739], [-157.79998847031584, 62.27145901679156], [-157.8006645073644, 62.27100510704859]]}, "properties": {"fault_name": "Iditarod-Nixon Fork fault", "section_name": "unnamed strand", "class": "B"}}, {"type": "Feature", "geometry": {"type": "LineString", "coordinates": [[-157.71610800128514, 62.32830924619536], [-157.71616574319498, 62.32832849286614], [-157.71470294455264, 62.3285017190232], [-157.71256649029556, 62.32890591312122], [-157.71173885355967, 62.329040644808494], [-157.70917895773218, 62.329521827870515], [-157.70710024358831, 62.3301954860609], [-157.70467507798543, 62.33115785295487], [-157.7020574393498, 62.332023983122106], [-157.6998439949813, 62.33294785494413], [-157.69790001285867, 62.33391022292866], [-157.69636022590157, 62.3347571058592], [-157.69414677973643, 62.335661730908164], [-157.69287645502519, 62.33635463600395], [-157.69154838840404, 62.33700904585143], [-157.69085548458776, 62.33756721909664]]}, "properties": {"fault_name": "Iditarod-Nixon Fork fault", "section_name": "unnamed strand", "class": "B"}}, {"type": "Feature", "geometry": {"type": "LineString", "coordinates": [[-157.68886721641996, 62.34502155805774], [-157.68948530674277, 62.344751142919606], [-157.69064422778237, 62.344094420010634], [-157.69144581517165, 62.34370811304071], [-157.6922377447733, 62.34331214900296], [-157.6929910441228, 62.34290652584753], [-157.69370571232182, 62.34255885009535], [-157.6945072997111, 62.342172542967035], [-157.69536683382609, 62.34168965894798], [-157.69649678240117, 62.341003963942654]]}, "properties": {"fault_name": "Iditarod-Nixon Fork fault", "section_name": "unnamed strand", "class": "B"}}, {"type": "Feature", "geometry": {"type": "LineString", "coordinates": [[-157.67281615216098, 62.35323058616967], [-157.6732604058999, 62.35302777412158], [-157.67376260456794, 62.352844277953366], [-157.67448693055454, 62.352573862828336], [-157.6752209143288, 62.35227447511728], [-157.67597421367827, 62.35195577202915], [-157.67656333243485, 62.3516853568192], [-157.67709450356742, 62.351492202975926], [-157.67792506431954, 62.35107692192229], [-157.67871699481952, 62.350729246149434], [-157.67938337408043, 62.350429857964194], [-157.68016564589448, 62.350072523938316], [-157.68096723328372, 62.34971518982746], [-157.68134388340764, 62.34956066704836]]}, "properties": {"fault_name": "Iditarod-Nixon Fork fault", "section_name": "unnamed strand", "class": "B"}}, {"type": "Feature", "geometry": {"type": "LineString", "coordinates": [[-157.66583365076377, 62.357846955936196], [-157.66619098441413, 62.35755722583523], [-157.66695394065295, 62.35698742203337], [-157.66763963459076, 62.35644659315148], [-157.66825772760848, 62.35598302385389]]}, "properties": {"fault_name": "Iditarod-Nixon Fork fault", "section_name": "unnamed strand", "class": "B"}}, {"type": "Feature", "geometry": {"type": "LineString", "coordinates": [[-157.6630045747614, 62.3546973560498], [-157.66242715476477, 62.35498606715019], [-157.66131080937802, 62.35542875616666], [-157.66036768882245, 62.35567897196232], [-157.65952080568164, 62.35581370319346], [-157.65878940636046, 62.35598692882823], [-157.65817349175728, 62.35608316592511]]}, "properties": {"fault_name": "Iditarod-Nixon Fork fault", "section_name": "unnamed strand", "class": "B"}}, {"type": "Feature", "geometry": {"type": "LineString", "coordinates": [[-157.62064357340938, 62.388394646855254], [-157.62150970295517, 62.38776910787787], [-157.62239989207924, 62.38723980709398], [-157.62326602342168, 62.38654209000783], [-157.6238915616765, 62.3860849661344], [-157.62495016515336, 62.38543536792731], [-157.62639371559416, 62.38459329619666], [-157.62757261606401, 62.38367904699083], [-157.6289921078248, 62.382620444015664], [-157.63055595525856, 62.38158589898296], [-157.6318792114013, 62.380599472194255], [-157.63269722268893, 62.38011828904906], [-157.63329870226383, 62.37966116382113], [-157.63421295186444, 62.379107802876675], [-157.63493472663566, 62.37845820505201], [-157.63584897533798, 62.37788078400742], [-157.6368113431968, 62.37708683081176], [-157.63839924841216, 62.375907931950124], [-157.63940973542748, 62.37533051093937], [-157.64131040977026, 62.373814782813184], [-157.6441975124484, 62.37201034480468], [-157.64494334679787, 62.37131262812167], [-157.64665154810785, 62.37032620199069], [-157.64881687511647, 62.36883453312668], [-157.65095814344517, 62.367294744823084], [-157.65358059255914, 62.3656346611775], [-157.65613086742994, 62.36397457691026], [-157.65743006219782, 62.36320468394426], [-157.658488666573, 62.36253102680937], [-157.6598359813957, 62.36173707387872], [-157.66125547315653, 62.3609431211902], [-157.66180883357492, 62.36053411481393]]}, "properties": {"fault_name": "Iditarod-Nixon Fork fault", "section_name": "unnamed strand", "class": "B"}}, {"type": "Feature", "geometry": {"type": "LineString", "coordinates": [[-157.65482445290212, 62.35804639501733], [-157.6553826255955, 62.357680694909824], [-157.65622950873635, 62.35719951194971], [-157.6570956400788, 62.356622092048674]]}, "properties": {"fault_name": "Iditarod-Nixon Fork fault", "section_name": "unnamed strand", "class": "B"}}, {"type": "Feature", "geometry": {"type": "LineString", "coordinates": [[-157.64577820059873, 62.36383984606744], [-157.6464326107068, 62.363320167981996], [-157.64704852531003, 62.36276199504288], [-157.64826110811146, 62.36212683218499], [-157.64905024934245, 62.36166489582808]]}, "properties": {"fault_name": "Iditarod-Nixon Fork fault", "section_name": "unnamed strand", "class": "B"}}, {"type": "Feature", "geometry": {"type": "LineString", "coordinates": [[-157.620544929408, 62.380392563088975], [-157.62116084401123, 62.37985363702612], [-157.62160353378323, 62.37950718503375], [-157.6222386956897, 62.37902600184834], [-157.62300858961743, 62.37831384885513], [-157.62377848444348, 62.37777492415748], [-157.6243174098336, 62.377312988012996], [-157.62510655016627, 62.376793310089965], [-157.62589569229561, 62.376331372983174], [-157.62656934880863, 62.37577320013984], [-157.62731999543308, 62.37519577986677], [-157.6281091366641, 62.37471459704502], [-157.62868655755906, 62.37409868216265], [-157.6295141916, 62.373675240007316], [-157.63115021776846, 62.37265513103089], [-157.63243978978298, 62.37184674295328], [-157.63349839325988, 62.37121157997727], [-157.63540388077595, 62.37019147009599], [-157.63688592672162, 62.369614049821315]]}, "properties": {"fault_name": "Iditarod-Nixon Fork fault", "section_name": "unnamed strand", "class": "B"}}, {"type": "Feature", "geometry": {"type": "LineString", "coordinates": [[-157.61015136318025, 62.3910748400495], [-157.61086351519816, 62.390420429937755], [-157.6115949154177, 62.38966978404613], [-157.6122685719307, 62.388996127138434], [-157.6128844874322, 62.3884379540055], [-157.61353889664193, 62.38774504999501], [-157.61415481124516, 62.38718687604344], [-157.61484771595977, 62.386532466796105], [-157.61546362966467, 62.385839562032636], [-157.61609879157115, 62.385262141998055], [-157.6160410505596, 62.38531988408571], [-157.6160410505596, 62.38528138881779], [-157.61606029786287, 62.38528138881779]]}, "properties": {"fault_name": "Iditarod-Nixon Fork fault", "section_name": "unnamed strand", "class": "B"}}, {"type": "Feature", "geometry": {"type": "LineString", "coordinates": [[-157.60093910221238, 62.4019880859919], [-157.60173305571837, 62.401530960925214], [-157.60283977835178, 62.40071294902849], [-157.6046682757564, 62.39941375296298], [-157.60625618187007, 62.39801832001624], [-157.60753131795795, 62.39698377616879], [-157.60868615884962, 62.39616576287679]]}, "properties": {"fault_name": "Iditarod-Nixon Fork fault", "section_name": "unnamed strand", "class": "B"}}, {"type": "Feature", "geometry": {"type": "LineString", "coordinates": [[-157.60443490242875, 62.39575194584536], [-157.6048390957976, 62.39529000905916], [-157.60572447444326, 62.39463559901144], [-157.60647512016942, 62.39403893201174], [-157.60726426140045, 62.393384522111134], [-157.6084383495953, 62.392518391127155]]}, "properties": {"fault_name": "Iditarod-Nixon Fork fault", "section_name": "unnamed strand", "class": "B"}}, {"type": "Feature", "geometry": {"type": "LineString", "coordinates": [[-157.588380208976, 62.41255006710649], [-157.5893666364131, 62.41216512001638], [-157.59001623334785, 62.411539580942616], [-157.5911229559813, 62.41062533208231], [-157.59239809206917, 62.40951860905888], [-157.59458747865605, 62.407641993109884], [-157.5955017273584, 62.4068480400574]]}, "properties": {"fault_name": "Iditarod-Nixon Fork fault", "section_name": "unnamed strand", "class": "B"}}, {"type": "Feature", "geometry": {"type": "LineString", "coordinates": [[-157.59356015182243, 62.40312367802621], [-157.59388735597813, 62.402873463808], [-157.59413757092074, 62.40262324791551], [-157.5944455286715, 62.40235378493385], [-157.5948112292304, 62.402026580192455]]}, "properties": {"fault_name": "Iditarod-Nixon Fork fault", "section_name": "unnamed strand", "class": "B"}}, {"type": "Feature", "geometry": {"type": "LineString", "coordinates": [[-157.51265742278707, 62.46361560508305], [-157.51313843558742, 62.46315645514982], [-157.5133789442334, 62.46282849115948], [-157.51368504426813, 62.462587983855336], [-157.51418792385914, 62.4621069688374], [-157.51466893755781, 62.46180086819011], [-157.5156746967398, 62.460991889156624], [-157.51639621818612, 62.46046714581535], [-157.51681163959765, 62.46013918095984], [-157.51764248331912, 62.459592574004816], [-157.51834214156804, 62.459133422880825], [-157.51910739120575, 62.458499359169885], [-157.51980704855637, 62.45793088690061], [-157.52048484270958, 62.457384279006675], [-157.52083467093573, 62.457165636040095], [-157.52140314371215, 62.45681580795367], [-157.52175297283662, 62.45648784206462], [-157.52245262928892, 62.456050555951975], [-157.52313042344215, 62.45539462703928], [-157.52363330213484, 62.454935477040614], [-157.52444228176057, 62.4544107328462], [-157.52542617505023, 62.453732939943606], [-157.5263882051425, 62.45309887504636], [-157.52706599839743, 62.45261786013342], [-157.52783124893347, 62.45215870984762], [-157.5284871780927, 62.45167769600603], [-157.5291212431562, 62.451240408887756], [-157.5298646286982, 62.45078125904518], [-157.5304549655703, 62.45040956609552], [-157.53139512977026, 62.44970990801965], [-157.5321603812046, 62.44914143597906], [-157.53281631036384, 62.448638556819404], [-157.53360342499553, 62.44813567792531], [-157.5344561328127, 62.44769839217171], [-157.5351120619719, 62.44719551283552], [-157.5356586706526, 62.4467800908804], [-157.53651137757143, 62.44623348387236], [-157.53727662900576, 62.44575246900078], [-157.5379544222607, 62.44518399691258], [-157.53878526598214, 62.44472484711936], [-157.53952865242246, 62.44420010316601], [-157.54016271658764, 62.44385027414947], [-157.5416057612769, 62.44273519507503], [-157.5422835536335, 62.44227604383012], [-157.54302694097214, 62.441838757974445], [-157.54379219060988, 62.44131401490119], [-157.54453557794852, 62.440789272178066], [-157.5450821848326, 62.440395714079926], [-157.54591302855405, 62.43991470004335], [-157.54672200817978, 62.43923690590963], [-157.54766217327804, 62.438602841055605], [-157.54888657431533, 62.43777199696898], [-157.54956436757027, 62.437334710918094], [-157.55024216082515, 62.43683183307501], [-157.55109486864234, 62.43626336096249], [-157.55161961232903, 62.43589166705986], [-157.5524941851402, 62.435388789062046], [-157.5533906211487, 62.434907773883424], [-157.55411214259505, 62.43438303014808], [-157.55474620765855, 62.433967608908624], [-157.55577383003794, 62.43342100086017], [-157.55638603100576, 62.43302744306602], [-157.55712941744605, 62.43254642898954], [-157.55788326386957, 62.43216082982135], [-157.559414575222, 62.431333094099266], [-157.56084242041666, 62.430381196997665], [-157.56255997229047, 62.42953276795171], [-157.56392573671243, 62.428725725151374], [-157.56553982242843, 62.42783590918926], [-157.56727806609643, 62.42690470596676], [-157.56866452410932, 62.4261183568131], [-157.56940948619464, 62.42572518197109], [-157.57067178356053, 62.425145766845965]]}, "properties": {"fault_name": "Iditarod-Nixon Fork fault", "section_name": "unnamed strand", "class": "B"}}, {"type": "Feature", "geometry": {"type": "LineString", "coordinates": [[-157.49646297932392, 62.47781405487176], [-157.49724419831244, 62.47714133915097], [-157.49863303236924, 62.47588270780764], [-157.49984826070917, 62.474971285800336], [-157.50082478511854, 62.47416836599775], [-157.50217021797073, 62.472974837009446], [-157.50347224871996, 62.47186811092146], [-157.5047742812658, 62.47080478599626], [-157.50583760628783, 62.46980656107004], [-157.50740004426487, 62.46856963202481], [-157.5087020768107, 62.46739780316938], [-157.50996070635532, 62.466269375038834]]}, "properties": {"fault_name": "Iditarod-Nixon Fork fault", "section_name": "unnamed strand", "class": "B"}}, {"type": "Feature", "geometry": {"type": "LineString", "coordinates": [[-156.31529065215096, 62.890700356850374], [-156.31038080935429, 62.89187556006661], [-156.3037856201851, 62.893473380198124], [-156.29756438529566, 62.895207186101175], [-156.29120716703173, 62.896805006035976], [-156.2848159538225, 62.8984028260813], [-156.27131961378996, 62.90078255894897], [-156.2650983797988, 62.90241437499908], [-156.25914911165822, 62.90414818012763], [-156.25316584587745, 62.90618795080063], [-156.24721657683855, 62.90822772109049], [-156.24153927634518, 62.910267493020314], [-156.23575998562606, 62.91230726493125], [-156.23018467176522, 62.91438103106641], [-156.22437138610078, 62.916420802960005], [-156.21842211706192, 62.91832458899995], [-156.2125748355539, 62.9204323520567], [-156.2068635383186, 62.92254011598907], [-156.20115224018502, 62.92437591003045], [-156.19537295126253, 62.92651766885482], [-156.1896616522306, 62.92838745980722], [-156.18384836656617, 62.930461226816], [-156.17847702686873, 62.93256899099471], [-156.17286771716428, 62.93484673520086], [-156.15586980613799, 62.941000044983234], [-156.15012451305904, 62.94286983513669], [-156.1441752449185, 62.945113583849654], [-156.13836195835574, 62.946983373910875], [-156.1329226278694, 62.949125133955796], [-156.12724532557942, 62.95109691210336], [-156.12133005328246, 62.95330666387066], [-156.11548277177442, 62.955346436014516], [-156.1097034819536, 62.957454199175835], [-156.10399218471832, 62.959493970021384], [-156.09828088658475, 62.96146574886924], [-156.09253559440415, 62.96353951607352], [-156.08706226627754, 62.96564727881342], [-156.08121498476947, 62.967789039919786], [-156.0755376833778, 62.96979481485836], [-156.06411508800898, 62.97401034090202], [-156.05826780739923, 62.975948125090845], [-156.05238652914926, 62.97812388118244], [-156.04691320192097, 62.98043562098857], [-156.04150786637987, 62.9826113779963], [-156.03651048186046, 62.98499111097203], [-156.03117313710828, 62.98737084390562], [-156.02624374158114, 62.98968258403086], [-156.02090639862558, 62.99202832192767], [-156.01587501736427, 62.99437405905854], [-156.01067365688485, 62.99668580001863], [-156.00424844603538, 62.99960947217623]]}, "properties": {"fault_name": "Iditarod-Nixon Fork fault", "section_name": "unnamed strand", "class": "B"}}, {"type": "Feature", "geometry": {"type": "LineString", "coordinates": [[-157.69649678240117, 62.34099430609597], [-157.69718247633898, 62.34056936819203], [-157.69803235266636, 62.340047852912186], [-157.69903675090072, 62.3394297610633], [-157.69983833828996, 62.33893721988509], [-157.70022464530314, 62.33862817392159], [-157.70083307963498, 62.338338443856934], [-157.70163466702428, 62.33799076817684]]}, "properties": {"fault_name": "Iditarod-Nixon Fork fault", "section_name": "unnamed strand", "class": "B"}}, {"type": "Feature", "geometry": {"type": "LineString", "coordinates": [[-157.68485031159213, 62.341782387846784], [-157.68531224866743, 62.3413974409908], [-157.6863708521443, 62.34076227914872], [-157.68679429461307, 62.34045432118806], [-157.68737171460967, 62.33991539497662], [-157.6883533297718, 62.33943421116087], [-157.68918096471103, 62.338856790997276], [-157.68997010594205, 62.33822162796317], [-157.69087473189103, 62.33760571307571]]}, "properties": {"fault_name": "Iditarod-Nixon Fork fault", "section_name": "unnamed strand", "class": "B"}}, {"type": "Feature", "geometry": {"type": "LineString", "coordinates": [[-157.6813342247217, 62.349541351853496], [-157.681701217058, 62.349270936986485], [-157.68229033581454, 62.34883634206998], [-157.6831788405975, 62.34819893495571], [-157.68448262755308, 62.347368373950395], [-157.68594093821224, 62.34660541820256], [-157.68807528502168, 62.345465810827754], [-157.68885755773402, 62.34502155805774]]}, "properties": {"fault_name": "Iditarod-Nixon Fork fault", "section_name": "unnamed strand", "class": "B"}}, {"type": "Feature", "geometry": {"type": "LineString", "coordinates": [[-157.6704532972995, 62.351887244184965], [-157.67093448077972, 62.351502296816115], [-157.6717621166173, 62.350520683107995], [-157.67301319402532, 62.349365841980614], [-157.6739755609858, 62.34830723805], [-157.67609276973621, 62.346690460892184], [-157.67753632107528, 62.345362394083416], [-157.6793648175816, 62.34428454304405], [-157.6804426692601, 62.34361088598787], [-157.68192471520572, 62.34270626018215], [-157.6834645030612, 62.34218658215528], [-157.68344525575793, 62.342167333937795]]}, "properties": {"fault_name": "Iditarod-Nixon Fork fault", "section_name": "unnamed strand", "class": "B"}}, {"type": "Feature", "geometry": {"type": "LineString", "coordinates": [[-157.66827704318376, 62.35597336582355], [-157.6685764310067, 62.355751239020506], [-157.66895308023226, 62.35547116605295], [-157.66941665044476, 62.355084860000325], [-157.66970637958175, 62.354853074898834], [-157.6701506333207, 62.35458265994958], [-157.67072043740038, 62.35419635288028], [-157.67103913990024, 62.35395491098993], [-157.67148339184251, 62.35371346882451], [-157.67155099635585, 62.35368449586756], [-157.67202422255934, 62.35352031594457], [-157.67253607901495, 62.35331750418698], [-157.6727678641212, 62.3532498998243], [-157.6727678641212, 62.353240242998524], [-157.6727871787981, 62.353240242998524], [-157.67281615216098, 62.35323058616967]]}, "properties": {"fault_name": "Iditarod-Nixon Fork fault", "section_name": "unnamed strand", "class": "B"}}, {"type": "Feature", "geometry": {"type": "LineString", "coordinates": [[-157.66933695191275, 62.3521759539728], [-157.669356199216, 62.3521759539728], [-157.66931770460945, 62.3521759539728], [-157.66937544741762, 62.35219520202694], [-157.66939469382257, 62.35219520202694], [-157.6682975939425, 62.35267638603001], [-157.66683479619846, 62.353273052934064], [-157.66502554609713, 62.353927463015324], [-157.66367823127445, 62.35442789504657], [-157.66304306936794, 62.354658861888]]}, "properties": {"fault_name": "Iditarod-Nixon Fork fault", "section_name": "unnamed strand", "class": "B"}}, {"type": "Feature", "geometry": {"type": "LineString", "coordinates": [[-157.66176776799003, 62.36056076411849], [-157.6620961291758, 62.36036760988313], [-157.66261764431738, 62.36000061782767], [-157.6634675188481, 62.359440473165144], [-157.66500309001165, 62.35843607498909], [-157.66582399297613, 62.35782763982183]]}, "properties": {"fault_name": "Iditarod-Nixon Fork fault", "section_name": "unnamed strand", "class": "B"}}, {"type": "Feature", "geometry": {"type": "LineString", "coordinates": [[-157.6570763927755, 62.356622092048674], [-157.65759607086233, 62.356371876197514], [-157.65819273906055, 62.35608316592511]]}, "properties": {"fault_name": "Iditarod-Nixon Fork fault", "section_name": "unnamed strand", "class": "B"}}, {"type": "Feature", "geometry": {"type": "LineString", "coordinates": [[-157.6490117547359, 62.3617033910045], [-157.64949293821613, 62.36143392789953], [-157.65014734832423, 62.36095274511628], [-157.65120595180113, 62.36033683012783], [-157.652380039996, 62.35958618297215], [-157.65426628020876, 62.35845059001799], [-157.65482445290212, 62.358104137017314]]}, "properties": {"fault_name": "Iditarod-Nixon Fork fault", "section_name": "unnamed strand", "class": "B"}}, {"type": "Feature", "geometry": {"type": "LineString", "coordinates": [[-157.6368666794183, 62.36959480294005], [-157.63757883143623, 62.369094372192905], [-157.63959980277193, 62.36776630498009], [-157.64262163567471, 62.36572608613723], [-157.64575895329548, 62.363859094141596]]}, "properties": {"fault_name": "Iditarod-Nixon Fork fault", "section_name": "unnamed strand", "class": "B"}}, {"type": "Feature", "geometry": {"type": "LineString", "coordinates": [[-157.6160410505596, 62.38454999015302], [-157.61671470707265, 62.38401106387642], [-157.61767707493146, 62.38312568691979], [-157.61865868919523, 62.38224030796396], [-157.6199675094114, 62.381046973133984], [-157.62060267221617, 62.380392563088975]]}, "properties": {"fault_name": "Iditarod-Nixon Fork fault", "section_name": "unnamed strand", "class": "B"}}, {"type": "Feature", "geometry": {"type": "LineString", "coordinates": [[-157.60866209927133, 62.396117645172346], [-157.609335757581, 62.39566052000392], [-157.61044247931608, 62.39493874497285], [-157.61171761630231, 62.39426508704675], [-157.61308898980494, 62.393302720076676], [-157.61494154678783, 62.392171938966555], [-157.6160963867811, 62.39152234114019], [-157.61686627981052, 62.390728387017745], [-157.6173955824473, 62.390463737074725], [-157.61830983114962, 62.38976602093841], [-157.6198015007469, 62.38865929800177]]}, "properties": {"fault_name": "Iditarod-Nixon Fork fault", "section_name": "unnamed strand", "class": "B"}}, {"type": "Feature", "geometry": {"type": "LineString", "coordinates": [[-157.5948112292304, 62.4019880859919], [-157.59527316540738, 62.40152614881313], [-157.5962162850646, 62.40087173889698], [-157.5970439209022, 62.40039055613627], [-157.59814101898564, 62.399639909045334], [-157.59950758111162, 62.39869678894257], [-157.60147081143577, 62.397561195962965], [-157.60304909299947, 62.3966758180295], [-157.60422318119436, 62.39594441896507], [-157.60445414973202, 62.39577119300484]]}, "properties": {"fault_name": "Iditarod-Nixon Fork fault", "section_name": "unnamed strand", "class": "B"}}, {"type": "Feature", "geometry": {"type": "LineString", "coordinates": [[-157.59545360820186, 62.4068480400574], [-157.5962956808644, 62.406102205146965], [-157.59740240259944, 62.40511578000033], [-157.5989662500332, 62.40360005004359], [-157.60093910221238, 62.40201214492507]]}, "properties": {"fault_name": "Iditarod-Nixon Fork fault", "section_name": "unnamed strand", "class": "B"}}, {"type": "Feature", "geometry": {"type": "LineString", "coordinates": [[-157.58079085697682, 62.413557464078785], [-157.58153581906217, 62.41295735501023], [-157.58290158258586, 62.41188129781563], [-157.5844328948366, 62.410660387862436], [-157.58588143362212, 62.40948086381599], [-157.58718511727145, 62.40840480690168], [-157.5884267210465, 62.407349443945854], [-157.5896476321289, 62.40648032092181], [-157.59095131667658, 62.405280104126966], [-157.59223430673504, 62.40407988583399], [-157.593600071157, 62.40312799009457]]}, "properties": {"fault_name": "Iditarod-Nixon Fork fault", "section_name": "unnamed strand", "class": "B"}}, {"type": "Feature", "geometry": {"type": "LineString", "coordinates": [[-157.58215662139884, 62.41643384601618], [-157.5834603050482, 62.41560610982009], [-157.58546756539772, 62.41432311894797], [-157.5871644236806, 62.41335052997072], [-157.58840602835392, 62.412522793794565]]}, "properties": {"fault_name": "Iditarod-Nixon Fork fault", "section_name": "unnamed strand", "class": "B"}}, {"type": "Feature", "geometry": {"type": "LineString", "coordinates": [[-157.57547265262843, 62.42135887612977], [-157.5753691855723, 62.42133818189631], [-157.5753898791632, 62.42135887612977], [-157.57592790803463, 62.421069168035736], [-157.57687980423216, 62.42061391297211], [-157.5775212992614, 62.42005519091132], [-157.5784111155846, 62.41939300312931], [-157.57899053073947, 62.4188549742044], [-157.57956994589438, 62.41835833198177], [-157.58056322927374, 62.4176547571983], [-157.58132888494993, 62.417054647908465]]}, "properties": {"fault_name": "Iditarod-Nixon Fork fault", "section_name": "unnamed strand", "class": "B"}}, {"type": "Feature", "geometry": {"type": "LineString", "coordinates": [[-157.5747276914414, 62.41974478983428], [-157.5751415587675, 62.4194343888652], [-157.57580374738762, 62.418772201072926], [-157.57644524241684, 62.41827555914054], [-157.57710743103698, 62.41759267716936], [-157.57774892696452, 62.41699256788271], [-157.57870082316208, 62.41597859198585], [-157.5794664788383, 62.415088775033304], [-157.58008728117497, 62.414385199934394]]}, "properties": {"fault_name": "Iditarod-Nixon Fork fault", "section_name": "unnamed strand", "class": "B"}}, {"type": "Feature", "geometry": {"type": "LineString", "coordinates": [[-157.50995871658694, 62.46626874508201], [-157.51009224756066, 62.466123603014076], [-157.5103476951898, 62.465902989175135], [-157.5108353707946, 62.46546175910053], [-157.5116249396237, 62.46469541414548], [-157.51222292115887, 62.46413226506652], [-157.51263512300847, 62.46363878514139], [-157.5126293171968, 62.463621367809594], [-157.51263512300847, 62.4636097559726]]}, "properties": {"fault_name": "Iditarod-Nixon Fork fault", "section_name": "unnamed strand", "class": "B"}}, {"type": "Feature", "geometry": {"type": "LineString", "coordinates": [[-157.31936006895745, 62.546785691911715], [-157.32097810276912, 62.54540560520702], [-157.32390484001593, 62.54381136605039], [-157.3293300103585, 62.5416460569289], [-157.33254228340655, 62.54043253095776], [-157.3352548676795, 62.539219006063895], [-157.3376105351204, 62.538172042885655], [-157.3405848606194, 62.53693472313696], [-157.3430119108877, 62.53586396612094], [-157.34579588068306, 62.534626644932736], [-157.3484370830269, 62.5336510669087], [-157.35119725734867, 62.53241374700869], [-157.35390984341825, 62.531224016962604], [-157.35909706800837, 62.529034912984045], [-157.36433188264726, 62.52672683504472], [-157.36797245715144, 62.52527536299152], [-157.37001879421584, 62.524299784946486], [-157.37337383471538, 62.522824518825615], [-157.37534878625743, 62.522110681099015]]}, "properties": {"fault_name": "Iditarod-Nixon Fork fault", "section_name": "Fourth of July Creek section", "class": "A"}}, {"type": "Feature", "geometry": {"type": "LineString", "coordinates": [[-157.37350767830284, 62.53298481790388], [-157.37080104177537, 62.533906858936284], [-157.36782671627637, 62.534858642997854], [-157.36470367288547, 62.536018631072906], [-157.36214575155498, 62.53711913112742], [-157.35943911502753, 62.53813040219321], [-157.35705965480798, 62.53881449782205], [-157.3551263428743, 62.53955807920401]]}, "properties": {"fault_name": "Iditarod-Nixon Fork fault", "section_name": "Fourth of July Creek section", "class": "A"}}, {"type": "Feature", "geometry": {"type": "LineString", "coordinates": [[-157.305916115079, 62.553709923797435], [-157.30486915197153, 62.55413822719024], [-157.30420290296635, 62.554376172052]]}, "properties": {"fault_name": "Iditarod-Nixon Fork fault", "section_name": "Fourth of July Creek section", "class": "A"}}, {"type": "Feature", "geometry": {"type": "LineString", "coordinates": [[-157.30402741707562, 62.57319770800193], [-157.30158847041795, 62.57432795295615], [-157.2988223465541, 62.57536896688065], [-157.29635365488073, 62.57640998200509], [-157.29343881581988, 62.57756996817622], [-157.2904644894226, 62.57864072504376], [-157.28766862233962, 62.57971148305757], [-157.28439686375177, 62.580455063933826], [-157.28160099756712, 62.5812581328578], [-157.27690156176953, 62.58256683699746], [-157.27395697859131, 62.583191445068906]]}, "properties": {"fault_name": "Iditarod-Nixon Fork fault", "section_name": "Fourth of July Creek section", "class": "A"}}, {"type": "Feature", "geometry": {"type": "LineString", "coordinates": [[-157.24855623268556, 62.59285800511675], [-157.2477234207553, 62.593066208155136], [-157.2449870410088, 62.594017992848975], [-157.24210194426868, 62.59517797994297], [-157.23909787465234, 62.59621899517087], [-157.23609380503595, 62.597051806057976], [-157.23341691082922, 62.5980928209396], [-157.23053181498742, 62.598985117833095], [-157.22752774626937, 62.60008561782959], [-157.2248211088436, 62.6009481729608], [-157.22175755368747, 62.60195944397955], [-157.2189616857062, 62.60297071487166], [-157.21595761698816, 62.603863013199614], [-157.2133699533369, 62.605052744204755], [-157.21030639638414, 62.60603427097307], [-157.20867051843769, 62.60653990685164]]}, "properties": {"fault_name": "Iditarod-Nixon Fork fault", "section_name": "Fourth of July Creek section", "class": "A"}}, {"type": "Feature", "geometry": {"type": "LineString", "coordinates": [[-157.1911071206349, 62.60167985704396], [-157.1919637262421, 62.60110878703569], [-157.19367693835474, 62.59991905592925], [-157.19615157777355, 62.59856276388006], [-157.1982692985637, 62.59723026515377], [-157.20081532170826, 62.59608812412417], [-157.20343272857855, 62.59477941998416], [-157.20621669837385, 62.59342312809433], [-157.20840580288973, 62.59242375419445], [-157.21085664683503, 62.591352995941556], [-157.21349784828053, 62.590187060814], [-157.21580592657097, 62.58911630300521], [-157.21854230631746, 62.58804554589783], [-157.2199937781024, 62.587450679835335], [-157.22154042729002, 62.586713046848935], [-157.2234202023277, 62.58580885213266], [-157.22520479726776, 62.584976040794004], [-157.22717975060644, 62.58404805107194], [-157.2288691672455, 62.58326282905269], [-157.23013028242846, 62.582667962797586], [-157.2307727350618, 62.582263455050764]]}, "properties": {"fault_name": "Iditarod-Nixon Fork fault", "section_name": "Fourth of July Creek section", "class": "A"}}, {"type": "Feature", "geometry": {"type": "LineString", "coordinates": [[-157.18332628285145, 62.60639119092161], [-157.18446842425988, 62.60591529808119], [-157.1855391819426, 62.605344228094815], [-157.18649096585074, 62.604796950840836], [-157.1878472593347, 62.60379757805394], [-157.1897032388988, 62.602560258963074], [-157.1910833260597, 62.60167985704396]]}, "properties": {"fault_name": "Iditarod-Nixon Fork fault", "section_name": "Fourth of July Creek section", "class": "A"}}, {"type": "Feature", "geometry": {"type": "LineString", "coordinates": [[-157.16970684398058, 62.62634891891163], [-157.16691097689758, 62.62750890597196], [-157.16247923096986, 62.62869863608595], [-157.1601890004075, 62.62947196212329], [-157.1587018358614, 62.630096570048735]]}, "properties": {"fault_name": "Iditarod-Nixon Fork fault", "section_name": "Fourth of July Creek section", "class": "A"}}, {"type": "Feature", "geometry": {"type": "LineString", "coordinates": [[-157.1201753894194, 62.63399293810809], [-157.12186480605845, 62.633279098968856], [-157.12460118670327, 62.63197039584924], [-157.12714720894954, 62.63082825405834], [-157.12943149176638, 62.62973370182837], [-157.1323106398627, 62.62859156104938], [-157.13509460786142, 62.627401829944965], [-157.1375930427538, 62.62628348416974], [-157.14021044962408, 62.625117547051566], [-157.1425661161667, 62.62402299516435], [-157.1451359338865, 62.62269049784864], [-157.14891927763875, 62.6210962588589], [-157.15072766715406, 62.62026344715626], [-157.1532023065729, 62.6191213061239], [-157.15491551868553, 62.6182646998013]]}, "properties": {"fault_name": "Iditarod-Nixon Fork fault", "section_name": "Fourth of July Creek section", "class": "A"}}, {"type": "Feature", "geometry": {"type": "LineString", "coordinates": [[-157.126460139691, 62.64481948481973], [-157.12009508182962, 62.64758560882138], [-157.11497924006693, 62.64963789396886], [-157.11236183319664, 62.6506789080984], [-157.10947673555822, 62.65174966619067], [-157.1079300863706, 62.652344530991115]]}, "properties": {"fault_name": "Iditarod-Nixon Fork fault", "section_name": "Fourth of July Creek section", "class": "A"}}, {"type": "Feature", "geometry": {"type": "LineString", "coordinates": [[-157.09676149144494, 62.64401046816403], [-157.09735635762271, 62.643796316800604], [-157.09906956973535, 62.64315386209672], [-157.09983099614325, 62.642654175936585]]}, "properties": {"fault_name": "Iditarod-Nixon Fork fault", "section_name": "Fourth of July Creek section", "class": "A"}}, {"type": "Feature", "geometry": {"type": "LineString", "coordinates": [[-157.0675089932814, 62.66855460816385], [-157.06881769671654, 62.667989486950724], [-157.06991819761828, 62.667364878165664]]}, "properties": {"fault_name": "Iditarod-Nixon Fork fault", "section_name": "Fourth of July Creek section", "class": "A"}}, {"type": "Feature", "geometry": {"type": "LineString", "coordinates": [[-157.04142415243896, 62.67030946098697], [-157.04241460343022, 62.66982761993644], [-157.04438955497224, 62.66854271104271], [-157.04684039981584, 62.66740057010937], [-157.04895811970763, 62.66604427694287], [-157.05128999167496, 62.66459280596776], [-157.05338391788985, 62.66352204911558], [-157.05559681608267, 62.66214196210658], [-157.0565961900396, 62.661523301867625], [-157.057833509749, 62.66083325799787]]}, "properties": {"fault_name": "Iditarod-Nixon Fork fault", "section_name": "Fourth of July Creek section", "class": "A"}}, {"type": "Feature", "geometry": {"type": "LineString", "coordinates": [[-157.00959886043705, 62.69086205587857], [-157.01013424017674, 62.690505137046884], [-157.01087782065315, 62.69014821679422], [-157.01126448339923, 62.689910271001494]]}, "properties": {"fault_name": "Iditarod-Nixon Fork fault", "section_name": "Fourth of July Creek section", "class": "A"}}, {"type": "Feature", "geometry": {"type": "LineString", "coordinates": [[-156.7427461387051, 62.75014204991742], [-156.73350092304102, 62.75433663880803], [-156.7233140636517, 62.759044850860754], [-156.71184314790372, 62.76366745801252], [-156.7059364823655, 62.76546513894955], [-156.69985860961222, 62.76717721614189], [-156.69343832063223, 62.768974896883144], [-156.6811969701707, 62.77291267407082], [-156.67563271996093, 62.77462475079685], [-156.6638193879862, 62.77839132003531], [-156.65209166006812, 62.78224349391191], [-156.64601378731484, 62.784126778983605], [-156.6342860593968, 62.7880645559779], [-156.62230152020697, 62.792173540060745], [-156.61690847721226, 62.79422803300545], [-156.6057799767927, 62.79825141408318], [-156.59413785382964, 62.802274794904015], [-156.5824101259116, 62.80621257305317], [-156.56999756823498, 62.81015034912745], [-156.56503254372706, 62.81254725697942], [-156.5602387282308, 62.81511537180003], [-156.554674478021, 62.81691305294571], [-156.54919583276623, 62.81913875412156], [-156.5433747712847, 62.8210220381805], [-156.53755370800653, 62.82290532313734], [-156.53190385463836, 62.82487421094364], [-156.52591158414515, 62.82701430802991], [-156.51949129516515, 62.829068801007445], [-156.5136702336836, 62.83052406491074], [-156.5072499447036, 62.832407349841205], [-156.50074405256527, 62.83429063597356], [-156.50065844940687, 62.834461843005194]]}, "properties": {"fault_name": "Iditarod-Nixon Fork fault", "section_name": "Fourth of July Creek section", "class": "A"}}, {"type": "Feature", "geometry": {"type": "LineString", "coordinates": [[-156.50004349510272, 62.83428602887277], [-156.49762979200287, 62.83455799915538], [-156.4910685995756, 62.835917846053015], [-156.48433742703196, 62.83731168786809], [-156.4778102304483, 62.83894350484474], [-156.4718269646675, 62.84084729096854], [-156.46577570899612, 62.84281906899848], [-156.45952047826304, 62.84445088613077], [-156.45329924157696, 62.84618469100973], [-156.44755394759974, 62.84832645101267], [-156.44201262958254, 62.850264233022365], [-156.43643731392507, 62.85233799990054], [-156.43099798164207, 62.85461574511634], [-156.42549065857014, 62.85662152016181], [-156.41943940200042, 62.85876328007645], [-156.41379609555406, 62.86056507804014], [-156.40788082325713, 62.86253685593137], [-156.40193155421827, 62.86440664612998], [-156.3958463018049, 62.866378425028955], [-156.3900330161405, 62.868248213971306], [-156.38401575541437, 62.870253988865315], [-156.37796450064133, 62.87229375992636], [-156.372049227446, 62.8740615621002], [-156.36603196671993, 62.87599934401429], [-156.35382746604967, 62.87984091196539], [-156.341860937183, 62.88347850395191], [-156.33587767319884, 62.8852463060283], [-156.3293504766152, 62.88701410680792], [-156.32312924172572, 62.88864592400401], [-156.31677202166517, 62.8903457320144], [-156.31529065215096, 62.890700356850374]]}, "properties": {"fault_name": "Iditarod-Nixon Fork fault", "section_name": "Fourth of July Creek section", "class": "A"}}, {"type": "Feature", "geometry": {"type": "LineString", "coordinates": [[-157.43763815490786, 62.500043942825904], [-157.43584008344192, 62.500589785949074], [-157.4325971347235, 62.501649362879085], [-157.43002846235566, 62.50251628992708], [-157.42774876543837, 62.503479541909925], [-157.42412051581988, 62.504442793885595], [-157.42100600103427, 62.50524550498142], [-157.417409859899, 62.50640140691308], [-157.4142632357319, 62.507332550990945], [-157.41368528483093, 62.50755731006855]]}, "properties": {"fault_name": "Iditarod-Nixon Fork fault", "section_name": "Fourth of July Creek section", "class": "A"}}, {"type": "Feature", "geometry": {"type": "LineString", "coordinates": [[-157.39129757372802, 62.515893252116385], [-157.38984866304, 62.516372670842195], [-157.3884636755692, 62.51679882102607], [-157.38676972872616, 62.517395430996594], [-157.38510774394095, 62.51793877313285], [-157.38342445201545, 62.518567343950146], [-157.38262542033317, 62.51901480200856]]}, "properties": {"fault_name": "Iditarod-Nixon Fork fault", "section_name": "Fourth of July Creek section", "class": "A"}}, {"type": "Feature", "geometry": {"type": "LineString", "coordinates": [[-157.34180136007546, 62.54517955598697], [-157.3443295381869, 62.543960081801245], [-157.34712540437152, 62.54268112095361], [-157.35009973076887, 62.541431904958046], [-157.35304431394707, 62.54039089094095], [-157.35506685643625, 62.539587822023364]]}, "properties": {"fault_name": "Iditarod-Nixon Fork fault", "section_name": "Fourth of July Creek section", "class": "A"}}, {"type": "Feature", "geometry": {"type": "LineString", "coordinates": [[-157.30593990875593, 62.553709923797435], [-157.3081290132718, 62.55275813895257], [-157.31041329608865, 62.551687381985154], [-157.31184097240003, 62.55094974918178], [-157.3136493628136, 62.54983140186479], [-157.31498186082402, 62.54906997491657], [-157.31674266298546, 62.548308547124414], [-157.3182417230226, 62.54749953108961], [-157.31936006895745, 62.546785691911715]]}, "properties": {"fault_name": "Iditarod-Nixon Fork fault", "section_name": "Fourth of July Creek section", "class": "A"}}, {"type": "Feature", "geometry": {"type": "LineString", "coordinates": [[-157.3041315192406, 62.55439996688896], [-157.30251348542896, 62.55497103809628], [-157.3006813004401, 62.555565903013374], [-157.29865875884926, 62.55613697420178], [-157.29635068055885, 62.55682701690375], [-157.29444711184425, 62.557540855800134], [-157.2923293919524, 62.55827848917731], [-157.2901640829101, 62.559111300121614], [-157.28830810244767, 62.559801343805226], [-157.28573828472787, 62.56082451179972], [-157.28397748256643, 62.561728707045184], [-157.28145525489543, 62.56289464285348], [-157.2801703460355, 62.563465714114166], [-157.27864749142316, 62.56425093595939], [-157.27679151185905, 62.56501236316156], [-157.27503071059593, 62.56584517516504], [-157.27312714277963, 62.566511424036584], [-157.2716518764194, 62.5670111110358], [-157.27039076213478, 62.56758218107176], [-157.2688203165753, 62.56827222402447], [-157.2667977758828, 62.569009857021186], [-157.26484661801769, 62.569914053005526], [-157.2635617082595, 62.570485123165334], [-157.26139639921715, 62.571294138832], [-157.25956421422828, 62.57205556697197], [-157.2564471185829, 62.57307873513706], [-157.25354417770797, 62.57419708311924], [-157.25254480375102, 62.57453020690008], [-157.25040328838563, 62.57529163409635], [-157.24830936306904, 62.57591029404835], [-157.24452602021506, 62.5771714090515], [-157.24121856976436, 62.57838493419767], [-157.23850598369475, 62.57914636113166], [-157.23700692365765, 62.579574664079594], [-157.23431813216328, 62.58057403706728], [-157.23196246741736, 62.58166858988967], [-157.2307727350618, 62.58221586607746]]}, "properties": {"fault_name": "Iditarod-Nixon Fork fault", "section_name": "Fourth of July Creek section", "class": "A"}}, {"type": "Feature", "geometry": {"type": "LineString", "coordinates": [[-157.2617324975925, 62.58795036695356], [-157.25852022544277, 62.58916984108837], [-157.2554269261692, 62.5902703420827], [-157.25277977607985, 62.59140058599832], [-157.25010288187315, 62.592441600038235], [-157.24852648856816, 62.59285800511675]]}, "properties": {"fault_name": "Iditarod-Nixon Fork fault", "section_name": "Fourth of July Creek section", "class": "A"}}, {"type": "Feature", "geometry": {"type": "LineString", "coordinates": [[-157.16970684398058, 62.62634891891163], [-157.1714914398189, 62.625724310135006], [-157.1744062788798, 62.62453458010316], [-157.17705342986747, 62.62337459198711], [-157.17898674180114, 62.62245255206394], [-157.18097954107122, 62.62126282095584], [-157.1841025817672, 62.61944848218567], [-157.1863630700088, 62.61787208796701], [-157.18895073366002, 62.6161469801299], [-157.1911517345652, 62.61463007389977], [-157.19376914323212, 62.61290496479895], [-157.19641629332148, 62.61147728817189], [-157.19918241718537, 62.61016858516266], [-157.20093726980468, 62.60942500298134], [-157.2048038927737, 62.60781886707415], [-157.20858128698387, 62.60656965011358]]}, "properties": {"fault_name": "Iditarod-Nixon Fork fault", "section_name": "Fourth of July Creek section", "class": "A"}}, {"type": "Feature", "geometry": {"type": "LineString", "coordinates": [[-157.15491551868553, 62.61828849394044], [-157.1583895320613, 62.61671805099036], [-157.16076899228082, 62.61557590985009], [-157.16295809679667, 62.61464792003872], [-157.16471889895814, 62.613767519899085]]}, "properties": {"fault_name": "Iditarod-Nixon Fork fault", "section_name": "Fourth of July Creek section", "class": "A"}}, {"type": "Feature", "geometry": {"type": "LineString", "coordinates": [[-157.126460139691, 62.644759998961916], [-157.12872062793264, 62.643867700897914], [-157.13178418398707, 62.64229130819716], [-157.13463953571153, 62.641012347827], [-157.13767334944527, 62.63964415708627], [-157.1407369046014, 62.63827596720087], [-157.14323533859547, 62.636788803905034], [-157.14612043623387, 62.63556933106963], [-157.1493921948218, 62.63414165410169], [-157.15245575177457, 62.632803206849665], [-157.15554905014977, 62.63155398983867], [-157.1587018358614, 62.630096570048735]]}, "properties": {"fault_name": "Iditarod-Nixon Fork fault", "section_name": "Fourth of July Creek section", "class": "A"}}, {"type": "Feature", "geometry": {"type": "LineString", "coordinates": [[-157.09980720156798, 62.642654175936585], [-157.09980720156798, 62.64267797115873], [-157.1026863496643, 62.64132167782592], [-157.10501822163164, 62.64029850880022], [-157.10746906557688, 62.639322930038475], [-157.11020544712005, 62.63825217298703], [-157.1130132105923, 62.637110031982886], [-157.11574959123715, 62.63596789116491], [-157.11810525777977, 62.63484954295833], [-157.1201991830963, 62.63401673202345]]}, "properties": {"fault_name": "Iditarod-Nixon Fork fault", "section_name": "Fourth of July Creek section", "class": "A"}}, {"type": "Feature", "geometry": {"type": "LineString", "coordinates": [[-157.10804906014513, 62.652404016896924], [-157.1041824353795, 62.65365323501297], [-157.10147579885205, 62.65457527616725], [-157.10025632507404, 62.654991682029035], [-157.09784712073716, 62.65570551882391], [-157.09600303756238, 62.65647884502993], [-157.09430767227946, 62.65707370979513], [-157.09270153665372, 62.65781729107863], [-157.0884779923611, 62.659839833023675], [-157.08407599144908, 62.66171365909803], [-157.08047705655326, 62.66314133481075], [-157.0760453097272, 62.66495567295547], [-157.0737253350475, 62.66581822898627], [-157.07098895530098, 62.66688898614687], [-157.07000742727547, 62.66727564791195]]}, "properties": {"fault_name": "Iditarod-Nixon Fork fault", "section_name": "Fourth of July Creek section", "class": "A"}}, {"type": "Feature", "geometry": {"type": "LineString", "coordinates": [[-157.06913595005875, 62.65633607716145], [-157.07165817862807, 62.65519393503035], [-157.07363313106842, 62.654242152051076], [-157.0753225486058, 62.653599695957276]]}, "properties": {"fault_name": "Iditarod-Nixon Fork fault", "section_name": "Fourth of July Creek section", "class": "A"}}, {"type": "Feature", "geometry": {"type": "LineString", "coordinates": [[-157.06747925006232, 62.66858435197687], [-157.06676541190666, 62.66882229810595], [-157.06352339563952, 62.6701310010461], [-157.06043009726432, 62.67138021907823], [-157.0573962844289, 62.67251046193119], [-157.05445170035236, 62.673581220018384], [-157.0533512003489, 62.67411659897322]]}, "properties": {"fault_name": "Iditarod-Nixon Fork fault", "section_name": "Fourth of July Creek section", "class": "A"}}, {"type": "Feature", "geometry": {"type": "LineString", "coordinates": [[-157.05186403759942, 62.67554427517541], [-157.0490979137355, 62.67706118211289], [-157.04793792639563, 62.677775019873366], [-157.04490411266195, 62.679262182933904], [-157.04219747613448, 62.680273454179115], [-157.03931238029264, 62.68122523780204], [-157.03583241917138, 62.682177022973946], [-157.0322334842756, 62.6831288068068], [-157.02845609006542, 62.68408059218411], [-157.0245002356426, 62.68515134897624], [-157.02078232787053, 62.68634107992986], [-157.0178972311304, 62.68738209391793], [-157.0164992980381, 62.68791747183394], [-157.0138818911678, 62.6888990009495], [-157.01260293005342, 62.689493865896026], [-157.01126448339923, 62.689910271001494]]}, "properties": {"fault_name": "Iditarod-Nixon Fork fault", "section_name": "Fourth of July Creek section", "class": "A"}}, {"type": "Feature", "geometry": {"type": "LineString", "coordinates": [[-157.02125822027378, 62.682504197867736], [-157.02351870761711, 62.68158215809721], [-157.02530330255715, 62.68068986000786], [-157.02670123744608, 62.67970833191853], [-157.0278314815669, 62.678607832063925]]}, "properties": {"fault_name": "Iditarod-Nixon Fork fault", "section_name": "Fourth of July Creek section", "class": "A"}}, {"type": "Feature", "geometry": {"type": "LineString", "coordinates": [[-157.0000810159657, 62.69633481603541], [-157.00162766694996, 62.695561491062044], [-157.0041261000457, 62.69413381517863], [-157.00748708918908, 62.69214101613827], [-157.009569117218, 62.69089179912623]]}, "properties": {"fault_name": "Iditarod-Nixon Fork fault", "section_name": "Fourth of July Creek section", "class": "A"}}, {"type": "Feature", "geometry": {"type": "LineString", "coordinates": [[-157.41369175898916, 62.50755136506159], [-157.41306318802197, 62.50778574697482], [-157.41178473804894, 62.508190590002634], [-157.41052759521617, 62.50867000904528], [-157.40863122739688, 62.50927727196869], [-157.4064152470843, 62.51008695680663], [-157.40422057391197, 62.51099252713995], [-157.40364527124447, 62.511269523933024], [-157.40164236592744, 62.512185747000906], [-157.39957553918975, 62.512963470176544], [-157.3971464838817, 62.51383707802932], [-157.39579345757042, 62.51431649707445], [-157.3935135540406, 62.5151368358849], [-157.39130822684896, 62.51590390585748]]}, "properties": {"fault_name": "Iditarod-Nixon Fork fault", "section_name": "Fourth of July Creek section", "class": "A"}}, {"type": "Feature", "geometry": {"type": "LineString", "coordinates": [[-157.3754021758297, 62.522083081138554], [-157.37686174143533, 62.5215397399483], [-157.37773534765927, 62.52113489704987], [-157.37896052933252, 62.52065547782696], [-157.3801004806483, 62.52011213713507], [-157.38177312035114, 62.51941964386365], [-157.38262542033317, 62.51901480200856]]}, "properties": {"fault_name": "Iditarod-Nixon Fork fault", "section_name": "Fourth of July Creek section", "class": "A"}}, {"type": "Feature", "geometry": {"type": "LineString", "coordinates": [[-157.30405716029466, 62.57313822204278], [-157.30572278325678, 62.571918747929075], [-157.3068530273776, 62.571085937160056], [-157.3091135147209, 62.56956903002446], [-157.3106006783687, 62.56849827292803], [-157.31176066570856, 62.567308543817774], [-157.3128611666103, 62.566267529104024], [-157.31428884292166, 62.565196771920775], [-157.3157760065695, 62.5641855000452], [-157.3177390608239, 62.5629362840955], [-157.3192559685891, 62.561895269913435], [-157.3199400626274, 62.561062457836385], [-157.32032672537346, 62.5600511869728], [-157.32282516026584, 62.557879928937744], [-157.32568051288857, 62.55579790107395], [-157.32728664761598, 62.554340481002995], [-157.32993379860363, 62.552436912098116], [-157.33320555719155, 62.550652315962466], [-157.33582296406183, 62.54913541012412]]}, "properties": {"fault_name": "Iditarod-Nixon Fork fault", "section_name": "Fourth of July Creek section", "class": "A"}}, {"type": "Feature", "geometry": {"type": "LineString", "coordinates": [[-157.27392723627057, 62.58322118896785], [-157.27282673357217, 62.58354836492784], [-157.26863293519358, 62.58518424405884], [-157.26396324261506, 62.58705806901439], [-157.26170275527173, 62.58795036695356]]}, "properties": {"fault_name": "Iditarod-Nixon Fork fault", "section_name": "Fourth of July Creek section", "class": "A"}}, {"type": "Feature", "geometry": {"type": "LineString", "coordinates": [[-157.18237449894332, 62.606819493081495], [-157.18092302805672, 62.60743815320253], [-157.1792811996698, 62.60815199184004], [-157.17771075590696, 62.60879444619765], [-157.17630687417082, 62.60948448906755], [-157.17478401866015, 62.61029350602453], [-157.17383223475198, 62.61062663112527], [-157.17233317381655, 62.61098355000429], [-157.17090549660688, 62.611292880030135], [-157.16990612444658, 62.61162600507382], [-157.16878777671508, 62.612125691002085]]}, "properties": {"fault_name": "Iditarod-Nixon Fork fault", "section_name": "Fourth of July Creek section", "class": "A"}}, {"type": "Feature", "geometry": {"type": "LineString", "coordinates": [[-157.07534634318105, 62.653599695957276], [-157.07860620358298, 62.65210063616702], [-157.08160432635214, 62.65069675401907], [-157.08536387373258, 62.64910251483119], [-157.0876005673989, 62.64793657899866], [-157.08993243756964, 62.64684202706539], [-157.09205015835977, 62.64586644898627], [-157.09402511169844, 62.64508122612915], [-157.0956431464084, 62.644486360827415], [-157.09683287517066, 62.64396287983973]]}, "properties": {"fault_name": "Iditarod-Nixon Fork fault", "section_name": "Fourth of July Creek section", "class": "A"}}, {"type": "Feature", "geometry": {"type": "LineString", "coordinates": [[-157.06904077175776, 62.65635987089117], [-157.06770827374737, 62.656883352867844], [-157.06511466055403, 62.65800170019754], [-157.06268761028568, 62.6591914300716], [-157.05973707756533, 62.660285981819015], [-157.057833509749, 62.66083325799787], [-157.0578097151738, 62.660809462910066], [-157.05785730432427, 62.660809462910066]]}, "properties": {"fault_name": "Iditarod-Nixon Fork fault", "section_name": "Fourth of July Creek section", "class": "A"}}, {"type": "Feature", "geometry": {"type": "LineString", "coordinates": [[-157.027890968005, 62.67857808801159], [-157.03110324015478, 62.6763473440439], [-157.03392884955846, 62.67444377513768], [-157.03669497342236, 62.672688921964735], [-157.0395503251468, 62.67108278582883], [-157.0413051777661, 62.67033920386218]]}, "properties": {"fault_name": "Iditarod-Nixon Fork fault", "section_name": "Fourth of July Creek section", "class": "A"}}, {"type": "Feature", "geometry": {"type": "LineString", "coordinates": [[-157.01096705031034, 62.689583095966555], [-157.01179986224057, 62.68910720285682], [-157.01287061992323, 62.68842310796468], [-157.01370343095516, 62.68776875683237], [-157.0157259734443, 62.68607339090542], [-157.0175700557208, 62.684794430090804], [-157.02000900237843, 62.6832180371103], [-157.02122847705473, 62.68253394209729]]}, "properties": {"fault_name": "Iditarod-Nixon Fork fault", "section_name": "Fourth of July Creek section", "class": "A"}}, {"type": "Feature", "geometry": {"type": "LineString", "coordinates": [[-159.0104668406332, 61.88894985004775], [-159.01615197623244, 61.885813223984634], [-159.02262126831118, 61.8816964020402], [-159.0290905612883, 61.87757957903105], [-159.034971736232, 61.87307067913439], [-159.04261726258085, 61.8695419730555], [-159.0477142828417, 61.86620930682314], [-159.05575188787944, 61.86287664107268], [-159.06261325864708, 61.859740015087134], [-159.06869047203693, 61.85758358405466], [-159.07535580256186, 61.85523111416155], [-159.08025678257994, 61.85307468283151], [-159.08554984128688, 61.85091825193121], [-159.09554783797256, 61.847585586108394], [-159.09966466240942, 61.84601727286189], [-159.10515375776592, 61.84288064691039], [-159.10985869664293, 61.84033213791766], [-159.11417155862765, 61.837195512136475], [-159.11985669422688, 61.834450964071955], [-159.12475767334664, 61.83209849301225], [-159.12985469181086, 61.82896186705189], [-159.1327952792827, 61.827785632137015], [-159.13808833709138, 61.82602127920329], [-159.14436158982565, 61.82327672990234], [-159.15083088280278, 61.820336142796116], [-159.16024076235337, 61.81759159418257], [-159.1643575840953, 61.8164153591618], [-159.17043479838347, 61.81425892912599], [-159.17651201356995, 61.811906459066535], [-159.18102091400078, 61.81033814500143], [-159.18494169729664, 61.80876983189291], [-159.1912149500309, 61.80680944119054], [-159.19690008742677, 61.804849048859474], [-159.20297729991836, 61.80269261802262], [-159.2072901610047, 61.800928266174736], [-159.21199510167835, 61.799163913174816], [-159.21807231506818, 61.79661540520452], [-159.22493368673418, 61.79367481706404], [-159.231010900124, 61.79112630812692], [-159.2351277236626, 61.78936195486444], [-159.2398326634379, 61.787401564163524], [-159.24512572034826, 61.78446097598492], [-159.25159501332533, 61.78112831093237], [-159.2576722267152, 61.77740356604031], [-159.2637494410033, 61.77367882198217], [-159.269042498812, 61.770738234053944], [-159.2741395172762, 61.7676016068879], [-159.27884445705152, 61.76485705918596], [-159.28296127879346, 61.762308550981686], [-159.28629394495422, 61.759956080027635], [-159.29060680693894, 61.75799568904125], [-159.2951157082681, 61.75427094412791], [-159.30060480542124, 61.74956600420494], [-159.30472162626484, 61.7452531428702], [-159.30981864383077, 61.73976404696996], [-159.31393546736933, 61.734667027897444], [-159.31785625066513, 61.72996208791944], [-159.32197307240708, 61.72427695196037], [-159.3258938557029, 61.718787855067944], [-159.33040275703206, 61.71251460205835], [-159.3343235403279, 61.706241349031274], [-159.33726412869805, 61.70134037003147], [-159.34000867682545, 61.695851274141354], [-159.34294926339894, 61.68938198198563], [-159.34549777308024, 61.683892885133595], [-159.34745816472812, 61.678599827126554], [-159.3496145957205, 61.67252261294819], [-159.35098686933506, 61.66762163413954], [-159.3523591429496, 61.66370085000587], [-159.35255518229403, 61.66056422407744], [-159.35294726098297, 61.65703551881258], [-159.35373141656416, 61.6538988918715], [-159.35529973042142, 61.65076226695303], [-159.3578482392044, 61.646057325798466], [-159.35980863085226, 61.6427246598171], [-159.36098486602071, 61.6366474470171], [-159.3613769447096, 61.619395999827425], [-159.36078882757457, 61.601556436057535], [-159.3605927873318, 61.5939109081927], [-159.3613769447096, 61.58469706790861], [-159.36196506274297, 61.574306992157254]]}, "properties": {"fault_name": "Iditarod-Nixon Fork fault", "section_name": "unnamed strand", "class": "B"}}, {"type": "Feature", "geometry": {"type": "LineString", "coordinates": [[-159.1362506615995, 61.83953947789837], [-159.1452363126555, 61.83501839593521], [-159.15083115139905, 61.83219271980364]]}, "properties": {"fault_name": "Iditarod-Nixon Fork fault", "section_name": "unnamed strand", "class": "B"}}, {"type": "Feature", "geometry": {"type": "LineString", "coordinates": [[-159.08725343873107, 61.86553569680407], [-159.10166438769036, 61.8577933450541], [-159.1090111451555, 61.853780885022374], [-159.11731863195237, 61.849485855910615], [-159.12121806498882, 61.846999260913655]]}, "properties": {"fault_name": "Iditarod-Nixon Fork fault", "section_name": "unnamed strand", "class": "B"}}, {"type": "Feature", "geometry": {"type": "LineString", "coordinates": [[-159.0285924023441, 61.89582694507641], [-159.03803016110953, 61.890684214886136], [-159.04690278344154, 61.886050105842784], [-159.05504073119485, 61.8818681061569], [-159.0634047319046, 61.877516564950085], [-159.0713731388177, 61.87373015794386]]}, "properties": {"fault_name": "Iditarod-Nixon Fork fault", "section_name": "unnamed strand", "class": "B"}}, {"type": "Feature", "geometry": {"type": "LineString", "coordinates": [[-158.8336331436793, 62.00013704002221], [-158.8312251772209, 62.001621951944486], [-158.82817508781085, 62.00334766097591], [-158.82624871356612, 62.00455164419729], [-158.82508486436885, 62.005274033044806], [-158.8236802181664, 62.00579576003687], [-158.82030906728053, 62.00732080495958], [-158.8153326036258, 62.00944784117496], [-158.81035614086935, 62.011494612105764], [-158.80345330476646, 62.014223639877045], [-158.79554715110254, 62.017474393824784], [-158.78944696958752, 62.02020342215702], [-158.7805776296996, 62.0235745739837], [-158.7709858996944, 62.027066124206854], [-158.76641076378272, 62.028831965990626], [-158.76243762038393, 62.030316879085404], [-158.75994938855655, 62.03148072885344], [-158.75404987270971, 62.03408935800687], [-158.7498760654394, 62.0358551999758], [-158.74762863061719, 62.03689865194415], [-158.74461867344243, 62.038022368817835], [-158.73964221068601, 62.03982834311823], [-158.73458548166226, 62.04171458284119], [-158.72844516881023, 62.04400215120691], [-158.7223048568565, 62.04632985107784], [-158.71463949929944, 62.04962073714963], [-158.70982356728092, 62.05162737598363], [-158.7046063084176, 62.05363401413609], [-158.6985462609345, 62.055921582070894], [-158.6881518736466, 62.059894724920504], [-158.67619231031665, 62.06438959485455], [-158.66644004867524, 62.068162074792426], [-158.65528314083144, 62.072255617116134], [-158.64753751700712, 62.07486424713888], [-158.63634047602972, 62.07867685899295], [-158.63052122555177, 62.080603230993646], [-158.62759153374603, 62.08164668284755], [-158.624461178967, 62.08265000286595], [-158.6211702916535, 62.08401451607189], [-158.61386612780757, 62.08718500406306], [-158.60905019668732, 62.089312042018875], [-158.60595997414364, 62.09031536015581], [-158.59937820041492, 62.09292398992315], [-158.59131151421644, 62.09585368190361], [-158.58525146673338, 62.09814124896346], [-158.5814388549708, 62.099786692958666], [-158.57714465009624, 62.10155253384204], [-158.57341230190602, 62.103238110893926], [-158.56554627957908, 62.106167803068644], [-158.5573591966747, 62.10901722912311], [-158.54720560729024, 62.11282984120737], [-158.53327953658197, 62.11828789695738], [-158.52344701136826, 62.122381439965494], [-158.51421647507422, 62.12583285691131], [-158.5057083297957, 62.12900334603081], [-158.50129372462195, 62.13056852291783], [-158.49820350207824, 62.13189290387303], [-158.49406982794156, 62.1338594101121], [-158.4905381454195, 62.135344322098376], [-158.4827122553279, 62.13815361492405], [-158.47749499736292, 62.13987932383419], [-158.4711941528747, 62.14268861707432], [-158.4633682636814, 62.14609990204782], [-158.4529738772918, 62.15043424004166], [-158.4451479880985, 62.1535244640067], [-158.44209789779015, 62.1546883139003], [-158.43603785030706, 62.156654818853575], [-158.42817182977677, 62.15914305113058], [-158.42443948158657, 62.16042729881685], [-158.41685438939842, 62.16355765492442], [-158.40734292476228, 62.16733013503203], [-158.3988347785854, 62.170500622954464], [-158.38787853371483, 62.1749152268434], [-158.37511631579704, 62.18029301794851], [-158.36765162121318, 62.18322270816044], [-158.3609895821155, 62.18571094004683], [-158.3488293540157, 62.19020580987196], [-158.33731125156248, 62.194219085970964], [-158.32667606906597, 62.19783103500971], [-158.32037522457776, 62.1999982038932], [-158.31166641542768, 62.20292789599212], [-158.30532543870413, 62.205014798923074], [-158.30107136516654, 62.206379313986574], [-158.29806140799184, 62.2072221018039], [-158.2947705215766, 62.2084662180269], [-158.2860215792929, 62.21163670606659], [-158.27522586605855, 62.21548945192541], [-158.25989515004613, 62.22086724190002], [-158.24713293123, 62.225321979112074], [-158.23276540144164, 62.230298441798084], [-158.22048477573756, 62.23423145209785], [-158.20904693775498, 62.238405258929426], [-158.19720777292758, 62.24245866803015], [-158.1820375885514, 62.24771606098484], [-158.17674006342082, 62.24948190217646], [-158.1716432012635, 62.25096681506581], [-158.16506142843306, 62.252973451936704], [-158.15298146570217, 62.256585400988385], [-158.14567730275456, 62.25883283680728], [-158.13331641257983, 62.26232438715459], [-158.1217581760947, 62.26605673379383], [-158.11353096005664, 62.26874563004626], [-158.10498268074616, 62.27171545419736], [-158.0961534730935, 62.27472541107027], [-158.08844798240284, 62.27717351010131], [-158.08154514719828, 62.279380810930085], [-158.07552523284883, 62.28126705081506], [-158.0677796081262, 62.28355461911173], [-158.05826814259166, 62.28640404600626], [-158.05493712394116, 62.287487630077685], [-158.04967973104587, 62.28953439979377], [-158.04530526170066, 62.291219976800534], [-158.0429374283759, 62.29210289716725], [-158.0389642849771, 62.29334701315888], [-158.03366675894821, 62.29511285519144], [-158.02684418911264, 62.29719975894585], [-158.0182959107005, 62.29992878713417], [-158.0095469684168, 62.30241701908395], [-158.00043683242197, 62.305146046183076], [-157.99333333244758, 62.30747374603556], [-157.98550744325433, 62.31016264186226], [-157.97663810156973, 62.31297193497543], [-157.96038433156855, 62.31786813206496], [-157.95797636600844, 62.318590522082275], [-157.9549664088337, 62.3193931769084]]}, "properties": {"fault_name": "Iditarod-Nixon Fork fault", "section_name": "unnamed strand", "class": "B"}}, {"type": "Feature", "geometry": {"type": "LineString", "coordinates": [[-157.95488614256647, 62.3193931769084], [-157.94990968070832, 62.3207576910371], [-157.94429109500027, 62.322603798013944], [-157.93903370210498, 62.32424924219888], [-157.93461909782954, 62.325653888016056], [-157.93245192927455, 62.326336146088096], [-157.93056568906178, 62.32681773918579], [-157.9258300233105, 62.32798158908048], [-157.92017130267214, 62.329265836075194], [-157.91860612483353, 62.32958689884135], [-157.91559616765878, 62.330831014896184], [-157.91094076727646, 62.33263699001388], [-157.90644589673374, 62.334322564852634], [-157.90263328497116, 62.335767344867044], [-157.90090757729294, 62.336369336048406], [-157.8985397439681, 62.33689106201645], [-157.89565018439768, 62.33777398206533], [-157.890994783117, 62.339058232095184], [-157.88505513503483, 62.340904337850596], [-157.88084119373255, 62.3423089861019], [-157.87369756242117, 62.34459655205799], [-157.86932309038102, 62.345920934081775]]}, "properties": {"fault_name": "Iditarod-Nixon Fork fault", "section_name": "unnamed strand", "class": "B"}}, {"type": "Feature", "geometry": {"type": "LineString", "coordinates": [[-157.89534896940143, 62.34117765286274], [-157.87488729657335, 62.347420195857225], [-157.83448417158644, 62.36007868717562], [-157.82824162776015, 62.36285315081752], [-157.81506292482547, 62.36701484583951], [-157.80777995942367, 62.369095694113106]]}, "properties": {"fault_name": "Iditarod-Nixon Fork fault", "section_name": "unnamed strand", "class": "B"}}, {"type": "Feature", "geometry": {"type": "LineString", "coordinates": [[-157.8077931511836, 62.36915330986317], [-157.80616242238034, 62.36947039594093], [-157.79764639528352, 62.37241476701738], [-157.78423818267524, 62.37717105784704], [-157.7690633468225, 62.38206324402632], [-157.76004904220386, 62.38505291286787], [-157.7473655975533, 62.38926562910563], [-157.7404802992598, 62.39166642308693], [-157.73377619385397, 62.394384304025856], [-157.72793274994882, 62.39692099313149], [-157.7236294379539, 62.39877821082369], [-157.7200055963685, 62.40031834415749], [-157.7185560595547, 62.4009072189407], [-157.71058361112114, 62.40335331207189], [-157.7039700999134, 62.4055729140186], [-157.69346096093278, 62.40892496701109], [-157.6895200329167, 62.41032920581055], [-157.6826800330697, 62.413001788979635], [-157.67520585856462, 62.41630854394825], [-157.66918122356833, 62.41907172301411], [-157.66759579410996, 62.41975119320771], [-157.65464056057698, 62.42355622501199], [-157.64064347355387, 62.42831251718708], [-157.63294281220612, 62.430894504048126], [-157.62823181868413, 62.43288761713885], [-157.6243814875611, 62.43447304702955], [-157.60585459990375, 62.439954106844425], [-157.5981086392112, 62.442400199852806], [-157.58913963214079, 62.44516337899649], [-157.5751425451177, 62.449421393087384], [-157.56064718057283, 62.45435887595584], [-157.5512704919753, 62.457620332906444], [-157.53654863699444, 62.46246722092063], [-157.5244540667588, 62.46704231994275], [-157.5163004254375, 62.47053026783498], [-157.51077406616636, 62.47279516803945], [-157.50388876787278, 62.47623781681215], [-157.49958545677617, 62.478366823872676], [-157.49804532396763, 62.47927278307896], [-157.49138651521173, 62.481854769906306], [-157.48246280658782, 62.485433313968976], [-157.47245194512897, 62.4892383469522], [-157.4653854557443, 62.49123145985392], [-157.45818307102002, 62.493179275075036], [-157.45111657983873, 62.49616894416685], [-157.4475833351464, 62.49766377816], [-157.43997326889505, 62.499792784918554], [-157.43752717613933, 62.50020046705274]]}, "properties": {"fault_name": "Iditarod-Nixon Fork fault", "section_name": "unnamed strand", "class": "B"}}, {"type": "Feature", "geometry": {"type": "LineString", "coordinates": [[-155.97634278389245, 63.00163509517815], [-155.92284049370448, 63.00628746804543], [-155.7917986492256, 63.045057244935236], [-155.679366299681, 63.07374687811544], [-155.4389936873979, 63.13732931201603], [-155.36378032143355, 63.15748959516372], [-155.2561910653684, 63.18825863982134], [-155.15266145597232, 63.212565591819335]]}, "properties": {"fault_name": "Iditarod-Nixon Fork fault", "section_name": "unnamed strand", "class": "B"}}, {"type": "Feature", "geometry": {"type": "LineString", "coordinates": [[-154.75327250186217, 63.29048853412082], [-154.762857261839, 63.285696152963766], [-154.77625414219997, 63.28035918494923], [-154.79030453076044, 63.27524005095194], [-154.8065332727995, 63.26935849280673], [-154.82003907029537, 63.263259099898185], [-154.83365378762113, 63.25890238992036], [-154.84781309331657, 63.253020832877496], [-154.8613188926091, 63.247466029012145], [-154.87438901887026, 63.24169338902164], [-154.88462728614834, 63.236247503009075], [-154.89889550987704, 63.23069269785101], [-154.91109429456714, 63.22557356511371], [-154.92645169503507, 63.21925633604931], [-154.94071991876376, 63.213701532054], [-154.95553273086207, 63.20792889083597], [-154.97829653603168, 63.19464092911936], [-154.99103991088805, 63.18941287694118], [-155.00421895697914, 63.182659978166775], [-155.01870501497768, 63.17623383204084], [-155.03188406017043, 63.16980768581717], [-155.04876631040898, 63.161312101896776], [-155.0655396399193, 63.15259868396881], [-155.08372890206536, 63.14344959412295], [-155.0997398080379, 63.134845093909654], [-155.11455261923788, 63.127983277012135], [-155.12936543133617, 63.12090362416174], [-155.14308906669524, 63.11393288881501], [-155.1581197130634, 63.10619972895003], [-155.17467520830388, 63.09813981791621], [-155.19090395034289, 63.09095124692291], [-155.20462758390534, 63.08496077214741], [-155.21987606634, 63.07842570803048], [-155.23632264534385, 63.07199956220097], [-155.25069978620743, 63.06491990911788], [-155.26747311571782, 63.05816701018407], [-155.2846821182595, 63.05195869787139], [-155.3027624605756, 63.044116622908135], [-155.32062497041852, 63.03671021595688], [-155.3339129336445, 63.031155413054854], [-155.34905249804598, 63.02516493708643], [-155.36397422638092, 63.019065544112934], [-155.3785692042093, 63.01340182088023], [-155.39163933136882, 63.00817377013096], [-155.405689719031, 63.003381389967664], [-155.42115603663387, 62.998044422005115], [-155.4293248675683, 62.99466797203637]]}, "properties": {"fault_name": "Iditarod-Nixon Fork fault", "section_name": "unnamed strand", "class": "B"}}, {"type": "Feature", "geometry": {"type": "LineString", "coordinates": [[-155.14455913809812, 63.21346584913954], [-155.02932617926413, 63.23687254390754], [-154.85557648402056, 63.273783100986634], [-154.75474764605147, 63.29538928001472]]}, "properties": {"fault_name": "Iditarod-Nixon Fork fault", "section_name": "unnamed strand", "class": "B"}}, {"type": "Feature", "geometry": {"type": "LineString", "coordinates": [[-154.7055665335528, 63.3143415168772], [-154.7134086112858, 63.3105293961164], [-154.71743856773637, 63.307915370136534], [-154.72048826368433, 63.306063768197234], [-154.72342904159902, 63.30464783780821], [-154.72691440967998, 63.301598140961055]]}, "properties": {"fault_name": "Iditarod-Nixon Fork fault", "section_name": "unnamed strand", "class": "B"}}, {"type": "Feature", "geometry": {"type": "LineString", "coordinates": [[-154.40713194709124, 63.41334773517642], [-154.41007272590426, 63.4117139688749], [-154.4137759291534, 63.4105158749544]]}, "properties": {"fault_name": "Iditarod-Nixon Fork fault", "section_name": "unnamed strand", "class": "B"}}, {"type": "Feature", "geometry": {"type": "LineString", "coordinates": [[-154.33110737098428, 63.444062535805344], [-154.3347016562002, 63.44123067519929], [-154.33960295332352, 63.43927015498555], [-154.34515775774815, 63.4373096359438], [-154.3477717833597, 63.436547212077116]]}, "properties": {"fault_name": "Iditarod-Nixon Fork fault", "section_name": "unnamed strand", "class": "B"}}, {"type": "Feature", "geometry": {"type": "LineString", "coordinates": [[-154.20955518094482, 63.49590737586001], [-154.2051984712928, 63.498194649145425], [-154.19866340726387, 63.50113542685335], [-154.19267293340124, 63.502769193076276], [-154.1872270461116, 63.50494754815916], [-154.18363276089565, 63.50679915009463], [-154.17873146287397, 63.50897750516379], [-154.17415691715544, 63.51050235285042], [-154.16958237233519, 63.51191828308324], [-154.16359189757426, 63.51475014403308], [-154.1582549283179, 63.517037416957265], [-154.1543338899005, 63.51867118288896], [-154.14986826311355, 63.520958456070105], [-154.1461650598644, 63.52161196095457], [-154.13788731359162, 63.523681398099015], [-154.130916578328, 63.525206247076405], [-154.1263420344061, 63.52694893007515], [-154.12318342042488, 63.52803810781206], [-154.12046047498342, 63.53043429790843]]}, "properties": {"fault_name": "Iditarod-Nixon Fork fault", "section_name": "unnamed strand", "class": "B"}}, {"type": "Feature", "geometry": {"type": "LineString", "coordinates": [[-154.08636922489814, 63.536751526189384], [-154.0797252437343, 63.53827637403709], [-154.0697048116244, 63.54154390615505], [-154.0627340772591, 63.54568277982467], [-154.05543658969236, 63.54840572318097], [-154.04574291078393, 63.55221784418247]]}, "properties": {"fault_name": "Iditarod-Nixon Fork fault", "section_name": "unnamed strand", "class": "B"}}, {"type": "Feature", "geometry": {"type": "LineString", "coordinates": [[-154.72713224484818, 63.301489223977995], [-154.72843925765397, 63.30083571787376], [-154.7368259228583, 63.297786021179384], [-154.74728202530457, 63.293429311923006], [-154.7531635838289, 63.290379615926845]]}, "properties": {"fault_name": "Iditarod-Nixon Fork fault", "section_name": "unnamed strand", "class": "B"}}, {"type": "Feature", "geometry": {"type": "LineString", "coordinates": [[-154.2243679921448, 63.490243653881066], [-154.22001128159448, 63.491768503126934], [-154.21347621756556, 63.493946858032395], [-154.20944626291157, 63.49590737586001]]}, "properties": {"fault_name": "Iditarod-Nixon Fork fault", "section_name": "unnamed strand", "class": "B"}}, {"type": "Feature", "geometry": {"type": "LineString", "coordinates": [[-154.16631484032075, 63.52422598704766], [-154.16065111786293, 63.524988411176224], [-154.15313579512795, 63.52596867104461], [-154.14442237582392, 63.527166765825285], [-154.13745164235692, 63.52792918986712], [-154.12841146985136, 63.5293451211515], [-154.12383692503113, 63.53010754504319], [-154.11675727263258, 63.530869968980134], [-154.10662792338775, 63.532394816984656], [-154.09671640931114, 63.53424641799589], [-154.08615138972993, 63.53686044287938]]}, "properties": {"fault_name": "Iditarod-Nixon Fork fault", "section_name": "unnamed strand", "class": "B"}}, {"type": "Feature", "geometry": {"type": "LineString", "coordinates": [[-154.04541615758248, 63.5523267618186], [-154.03768299878104, 63.55439619903605], [-154.02744473240128, 63.55777264898165], [-154.0193848203984, 63.56060450909841], [-154.00903763508708, 63.563545288081016], [-153.99814586230445, 63.56757524480864], [-153.98649166418735, 63.572258707161254]]}, "properties": {"fault_name": "Iditarod-Nixon Fork fault", "section_name": "unnamed strand", "class": "B"}}, {"type": "Feature", "geometry": {"type": "LineString", "coordinates": [[-159.15083115139905, 61.83219271980364], [-159.15749974729997, 61.82908447604597], [-159.16151220636547, 61.82733255712931]]}, "properties": {"fault_name": "Iditarod-Nixon Fork fault", "section_name": "unnamed strand", "class": "B"}}, {"type": "Feature", "geometry": {"type": "LineString", "coordinates": [[-159.12127457890165, 61.84711228878918], [-159.12873436419247, 61.84332588289715], [-159.1362506615995, 61.83953947789837]]}, "properties": {"fault_name": "Iditarod-Nixon Fork fault", "section_name": "unnamed strand", "class": "B"}}, {"type": "Feature", "geometry": {"type": "LineString", "coordinates": [[-159.0714296518322, 61.87367364400193], [-159.073972760842, 61.87237383394099], [-159.08261932931927, 61.8680788049372], [-159.0871969248182, 61.86559221093612]]}, "properties": {"fault_name": "Iditarod-Nixon Fork fault", "section_name": "unnamed strand", "class": "B"}}, {"type": "Feature", "geometry": {"type": "LineString", "coordinates": [[-159.0159898860192, 61.90339975705201], [-159.0224889419783, 61.89921775699033], [-159.02853588843126, 61.89577043086451]]}, "properties": {"fault_name": "Iditarod-Nixon Fork fault", "section_name": "unnamed strand", "class": "B"}}, {"type": "Feature", "geometry": {"type": "LineString", "coordinates": [[-154.70523978124967, 63.314450434092095], [-154.70077415356437, 63.317173377828674], [-154.69053588718458, 63.32207467589605], [-154.68029761990653, 63.327084891009065], [-154.66428671393402, 63.334273462103965], [-154.63313624266172, 63.347888177802645], [-154.6182145134285, 63.35322514699163], [-154.60155009925643, 63.35812644481626], [-154.59185642124632, 63.3609583058852], [-154.58630161682174, 63.36248315386951], [-154.5733404076955, 63.36618635705473], [-154.54796257511768, 63.37261250397721], [-154.53042682027288, 63.37718704790172], [-154.52073314316104, 63.37947432097948], [-154.50450439932538, 63.3841577830883], [-154.48936483492395, 63.38775206810868], [-154.4721558341789, 63.3929801188506], [-154.44688691873606, 63.40027760704013], [-154.43512380258568, 63.40398081112988], [-154.41900398037652, 63.40899102593839], [-154.41475618875774, 63.41029803888754], [-154.41388484718667, 63.4105158749544]]}, "properties": {"fault_name": "Iditarod-Nixon Fork fault", "section_name": "unnamed strand", "class": "B"}}, {"type": "Feature", "geometry": {"type": "LineString", "coordinates": [[-154.4068051938898, 63.41345665289023], [-154.40201281390134, 63.41541717295624], [-154.39297264139583, 63.418249033157366], [-154.38218978844307, 63.42304141304223], [-154.37031775425945, 63.427615959140915], [-154.3536533400874, 63.433606434071294], [-154.34798961942622, 63.4363293769192]]}, "properties": {"fault_name": "Iditarod-Nixon Fork fault", "section_name": "unnamed strand", "class": "B"}}, {"type": "Feature", "geometry": {"type": "LineString", "coordinates": [[-154.16631484032075, 63.52422598704766], [-154.1758996011959, 63.52313680997155], [-154.1888608121188, 63.520304949038966], [-154.19931691366676, 63.517364170093494], [-154.21031760358431, 63.512898543195256], [-154.218704269687, 63.50875966879978], [-154.22643742938675, 63.50527430181992], [-154.2341705881882, 63.501462180840065], [-154.24016106384747, 63.49754114205066], [-154.24963690579108, 63.49089715989501], [-154.25649872302145, 63.48468884993428], [-154.26706374439925, 63.47728244388831], [-154.27741092791393, 63.47150980497136], [-154.28481733441225, 63.46737093097343], [-154.29363966995297, 63.462360714995015], [-154.29919447437752, 63.45865751186231], [-154.31487862804696, 63.45136002385096], [-154.32609715492933, 63.445914137184815], [-154.33088953491776, 63.444062535805344]]}, "properties": {"fault_name": "Iditarod-Nixon Fork fault", "section_name": "unnamed strand", "class": "B"}}, {"type": "Feature", "geometry": {"type": "LineString", "coordinates": [[-154.2246947462446, 63.49002581896459], [-154.22447691017808, 63.49013473602894], [-154.2245858282113, 63.490243653881066], [-154.22447691017808, 63.49013473602894], [-154.2317743977448, 63.48730287494193], [-154.2411413225535, 63.48381750901591], [-154.24963690579108, 63.480223224139166], [-154.25606305178673, 63.477391362181045], [-154.26455863502431, 63.47303465310032], [-154.27697525757756, 63.46660850714933], [-154.28786703036022, 63.46246963312883], [-154.29734287320215, 63.459746689064254]]}, "properties": {"fault_name": "Iditarod-Nixon Fork fault", "section_name": "unnamed strand", "class": "B"}}, {"type": "Feature", "geometry": {"type": "LineString", "coordinates": [[-157.0385281842873, 62.66270622710954], [-157.0255463965545, 62.666875560142934], [-157.01749200200408, 62.66971828807832], [-156.99001230210428, 62.676919863001615], [-156.96357493719154, 62.68450046982206], [-156.9374218441505, 62.692554865135364], [-156.90226678035964, 62.7023148970295], [-156.88416808276733, 62.70743180594109], [-156.86341617235576, 62.71368580594639], [-156.84929729174647, 62.717760381939655], [-156.84237998917428, 62.719086988020145], [-156.82115428931556, 62.72363535197243], [-156.8155635918055, 62.72581477594947], [-156.79064234863208, 62.73339538287683], [-156.77756580211158, 62.737754233120064], [-156.76543683089207, 62.74239735413596], [-156.75757195122222, 62.74618765804376], [-156.751886496721, 62.748935628140075], [-156.74278976987844, 62.75149408220293]]}, "properties": {"fault_name": "Iditarod-Nixon Fork fault", "section_name": "Fourth of July Creek section", "class": "A"}}, {"type": "Feature", "geometry": {"type": "LineString", "coordinates": [[-146.13375449955757, 60.535783818032016], [-146.1177250182216, 60.532801741103015]]}, "properties": {"fault_name": "Cordova fault", "section_name": "", "class": "B"}}, {"type": "Feature", "geometry": {"type": "LineString", "coordinates": [[-145.8830156774421, 60.54008170280371], [-145.86328535901944, 60.54214009486906], [-145.84071872057996, 60.545732429064735], [-145.83409895260627, 60.547040551836645], [-145.82175915577275, 60.5488564121232], [-145.80068814311105, 60.55202072901641], [-145.7778078695682, 60.5567800488471], [-145.76051407055527, 60.56016832819641], [-145.74463675035372, 60.56347028711038]]}, "properties": {"fault_name": "Cordova fault", "section_name": "", "class": "B"}}, {"type": "Feature", "geometry": {"type": "LineString", "coordinates": [[-145.66369047368835, 60.581738361042724], [-145.63775202320295, 60.58731325394125], [-145.6096064354207, 60.59325950391195], [-145.58391286658005, 60.59781525920859], [-145.55989084509088, 60.60264171607072]]}, "properties": {"fault_name": "Cordova fault", "section_name": "", "class": "B"}}, {"type": "Feature", "geometry": {"type": "LineString", "coordinates": [[-145.44479995841235, 60.627205116950456], [-145.4274521499896, 60.6331158649622]]}, "properties": {"fault_name": "Cordova fault", "section_name": "", "class": "B"}}, {"type": "Feature", "geometry": {"type": "LineString", "coordinates": [[-145.42169800042032, 60.634973566808085], [-145.40775971082752, 60.639901678997134]]}, "properties": {"fault_name": "Cordova fault", "section_name": "", "class": "B"}}, {"type": "Feature", "geometry": {"type": "LineString", "coordinates": [[-145.40186851697345, 60.642262777117274], [-145.3830649311406, 60.64961489200523]]}, "properties": {"fault_name": "Cordova fault", "section_name": "", "class": "B"}}, {"type": "Feature", "geometry": {"type": "LineString", "coordinates": [[-146.11311190872624, 60.531679157953164], [-146.09884810201382, 60.52862694782921], [-146.08527513838243, 60.525613545946285], [-146.07343885984207, 60.52406621805489], [-146.06319994218376, 60.5231237720549], [-146.05520438728445, 60.52299531391993], [-146.04325893199604, 60.52331671888071], [-146.03169874706498, 60.52348908404021], [-146.01790812523356, 60.52421163716152], [-145.99943638065992, 60.52550939683678], [-145.98294387438884, 60.52726365621758], [-145.9639994560756, 60.5290409710726], [-145.94642916639802, 60.530897666913496], [-145.93302761479762, 60.53283036585918], [-145.92495382292526, 60.53439724982774], [-145.91481474672256, 60.53584016217159], [-145.88877490428936, 60.53940283118227]]}, "properties": {"fault_name": "Cordova fault", "section_name": "", "class": "B"}}, {"type": "Feature", "geometry": {"type": "LineString", "coordinates": [[-145.74054856600472, 60.56441636993205], [-145.71760757263687, 60.569333734799024], [-145.70228032771467, 60.57317744780934], [-145.68664841197736, 60.576830099899624], [-145.6677830813418, 60.58079458984562]]}, "properties": {"fault_name": "Cordova fault", "section_name": "", "class": "B"}}, {"type": "Feature", "geometry": {"type": "LineString", "coordinates": [[-145.55618096196926, 60.603435601976095], [-145.54224100779825, 60.60717909105093], [-145.52808581908178, 60.61039523195957], [-145.51768416711815, 60.61264905284477], [-145.50042218283932, 60.615667971804626], [-145.48095552085087, 60.619058927841394], [-145.45154097379657, 60.62557980702381]]}, "properties": {"fault_name": "Cordova fault", "section_name": "", "class": "B"}}, {"type": "Feature", "geometry": {"type": "LineString", "coordinates": [[-145.3690001767221, 60.65604152397507], [-145.37945675617377, 60.65106613101148]]}, "properties": {"fault_name": "Cordova fault", "section_name": "", "class": "B"}}, {"type": "Feature", "geometry": {"type": "LineString", "coordinates": [[-145.34468335061456, 60.66816649581773], [-145.36544404115966, 60.657524421055285]]}, "properties": {"fault_name": "Cordova fault", "section_name": "", "class": "B"}}, {"type": "Feature", "geometry": {"type": "LineString", "coordinates": [[-145.2852386572114, 60.69838057991371], [-145.30408445577777, 60.68847714889774], [-145.3183498022026, 60.681184945868544], [-145.33752058069604, 60.67129898218346]]}, "properties": {"fault_name": "Cordova fault", "section_name": "", "class": "B"}}, {"type": "Feature", "geometry": {"type": "LineString", "coordinates": [[-145.2637800134198, 60.708797916973076], [-145.2711865968862, 60.70482915904479], [-145.28220185388443, 60.69921133713761]]}, "properties": {"fault_name": "Cordova fault", "section_name": "", "class": "B"}}, {"type": "Feature", "geometry": {"type": "LineString", "coordinates": [[-145.24037495396942, 60.72113896479999], [-145.2503186618692, 60.715624863947454], [-145.26021324090607, 60.71027806294251]]}, "properties": {"fault_name": "Cordova fault", "section_name": "", "class": "B"}}, {"type": "Feature", "geometry": {"type": "LineString", "coordinates": [[-145.2204074614471, 60.73113457005772], [-145.23553947101703, 60.72339168917474]]}, "properties": {"fault_name": "Cordova fault", "section_name": "", "class": "B"}}, {"type": "Feature", "geometry": {"type": "LineString", "coordinates": [[-145.19791481094938, 60.74130649396196], [-145.20623608059765, 60.737912478967004], [-145.21547708765465, 60.73372260818549]]}, "properties": {"fault_name": "Cordova fault", "section_name": "", "class": "B"}}, {"type": "Feature", "geometry": {"type": "LineString", "coordinates": [[-145.83775225174645, 60.520635277063846], [-145.79051987615318, 60.521658824008306]]}, "properties": {"fault_name": "Eyak fault", "section_name": "", "class": "B"}}, {"type": "Feature", "geometry": {"type": "LineString", "coordinates": [[-145.7847813087608, 60.52249267813991], [-145.76628893168174, 60.52592891508018]]}, "properties": {"fault_name": "Eyak fault", "section_name": "", "class": "B"}}, {"type": "Feature", "geometry": {"type": "LineString", "coordinates": [[-145.76003907916225, 60.527406539926304], [-145.74507123132065, 60.53190003595414]]}, "properties": {"fault_name": "Eyak fault", "section_name": "", "class": "B"}}, {"type": "Feature", "geometry": {"type": "LineString", "coordinates": [[-145.7379685631862, 60.53400059321274], [-145.72303725701371, 60.538325277058924]]}, "properties": {"fault_name": "Eyak fault", "section_name": "", "class": "B"}}, {"type": "Feature", "geometry": {"type": "LineString", "coordinates": [[-145.71767697198413, 60.5390107619002], [-145.69154860596956, 60.54518053985221], [-145.67439492707297, 60.54868793589185], [-145.64872007642794, 60.55437135896308]]}, "properties": {"fault_name": "Eyak fault", "section_name": "", "class": "B"}}, {"type": "Feature", "geometry": {"type": "LineString", "coordinates": [[-145.6420759084145, 60.55598886994946], [-145.61442796843502, 60.562558654942514], [-145.6017699083778, 60.56599862713035], [-145.58164765140342, 60.57150860700539], [-145.5642868084259, 60.57701923995895]]}, "properties": {"fault_name": "Eyak fault", "section_name": "", "class": "B"}}, {"type": "Feature", "geometry": {"type": "LineString", "coordinates": [[-145.56014862115322, 60.578282435802656], [-145.54563653626596, 60.583461702996566]]}, "properties": {"fault_name": "Eyak fault", "section_name": "", "class": "B"}}, {"type": "Feature", "geometry": {"type": "LineString", "coordinates": [[-145.5400032622047, 60.58513807801647], [-145.52266264389746, 60.591828904083556]]}, "properties": {"fault_name": "Eyak fault", "section_name": "", "class": "B"}}, {"type": "Feature", "geometry": {"type": "LineString", "coordinates": [[-145.51468535713778, 60.59318847918242], [-145.5025109176902, 60.59732715820837], [-145.49725765614693, 60.5988568520778], [-145.48752971459524, 60.60027407778882], [-145.4707977336391, 60.60327827485004]]}, "properties": {"fault_name": "Eyak fault", "section_name": "", "class": "B"}}, {"type": "Feature", "geometry": {"type": "LineString", "coordinates": [[-145.4656741394155, 60.60430786800772], [-145.4519294574277, 60.60648386799793], [-145.43095515469452, 60.61107550800966]]}, "properties": {"fault_name": "Eyak fault", "section_name": "", "class": "B"}}, {"type": "Feature", "geometry": {"type": "LineString", "coordinates": [[-145.8334255116889, 60.469148198001875], [-145.82002145468715, 60.473066575987666], [-145.8144214497324, 60.47475431009646], [-145.80720660537517, 60.476005855034806], [-145.79672300459976, 60.477903112879154], [-145.7895932118353, 60.48017276519858], [-145.7785138501601, 60.4830463082052], [-145.7734625936731, 60.48527292984172], [-145.7659464049622, 60.48633517091521], [-145.75698581061442, 60.48764673694881], [-145.74738735043115, 60.48874976609743], [-145.74037922638715, 60.489165842144125], [-145.73965716235838, 60.48929062010991]]}, "properties": {"fault_name": "Heney fault", "section_name": "", "class": "A"}}, {"type": "Feature", "geometry": {"type": "LineString", "coordinates": [[-158.80789812926642, 60.93196850212083], [-158.81736948502348, 60.924945946838726]]}, "properties": {"fault_name": "Atsaksovluk fault", "section_name": "", "class": "A"}}, {"type": "Feature", "geometry": {"type": "LineString", "coordinates": [[-158.79716758611096, 60.94171039405366], [-158.8044391752481, 60.934765765834555]]}, "properties": {"fault_name": "Atsaksovluk fault", "section_name": "", "class": "A"}}, {"type": "Feature", "geometry": {"type": "LineString", "coordinates": [[-158.78316101737005, 60.95183295914868], [-158.79366677329534, 60.94424116895376]]}, "properties": {"fault_name": "Atsaksovluk fault", "section_name": "", "class": "A"}}, {"type": "Feature", "geometry": {"type": "LineString", "coordinates": [[-158.56159692267073, 61.108659965193596], [-158.57132773344142, 61.10271950192228]]}, "properties": {"fault_name": "Atsaksovluk fault", "section_name": "", "class": "A"}}, {"type": "Feature", "geometry": {"type": "LineString", "coordinates": [[-158.54126593405528, 61.11842673181072], [-158.55591752730618, 61.1117905331493]]}, "properties": {"fault_name": "Atsaksovluk fault", "section_name": "", "class": "A"}}, {"type": "Feature", "geometry": {"type": "LineString", "coordinates": [[-158.5225110961996, 61.12760344010343], [-158.53443559828403, 61.12132659796485]]}, "properties": {"fault_name": "Atsaksovluk fault", "section_name": "", "class": "A"}}, {"type": "Feature", "geometry": {"type": "LineString", "coordinates": [[-158.50200534393883, 61.13629925210571], [-158.51500895264823, 61.129721610215476]]}, "properties": {"fault_name": "Atsaksovluk fault", "section_name": "", "class": "A"}}, {"type": "Feature", "geometry": {"type": "LineString", "coordinates": [[-158.57486355001043, 61.10019437983407], [-158.58693829712277, 61.091231812124406], [-158.61252166872916, 61.07566295415782], [-158.6266365715984, 61.06555773113537], [-158.6444614671837, 61.054255506102315], [-158.65883792802262, 61.04226450691692], [-158.6710306607627, 61.0306133258878], [-158.68416384157032, 61.017858446989834], [-158.69685145440374, 61.005919934014784], [-158.7099612161319, 60.99690895417523], [-158.72353712533908, 60.98734528121697], [-158.73990453761357, 60.97795136899535], [-158.75559173297853, 60.96777591919766], [-158.77859454840421, 60.95466798513967]]}, "properties": {"fault_name": "Atsaksovluk fault", "section_name": "", "class": "A"}}, {"type": "Feature", "geometry": {"type": "LineString", "coordinates": [[-158.3764560703983, 61.228607562840914], [-158.39353620242596, 61.21469182582358], [-158.40348076462354, 61.20581579199407], [-158.41501379707685, 61.19635320901552], [-158.42765164593845, 61.186854116968945], [-158.43854057016335, 61.17687472412762], [-158.45120095326388, 61.167639825956684], [-158.46696145205433, 61.15669828388655], [-158.47764748817903, 61.14939693880882], [-158.49564732258108, 61.13864651292719]]}, "properties": {"fault_name": "Atsaksovluk fault", "section_name": "", "class": "A"}}, {"type": "Feature", "geometry": {"type": "LineString", "coordinates": [[-150.54643285623652, 63.308648261127374], [-150.53981007441507, 63.310349508874474], [-150.52818703705856, 63.31307066496902], [-150.50488346657403, 63.32043194898783], [-150.49292259619534, 63.32277429686527], [-150.47515040925933, 63.32653780807671]]}, "properties": {"fault_name": "East Fork fault (Northern Foothills fold and thrust belt)", "section_name": "", "class": "A"}}, {"type": "Feature", "geometry": {"type": "LineString", "coordinates": [[-146.68964166773478, 60.285372381833234], [-146.6874715823501, 60.28577214310849], [-146.68318852107663, 60.28680009400761]]}, "properties": {"fault_name": "Etches fault", "section_name": "", "class": "B"}}, {"type": "Feature", "geometry": {"type": "LineString", "coordinates": [[-146.67422264373664, 60.288684678148265], [-146.67153859175374, 60.289255763138364], [-146.66771238937926, 60.29005528290804], [-146.66377197340293, 60.29091191192392]]}, "properties": {"fault_name": "Etches fault", "section_name": "", "class": "B"}}, {"type": "Feature", "geometry": {"type": "LineString", "coordinates": [[-146.63938708643786, 60.297365156134425], [-146.63144915397248, 60.2999921328389], [-146.62859378158677, 60.30084875606027]]}, "properties": {"fault_name": "Etches fault", "section_name": "", "class": "B"}}, {"type": "Feature", "geometry": {"type": "LineString", "coordinates": [[-146.53967755829592, 60.3338572451884], [-146.53716483480062, 60.33494229695601], [-146.5332244188243, 60.335913141082344], [-146.52848450044846, 60.337397953790436], [-146.52517921403924, 60.33831553598167], [-146.5210675010163, 60.33968614102581], [-146.51626350581125, 60.34082445280744], [-146.51329391712875, 60.34156686321984]]}, "properties": {"fault_name": "Etches fault", "section_name": "", "class": "B"}}, {"type": "Feature", "geometry": {"type": "LineString", "coordinates": [[-146.37229817066827, 60.33046347320333], [-146.36951785701612, 60.33058985289669], [-146.3647786851403, 60.3298947760924], [-146.36022908114563, 60.329515643923656], [-146.35586904323546, 60.32951564614704], [-146.35068754989686, 60.32976840393526], [-146.34658026916156, 60.33027391808681], [-146.34203066606517, 60.33084262015321], [-146.33741787277677, 60.331664078986506], [-146.33318421435234, 60.33242234903806], [-146.32895055592792, 60.33324380590674], [-146.32459052071266, 60.334002074826785], [-146.32029367299452, 60.33494991210048], [-146.31580725829355, 60.335771371151964], [-146.31094171142357, 60.33678239596591], [-146.3067080529991, 60.33766704387962], [-146.3024743945747, 60.33848850210806], [-146.29754565841097, 60.33937314911248], [-146.29318562139912, 60.34019460706559], [-146.2891415299575, 60.34120563219459], [-146.28471830544856, 60.342027089796815], [-146.28067421310865, 60.343290870785715], [-146.2768828779436, 60.34455465215613], [-146.2733442981568, 60.34632394391606], [-146.26961615228547, 60.34803004803641], [-146.2663935180689, 60.34960977203147], [-146.26310769455864, 60.35131587493016], [-146.25963230586214, 60.352895600195055], [-146.25666242702383, 60.35472808091984], [-146.25318703742903, 60.356560563083676], [-146.25034353538152, 60.358013908790426], [-146.24686814668507, 60.35984639111067], [-146.24446696879522, 60.36155249292], [-146.24181303462885, 60.3634481630475], [-146.23865358970602, 60.36515426514583], [-146.2357469001614, 60.36730269215351], [-146.23208194358375, 60.36926155117928], [-146.2292384433329, 60.3709044641147], [-146.22544710906615, 60.372547379046054], [-146.22216128465757, 60.37387434807388], [-146.21931778440668, 60.37551726113989], [-146.21521050456965, 60.37734974312001], [-146.21217743733595, 60.37886627893696], [-146.2090179924131, 60.380635571033785], [-146.20566897960913, 60.38227848590439], [-146.20156170156875, 60.38442691121938], [-146.19878138881495, 60.38575388118892], [-146.1951164322373, 60.3875231729424], [-146.1921465542973, 60.38922927582087], [-146.18917667456068, 60.39080899998023], [-146.18683868596455, 60.39257829181693], [-146.18330010797436, 60.394094827869], [-146.1799510951704, 60.39586411999512], [-146.1759701930225, 60.397507034862436], [-146.1729371266871, 60.39959227216882], [-146.16826114679992, 60.40142475317279], [-146.16636547966655, 60.402688533099436], [-146.16244776771072, 60.40464739092339], [-146.15922513259582, 60.40635349491805], [-146.15518104205256, 60.40831235394563], [-146.15183203014686, 60.409512946045], [-146.1484830182412, 60.411155860006666], [-146.14424936071507, 60.41254601888911], [-146.14033164606428, 60.41324109889661], [-146.13571885367418, 60.41349385698382], [-146.13110605858915, 60.413493860088565], [-146.12636688940827, 60.41286197094612], [-146.12137496035757, 60.41223008416681], [-146.11922653604935, 60.41172457389041]]}, "properties": {"fault_name": "Etches fault", "section_name": "", "class": "B"}}, {"type": "Feature", "geometry": {"type": "LineString", "coordinates": [[-146.10646237058404, 60.413177924813446], [-146.10336611315827, 60.41412576090739], [-146.0990692654401, 60.41513678591141], [-146.0945196632421, 60.41627418917777], [-146.0905387610942, 60.41696926891079], [-146.08598915620118, 60.417474782838504], [-146.0806812860718, 60.41816986396691], [-146.0753734150441, 60.41867537786045]]}, "properties": {"fault_name": "Etches fault", "section_name": "", "class": "B"}}, {"type": "Feature", "geometry": {"type": "LineString", "coordinates": [[-146.6840500350785, 60.26063920579893], [-146.679184461259, 60.2627244758315], [-146.67141217903034, 60.266010357125694], [-146.66313438514686, 60.26967537597298], [-146.65510934843826, 60.27308763697582], [-146.64310337993734, 60.27776370183537], [-146.6313501686113, 60.28225019911347], [-146.62225090941797, 60.2858520310143], [-146.618965069738, 60.28749496893848], [-146.6111927857127, 60.29065447204521], [-146.60714867271153, 60.29229741218659], [-146.5989340636302, 60.29558329494737], [-146.5904666982723, 60.29899555817582], [-146.58067235684808, 60.30291334114622], [-146.5716994780388, 60.30664155305391], [-146.56139962765474, 60.31112804290581], [-146.54768754912183, 60.316562388014624], [-146.5407367196266, 60.318710855785845], [-146.52898349033427, 60.321491238139764], [-146.52203265724577, 60.32326056822233], [-146.5080677847071, 60.325282686122485], [-146.50054823629705, 60.32616736782191], [-146.49454523003786, 60.32642015020252], [-146.48734162360486, 60.32679931521167], [-146.47704172830504, 60.32717849316065], [-146.4695853646971, 60.32762084689639], [-146.45966461324446, 60.328505539053694], [-146.45138678971657, 60.32945341278306], [-146.4402022541862, 60.33109638414637], [-146.43047107241128, 60.33198107415231], [-146.42086626473224, 60.332739384859664], [-146.41214610896182, 60.33311855694932], [-146.40171983237963, 60.333244977049674], [-146.38548010663962, 60.33248676790581], [-146.3729685591103, 60.331159839843465]]}, "properties": {"fault_name": "Etches fault", "section_name": "", "class": "B"}}, {"type": "Feature", "geometry": {"type": "LineString", "coordinates": [[-146.68318852107663, 60.28680009400761], [-146.68039025369524, 60.287371179856656], [-146.67673537531678, 60.28822780796081], [-146.67427975143588, 60.28874178491449]]}, "properties": {"fault_name": "Etches fault", "section_name": "", "class": "B"}}, {"type": "Feature", "geometry": {"type": "LineString", "coordinates": [[-146.66377197340293, 60.290854804050845], [-146.6592604822308, 60.29193986418305], [-146.6542350235621, 60.2933104638081], [-146.64818163618853, 60.29513792887465], [-146.63961551633653, 60.29736515479909]]}, "properties": {"fault_name": "Etches fault", "section_name": "", "class": "B"}}, {"type": "Feature", "geometry": {"type": "LineString", "coordinates": [[-146.62786267870968, 60.30033340500492], [-146.62317989857576, 60.30164686721959], [-146.61432830490625, 60.30421668403504], [-146.60422035442983, 60.30701493115014], [-146.5948547959587, 60.30992739103724], [-146.58309074017055, 60.313753564992915], [-146.57726582042488, 60.31535256294717], [-146.5749815367097, 60.31609495500023]]}, "properties": {"fault_name": "Etches fault", "section_name": "", "class": "B"}}, {"type": "Feature", "geometry": {"type": "LineString", "coordinates": [[-146.11922653604935, 60.41172457389041], [-146.11669897777546, 60.41178776410251], [-146.1115806737306, 60.412293276945455], [-146.10646237058404, 60.413114735970915]]}, "properties": {"fault_name": "Etches fault", "section_name": "", "class": "B"}}, {"type": "Feature", "geometry": {"type": "LineString", "coordinates": [[-146.6836300277674, 60.26007084511128], [-146.685778450279, 60.258870255194324], [-146.68938021756293, 60.25729052887076], [-146.69317155362629, 60.25577399291907], [-146.696267811052, 60.25432064498629], [-146.69949044526857, 60.25261454184338], [-146.70340815722443, 60.25128757179205], [-146.70713630309575, 60.24970784598223], [-146.71187547227666, 60.2476226102127]]}, "properties": {"fault_name": "Etches fault", "section_name": "", "class": "B"}}, {"type": "Feature", "geometry": {"type": "LineString", "coordinates": [[-146.5533950671447, 60.326716868862306], [-146.55585067126268, 60.32568894118528], [-146.55893445288578, 60.3240899440657], [-146.56236087711105, 60.32231962482757], [-146.5651020161319, 60.32089194794992], [-146.56938504506607, 60.31906452082634], [-146.57275436159208, 60.3171799878253], [-146.5749815367097, 60.31609495500023]]}, "properties": {"fault_name": "Etches fault", "section_name": "", "class": "B"}}, {"type": "Feature", "geometry": {"type": "LineString", "coordinates": [[-146.53917540813694, 60.33328418096915], [-146.54597114888824, 60.33048593402079], [-146.55111078432785, 60.32791611604543], [-146.55345217484395, 60.326716868862306]]}, "properties": {"fault_name": "Etches fault", "section_name": "", "class": "B"}}, {"type": "Feature", "geometry": {"type": "LineString", "coordinates": [[-146.36738459806656, 60.404499909959696], [-146.37086815244894, 60.40347196118166], [-146.37989112940332, 60.400730763801654], [-146.38754352157588, 60.398103789062425], [-146.39593831294027, 60.39524838109187], [-146.40399045541426, 60.39199322120053], [-146.41118598419627, 60.389080708982696], [-146.41775333277818, 60.38639663082319], [-146.42551993855258, 60.38354122501655], [-146.43248704372414, 60.3809713598687], [-146.43808357040209, 60.37908678991552], [-146.4432803395921, 60.37680246884014], [-146.44722074478864, 60.37468947622072], [-146.45036163860254, 60.37229094908457], [-146.45247460011828, 60.37034928504663], [-146.455958123958, 60.36646596210606], [-146.4610977647875, 60.36212577103657], [-146.46572344710358, 60.35875640918177], [-146.4685788096078, 60.35698606479589], [-146.47360426019162, 60.355158606109676], [-146.480285826867, 60.35264584898018], [-146.48913747533373, 60.349504900919854], [-146.49461978661319, 60.34750611702875], [-146.49998788159587, 60.34550733287354], [-146.50564151956632, 60.34396540784196], [-146.51021011664105, 60.342651916907336], [-146.51317970173028, 60.341509755839255]]}, "properties": {"fault_name": "Etches fault", "section_name": "", "class": "B"}}, {"type": "Feature", "geometry": {"type": "LineString", "coordinates": [[-147.77365327019615, 59.93096020806535], [-147.7707720290252, 59.9319791839514], [-147.76894490065308, 59.93264678810391], [-147.76616907139083, 59.9338063118115], [-147.76437707972275, 59.93475501294822]]}, "properties": {"fault_name": "Hanning Bay fault", "section_name": "", "class": "A"}}, {"type": "Feature", "geometry": {"type": "LineString", "coordinates": [[-147.71012542300957, 59.95984289087919], [-147.71251474493428, 59.95826172199085], [-147.71423646319437, 59.9573130209585], [-147.7158527686474, 59.956434594011405], [-147.71736366309008, 59.955626440892885]]}, "properties": {"fault_name": "Hanning Bay fault", "section_name": "", "class": "A"}}, {"type": "Feature", "geometry": {"type": "LineString", "coordinates": [[-147.773566559415, 59.93100648182322], [-147.77619171605127, 59.92903761407852], [-147.7786856153498, 59.926806231134435], [-147.78131077198606, 59.924968621131654], [-147.78419844419608, 59.92313101109571], [-147.78629856968476, 59.921555916817915], [-147.78852995340947, 59.91919327389408], [-147.79233643057694, 59.91683063296852], [-147.79732422917397, 59.914730508000915]]}, "properties": {"fault_name": "Hanning Bay fault", "section_name": "", "class": "A"}}, {"type": "Feature", "geometry": {"type": "LineString", "coordinates": [[-147.75053306921734, 59.94164188212151], [-147.75295752784606, 59.940658042845115], [-147.75415218835926, 59.94002557491216], [-147.75534684977077, 59.939533657218085], [-147.75724425155096, 59.93872550280314], [-147.75900110741335, 59.93791734984278], [-147.76009035601786, 59.9371794720291], [-147.7612147422247, 59.936406455939625], [-147.76244454034023, 59.935633439833175], [-147.7643068063147, 59.93479015005627]]}, "properties": {"fault_name": "Hanning Bay fault", "section_name": "", "class": "A"}}, {"type": "Feature", "geometry": {"type": "LineString", "coordinates": [[-147.71736366309008, 59.95566157702595], [-147.71838263918482, 59.95509938498082], [-147.72056113729215, 59.95355335299548], [-147.72270449959376, 59.95183163618831], [-147.7250938224168, 59.95025046601839], [-147.72681553798188, 59.949231490954034], [-147.72836157002692, 59.94870443500448], [-147.73064548004294, 59.948317926780476], [-147.73278884144622, 59.94796655609207], [-147.7357754936275, 59.947474636989426], [-147.7373215256725, 59.94715840296055], [-147.73900810633026, 59.946701621097034], [-147.74094064481446, 59.946174564962355], [-147.74283804659464, 59.94557723480416], [-147.74413811991488, 59.94505017788965], [-147.7454030547344, 59.944382574143255], [-147.74698422258513, 59.94353928412387], [-147.7483545702117, 59.942766267802405]]}, "properties": {"fault_name": "Hanning Bay fault", "section_name": "", "class": "A"}}, {"type": "Feature", "geometry": {"type": "LineString", "coordinates": [[-152.1049914425509, 57.377186877031605], [-152.08000710261024, 57.38218374390096], [-152.02718306741124, 57.39646051078333], [-151.98387687668355, 57.40954754610654], [-151.95413361540557, 57.41977922801864]]}, "properties": {"fault_name": "Kodiak shelf fault zone", "section_name": "unnamed strand", "class": "A"}}, {"type": "Feature", "geometry": {"type": "LineString", "coordinates": [[-151.74367028833638, 57.72351742603632], [-151.70369534443134, 57.74136338418622], [-151.63564276041376, 57.76944102279237], [-151.5754423961088, 57.7956150938269], [-151.52928085275838, 57.81441283613277], [-151.46027648303604, 57.84106280113311], [-151.39888638907044, 57.864381517764514], [-151.3296440735957, 57.889127912895226], [-151.26420889644842, 57.90911538515985], [-151.23446563427206, 57.91672966015667], [-151.19758398874225, 57.92600955788957], [-151.12334480527932, 57.948376491099296], [-151.06528595633972, 57.97026753277908], [-151.02055208930068, 57.990968843199056], [-150.9977092638271, 58.0012005251874]]}, "properties": {"fault_name": "Kodiak shelf fault zone", "section_name": "unnamed strand", "class": "A"}}, {"type": "Feature", "geometry": {"type": "LineString", "coordinates": [[-153.51934306487718, 56.59767545090117], [-153.54980016610747, 56.58149511589543], [-153.58120905124596, 56.56912191880853], [-153.61333177543844, 56.554131315045794], [-153.64949958191428, 56.54009249512715], [-153.67162856923218, 56.52724340605575], [-153.70137183230688, 56.51463226197542], [-153.72802179520966, 56.49868987324095], [-153.7577650582843, 56.48512694606656], [-153.78441502028878, 56.47346758701132], [-153.81796542079266, 56.462046174148156], [-153.85080198314083, 56.44753146093209], [-153.88887335922956, 56.4365859412239], [-153.92028224436808, 56.4254024742218], [-153.9538326439736, 56.41326722292411], [-153.98381385280072, 56.39684894305078]]}, "properties": {"fault_name": "Kodiak shelf fault zone", "section_name": "unnamed strand", "class": "A"}}, {"type": "Feature", "geometry": {"type": "LineString", "coordinates": [[-153.45771502515913, 56.86703043704978], [-153.4879341788404, 56.850612155864304], [-153.5169636037593, 56.83300414376584], [-153.5445653505703, 56.81658586404825], [-153.56907379900602, 56.800405529113284], [-153.5916786796255, 56.78589081598615], [-153.61428355844828, 56.76709307497702]]}, "properties": {"fault_name": "Kodiak shelf fault zone", "section_name": "unnamed strand", "class": "A"}}, {"type": "Feature", "geometry": {"type": "LineString", "coordinates": [[-153.31232995840514, 56.774707350756934], [-153.33017591409393, 56.76257209886527], [-153.3482598182302, 56.752816309123844], [-153.36610577571565, 56.74520203298675], [-153.39156600895788, 56.734018566853955], [-153.4251164085634, 56.71879001694037]]}, "properties": {"fault_name": "Kodiak shelf fault zone", "section_name": "unnamed strand", "class": "A"}}, {"type": "Feature", "geometry": {"type": "LineString", "coordinates": [[-153.29971881376196, 56.924613394091125], [-153.26759608956948, 56.93674864400298], [-153.24023228940928, 56.94888389623729], [-153.2109649187379, 56.96197093107333], [-153.1797939775552, 56.97434412779721], [-153.1521922316426, 56.985527594772854]]}, "properties": {"fault_name": "Kodiak shelf fault zone", "section_name": "unnamed strand", "class": "A"}}, {"type": "Feature", "geometry": {"type": "LineString", "coordinates": [[-152.46191059315845, 57.30009233980319], [-152.46143470075523, 57.30056823303688], [-152.4818980660093, 57.28438789805358], [-152.50307526941907, 57.2689213997906], [-152.52306274137158, 57.256310256912485], [-152.54043280735212, 57.24536473677242], [-152.5606582250571, 57.23394332388079], [-152.5763626680755, 57.22609110312943], [-152.59635014092632, 57.21609736698098], [-152.61871707399672, 57.20634157592728], [-152.63941838500324, 57.19801346286913]]}, "properties": {"fault_name": "Kodiak shelf fault zone", "section_name": "unnamed strand", "class": "A"}}, {"type": "Feature", "geometry": {"type": "LineString", "coordinates": [[-151.9446157709342, 57.47474477807725], [-151.96388940562935, 57.46475104113277], [-151.9876840150111, 57.45023632983373], [-152.01599960177438, 57.43595956281494], [-152.04003215690855, 57.423348419784105], [-152.07501023462214, 57.40764397818784], [-152.09713922104172, 57.39741229612768], [-152.12902399858342, 57.38480115198458]]}, "properties": {"fault_name": "Kodiak shelf fault zone", "section_name": "unnamed strand", "class": "A"}}, {"type": "Feature", "geometry": {"type": "LineString", "coordinates": [[-151.9339081959039, 57.40764397818784], [-151.95341977635152, 57.39812613282894], [-151.967934488811, 57.38979801977725], [-151.9869701768554, 57.378614552954836], [-152.00695764970624, 57.36862081684094], [-152.02004468495602, 57.36124448694448]]}, "properties": {"fault_name": "Kodiak shelf fault zone", "section_name": "unnamed strand", "class": "A"}}, {"type": "Feature", "geometry": {"type": "LineString", "coordinates": [[-151.36842928784012, 57.96074968912296], [-151.39841049756552, 57.94718675985184], [-151.4357680346003, 57.93053053395678], [-151.46503540527172, 57.916015822082095], [-151.4835952018112, 57.90483235523486]]}, "properties": {"fault_name": "Kodiak shelf fault zone", "section_name": "unnamed strand", "class": "A"}}, {"type": "Feature", "geometry": {"type": "LineString", "coordinates": [[-150.7238333012015, 58.18751232300589], [-150.73144757695826, 58.178470371113455], [-150.74572434276695, 58.16276592820752], [-150.75167299556153, 58.15515165278466]]}, "properties": {"fault_name": "Kodiak shelf fault zone", "section_name": "unnamed strand", "class": "A"}}, {"type": "Feature", "geometry": {"type": "LineString", "coordinates": [[-148.74554942179563, 58.73776267996927], [-148.75649494168007, 58.73205197305951], [-148.7733891161557, 58.72443769779293], [-148.78814177436766, 58.717299314971655], [-148.80527389279908, 58.70897120194755], [-148.82478547324672, 58.70111898008836], [-148.84405910704353, 58.693266758810054]]}, "properties": {"fault_name": "Kodiak shelf fault zone", "section_name": "unnamed strand", "class": "A"}}, {"type": "Feature", "geometry": {"type": "LineString", "coordinates": [[-153.00181029600213, 56.902960297917694], [-153.02322544516434, 56.889635316917754], [-153.06486601292988, 56.86108178494283], [-153.09627489806834, 56.83633538892327], [-153.12078334740244, 56.81373051095623], [-153.14933687812152, 56.7925533068516], [-153.19668815292914, 56.76162031395666], [-153.22143454711735, 56.74758149511874], [-153.26140949192072, 56.72450072324219], [-153.32256164013384, 56.69214005294289], [-153.37181648275777, 56.6664418738972], [-153.4134570514216, 56.64669234699666], [-153.45271815627265, 56.62718076823918], [-153.49792791571494, 56.60814507910661], [-153.5164877122544, 56.599579020161656], [-153.5183912800707, 56.598627236145965]]}, "properties": {"fault_name": "Kodiak shelf fault zone", "section_name": "unnamed strand", "class": "A"}}, {"type": "Feature", "geometry": {"type": "LineString", "coordinates": [[-153.13339448935065, 56.96435039192166], [-153.14148465840896, 56.95197719505999], [-153.15480963941118, 56.9396039979122], [-153.17574889527185, 56.926279017087865], [-153.2007332352125, 56.91604733395785], [-153.2333318509099, 56.90819511200302], [-153.27330679840824, 56.901056728808925], [-153.3032880054387, 56.89130094003243], [-153.32803439962692, 56.87773801210609], [-153.33660045929182, 56.869885790834424], [-153.35278079471342, 56.85251572484055]]}, "properties": {"fault_name": "Kodiak shelf fault zone", "section_name": "unnamed strand", "class": "A"}}, {"type": "Feature", "geometry": {"type": "LineString", "coordinates": [[-153.10841014941, 56.9070053821371], [-153.12792172985763, 56.897725483910584], [-153.16075829130745, 56.87845184980024], [-153.19169128494104, 56.85775053909211], [-153.22405195488594, 56.834193874994234], [-153.2661684141564, 56.804450613076895], [-153.30209827487977, 56.77970421877172], [-153.3116161193511, 56.77494529715105]]}, "properties": {"fault_name": "Kodiak shelf fault zone", "section_name": "unnamed strand", "class": "A"}}, {"type": "Feature", "geometry": {"type": "LineString", "coordinates": [[-152.767433386675, 57.18111929009861], [-152.79693870309887, 57.16636663217481], [-152.85523549779091, 57.13543363879744], [-152.90020731058243, 57.11211492081905], [-152.95279339913066, 57.08475111917181], [-152.9813469316464, 57.069760515177876], [-153.01727679326808, 57.05215250286309], [-153.08509143063486, 57.01836415696042], [-153.15171633923933, 56.98600348677376]]}, "properties": {"fault_name": "Kodiak shelf fault zone", "section_name": "unnamed strand", "class": "A"}}, {"type": "Feature", "geometry": {"type": "LineString", "coordinates": [[-152.60134700801615, 57.144237645174385], [-152.646318821706, 57.114732327835895], [-152.71508524477753, 57.07475738305372], [-152.78171015338202, 57.03811368311168], [-152.80693243997345, 57.022409242158716], [-152.85356987482876, 56.995045439200105], [-152.92542959807216, 56.9526910341811]]}, "properties": {"fault_name": "Kodiak shelf fault zone", "section_name": "unnamed strand", "class": "A"}}, {"type": "Feature", "geometry": {"type": "LineString", "coordinates": [[-152.57826623679009, 57.09545869412038], [-152.61253047455133, 57.07594711280956], [-152.6729687864054, 57.042396714117764], [-152.726268712211, 57.01170166681285], [-152.75767759555288, 56.99433160103626]]}, "properties": {"fault_name": "Kodiak shelf fault zone", "section_name": "unnamed strand", "class": "A"}}, {"type": "Feature", "geometry": {"type": "LineString", "coordinates": [[-151.92724570585196, 57.53565897980281], [-151.95460950780878, 57.515671507042974], [-151.99387061355816, 57.48806975891229], [-152.040983941715, 57.45547114377467], [-152.086193700259, 57.426441719763254], [-152.1128436649584, 57.41049933022621], [-152.15091504014885, 57.387894451035386], [-152.19112793160298, 57.36576546311149], [-152.23562385199125, 57.34244674622092], [-152.27440906713403, 57.32412489715345], [-152.3012969766876, 57.312227592195924], [-152.33841656796992, 57.292953957215275], [-152.3826745417074, 57.2698731851163], [-152.4369262532178, 57.23775046185943], [-152.44953739696265, 57.22989824023372]]}, "properties": {"fault_name": "Kodiak shelf fault zone", "section_name": "unnamed strand", "class": "A"}}, {"type": "Feature", "geometry": {"type": "LineString", "coordinates": [[-152.08262450858223, 57.54779423117667], [-152.11712669389254, 57.52899648790534], [-152.17875473361056, 57.49758760414279], [-152.21230513501274, 57.48283494514121], [-152.2518041874129, 57.46498898694196]]}, "properties": {"fault_name": "Kodiak shelf fault zone", "section_name": "unnamed strand", "class": "A"}}, {"type": "Feature", "geometry": {"type": "LineString", "coordinates": [[-152.06501649864586, 57.62750617476149], [-152.09642538378432, 57.608232540157516], [-152.14520433400503, 57.57920311578006], [-152.1994560446171, 57.5444629860698], [-152.23966893607124, 57.51828891378441], [-152.24609348037077, 57.51400588393847]]}, "properties": {"fault_name": "Kodiak shelf fault zone", "section_name": "unnamed strand", "class": "A"}}, {"type": "Feature", "geometry": {"type": "LineString", "coordinates": [[-151.98054563165758, 57.565640188032155], [-152.02337592998202, 57.536372817832806], [-152.07596201942857, 57.504488040807374], [-152.09475976082217, 57.49187689686993], [-152.10451555104598, 57.486166191003825]]}, "properties": {"fault_name": "Kodiak shelf fault zone", "section_name": "unnamed strand", "class": "A"}}, {"type": "Feature", "geometry": {"type": "LineString", "coordinates": [[-151.88274978456542, 57.580154901174105], [-151.91392072395143, 57.56064331977577], [-151.9512782627828, 57.538514332906125], [-151.9648411904358, 57.53018621897705]]}, "properties": {"fault_name": "Kodiak shelf fault zone", "section_name": "unnamed strand", "class": "A"}}, {"type": "Feature", "geometry": {"type": "LineString", "coordinates": [[-151.72368281638384, 57.70471968392225], [-151.76389570783797, 57.689015242041584], [-151.82647553236248, 57.66165144021751], [-151.868116100128, 57.6414260219703], [-151.88382054224806, 57.63309790820717]]}, "properties": {"fault_name": "Kodiak shelf fault zone", "section_name": "unnamed strand", "class": "A"}}, {"type": "Feature", "geometry": {"type": "LineString", "coordinates": [[-151.17378937756388, 58.044030823907434], [-151.1947286352212, 58.035702709886195], [-151.22827903482673, 58.02237772913394], [-151.26730219572195, 58.0064353389467], [-151.31013249404637, 57.98835143592874], [-151.34177932583563, 57.97336083203118]]}, "properties": {"fault_name": "Kodiak shelf fault zone", "section_name": "unnamed strand", "class": "A"}}, {"type": "Feature", "geometry": {"type": "LineString", "coordinates": [[-150.75214888886308, 58.154913706771886], [-150.7676153852307, 58.14230256285341], [-150.79140999461242, 58.12493249786518], [-150.81663228210218, 58.10732448589795], [-150.8416166220428, 58.09233388177444]]}, "properties": {"fault_name": "Kodiak shelf fault zone", "section_name": "unnamed strand", "class": "A"}}, {"type": "Feature", "geometry": {"type": "LineString", "coordinates": [[-150.62342004813732, 58.119697682813474], [-150.62532361595362, 58.11874590004123], [-150.6429316276866, 58.10708654006801], [-150.6712472135516, 58.08924058187202], [-150.70360788439484, 58.07091873298019], [-150.73644444494636, 58.05402455997784], [-150.76523592411286, 58.04069957699302], [-150.7916479412632, 58.02904022011598], [-150.8133010370762, 58.021187998153515]]}, "properties": {"fault_name": "Kodiak shelf fault zone", "section_name": "unnamed strand", "class": "A"}}, {"type": "Feature", "geometry": {"type": "LineString", "coordinates": [[-150.42051151038675, 58.4904771951818], [-150.45084963874086, 58.47263123688117], [-150.48178263057778, 58.45538014508697], [-150.50141318390163, 58.44467257013041], [-150.5311564469763, 58.42623174819204], [-150.56268430588932, 58.40541146417554], [-150.58350458977208, 58.38875523592854], [-150.61443758340565, 58.367934953011485]]}, "properties": {"fault_name": "Kodiak shelf fault zone", "section_name": "unnamed strand", "class": "A"}}, {"type": "Feature", "geometry": {"type": "LineString", "coordinates": [[-149.41893688670248, 58.68446275287658], [-149.44511095810037, 58.66923420220459], [-149.46033950781722, 58.66161992785121], [-149.48556179440862, 58.64496370119568], [-149.51673273379467, 58.62545212115206], [-149.547189835025, 58.60165751112223], [-149.56670141457428, 58.583811553043894], [-149.5821679109419, 58.569058893869105], [-149.58930629429543, 58.55954105081133], [-149.60596252212028, 58.548833476173144], [-149.62404642356157, 58.53717411718701], [-149.63951292262414, 58.527656273119554], [-149.67139769926754, 58.50981031586675], [-149.7120864822266, 58.49077462792632], [-149.74658866843524, 58.47411840006721], [-149.76395873172083, 58.464600557183], [-149.7927502108873, 58.45032379002604], [-149.83343899384639, 58.427005072094005], [-149.87484161496113, 58.406303761802356], [-149.88673892144863, 58.40083100187381], [-149.90672639340116, 58.39345467184089], [-149.929331272224, 58.38893369600018], [-149.94646339155375, 58.38250915215816], [-149.96526113294735, 58.37489487581626], [-149.98096557596577, 58.36537703302156], [-149.9945285054154, 58.35466945802885], [-150.00190483272473, 58.348244912985685], [-150.01689543668914, 58.33634760812298], [-150.03378961116476, 58.32373646613762], [-150.05330119071405, 58.31017353712701], [-150.07947526121362, 58.29470704115793], [-150.0992247874137, 58.28399946589419], [-150.12111582897913, 58.274005729900736]]}, "properties": {"fault_name": "Kodiak shelf fault zone", "section_name": "unnamed strand", "class": "A"}}, {"type": "Feature", "geometry": {"type": "LineString", "coordinates": [[-149.77228684742988, 58.314218621161665], [-149.77728371541804, 58.29423114795644], [-149.78822923530242, 58.27662313678822], [-149.81345152099553, 58.25449414998787], [-149.85104700557937, 58.229747755016156], [-149.86556171714054, 58.22189553411617], [-149.90387103898178, 58.200956277060264], [-149.94574955339806, 58.180492912195646]]}, "properties": {"fault_name": "Kodiak shelf fault zone", "section_name": "unnamed strand", "class": "A"}}, {"type": "Feature", "geometry": {"type": "LineString", "coordinates": [[-149.3653990142461, 58.496723280120136], [-149.38134140211864, 58.475784022775684], [-149.40275655128085, 58.45151352096265], [-149.42702705396414, 58.427956856970724], [-149.45510469407662, 58.40535197714616], [-149.4891309860854, 58.38417477378291], [-149.53291306831795, 58.361569895993476], [-149.57931255831915, 58.3394409068762], [-149.60263127619598, 58.32730565618379], [-149.6378472987637, 58.308507914987835], [-149.68876776434976, 58.28019232790034], [-149.73373957803958, 58.25163879697636], [-149.7791872832343, 58.22213348011267], [-149.8124997361891, 58.192866110145005]]}, "properties": {"fault_name": "Kodiak shelf fault zone", "section_name": "unnamed strand", "class": "A"}}, {"type": "Feature", "geometry": {"type": "LineString", "coordinates": [[-149.4739024345719, 58.62997309603846], [-149.49388990832108, 58.61450660003087], [-149.51530505838159, 58.59689858921523], [-149.53695815239794, 58.581432091021455], [-149.5602768711731, 58.565727649865174]]}, "properties": {"fault_name": "Kodiak shelf fault zone", "section_name": "unnamed strand", "class": "A"}}, {"type": "Feature", "geometry": {"type": "LineString", "coordinates": [[-148.83406537106725, 58.883861586063716], [-148.84358321464032, 58.86173259784392], [-148.85452873632136, 58.848645563167445], [-148.87451620917219, 58.83127549811249], [-148.9052112552567, 58.81247775522729], [-148.92829202738102, 58.801294289009356], [-148.9668392949747, 58.78463806187266], [-149.0053865625684, 58.77083718812908], [-149.03322625782673, 58.7610813969287], [-149.04750302273712, 58.75632247617884], [-149.0803395859836, 58.74632873891365], [-149.1043721420161, 58.73847651896746], [-149.130546213414, 58.73086224293039], [-149.1598135831871, 58.72063056103197], [-149.17980105513962, 58.712778338895816], [-149.20193004155922, 58.70468817181196], [-149.22405903067377, 58.69517032800934], [-149.24095320335277, 58.68684221395522], [-149.2616545143593, 58.6778002620593], [-149.27307592844357, 58.67185160982116]]}, "properties": {"fault_name": "Kodiak shelf fault zone", "section_name": "unnamed strand", "class": "A"}}, {"type": "Feature", "geometry": {"type": "LineString", "coordinates": [[-148.78552436659902, 58.66971009484133], [-148.8116984379969, 58.66043019687183], [-148.8400140247602, 58.650436462003476], [-148.86642604101223, 58.64044272502941], [-148.88688940626628, 58.632590503993804], [-148.91401526157233, 58.62212087497375], [-148.93614424889023, 58.61284097818271], [-148.95993885827198, 58.602371349133996]]}, "properties": {"fault_name": "Kodiak shelf fault zone", "section_name": "unnamed strand", "class": "A"}}, {"type": "Feature", "geometry": {"type": "LineString", "coordinates": [[-148.67059640017706, 58.775834056062095], [-148.69391511805387, 58.76393675003025], [-148.71580615872102, 58.753229175781655], [-148.7324623874442, 58.74466311685073], [-148.74554942179563, 58.73823857193153]]}, "properties": {"fault_name": "Kodiak shelf fault zone", "section_name": "unnamed strand", "class": "A"}}, {"type": "Feature", "geometry": {"type": "LineString", "coordinates": [[-153.0916349487089, 56.70546503392319], [-153.11162242155976, 56.69404362184874], [-153.13517908518907, 56.67929096380333], [-153.1680156484355, 56.65954143811545]]}, "properties": {"fault_name": "Kodiak shelf fault zone", "section_name": "Kodiak shelf anticline", "class": "A"}}, {"type": "Feature", "geometry": {"type": "LineString", "coordinates": [[-153.1687294856929, 56.65930349122704], [-153.19418971803677, 56.646216454965085], [-153.23535439339906, 56.622659792155936], [-153.28913021340455, 56.59600982788053], [-153.30340697831494, 56.589347338046544]]}, "properties": {"fault_name": "Kodiak shelf fault zone", "section_name": "Kodiak shelf anticline", "class": "A"}}, {"type": "Feature", "geometry": {"type": "LineString", "coordinates": [[-152.9607645944144, 56.772327888998014], [-152.99431499312163, 56.75781317680716], [-153.03714529234438, 56.73639802720709], [-153.07712023714777, 56.71450698589797], [-153.09115905720398, 56.70617887291977]]}, "properties": {"fault_name": "Kodiak shelf fault zone", "section_name": "Kodiak shelf anticline", "class": "A"}}, {"type": "Feature", "geometry": {"type": "LineString", "coordinates": [[-148.67464148425702, 58.830561659153425], [-148.70319501587446, 58.81366748582436], [-148.73079676358373, 58.797487152038215], [-148.76672662520542, 58.77821351599331], [-148.79599399408022, 58.76203318189717], [-148.82549931140238, 58.74704257781871], [-148.85357695061657, 58.73300375799185], [-148.87879923810632, 58.721106451822784]]}, "properties": {"fault_name": "Kodiak shelf fault zone", "section_name": "Kodiak shelf anticline", "class": "A"}}, {"type": "Feature", "geometry": {"type": "LineString", "coordinates": [[-148.53191272771335, 64.01997905201098], [-148.5288306070752, 64.01995341181163], [-148.49664268585437, 64.02104106493262], [-148.47555945790143, 64.0245671529495], [-148.4563403796901, 64.02446028090665], [-148.43784597331677, 64.02509601890691], [-148.38560089423356, 64.03011793293217]]}, "properties": {"fault_name": "Mystic Mountain fault (Northern Foothills fold and thrust belt)", "section_name": "", "class": "A"}}, {"type": "Feature", "geometry": {"type": "LineString", "coordinates": [[-148.25874376706412, 64.00207585783092], [-148.25500813103994, 64.00286051308609], [-148.2502307538151, 64.00335313192541], [-148.2459232718406, 64.00670028018106], [-148.2318580053824, 64.00651944402847], [-148.21545266084672, 64.0077109858762], [-148.20458196433728, 64.01005848986932], [-148.19599321143167, 64.00967815319532], [-148.1875261119751, 64.01215499296804], [-148.1809619613956, 64.01100490288086], [-148.17513449672273, 64.01105220700312], [-148.16892647155953, 64.01019960611661], [-148.16271256692278, 64.0091963331177], [-148.1568605396151, 64.00864127993745], [-148.15133291641442, 64.00763205194775], [-148.14586118010246, 64.00797627285317], [-148.137971593169, 64.00788790306221], [-148.13079799495804, 64.00854580090456], [-148.12427935842075, 64.0084459918918], [-148.1001967356842, 64.00637373590429], [-148.08579460728265, 64.00537319610207], [-148.07092505489604, 64.00402614116445], [-148.05403496595832, 64.00325285587891], [-148.02572742540508, 64.00457688492081], [-148.00749162693404, 64.00896508217987], [-147.967477927911, 64.015142366132], [-147.92578272101665, 64.01441084603276], [-147.92450901325003, 64.01374137706506]]}, "properties": {"fault_name": "Mystic Mountain fault (Northern Foothills fold and thrust belt)", "section_name": "", "class": "A"}}, {"type": "Feature", "geometry": {"type": "LineString", "coordinates": [[-148.38229915257645, 64.02868576207358], [-148.3820978410196, 64.02863860111432], [-148.37280037933857, 64.02797448909963], [-148.36404776204708, 64.0264029851022], [-148.3440256869898, 64.02518781502661], [-148.3312843504108, 64.0208379990515], [-148.31583083559735, 64.01827008201657], [-148.30357102655336, 64.01299870583891], [-148.29065808121237, 64.01022127703148], [-148.28544046212465, 64.00861252087594], [-148.27684423793085, 64.00808656689203], [-148.27264913340179, 64.00631790011505], [-148.26909898780565, 64.00364071511027], [-148.25874376706412, 64.00207585783092]]}, "properties": {"fault_name": "Mystic Mountain fault (Northern Foothills fold and thrust belt)", "section_name": "", "class": "A"}}, {"type": "Feature", "geometry": {"type": "LineString", "coordinates": [[-147.92450901325003, 64.01374137706506], [-147.90938441657786, 64.0057884760422], [-147.89830024711924, 64.00224672390294], [-147.87133415628816, 63.99488867287609], [-147.8453416990879, 63.98526332300787], [-147.83947843026274, 63.983943341886835], [-147.83224580555108, 63.98263099091263], [-147.8208469526552, 63.979386103118436], [-147.8094376846919, 63.975689047162504], [-147.80353492502852, 63.972863378837175]]}, "properties": {"fault_name": "Mystic Mountain fault (Northern Foothills fold and thrust belt)", "section_name": "", "class": "A"}}, {"type": "Feature", "geometry": {"type": "LineString", "coordinates": [[-152.35641848826006, 57.47299995701484], [-152.36137394032033, 57.470604782980715], [-152.3654800316862, 57.46858332622777], [-152.36690587543438, 57.467304674221154], [-152.3708839353127, 57.4645260349891], [-152.37414032821763, 57.462878238894966], [-152.37782899223393, 57.46055176380166], [-152.38292550404833, 57.457929534036445], [-152.38758897489515, 57.45598572401984], [-152.39211917258478, 57.45358728084579], [-152.39722364706586, 57.45035942408355], [-152.40302739082534, 57.44721030883532], [-152.4088252569079, 57.44436344598128], [-152.41265738636665, 57.44158281191211], [-152.41691449081998, 57.43850148313716]]}, "properties": {"fault_name": "Narrow Cape fault zone", "section_name": "Narrow Cape fault", "class": "A"}}, {"type": "Feature", "geometry": {"type": "LineString", "coordinates": [[-152.3325474241628, 57.473254076116774], [-152.33609391541233, 57.471230609121704], [-152.34314909231264, 57.469225365049766], [-152.34808065996614, 57.46819204301686], [-152.3530132867334, 57.46708289592735], [-152.35569999862784, 57.465962104005534], [-152.35895190534623, 57.46461722099687], [-152.36319384983085, 57.46282343697349], [-152.36871401431975, 57.4601282797732], [-152.37522204714344, 57.4570595999585], [-152.37862045740658, 57.45526111895064], [-152.38187184939034, 57.45384000682735], [-152.38584350607732, 57.45128777803511], [-152.39151436565007, 57.44776035987026], [-152.39449653523812, 57.44558126091274], [-152.39777006440542, 57.4427227561646], [-152.40060995881876, 57.44061846876055], [-152.4058472150786, 57.43769343992471]]}, "properties": {"fault_name": "Narrow Cape fault zone", "section_name": "Bear Paw fault", "class": "A"}}, {"type": "Feature", "geometry": {"type": "LineString", "coordinates": [[-152.38345147842696, 57.43501424605135], [-152.37640508974508, 57.43702177312149], [-152.37118634776323, 57.43873549124107], [-152.36737748556865, 57.4400022579956], [-152.36188396780605, 57.44133603020139], [-152.35766035883466, 57.442222220921046], [-152.3544223876813, 57.44288640996149], [-152.3506272598291, 57.44332073992319], [-152.34584883157535, 57.4438254928485], [-152.34134129568542, 57.44486093893696], [-152.33583788297994, 57.44664734887568], [-152.3299117033388, 57.448506911001246], [-152.3249641708261, 57.45052271312555], [-152.3234084010434, 57.45119510498087]]}, "properties": {"fault_name": "Narrow Cape fault zone", "section_name": "Bison fault", "class": "A"}}, {"type": "Feature", "geometry": {"type": "LineString", "coordinates": [[-152.32032191638962, 57.43605111695233], [-152.3237154730553, 57.43455662885398], [-152.32726285363694, 57.43230650203464], [-152.33123319519035, 57.42990724617967], [-152.33335837918386, 57.42870831176117], [-152.3377307752174, 57.42729425885106], [-152.340842418089, 57.42579783111681], [-152.3462103495783, 57.42355668205769]]}, "properties": {"fault_name": "Narrow Cape fault zone", "section_name": "Claudia fault", "class": "A"}}, {"type": "Feature", "geometry": {"type": "LineString", "coordinates": [[-152.35146732565525, 57.428705414956454], [-152.34623922143152, 57.43094752883353], [-152.34185725115367, 57.432891298911144], [-152.33451625188954, 57.43557570821498], [-152.32929166457018, 57.437514592904826]]}, "properties": {"fault_name": "Narrow Cape fault zone", "section_name": "unnamed strand", "class": "A"}}, {"type": "Feature", "geometry": {"type": "LineString", "coordinates": [[-152.31757337435246, 57.43412366913986], [-152.31982963422402, 57.43345512384682], [-152.32223162419086, 57.43248477296594], [-152.3264702008915, 57.43076782917367], [-152.33027947361612, 57.429502285856046], [-152.33240602035394, 57.42822773017375], [-152.3355220389193, 57.42650453299634], [-152.33891406305906, 57.425009620191496], [-152.3435769679673, 57.422991776921634]]}, "properties": {"fault_name": "Narrow Cape fault zone", "section_name": "unnamed strand", "class": "A"}}, {"type": "Feature", "geometry": {"type": "LineString", "coordinates": [[-152.38919096928743, 57.43564728109002], [-152.383950141326, 57.438722877878256], [-152.37984842116234, 57.44074495389254], [-152.3744890470244, 57.44245811814054], [-152.36827974355856, 57.44462061721525], [-152.36165019293142, 57.446705050125175], [-152.3560125198202, 57.44818911211332], [-152.3503690274226, 57.44997544022471], [-152.34303600609647, 57.45205527001222], [-152.3366801838145, 57.45436673086752], [-152.32847728786615, 57.45787823916471]]}, "properties": {"fault_name": "Narrow Cape fault zone", "section_name": "unnamed strand", "class": "A"}}, {"type": "Feature", "geometry": {"type": "LineString", "coordinates": [[-152.37295598665213, 57.43367664776512], [-152.3639499267712, 57.43544680599684], [-152.3573337260075, 57.43685034598241], [-152.35183363167866, 57.438561832184014], [-152.34605521861354, 57.44012036116532], [-152.33957775186573, 57.44152369191181], [-152.3325470064462, 57.442469943199846]]}, "properties": {"fault_name": "Narrow Cape fault zone", "section_name": "unnamed strand", "class": "A"}}, {"type": "Feature", "geometry": {"type": "LineString", "coordinates": [[-152.33067338396987, 57.468252132941686], [-152.33562300686228, 57.46623611776674], [-152.34184877375236, 57.46347020988378], [-152.34610087009798, 57.461147595854825], [-152.3506290528664, 57.45905317191632], [-152.35359989020716, 57.45770697885204], [-152.35754873058423, 57.45659261111752], [-152.36473891259365, 57.45466248999522], [-152.3720751220407, 57.45235450677335], [-152.37758919864692, 57.44988584312089], [-152.38340090956467, 57.446359485116446], [-152.38752076042573, 57.44327846923863], [-152.39458149071115, 57.44043838921625], [-152.40150088456133, 57.43759724211398]]}, "properties": {"fault_name": "Narrow Cape fault zone", "section_name": "unnamed strand", "class": "A"}}, {"type": "Feature", "geometry": {"type": "LineString", "coordinates": [[-146.46307947794864, 60.42285684390171], [-146.46033832006313, 60.42365636002967], [-146.4570260851852, 60.42445587778239], [-146.45314277960304, 60.425598044138596], [-146.44828864942198, 60.42725418119183]]}, "properties": {"fault_name": "Rude River fault", "section_name": "", "class": "B"}}, {"type": "Feature", "geometry": {"type": "LineString", "coordinates": [[-146.4019745236273, 60.442330745933894], [-146.3985480760458, 60.44330158814405], [-146.3940936916746, 60.44432954101291], [-146.389467985104, 60.445357492819106], [-146.38598442982325, 60.44632833498071], [-146.3817013703464, 60.44758471693788], [-146.3775896339673, 60.44878399079141], [-146.37290682508734, 60.45032591198187], [-146.36919483811133, 60.451125431790224], [-146.36536863663517, 60.45203916695658], [-146.36034318066143, 60.45352398299863], [-146.35657408957942, 60.454609041001966], [-146.3528621044001, 60.45575120492302], [-146.34915012011902, 60.45672204786447], [-146.34435309134898, 60.457864217198555], [-146.3402984617708, 60.45894927591194], [-146.3359011824039, 60.45969169102763], [-146.33213208862696, 60.460605424804605], [-146.32779191965423, 60.461690485807715], [-146.3237372981609, 60.46363215599513], [-146.3224238318581, 60.46443166710008]]}, "properties": {"fault_name": "Rude River fault", "section_name": "", "class": "B"}}, {"type": "Feature", "geometry": {"type": "LineString", "coordinates": [[-146.15966776038408, 60.52770743199766], [-146.1558986800819, 60.52993464001142], [-146.1519582721904, 60.531704988123096], [-146.1484176146003, 60.53313268921716], [-146.1444772067088, 60.53484593120041], [-146.14099365771628, 60.53644495486845], [-146.13688192762535, 60.53821530398425], [-146.13345548273887, 60.539471682048955], [-146.129172423262, 60.54072806480037], [-146.12546044616744, 60.542384197967735], [-146.12209110898016, 60.54369768383526], [-146.11803648389358, 60.54523960196883], [-146.11392474841276, 60.54649598386885], [-146.10547284216258, 60.5487232098845], [-146.1013611021902, 60.5496369471295], [-146.09724936491278, 60.55077911386229], [-146.09279497964326, 60.551692851779386], [-146.0880550603691, 60.55294923482439], [-146.08302959990377, 60.55397719008544], [-146.0789178581348, 60.5547196050122], [-146.0738352881736, 60.5556333451131], [-146.06943800880669, 60.55637576000198], [-146.0655547023262, 60.557460818966135], [-146.06070056495864, 60.55854587994177], [-146.0563032900833, 60.55974515482694], [-146.05207733561073, 60.56071599908484], [-146.04836535043137, 60.561686842010694], [-146.0415124489802, 60.56305744898878], [-146.03563038560267, 60.565227558061785], [-146.0310046799304, 60.566426835009736], [-146.02689294175462, 60.56739767818856], [-146.02295252757492, 60.56853984506251], [-146.0187836843949, 60.569853332918534], [-146.0144435181171, 60.571166823900086], [-146.0062200426639, 60.57339404885361], [-146.00193697959378, 60.57436489419672], [-145.99811078440584, 60.57573548891213], [-145.99371350773387, 60.57687765597775], [-145.99051549274597, 60.57796271191801], [-145.9812069781937, 60.58076101698306], [-145.9780660664135, 60.58150342685281], [-145.97378300514004, 60.58253137905599], [-145.96961415657012, 60.58344511605976], [-145.9645315911005, 60.58458728593774], [-145.9601914230261, 60.58572945381728], [-145.95208215488654, 60.58715717305271], [-145.94808462941432, 60.587956693848085], [-145.943972886747, 60.58864200117222], [-145.94054643736888, 60.589498627011494], [-145.93580651360315, 60.59029815116617], [-145.9314663419355, 60.59109767405555], [-145.92764013596772, 60.591554548813725], [-145.9228431062994, 60.59263961121288], [-145.9185029337334, 60.593382025117805], [-145.91376300727273, 60.59401022696433], [-145.9056537400315, 60.59549505495883], [-145.90091381267254, 60.59612325583451], [-145.89645942740302, 60.59692277697026], [-145.89183371364587, 60.597436764991194], [-145.88755064518585, 60.5978365338224], [-145.88235385982622, 60.598693167170595], [-145.8782421198538, 60.59960690302603], [-145.8731595471977, 60.60017799900262], [-145.86921912672975, 60.6008061969657], [-145.86447919937078, 60.60132018313845], [-145.86008191910554, 60.6020054908915], [-145.8558559628364, 60.602862121219225], [-145.84985966968733, 60.603604542179944], [-145.8456908211174, 60.60434695488421], [-145.84140775535232, 60.60508937079555], [-145.83678204518844, 60.60571757195241], [-145.83284162741546, 60.606574199008], [-145.8282730231542, 60.607145292096824], [-145.82393285058825, 60.607944814967716], [-145.81907870872908, 60.608573016981325], [-145.81479564476066, 60.60925832418237], [-145.80491604243616, 60.61091448114342], [-145.8008043033621, 60.6119995401534], [-145.797549180675, 60.613198810991896], [-145.7928663646085, 60.61411255019575], [-145.7887546273311, 60.61525471602299], [-145.78350073966206, 60.61662531682936], [-145.7809309075692, 60.61759615597714], [-145.77693338479193, 60.61873832101014], [-145.77253610811997, 60.61976627383729], [-145.7681959409439, 60.620965548195386], [-145.76379866157697, 60.6217650710999], [-145.75940138131176, 60.62250748605246], [-145.75500410374147, 60.62353543907461], [-145.75037839717086, 60.624563391944], [-145.7459811196006, 60.6255342380863], [-145.74198359772163, 60.626676403187446], [-145.73815739444882, 60.627361708828104], [-145.7328464017755, 60.62896073981132], [-145.72896309170176, 60.62987447497342], [-145.7249084630219, 60.63118796521021], [-145.72085383703697, 60.6326156678456], [-145.71645656395825, 60.63398626587713], [-145.7125161470836, 60.63495710984514], [-145.70886127499338, 60.6364419188271], [-145.70480664272023, 60.637355656064635], [-145.70058069094262, 60.638669145021765], [-145.69698292565332, 60.64015395392378], [-145.6934422653683, 60.64135322601122], [-145.68898788279373, 60.642552501920214], [-145.6850474668174, 60.64363756005639], [-145.68047887064094, 60.64495105109403], [-145.6762529170667, 60.64597900302487], [-145.67219829018347, 60.64734960009316], [-145.6678010197997, 60.649005734887744], [-145.6646030030152, 60.65003368296173], [-145.66089102142908, 60.651461384943545], [-145.65689350224508, 60.65294619581526], [-145.65323863464644, 60.65483075886731], [-145.6497550838573, 60.656372676049465], [-145.64615732216123, 60.65808591595029], [-145.64278798677057, 60.65951361719751], [-145.63998973196558, 60.661398175006916], [-145.63639196577796, 60.66282587818979], [-145.6324515596831, 60.66471044198211], [-145.62674083018308, 60.66790848486293], [-145.62302885308853, 60.66967883312766], [-145.61977373399466, 60.671220747936296], [-145.6164615080999, 60.67287688015626], [-145.61286374370889, 60.67447590288114], [-145.6086377982195, 60.67624625383522], [-145.60555399863009, 60.67744552409805], [-145.60207044963758, 60.67898743993509], [-145.5976731828471, 60.68098622115786], [-145.59464649634683, 60.682642351058306], [-145.5913913799479, 60.684526912192595], [-145.5873938616622, 60.686011722821526], [-145.58459560056903, 60.68732520689803], [-145.5813404841701, 60.688981336840826], [-145.57705742828654, 60.69058036509885], [-145.5736309878916, 60.6922936030224], [-145.57020454210672, 60.69337866005019], [-145.56740628191187, 60.69474925215292], [-145.56340876272785, 60.696234063195774], [-145.56015364363398, 60.69777598003806], [-145.5562703416451, 60.69937500500862], [-145.55232993016034, 60.70068849296488], [-145.54821819557785, 60.70228751992308], [-145.54541993358634, 60.70342968100865], [-145.54130819990218, 60.7049144938881], [-145.5377675423121, 60.70634219608372], [-145.53411266932355, 60.70782700497741], [-145.53080044163212, 60.70925470615045], [-145.5268029224481, 60.71079662487712], [-145.52246275796696, 60.712224329934436], [-145.5194360651785, 60.713252277026676], [-145.5141250734035, 60.715079740044565], [-145.5114410277088, 60.71627900683896], [-145.5079003674238, 60.71747827896336], [-145.50373152514206, 60.719020198137876], [-145.49899160317295, 60.720105260197876], [-145.4941945770979, 60.721532966876104], [-145.49048259371514, 60.72273224014576], [-145.48191647296483, 60.725073682165444], [-145.47717655279234, 60.726215851117104], [-145.47277927432373, 60.72718669604318], [-145.46929571724638, 60.7279862149076], [-145.46501265327797, 60.72878573714771], [-145.4609580210048, 60.729813688972555], [-145.4558183433444, 60.73061321315133], [-145.4514210639775, 60.731469842839175], [-145.44668114380502, 60.73272622798796], [-145.4422267576372, 60.73358285796036], [-145.43822923036834, 60.73426816498208], [-145.43354641340355, 60.73512479597546], [-145.42777854655986, 60.7356387869629], [-145.42332416129037, 60.73655252410774], [-145.41938374261906, 60.73723782878217], [-145.41458670756083, 60.73792313902677], [-145.4101894263973, 60.73855133817376], [-145.40510685733443, 60.739522186062196], [-145.4012235409725, 60.739750632037605], [-145.39608386241375, 60.740493049813395], [-145.3915152590508, 60.74117835818345], [-145.38660400859408, 60.74174945202349], [-145.3774096968639, 60.74346271384752], [-145.37215580111004, 60.74409091785798], [-145.3685009173417, 60.74454779320222], [-145.3636467727876, 60.74500467213988], [-145.35947792511595, 60.745804192984494], [-145.3539955967685, 60.746318182885695], [-145.35028360440262, 60.74666084102668], [-145.34514392404725, 60.747346152917174], [-145.3408608573839, 60.7478030288913], [-145.33594960513054, 60.74820280106173], [-145.33155232037373, 60.74854546497816], [-145.32618420742475, 60.74888813006392], [-145.32024501389012, 60.74894526213754], [-145.3166472297362, 60.748716845165916], [-145.3108793619942, 60.749059512811094], [-145.30722447103935, 60.748831096213834], [-145.3021989953027, 60.748431363914605], [-145.29757327705397, 60.74848849109503], [-145.29260491530474, 60.74865983208121], [-145.28723679786418, 60.74871696104963], [-145.2824397547211, 60.748488549915194], [-145.278727756067, 60.74837434900579], [-145.27313120782952, 60.748260156030206], [-145.26873391768282, 60.748031742961075], [-145.26325158304715, 60.74786044207872], [-145.25896850919727, 60.74768913589227], [-145.25422856926187, 60.74711807793787], [-145.2497170700049, 60.74746074202409], [-145.24463448567064, 60.7470039020016], [-145.24046562632094, 60.74677548789216], [-145.23498328899032, 60.74643286389916], [-145.23075732643292, 60.74654709586201], [-145.22596027879828, 60.74603314694131], [-145.22087769895566, 60.74586184504807], [-145.21710859080568, 60.74551921393459], [-145.2123686526669, 60.745119479889915], [-145.20751450092627, 60.744776854021], [-145.2019750558964, 60.7444342302014], [-145.1975206535589, 60.74392027993102], [-145.19266650002166, 60.74334922383695], [-145.1891258199737, 60.742721055798285], [-145.18301529525647, 60.74192157405359], [-145.17907486311046, 60.7414647298169], [-145.17462045987463, 60.74072234900372], [-145.16999473443943, 60.73997996902268], [-145.16611140729768, 60.73918048003546], [-145.16034352967424, 60.73855231778918], [-145.15708838722418, 60.737924148959365], [-145.1532621668834, 60.73706755093977], [-145.1489790867453, 60.73632516986736], [-145.14366806891914, 60.73558279402392], [-145.13938498967937, 60.73489751901389], [-145.13481637194337, 60.73426935508159], [-145.12984800031268, 60.73352697605693], [-145.12613599986196, 60.73307013004293], [-145.1209963033369, 60.732213538214666], [-145.1165990113936, 60.731870908963245], [-145.11225882355623, 60.73107142092916], [-145.1075759922184, 60.73055747189468], [-145.10180811279832, 60.72981509708634], [-145.09689685335843, 60.72952957901537], [-145.09215690982978, 60.72850166201929], [-145.0887875555745, 60.728216137980894], [-145.08341942915078, 60.72735954492472], [-145.0789650286099, 60.726845594904006], [-145.07451062717072, 60.72633164500477], [-145.0696564700402, 60.72547505220225], [-145.06525917360528, 60.7247326701627], [-145.06097609256886, 60.72393318188436], [-145.05183885440195, 60.72221999311145], [-145.04761288286142, 60.7216489331668], [-145.04241607684048, 60.72056391094259], [-145.03910382938614, 60.7199928487977], [-145.0333359463728, 60.71890782819531], [-145.02808202816107, 60.71748015995223], [-145.02505531830462, 60.716966205191326], [-145.02185728265547, 60.71610960517402], [-145.01586096794685, 60.71491036896789], [-145.0102644116245, 60.71411088713418], [-145.00592422109222, 60.71308296794654], [-145.0020408939505, 60.71239769395127], [-144.99764359661728, 60.711483988819715], [-144.99284654359275, 60.71028475005731], [-144.98879188886173, 60.70902840107942], [-144.98439459512176, 60.70845734397698], [-144.98011151228874, 60.70760074699096], [-144.97594264395585, 60.706458612785696], [-144.97211642631, 60.705887551782126], [-144.9665198628011, 60.70440277901205], [-144.9626936406637, 60.70343196502909], [-144.95806791612677, 60.70274669404401], [-144.95258556621977, 60.70120481114296], [-144.94767430139, 60.70040532596051], [-144.94013607341194, 60.698520806022785], [-144.93482505019594, 60.69720735393588], [-144.93122726244872, 60.696522078215416], [-144.92671574702206, 60.695379945210384], [-144.9227182053802, 60.69469467099895]]}, "properties": {"fault_name": "Rude River fault", "section_name": "", "class": "B"}}, {"type": "Feature", "geometry": {"type": "LineString", "coordinates": [[-146.59889170177635, 60.37305650395214], [-146.5970071683626, 60.374198646204405], [-146.5926099249283, 60.37648292783079], [-146.58741318178946, 60.37859588983331], [-146.5812456194416, 60.38139413578518], [-146.57433566508843, 60.3840781680987], [-146.5671972817349, 60.38716194881682], [-146.5580030436666, 60.39093101514326], [-146.54920855589964, 60.3950998319533], [-146.5439547059599, 60.397269900027716], [-146.53578839479982, 60.40023946621821], [-146.53127693686534, 60.402009785189044], [-146.52579465972184, 60.40406564015884], [-146.51939866927196, 60.406064385995364], [-146.50803436288695, 60.409833452977416], [-146.49667005740022, 60.413773840843284], [-146.48747581933188, 60.4165149800613], [-146.48462046670915, 60.41697183712753], [-146.4766825854477, 60.41897058312954], [-146.46863048878777, 60.420855116093605], [-146.4626342468427, 60.422339900018]]}, "properties": {"fault_name": "Rude River fault", "section_name": "", "class": "B"}}, {"type": "Feature", "geometry": {"type": "LineString", "coordinates": [[-146.44828864942198, 60.42725418119183], [-146.44406269764437, 60.42856767013591], [-146.42921476860496, 60.43359318991546], [-146.4187641072544, 60.43696257408249], [-146.40728551270735, 60.440503285105734], [-146.40191741502974, 60.442330745933894]]}, "properties": {"fault_name": "Rude River fault", "section_name": "", "class": "B"}}, {"type": "Feature", "geometry": {"type": "LineString", "coordinates": [[-146.32236672505715, 60.46454588206073], [-146.31722706176978, 60.466773095100905], [-146.3073474881914, 60.47105619803965], [-146.29683973620956, 60.475910377888994], [-146.2854182646331, 60.4810500981477], [-146.27708058456122, 60.48424815177941], [-146.2683431478997, 60.487046454993425], [-146.2546944751545, 60.491843539105936], [-146.2415597726008, 60.4967548368253], [-146.22945299965028, 60.50092373420226], [-146.21529036390012, 60.50623478816342], [-146.209522518616, 60.508576219139485], [-146.19941451064741, 60.51268799905215], [-146.18936361127635, 60.51674267213412], [-146.18182543090902, 60.51919832585006], [-146.16617800486, 60.525365999102455], [-146.15978197668088, 60.52776453889676]]}, "properties": {"fault_name": "Rude River fault", "section_name": "", "class": "B"}}, {"type": "Feature", "geometry": {"type": "LineString", "coordinates": [[-146.59894880857726, 60.37305650395214], [-146.59997673458722, 60.37162882690341], [-146.60208969700128, 60.369572972808335], [-146.60443108661906, 60.3679739749318], [-146.6070580120381, 60.366089441922846], [-146.61019889956378, 60.36397648080998], [-146.61385375278942, 60.36237748199103], [-146.61688042671327, 60.36077848514414], [-146.61990710243376, 60.35929370083239], [-146.62247691925523, 60.35786602504559], [-146.62601755708238, 60.356152811909595], [-146.62910133870545, 60.35455381500313], [-146.63332726083868, 60.35306903114301], [-146.637210541268, 60.35141292717045], [-146.640351429692, 60.349813928919275], [-146.64337810541247, 60.34832914611951], [-146.64703295684146, 60.34661593411083], [-146.65068780827048, 60.345131150177565], [-146.65394291209296, 60.34341793821336], [-146.65776908482303, 60.34176183310579], [-146.66096708004798, 60.34016283511606], [-146.66422218387046, 60.33862094509257], [-146.6677057148967, 60.33696484010364], [-146.67096081692256, 60.335594270132695], [-146.6745014547497, 60.33388105797267], [-146.67809919937775, 60.33222495386023], [-146.67969819699024, 60.33148256209846]]}, "properties": {"fault_name": "Rude River fault", "section_name": "", "class": "B"}}, {"type": "Feature", "geometry": {"type": "LineString", "coordinates": [[-151.0576414657484, 60.6179032848195], [-151.06376096463532, 60.6101162441731], [-151.0764605061974, 60.59768401781683], [-151.0940486400098, 60.57900253493845], [-151.1084181164474, 60.56377999502]]}, "properties": {"fault_name": "Beaver Creek anticline (Cook Inlet folds)", "section_name": "", "class": "A"}}, {"type": "Feature", "geometry": {"type": "LineString", "coordinates": [[-151.00104043788616, 60.67792775997306], [-151.01733447217498, 60.65851976915524], [-151.04083644906476, 60.63926721411252], [-151.0523038416202, 60.62469210181525], [-151.0576414657484, 60.6179032848195]]}, "properties": {"fault_name": "Beaver Creek anticline (Cook Inlet folds)", "section_name": "", "class": "A"}}, {"type": "Feature", "geometry": {"type": "LineString", "coordinates": [[-151.07764939593324, 61.10272842880736], [-151.07961457829654, 61.096113263000895], [-151.08545264668302, 61.05961905518752]]}, "properties": {"fault_name": "Beluga River anticline (Cook Inlet folds)", "section_name": "", "class": "A"}}, {"type": "Feature", "geometry": {"type": "LineString", "coordinates": [[-150.94659884228767, 61.232520865100554], [-150.9610037797211, 61.226233031844885], [-150.984449425056, 61.21713885500959], [-151.00696948315303, 61.20441904981858], [-151.02594428338747, 61.18921890194604], [-151.0438183967689, 61.17219211501614], [-151.0595630492777, 61.15091601712937], [-151.07056979384032, 61.12653675517783], [-151.07764939593324, 61.10272842880736]]}, "properties": {"fault_name": "Beluga River anticline (Cook Inlet folds)", "section_name": "", "class": "A"}}, {"type": "Feature", "geometry": {"type": "LineString", "coordinates": [[-149.96761668270895, 61.54378591888938], [-149.9090193620285, 61.557469533047], [-149.84423885729734, 61.57142888998692], [-149.76971239260658, 61.589394706157165], [-149.69839695140732, 61.605495900193674], [-149.66169870412926, 61.61350121785415]]}, "properties": {"fault_name": "Big Lake North anticline (Cook Inlet folds)", "section_name": "", "class": "A"}}, {"type": "Feature", "geometry": {"type": "LineString", "coordinates": [[-151.3497092561085, 60.250321376180935], [-151.36283196166156, 60.24367986213261], [-151.39899815566147, 60.22851610083509], [-151.4351861302138, 60.2126539549259], [-151.47310309488833, 60.19198577411152], [-151.52247806741858, 60.16668957080604], [-151.5602804519787, 60.14599481996329], [-151.61831224006866, 60.114612558900625], [-151.6519736525787, 60.091751588811], [-151.68405433381923, 60.07092530094439]]}, "properties": {"fault_name": "Falls Creek-Ninilchik anticline (Cook Inlet folds)", "section_name": "", "class": "A"}}, {"type": "Feature", "geometry": {"type": "LineString", "coordinates": [[-151.2600874286198, 61.04579292514358], [-151.2747048670253, 61.03527882314442], [-151.29500084559922, 61.01647206090357], [-151.3129375931155, 60.99581617107218], [-151.32975790541352, 60.97333639220227], [-151.34908723924957, 60.950303302972976], [-151.3737441881849, 60.92256870797652]]}, "properties": {"fault_name": "Granite Point anticline (Cook Inlet folds)", "section_name": "", "class": "A"}}, {"type": "Feature", "geometry": {"type": "LineString", "coordinates": [[-150.76362490973685, 61.30403060582344], [-150.76998865785455, 61.29096858479304], [-150.7798897415924, 61.26778082692416], [-150.79717021140317, 61.24596417211255], [-150.8097083975739, 61.23364398207968], [-150.82808136609384, 61.21305064293051]]}, "properties": {"fault_name": "Ivan River anticline (Cook Inlet folds)", "section_name": "", "class": "A"}}, {"type": "Feature", "geometry": {"type": "LineString", "coordinates": [[-151.423307981198, 60.37166815302139], [-151.42660595801576, 60.35157451095537], [-151.43180291675029, 60.328997397870346], [-151.43535517698055, 60.30554886718522], [-151.43850749377162, 60.28713179784727]]}, "properties": {"fault_name": "Kasilof anticline (Cook Inlet folds)", "section_name": "", "class": "A"}}, {"type": "Feature", "geometry": {"type": "LineString", "coordinates": [[-151.21009177322884, 60.57437752789176], [-151.21971553715704, 60.563281431981174], [-151.23437916873107, 60.543817426216314], [-151.24884601805385, 60.52646553390324], [-151.25597879232674, 60.51037564686964], [-151.2571690358237, 60.4962829372128], [-151.2572756712378, 60.477933281002514], [-151.25689493198274, 60.448280266137516], [-151.25688287299835, 60.43133978706643], [-151.25728596772757, 60.409466743885694], [-151.25625409811354, 60.38756459898421]]}, "properties": {"fault_name": "Kenai-Cannery Loop anticline (Cook Inlet folds)", "section_name": "", "class": "A"}}, {"type": "Feature", "geometry": {"type": "LineString", "coordinates": [[-150.8405255678246, 61.35263258295333], [-150.85105387056524, 61.33545875295142], [-150.85750706483407, 61.321194523061045], [-150.86699815927287, 61.30159490400797], [-150.87588669975176, 61.28798549204761], [-150.88715738281954, 61.27562985084624], [-150.89693142231832, 61.26564166783848], [-150.90877027183706, 61.24729344496936], [-150.91037318071426, 61.243726817927], [-150.91043154335995, 61.243127733197426], [-150.9105482659564, 61.24192956406894], [-150.91180073485475, 61.24195743083522]]}, "properties": {"fault_name": "Lewis River anticline (Cook Inlet folds)", "section_name": "", "class": "A"}}, {"type": "Feature", "geometry": {"type": "LineString", "coordinates": [[-151.55679816062755, 60.86818476384256], [-151.56741883263723, 60.86272843500416], [-151.58131902917043, 60.85238946100683], [-151.5938081224109, 60.84131861888386], [-151.60041799544172, 60.830849344078594], [-151.6104034049336, 60.81408757499655], [-151.61279935912006, 60.80142696281303], [-151.62100415590353, 60.78886754708338], [-151.62557429987723, 60.76636488893163], [-151.62851208909694, 60.75131831603711], [-151.63288863265217, 60.73430886899494], [-151.63838395782517, 60.71648682387718], [-151.64387321577672, 60.69866457500279], [-151.6492675918713, 60.68206220121904], [-151.65182597942743, 60.66989016108254], [-151.65387239823855, 60.653230070828066], [-151.65475786581746, 60.64102922884172]]}, "properties": {"fault_name": "McArthur River-Redoubt Shoal anticline (Cook Inlet folds)", "section_name": "", "class": "A"}}, {"type": "Feature", "geometry": {"type": "LineString", "coordinates": [[-151.4403794453815, 60.884604809011286], [-151.45109532623485, 60.87368984882321], [-151.46650504817825, 60.85862620104781], [-151.4748957189704, 60.84925394214531], [-151.4813477696839, 60.83666987683879], [-151.48339087640656, 60.82453387484545], [-151.4913372395609, 60.80668408291617], [-151.5001179435781, 60.79202488989804], [-151.5054186235919, 60.77994822994366], [-151.51030666337834, 60.77315670912624], [-151.5107561803465, 60.767342806168806], [-151.50923285681358, 60.75884654600567], [-151.50762855464936, 60.75140734821409], [-151.51259337703638, 60.74355839708549], [-151.5200970522153, 60.730991674027294], [-151.5297690996917, 60.71846389018875], [-151.5338790789661, 60.70742301114113], [-151.53846999198913, 60.69003919502037], [-151.54180950780398, 60.67474990584824], [-151.54723589805866, 60.66055674209323], [-151.54799801257604, 60.65051388985107], [-151.5523733011848, 60.635772387882504], [-151.5544570009785, 60.62257751601882], [-151.55613633582516, 60.59759373998718], [-151.5598821147272, 60.57333042911182], [-151.56327123461367, 60.55373964017158], [-151.56707673710903, 60.52854153302443], [-151.57108605117273, 60.500539656046215]]}, "properties": {"fault_name": "Middle Ground Shoal anticline (Cook Inlet folds)", "section_name": "", "class": "A"}}, {"type": "Feature", "geometry": {"type": "LineString", "coordinates": [[-151.27963738958795, 61.1573627201726], [-151.28353955260454, 61.146146789164774], [-151.29097561338872, 61.12794228111398], [-151.30010875433965, 61.10694788493316], [-151.31392466733956, 61.08251559778408], [-151.3279557717659, 61.05526349985897]]}, "properties": {"fault_name": "Moquawkie anticline (Cook Inlet folds)", "section_name": "", "class": "A"}}, {"type": "Feature", "geometry": {"type": "LineString", "coordinates": [[-151.44597332382597, 61.04691465719325], [-151.44771962178882, 61.04341844805476], [-151.4534063366264, 61.027292339062534], [-151.46094241493594, 61.006260271801175], [-151.46706183926267, 60.98449666409907]]}, "properties": {"fault_name": "Nicolai Creek anticline (Cook Inlet folds)", "section_name": "", "class": "A"}}, {"type": "Feature", "geometry": {"type": "LineString", "coordinates": [[-150.89197648499274, 61.149655664141605], [-150.90615501194029, 61.13256224101749], [-150.9202024297721, 61.116665732824586], [-150.93640463557765, 61.09121056810348], [-150.95189411983338, 61.072942551927454], [-150.9688390095967, 61.05230391900358], [-150.98706314344375, 61.03109142403849], [-151.00487002870588, 61.014070275194776], [-151.02486493421742, 61.00009608508563], [-151.0597536645945, 60.986438000883034], [-151.0895349650332, 60.9738643679495], [-151.11842878387012, 60.95706425812559], [-151.13574857743248, 60.94422024382699], [-151.1608161642505, 60.9279335660569], [-151.1718503945658, 60.91555607989733], [-151.18495732660085, 60.89361653713933], [-151.1945931800561, 60.868603667848014], [-151.21370496887977, 60.834179017001645]]}, "properties": {"fault_name": "North Cook Inlet - SRS anticline (Cook Inlet folds)", "section_name": "", "class": "A"}}, {"type": "Feature", "geometry": {"type": "LineString", "coordinates": [[-151.54477159465551, 60.92984197888988], [-151.54617989700114, 60.925462905075264], [-151.5470721315891, 60.92081550407918], [-151.5469923081913, 60.91485531390715], [-151.54647626019653, 60.90759192586353]]}, "properties": {"fault_name": "North Trading Bay anticline (Cook Inlet folds)", "section_name": "", "class": "A"}}, {"type": "Feature", "geometry": {"type": "LineString", "coordinates": [[-149.96817005660208, 61.50170343191909], [-149.95956870841786, 61.505677822018654], [-149.9359083253059, 61.513437684827494], [-149.9220055883371, 61.51859190990352], [-149.85334539913273, 61.53921842717012], [-149.7369066451676, 61.575624884091596], [-149.65413306136534, 61.59579486099286]]}, "properties": {"fault_name": "Pittman anticline (Cook Inlet folds)", "section_name": "", "class": "A"}}, {"type": "Feature", "geometry": {"type": "LineString", "coordinates": [[-149.65413306136534, 61.59579486099286], [-149.63077257901435, 61.60147387798621], [-149.4917295687589, 61.632665775911846], [-149.33665134501769, 61.66211864816045], [-149.218681849232, 61.686203583877564], [-149.13063199713375, 61.707999484125054], [-149.0899133344117, 61.72222086789759], [-149.039584901717, 61.73674718215289], [-148.99743461458792, 61.74792693604495], [-148.94215848858204, 61.75681289095994], [-148.9200991054273, 61.76235469709971]]}, "properties": {"fault_name": "Pittman anticline (Cook Inlet folds)", "section_name": "", "class": "A"}}, {"type": "Feature", "geometry": {"type": "LineString", "coordinates": [[-151.0004540877373, 60.56495872780154], [-151.0069660991994, 60.55253125997786], [-151.01578249507943, 60.5425640468384], [-151.0275931348033, 60.523748061920244], [-151.04307792895494, 60.498114647899484], [-151.0565633885928, 60.478109396097686]]}, "properties": {"fault_name": "Sterling anticline (Cook Inlet folds)", "section_name": "", "class": "A"}}, {"type": "Feature", "geometry": {"type": "LineString", "coordinates": [[-150.67341310380385, 61.300699191170956], [-150.68332449840455, 61.29012728803164], [-150.6999971770772, 61.27491184703371], [-150.7180929380769, 61.25792705517312], [-150.73711353711943, 61.24396453198201]]}, "properties": {"fault_name": "Stump Lake anticline (Cook Inlet folds)", "section_name": "", "class": "A"}}, {"type": "Feature", "geometry": {"type": "LineString", "coordinates": [[-150.73707324678062, 60.950759775018604], [-150.74419920014557, 60.93821983486956], [-150.76003449266653, 60.91176466814068], [-150.77424596712376, 60.88668233502048], [-150.78850590658888, 60.86089395120953], [-150.80717536227175, 60.83450116087339], [-150.82048063513497, 60.817866189199194], [-150.82789243242325, 60.8017995338794], [-150.83197703968082, 60.7898916949552], [-150.83709684121726, 60.767417265968696], [-150.84621496323496, 60.7485653430866], [-150.86112000895676, 60.72984675195951], [-150.87270086591911, 60.71528668997254], [-150.88653521234872, 60.69230524210397], [-150.90290568069176, 60.67291032381947], [-150.9123627729988, 60.64982753695867], [-150.92559781287815, 60.62843677099161], [-150.93414534209535, 60.61098621013378]]}, "properties": {"fault_name": "Swanson River anticline (Cook Inlet folds)", "section_name": "", "class": "A"}}, {"type": "Feature", "geometry": {"type": "LineString", "coordinates": [[-151.57403642668794, 60.91382295794681], [-151.57554929922085, 60.909102746191294], [-151.58058623656223, 60.90360713313918], [-151.5866070438371, 60.900362581206025], [-151.5956359936898, 60.89549525116675], [-151.60396051523938, 60.89229042593502], [-151.6105742905518, 60.88877603203449], [-151.62268589643853, 60.88116850693869], [-151.63674707196895, 60.8705211589112], [-151.6507989472412, 60.85987142620723], [-151.65702860922636, 60.85355510584819], [-151.65918379515375, 60.84772761120798], [-151.65934646567862, 60.845496380848935]]}, "properties": {"fault_name": "Trading Bay anticline (Cook Inlet folds)", "section_name": "", "class": "A"}}, {"type": "Feature", "geometry": {"type": "LineString", "coordinates": [[-149.5723930719425, 61.46975672703888], [-149.55265683631706, 61.47943732406756], [-149.50433011867165, 61.50326692380993], [-149.4551284715839, 61.52666115892096], [-149.40735784793026, 61.551692451157685], [-149.36439872041427, 61.57117474286581], [-149.32867970416956, 61.586389164798554], [-149.27295625308477, 61.61236984880026], [-149.22449872815756, 61.63368229921016], [-149.18613863623145, 61.64838681189405], [-149.1465453748125, 61.66243872204741], [-149.11406645064355, 61.67041921787246], [-149.07558669413845, 61.67862105793284], [-149.01371463156502, 61.69420261680008], [-148.96793844481027, 61.70433739902753], [-148.926097406311, 61.71369468098091], [-148.89201823227805, 61.72241732707952]]}, "properties": {"fault_name": "Wasilla St. No. 1-Needham anticline (Cook Inlet folds)", "section_name": "", "class": "A"}}, {"type": "Feature", "geometry": {"type": "LineString", "coordinates": [[-150.85073787468932, 60.62794219521767], [-150.85967207833065, 60.61049874998099], [-150.87526916279114, 60.59885621218396], [-150.8940792039176, 60.58375560194998], [-150.91615857189248, 60.56449123383677], [-150.934087826561, 60.5430123468585]]}, "properties": {"fault_name": "West Fork anticline (Cook Inlet folds)", "section_name": "", "class": "A"}}, {"type": "Feature", "geometry": {"type": "LineString", "coordinates": [[-151.7006456098558, 60.814220048135546], [-151.7055106078552, 60.80724489778203], [-151.7165871910412, 60.79472793686154], [-151.72920724697204, 60.780824483196064], [-151.7391109645703, 60.76405258819158], [-151.74755757525185, 60.74805310990984], [-151.7537153980654, 60.73186745302492], [-151.76076010959264, 60.714882034981656], [-151.76684879177375, 60.699509389861284], [-151.77203987283136, 60.68493622405559], [-151.77672690828473, 60.66546867098189], [-151.77800966298457, 60.65897490101339]]}, "properties": {"fault_name": "West McArthur River anticline (Cook Inlet folds)", "section_name": "", "class": "A"}}, {"type": "Feature", "geometry": {"type": "LineString", "coordinates": [[-164.99758292920475, 64.96804943698488], [-164.96940699094228, 64.97097680603198], [-164.92366682932536, 64.97646562600234], [-164.88780654312072, 64.98085668117767], [-164.85158033537164, 64.98561365717019], [-164.81059715113776, 64.99073655511725], [-164.76997988844835, 64.99732313897223], [-164.73594920906774, 65.00354380113606], [-164.70338221317004, 65.00976446209339]]}, "properties": {"fault_name": "Kigluaik fault", "section_name": "", "class": "A"}}, {"type": "Feature", "geometry": {"type": "LineString", "coordinates": [[-147.72938155043818, 63.42241076690166], [-147.69020131462392, 63.41170673814414], [-147.6661682393652, 63.40629783783094], [-147.65436656662453, 63.40480896794273], [-147.636473961423, 63.4042011190578], [-147.60417225240172, 63.40382259703245], [-147.5620794089418, 63.40718353507655], [-147.53323214529448, 63.41023647205145], [-147.51537854404427, 63.41321027397585]]}, "properties": {"fault_name": "Susitna Glacier fault", "section_name": "", "class": "A"}}, {"type": "Feature", "geometry": {"type": "LineString", "coordinates": [[-147.5337468179685, 63.40795548682849], [-147.52842051620613, 63.40889516407292], [-147.5210941109721, 63.4104270610662], [-147.51559888191883, 63.412607697925466], [-147.51087533444073, 63.41459530292967]]}, "properties": {"fault_name": "Susitna Glacier fault", "section_name": "", "class": "A"}}, {"type": "Feature", "geometry": {"type": "LineString", "coordinates": [[-147.51537854404427, 63.41321027397585], [-147.51091124728913, 63.41445817093872], [-147.49902042933294, 63.416281141879864], [-147.48216503782308, 63.41841677599024], [-147.4735609937947, 63.418890773823726], [-147.4691960582696, 63.418759666942485]]}, "properties": {"fault_name": "Susitna Glacier fault", "section_name": "", "class": "A"}}, {"type": "Feature", "geometry": {"type": "LineString", "coordinates": [[-147.49023613474958, 63.408141083065686], [-147.47474459065688, 63.404868636971756], [-147.4579068708053, 63.40261536502211], [-147.44410276166815, 63.40321681096042], [-147.42880964643857, 63.40465688497293], [-147.41714659811927, 63.40784552603357], [-147.40782110540815, 63.411953257028344], [-147.40238481212575, 63.41480269119107], [-147.3962480548056, 63.41838484181804]]}, "properties": {"fault_name": "Susitna Glacier fault", "section_name": "", "class": "A"}}, {"type": "Feature", "geometry": {"type": "LineString", "coordinates": [[-147.35047640544133, 63.425718955094474], [-147.34292934343077, 63.425655743160526], [-147.33465691698112, 63.4253903909653], [-147.32733387324285, 63.42469496206793], [-147.32241974368566, 63.42384145481555]]}, "properties": {"fault_name": "Susitna Glacier fault", "section_name": "", "class": "A"}}, {"type": "Feature", "geometry": {"type": "LineString", "coordinates": [[-147.1974031306844, 63.4481075969449], [-147.17115660656557, 63.45571759600612], [-147.1223168844176, 63.467923243817], [-147.11412416368645, 63.47113616601606], [-147.11148504273913, 63.47348558108128], [-147.1025297718077, 63.47759561490281], [-147.09377317318288, 63.48002160018758], [-147.07972034210312, 63.48421287791922], [-147.07124018204064, 63.4884266089093], [-147.0615719389295, 63.49060011716802], [-147.04702065695312, 63.492830797951605], [-147.0390033789936, 63.49538312295751], [-147.02137095644107, 63.50098386080627], [-147.0108141905807, 63.506390002906635], [-147.0045593856491, 63.509154084844916], [-146.9954973122169, 63.51415582907372], [-146.9771980828054, 63.524744168837806]]}, "properties": {"fault_name": "Susitna Glacier fault", "section_name": "", "class": "A"}}, {"type": "Feature", "geometry": {"type": "LineString", "coordinates": [[-147.4691960582696, 63.418759666942485], [-147.44336700102627, 63.4150060710349], [-147.43416083333094, 63.41467555207537], [-147.4230917313146, 63.41480984917942], [-147.4203546472889, 63.41542765985718], [-147.41767790040586, 63.41755878217502], [-147.4039944889103, 63.42041213696961], [-147.39258090813533, 63.4209248640919], [-147.38417871285634, 63.42205115193809], [-147.37196575903928, 63.423033558194554], [-147.36147454144853, 63.42480192894922], [-147.35156960483644, 63.42528793490821]]}, "properties": {"fault_name": "Susitna Glacier fault", "section_name": "", "class": "A"}}, {"type": "Feature", "geometry": {"type": "LineString", "coordinates": [[-147.41759569557422, 63.420693782828515], [-147.41383136825817, 63.421150074879506], [-147.41018637494113, 63.422659313846545], [-147.40511531958526, 63.42343244299685], [-147.39982235340477, 63.425078451949695], [-147.39431725366316, 63.425210651968676], [-147.39021656117214, 63.42489811380345], [-147.38541977943885, 63.423717707193596], [-147.38302071258988, 63.42248761488428]]}, "properties": {"fault_name": "Susitna Glacier fault", "section_name": "", "class": "A"}}, {"type": "Feature", "geometry": {"type": "LineString", "coordinates": [[-147.4056244622304, 63.420072343091704], [-147.3996217407372, 63.418617691058145], [-147.39105574844592, 63.4180263091146], [-147.3832505842846, 63.418497157139626], [-147.37555297271723, 63.419017899072], [-147.36939590089526, 63.419949344105994], [-147.36608624867378, 63.42215608613824], [-147.36359114742942, 63.424445239173174]]}, "properties": {"fault_name": "Susitna Glacier fault", "section_name": "", "class": "A"}}, {"type": "Feature", "geometry": {"type": "LineString", "coordinates": [[-147.3235131155573, 63.423410647131604], [-147.32091561625202, 63.421613722948976], [-147.31721588319482, 63.42103688087373], [-147.3125974709443, 63.42101116995527], [-147.31052906137506, 63.42033384004261], [-147.3065099853192, 63.419026480159715], [-147.30106418157288, 63.4176779368223], [-147.29669863968496, 63.41780353108425], [-147.2914032498498, 63.418098762803325], [-147.2869558597614, 63.419332837939244], [-147.28276585406988, 63.419777776024915], [-147.28087763666517, 63.41972375891207], [-147.2776012409738, 63.419724887996075], [-147.27435287900752, 63.420277766825535], [-147.27060778462172, 63.421577744136506]]}, "properties": {"fault_name": "Susitna Glacier fault", "section_name": "", "class": "A"}}, {"type": "Feature", "geometry": {"type": "LineString", "coordinates": [[-147.27897984501615, 63.42243323592992], [-147.27423780122635, 63.422726922856654], [-147.270061523589, 63.42313853099821], [-147.26699323161637, 63.42484541003943], [-147.26452790233716, 63.426208944023934], [-147.26146343898426, 63.426219848128184], [-147.25828742643264, 63.42636635992204], [-147.2548711846111, 63.42613990817679], [-147.25374846388078, 63.426809648938594], [-147.25169391711302, 63.427296021090456], [-147.24922586234524, 63.426399481938454], [-147.2455202210684, 63.4270131168092], [-147.24235104289946, 63.42765770884911], [-147.23981336869716, 63.42725787903667], [-147.23475952775706, 63.42748876794401], [-147.23217976389043, 63.428168553973705], [-147.23114617130767, 63.42914274188315], [-147.22892456125325, 63.43015273699398], [-147.22540787340992, 63.431566529878346], [-147.22273329595828, 63.432482873116676], [-147.22145718070672, 63.433526392991595], [-147.21888575679915, 63.43393221185886], [-147.21668296016173, 63.43596813887263], [-147.211946555097, 63.439123186175856], [-147.20710163534253, 63.44301408499661], [-147.2034205504123, 63.44530262106572], [-147.19849788955486, 63.4476774861273]]}, "properties": {"fault_name": "Susitna Glacier fault", "section_name": "", "class": "A"}}, {"type": "Feature", "geometry": {"type": "LineString", "coordinates": [[-147.22921229343538, 63.46309068818379], [-147.2315374513943, 63.455899830125524], [-147.23501122402158, 63.44877255385458], [-147.23977169585112, 63.4445639491728], [-147.2448313488911, 63.441429639017045]]}, "properties": {"fault_name": "Susitna Glacier fault", "section_name": "", "class": "A"}}, {"type": "Feature", "geometry": {"type": "LineString", "coordinates": [[-147.23390235082138, 63.43343803003471], [-147.2388948287427, 63.43189591796824], [-147.24118686312215, 63.43057230503745], [-147.24253724209828, 63.429415441909654], [-147.24375977643643, 63.4273711931404]]}, "properties": {"fault_name": "Susitna Glacier fault", "section_name": "", "class": "A"}}, {"type": "Feature", "geometry": {"type": "LineString", "coordinates": [[-146.19680237778616, 63.7823464869696], [-146.14966106441324, 63.777392880967994], [-146.0947564843038, 63.77299980296306], [-146.02297345382948, 63.76753571514393]]}, "properties": {"fault_name": "Northern Foothills thrust fault (Northern Foothills fold and thrust belt)", "section_name": "", "class": "A"}}, {"type": "Feature", "geometry": {"type": "LineString", "coordinates": [[-149.83942557800384, 64.17243541689749], [-149.7201885189281, 64.18481211407354], [-149.60141207999743, 64.20314326892424], [-149.5050028723778, 64.21392164290947], [-149.39921259328042, 64.20081771684882], [-149.32054088684706, 64.2022540408908], [-149.27476571968012, 64.20484319001068], [-149.26490729244352, 64.20523889115978]]}, "properties": {"fault_name": "Northern Foothills thrust fault (Northern Foothills fold and thrust belt)", "section_name": "", "class": "A"}}, {"type": "Feature", "geometry": {"type": "LineString", "coordinates": [[-149.0940080306482, 64.21422573508312], [-149.07215142599918, 64.21642620581417], [-149.07205988677342, 64.21643293401475]]}, "properties": {"fault_name": "Northern Foothills thrust fault (Northern Foothills fold and thrust belt)", "section_name": "", "class": "A"}}, {"type": "Feature", "geometry": {"type": "LineString", "coordinates": [[-148.05785384706326, 64.1701526720812], [-148.0566488280765, 64.17032658717947], [-148.05521164758943, 64.17037002595943], [-148.05376819865828, 64.17024831188009], [-148.05187552560974, 64.17026196998486], [-148.05036763333675, 64.17043801709276], [-148.04901738012478, 64.17077809902577], [-148.04819705298038, 64.17111436002735], [-148.04699815780893, 64.17145333311294], [-148.04624478928915, 64.17155784718814], [-148.04555841981824, 64.17143062184964], [-148.04457293920547, 64.17140464295011], [-148.04366814257656, 64.17151022801586], [-148.04260571586983, 64.17145175194716], [-148.04145147505284, 64.17096444801476], [-148.04014091300334, 64.17034610205538], [-148.03817622561178, 64.17045920391561], [-148.03712001255187, 64.17056582702506], [-148.03491463325798, 64.17031719490667], [-148.0340036840677, 64.17025758010415], [-148.03240891572358, 64.17013672895149]]}, "properties": {"fault_name": "Northern Foothills thrust fault (Northern Foothills fold and thrust belt)", "section_name": "", "class": "A"}}, {"type": "Feature", "geometry": {"type": "LineString", "coordinates": [[-147.95448677703803, 64.13341221997305], [-147.95159007406443, 64.13197490485811], [-147.9464275100255, 64.12995441391706], [-147.94143200567999, 64.12872701284438], [-147.93557180100825, 64.12754246716791], [-147.93300863531314, 64.12704537417702], [-147.9320354517383, 64.12660618719127]]}, "properties": {"fault_name": "Northern Foothills thrust fault (Northern Foothills fold and thrust belt)", "section_name": "", "class": "A"}}, {"type": "Feature", "geometry": {"type": "LineString", "coordinates": [[-147.9324916952913, 64.13119527702095], [-147.9315143821611, 64.131366708835], [-147.93076166042832, 64.13147062495314], [-147.93015019787572, 64.13127631206684], [-147.92953543491268, 64.13098291101785], [-147.92900070106174, 64.13082113999648], [-147.92816907580598, 64.13082643799727], [-147.92725744389608, 64.13070009782574], [-147.92680053109817, 64.13060389600967], [-147.92610361720244, 64.1301127869801], [-147.92495313583493, 64.12962455219329], [-147.92464634858896, 64.12949435506248], [-147.92373477596792, 64.12936799197873], [-147.9232811842416, 64.12937086591343], [-147.92221951661128, 64.12927848083731], [-147.92101103821236, 64.12931915817002]]}, "properties": {"fault_name": "Northern Foothills thrust fault (Northern Foothills fold and thrust belt)", "section_name": "", "class": "A"}}, {"type": "Feature", "geometry": {"type": "LineString", "coordinates": [[-147.9320354517383, 64.12660618719127], [-147.930675923421, 64.1266479131424], [-147.9294543260257, 64.12629231207335], [-147.92838284070763, 64.12590270890118], [-147.92762364840988, 64.12580843607793], [-147.92687436183473, 64.12601141985365], [-147.92567372033838, 64.12628333885175], [-147.9250668041594, 64.1262211220835], [-147.92393185915472, 64.1261952858739], [-147.92348928436704, 64.12652845298176], [-147.9225153605804, 64.12679890982801], [-147.92138039491448, 64.12677305494721]]}, "properties": {"fault_name": "Northern Foothills thrust fault (Northern Foothills fold and thrust belt)", "section_name": "", "class": "A"}}, {"type": "Feature", "geometry": {"type": "LineString", "coordinates": [[-147.92079996196836, 64.12629314706503], [-147.91408582956737, 64.12399856708187], [-147.9091456309006, 64.1226600758479], [-147.90124950423188, 64.1207406260654], [-147.89391876193164, 64.11835355206685], [-147.88533101424088, 64.11716589603334], [-147.88372840360432, 64.11685974391672]]}, "properties": {"fault_name": "Northern Foothills thrust fault (Northern Foothills fold and thrust belt)", "section_name": "", "class": "A"}}, {"type": "Feature", "geometry": {"type": "LineString", "coordinates": [[-147.88372840360432, 64.11685974391672], [-147.8819179722184, 64.11696982118843], [-147.88108779414856, 64.11700788014376], [-147.88002674006756, 64.11691518612646], [-147.87881351586898, 64.11679036698094], [-147.87790048168895, 64.11659765689357]]}, "properties": {"fault_name": "Northern Foothills thrust fault (Northern Foothills fold and thrust belt)", "section_name": "", "class": "A"}}, {"type": "Feature", "geometry": {"type": "LineString", "coordinates": [[-147.87790048168895, 64.11659765689357], [-147.87662658617444, 64.11618357385908], [-147.87300216787065, 64.11575604011938], [-147.86315395358054, 64.11540000398145], [-147.85431592177684, 64.11527653102047], [-147.84811350479595, 64.11604382192333]]}, "properties": {"fault_name": "Northern Foothills thrust fault (Northern Foothills fold and thrust belt)", "section_name": "", "class": "A"}}, {"type": "Feature", "geometry": {"type": "LineString", "coordinates": [[-147.84745379372941, 64.1163177741309], [-147.84613120683153, 64.1165213468293], [-147.84557860998115, 64.11668202308789], [-147.84394381719954, 64.11666617706895], [-147.8434182479611, 64.11652964909274]]}, "properties": {"fault_name": "Northern Foothills thrust fault (Northern Foothills fold and thrust belt)", "section_name": "", "class": "A"}}, {"type": "Feature", "geometry": {"type": "LineString", "coordinates": [[-147.8434182479611, 64.11652964909274], [-147.84191131239388, 64.11645218512572], [-147.83341439156484, 64.11807829412597], [-147.82951800741048, 64.11885583692545], [-147.8236773249265, 64.12000159314155]]}, "properties": {"fault_name": "Northern Foothills thrust fault (Northern Foothills fold and thrust belt)", "section_name": "", "class": "A"}}, {"type": "Feature", "geometry": {"type": "LineString", "coordinates": [[-147.82393930959597, 64.1201215640372], [-147.82235710329277, 64.12029568104956], [-147.82107621259718, 64.12043504617696], [-147.81934962456992, 64.12084119307798], [-147.81814620997432, 64.12104616809057], [-147.81678580759623, 64.12105380009933]]}, "properties": {"fault_name": "Northern Foothills thrust fault (Northern Foothills fold and thrust belt)", "section_name": "", "class": "A"}}, {"type": "Feature", "geometry": {"type": "LineString", "coordinates": [[-147.81903164521387, 64.1226481919298], [-147.81759665122618, 64.12310395111405], [-147.81669668933014, 64.12316856681288], [-147.81509697755703, 64.12339583695449], [-147.81417500334328, 64.12327748801835], [-147.8129695648433, 64.12312983998929]]}, "properties": {"fault_name": "Northern Foothills thrust fault (Northern Foothills fold and thrust belt)", "section_name": "", "class": "A"}}, {"type": "Feature", "geometry": {"type": "LineString", "coordinates": [[-147.81678580759623, 64.12105380009933], [-147.80756316210366, 64.11931100895667], [-147.7972596025758, 64.1176464909203], [-147.7937845426627, 64.11681915618527], [-147.7860913409251, 64.11480681101582], [-147.7808634127712, 64.11429589005051], [-147.77139016156886, 64.11462888881718], [-147.76113688164574, 64.11442184791979], [-147.7505800286488, 64.11208420309113], [-147.74209921101954, 64.10973126800647], [-147.73813476960092, 64.10786853884832], [-147.7330929229665, 64.10546272206848], [-147.7301828009592, 64.10320143787783], [-147.72274467225327, 64.09964206602301], [-147.71630241766792, 64.09616681082196], [-147.7068360610354, 64.09321759789445], [-147.699349098114, 64.09111412906796]]}, "properties": {"fault_name": "Northern Foothills thrust fault (Northern Foothills fold and thrust belt)", "section_name": "", "class": "A"}}, {"type": "Feature", "geometry": {"type": "LineString", "coordinates": [[-147.61251881501516, 64.12373189097227], [-147.57449588956123, 64.11319698617838], [-147.5421134372673, 64.10554673013685], [-147.52483164423813, 64.10245169790245], [-147.5081578678242, 64.10202493507427], [-147.49095908811043, 64.10329866990193]]}, "properties": {"fault_name": "Northern Foothills thrust fault (Northern Foothills fold and thrust belt)", "section_name": "", "class": "A"}}, {"type": "Feature", "geometry": {"type": "LineString", "coordinates": [[-145.91619154784613, 63.86702728112414], [-145.88580642412794, 63.86554748995427], [-145.83358957100927, 63.861388916191906], [-145.7983020003241, 63.858914305830446], [-145.77084393455127, 63.855561023879964], [-145.7468876526729, 63.85316964403783], [-145.72508573117017, 63.850168758930856]]}, "properties": {"fault_name": "Northern Foothills thrust fault (Northern Foothills fold and thrust belt)", "section_name": "", "class": "A"}}, {"type": "Feature", "geometry": {"type": "LineString", "coordinates": [[-149.25653827643958, 64.205306473916], [-149.2547554916048, 64.20532422193584], [-149.24347993607492, 64.20527349406757], [-149.2388987922306, 64.20519119887612], [-149.21201004904043, 64.20861572882552], [-149.1899922731547, 64.21188183907651]]}, "properties": {"fault_name": "Northern Foothills thrust fault (Northern Foothills fold and thrust belt)", "section_name": "", "class": "A"}}, {"type": "Feature", "geometry": {"type": "LineString", "coordinates": [[-149.20898025616592, 64.19815528193385], [-149.13210601573402, 64.19055012793115], [-149.06930886358944, 64.18741395196838], [-149.04650075620495, 64.18738061207348], [-149.03219585066998, 64.19259288785861], [-149.01383347328726, 64.19399731580637], [-149.00197335256092, 64.19153240284996], [-148.99042107190607, 64.18807675999847], [-148.9554781111336, 64.18824436389534], [-148.93953588495782, 64.19010072304884]]}, "properties": {"fault_name": "Northern Foothills thrust fault (Northern Foothills fold and thrust belt)", "section_name": "", "class": "A"}}, {"type": "Feature", "geometry": {"type": "LineString", "coordinates": [[-149.05996035244746, 64.21782589381085], [-149.0566600453999, 64.22079286882766], [-149.05023629521108, 64.22247558988343], [-149.03675688662497, 64.22421953881789], [-149.0291453776793, 64.22494998601964], [-149.0232717153463, 64.22488333206478], [-149.00932145480402, 64.22252067406153], [-148.99071694102807, 64.2204424111016], [-148.97125376360458, 64.2205311459452], [-148.88326239991616, 64.21114488798761], [-148.82766162456323, 64.21185158317134], [-148.77933261262058, 64.21749867104424], [-148.7313624605659, 64.22918526896204], [-148.65045850443187, 64.23416185307596], [-148.5719265749584, 64.23346674784548], [-148.55258891733297, 64.23470360685681], [-148.52954772587833, 64.23338053105674], [-148.50342458805872, 64.22718276810056], [-148.47351299956446, 64.22292575800144], [-148.45224315828935, 64.22067205196028], [-148.4175822514481, 64.21423760288484], [-148.3725462971487, 64.21219668392709], [-148.34295653010494, 64.20903754798701], [-148.33023575775943, 64.20764270397412], [-148.31928827056456, 64.19620526304458], [-148.29497086594196, 64.19168470001567], [-148.25896527903677, 64.18973355094876], [-148.2028712594226, 64.1860234508808], [-148.1513049222152, 64.17129204708591], [-148.0723887599385, 64.16583467084574], [-148.02133739364584, 64.16216179508586], [-148.01808487068317, 64.16086366099312]]}, "properties": {"fault_name": "Northern Foothills thrust fault (Northern Foothills fold and thrust belt)", "section_name": "", "class": "A"}}, {"type": "Feature", "geometry": {"type": "LineString", "coordinates": [[-148.93953588495782, 64.19010072304884], [-148.91750068175557, 64.1926632969045], [-148.89824797062002, 64.19421320404312], [-148.8784826134097, 64.19584932919105], [-148.85278803216775, 64.2075102920355]]}, "properties": {"fault_name": "Northern Foothills thrust fault (Northern Foothills fold and thrust belt)", "section_name": "", "class": "A"}}, {"type": "Feature", "geometry": {"type": "LineString", "coordinates": [[-147.48597216177757, 64.10404423817464], [-147.47705869035465, 64.10261602192327], [-147.4502766355792, 64.09541287786763], [-147.40457095130284, 64.08412855980397], [-147.34561430091549, 64.07529148706685], [-147.30671831721, 64.07100564484595], [-147.27613704904445, 64.0647503170799], [-147.2444772348027, 64.06043395503988], [-147.2334060307286, 64.06312453201349], [-147.19077299794895, 64.075090951958], [-147.1574856645845, 64.07707433002406], [-147.11863377737964, 64.07686824184616], [-147.09977478884997, 64.08004065716791], [-147.06315268277538, 64.08564884304401], [-147.02206963283137, 64.08638969799682], [-146.98265096168288, 64.08566150793376], [-146.9711841611172, 64.0858870001095]]}, "properties": {"fault_name": "Northern Foothills thrust fault (Northern Foothills fold and thrust belt)", "section_name": "", "class": "A"}}, {"type": "Feature", "geometry": {"type": "LineString", "coordinates": [[-149.26455596942074, 64.20522638584957], [-149.25653827643958, 64.205306473916]]}, "properties": {"fault_name": "Northern Foothills thrust fault (Northern Foothills fold and thrust belt)", "section_name": "", "class": "A"}}, {"type": "Feature", "geometry": {"type": "LineString", "coordinates": [[-149.1899922731547, 64.21188183907651], [-149.18973496780956, 64.21191998298781], [-149.18144355995793, 64.2122955130323], [-149.17680976585484, 64.21269989081806], [-149.17231175659848, 64.21299734397444], [-149.1659073857653, 64.21325103903463], [-149.16166399858636, 64.2133509531063], [-149.15155040668995, 64.21450024889104], [-149.14523859377206, 64.21499722813002], [-149.13951500309213, 64.21589920902072], [-149.12875663462077, 64.21642677395428], [-149.11830648171662, 64.21654170017706], [-149.1093147032521, 64.21570898095896], [-149.10086111535568, 64.21523830599244], [-149.0950183730348, 64.21443344393413], [-149.0940080306482, 64.21422573508312]]}, "properties": {"fault_name": "Northern Foothills thrust fault (Northern Foothills fold and thrust belt)", "section_name": "", "class": "A"}}, {"type": "Feature", "geometry": {"type": "LineString", "coordinates": [[-149.07205988677342, 64.21643293401475], [-149.06403296719597, 64.21702260311818], [-149.06000799459858, 64.21778305919446], [-149.05996035244746, 64.21782589381085]]}, "properties": {"fault_name": "Northern Foothills thrust fault (Northern Foothills fold and thrust belt)", "section_name": "", "class": "A"}}, {"type": "Feature", "geometry": {"type": "LineString", "coordinates": [[-148.01686440786006, 64.15969278390975], [-148.00701851302, 64.15829624502872], [-148.00163167199398, 64.15603230192154], [-147.99700916612073, 64.15289720814984], [-147.99318085540025, 64.15001333089488], [-147.9883491193209, 64.14645145410269], [-147.985927640404, 64.1444993209428], [-147.98156216409308, 64.14298819009802], [-147.97461754644803, 64.14219291410241]]}, "properties": {"fault_name": "Northern Foothills thrust fault (Northern Foothills fold and thrust belt)", "section_name": "", "class": "A"}}, {"type": "Feature", "geometry": {"type": "LineString", "coordinates": [[-147.97461754644803, 64.14219291410241], [-147.97378858829038, 64.14212562282076], [-147.97188277199092, 64.14170886991397], [-147.9704421204136, 64.1409666488593], [-147.96933627902746, 64.14027223013416], [-147.96909328114987, 64.13981133906152], [-147.9686875345939, 64.13902116703589], [-147.96768603701963, 64.13849923988172], [-147.96584700866492, 64.13781767491248], [-147.9650025716366, 64.13745986995316], [-147.96476369522952, 64.13678315704534], [-147.9632594923374, 64.13581428107601], [-147.96192820256104, 64.13579248506429], [-147.96016416556625, 64.13540646682546], [-147.95978772744476, 64.13464423989852], [-147.9590636646645, 64.1341293760846], [-147.9576947067317, 64.13390712391548], [-147.95663616523854, 64.13391407596062], [-147.954961403715, 64.13359469707807]]}, "properties": {"fault_name": "Northern Foothills thrust fault (Northern Foothills fold and thrust belt)", "section_name": "", "class": "A"}}, {"type": "Feature", "geometry": {"type": "LineString", "coordinates": [[-146.96830143503112, 63.985646012107146], [-147.00256845756974, 63.97329547918418], [-147.02760790106822, 63.961837354068685], [-147.10869529408157, 63.918897005083934], [-147.12245043605253, 63.913944398090884]]}, "properties": {"fault_name": "Northern Foothills thrust fault (Northern Foothills fold and thrust belt)", "section_name": "", "class": "A"}}, {"type": "Feature", "geometry": {"type": "LineString", "coordinates": [[-149.4630825907924, 63.7987886170991], [-149.45850656285361, 63.799853814198364], [-149.45229294028786, 63.800767199924074]]}, "properties": {"fault_name": "Northern Foothills thrust fault (Northern Foothills fold and thrust belt)", "section_name": "", "class": "A"}}, {"type": "Feature", "geometry": {"type": "LineString", "coordinates": [[-149.43085773803355, 63.80409125794873], [-149.42627961522356, 63.80515543981975], [-149.42014833942326, 63.80705319895011], [-149.4151791458341, 63.80830305708804], [-149.40960117655328, 63.80956289899313]]}, "properties": {"fault_name": "Northern Foothills thrust fault (Northern Foothills fold and thrust belt)", "section_name": "", "class": "A"}}, {"type": "Feature", "geometry": {"type": "LineString", "coordinates": [[-149.45170039356017, 63.80095675298721], [-149.44648433933764, 63.801673449996926], [-149.4406676086341, 63.80248985603745], [-149.43385235737313, 63.8035023458589], [-149.43124775868213, 63.803905204951825]]}, "properties": {"fault_name": "Northern Foothills thrust fault (Northern Foothills fold and thrust belt)", "section_name": "", "class": "A"}}, {"type": "Feature", "geometry": {"type": "LineString", "coordinates": [[-149.40919562313513, 63.80956966606041], [-149.40121420771837, 63.811228222946546], [-149.3901161215594, 63.814463546882564], [-149.38251512200424, 63.81584551882902]]}, "properties": {"fault_name": "Northern Foothills thrust fault (Northern Foothills fold and thrust belt)", "section_name": "", "class": "A"}}, {"type": "Feature", "geometry": {"type": "LineString", "coordinates": [[-148.00225965366639, 64.21017021985641], [-147.99843655766614, 64.20997644116953], [-147.99614622289923, 64.20949074095473], [-147.99526512921742, 64.20875217805198], [-147.99257118319, 64.20744761694507], [-147.99036448427094, 64.2067283570857]]}, "properties": {"fault_name": "Gold King faults (Northern Foothills fold and thrust belt)", "section_name": "Gold King A fault", "class": "A"}}, {"type": "Feature", "geometry": {"type": "LineString", "coordinates": [[-147.9737571445605, 64.20582659410718], [-147.97259162359848, 64.20569386506797], [-147.97156293941043, 64.20578501015], [-147.96904536770757, 64.20571743989761], [-147.95959469027, 64.2047120769633], [-147.95727454760532, 64.20475540285254], [-147.95598794811605, 64.20484812911236], [-147.95463299042692, 64.20482889182423], [-147.9525678381489, 64.20478618016521], [-147.94985986223335, 64.20480381711005], [-147.94786976060402, 64.20506963880658], [-147.9457958614301, 64.20503702495279]]}, "properties": {"fault_name": "Gold King faults (Northern Foothills fold and thrust belt)", "section_name": "Gold King A fault", "class": "A"}}, {"type": "Feature", "geometry": {"type": "LineString", "coordinates": [[-147.97757440600296, 64.20596869098428], [-147.97701258255626, 64.20603026906805], [-147.97644923287191, 64.20604848999102], [-147.97568687491113, 64.20606804187942], [-147.97495158229148, 64.20591394984356], [-147.97451582481852, 64.20578676995062], [-147.97415097855745, 64.20578920404164]]}, "properties": {"fault_name": "Gold King faults (Northern Foothills fold and thrust belt)", "section_name": "Gold King A fault", "class": "A"}}, {"type": "Feature", "geometry": {"type": "LineString", "coordinates": [[-147.94517594932387, 64.2048671959521], [-147.94402076258092, 64.20493518693857], [-147.94337476339885, 64.20499988009072], [-147.94254634243373, 64.20514644413981], [-147.94203646227172, 64.20512955990019], [-147.9412923949084, 64.20503349001092], [-147.94003025474768, 64.2046784998803], [-147.93947341066266, 64.20464173684654]]}, "properties": {"fault_name": "Gold King faults (Northern Foothills fold and thrust belt)", "section_name": "Gold King A fault", "class": "A"}}, {"type": "Feature", "geometry": {"type": "LineString", "coordinates": [[-147.93916109608276, 64.20690315992171], [-147.93776956977504, 64.20683140804577], [-147.93693629431414, 64.20683675604236], [-147.935734032257, 64.2068848109624]]}, "properties": {"fault_name": "Gold King faults (Northern Foothills fold and thrust belt)", "section_name": "Gold King A fault", "class": "A"}}, {"type": "Feature", "geometry": {"type": "LineString", "coordinates": [[-147.92806448495745, 64.20876951894176], [-147.92723789116562, 64.20897650189067], [-147.9262220555811, 64.20906363897771], [-147.92515520287495, 64.2090098830286], [-147.92399979784133, 64.20907771493091]]}, "properties": {"fault_name": "Gold King faults (Northern Foothills fold and thrust belt)", "section_name": "Gold King A fault", "class": "A"}}, {"type": "Feature", "geometry": {"type": "LineString", "coordinates": [[-147.99015459559976, 64.20670784918008], [-147.98959906934323, 64.2065627619393], [-147.98869075042012, 64.20650094894637], [-147.98756558896716, 64.20658083397677], [-147.98643990918634, 64.20664625892228], [-147.985614285575, 64.20675301611593], [-147.98488199961665, 64.20668568392651], [-147.98421297841048, 64.206531195064], [-147.98334136464987, 64.20627688297053], [-147.9827402336213, 64.20616526403457], [-147.98180640434074, 64.20602700005792], [-147.98116853940357, 64.20581446901008], [-147.98086746813777, 64.20574422003541], [-147.9800719515632, 64.20576401410166], [-147.9796744488466, 64.20578113600835], [-147.97878095571895, 64.20584494494042], [-147.97788898882894, 64.20595210080494]]}, "properties": {"fault_name": "Gold King faults (Northern Foothills fold and thrust belt)", "section_name": "Gold King A fault", "class": "A"}}, {"type": "Feature", "geometry": {"type": "LineString", "coordinates": [[-147.9354470142355, 64.20688665004127], [-147.93475601394928, 64.20699194091384], [-147.93410582322812, 64.20727402807702], [-147.93308020499012, 64.20760580807197], [-147.93201491714922, 64.20799203707493], [-147.93057520700629, 64.20834450708591], [-147.92979041721452, 64.20843984592304], [-147.92834823580623, 64.20872004107504]]}, "properties": {"fault_name": "Gold King faults (Northern Foothills fold and thrust belt)", "section_name": "Gold King A fault", "class": "A"}}, {"type": "Feature", "geometry": {"type": "LineString", "coordinates": [[-147.84189816015981, 64.18170987019356], [-147.8341576845804, 64.17924479101538]]}, "properties": {"fault_name": "Gold King faults (Northern Foothills fold and thrust belt)", "section_name": "Gold King B fault", "class": "A"}}, {"type": "Feature", "geometry": {"type": "LineString", "coordinates": [[-147.84512206908576, 64.17455784204417], [-147.840287599433, 64.17245288189275], [-147.83473541180086, 64.1704991399289], [-147.83051010681024, 64.1696294951432], [-147.82837810460373, 64.16946288400273], [-147.82366786656488, 64.16775479896738], [-147.81858884944066, 64.1669585049244], [-147.8137287957686, 64.16596190384809], [-147.81193495087606, 64.16364394899526], [-147.8090772123279, 64.16249584989563], [-147.80182345744416, 64.16123499102663], [-147.79522521669796, 64.16092876404201], [-147.78833475758307, 64.1613769788045], [-147.78207347759485, 64.16188996294677], [-147.77615822416254, 64.1635648080453], [-147.77241094956554, 64.16434598902993], [-147.76922134011377, 64.16402195496256], [-147.7681402212626, 64.16299102803613], [-147.7652567891007, 64.16087808680517], [-147.75815855415217, 64.15947730918161], [-147.7512289868814, 64.15848613418711], [-147.74366519105374, 64.15722399119515], [-147.73831057169866, 64.15642957091148], [-147.73318539913512, 64.15635265593811], [-147.726392285956, 64.15655788397441], [-147.72348943401428, 64.15640107295916], [-147.7160194160141, 64.15578755497437], [-147.71090550832423, 64.15590115792266], [-147.70823374619272, 64.15483674482239], [-147.6960163645796, 64.15274074302673], [-147.6901966344013, 64.15265296305583], [-147.68435421008402, 64.15164156587082], [-147.6803967854061, 64.15200639295941]]}, "properties": {"fault_name": "Gold King faults (Northern Foothills fold and thrust belt)", "section_name": "Gold King B fault", "class": "A"}}, {"type": "Feature", "geometry": {"type": "LineString", "coordinates": [[-147.8341576845804, 64.17924479101538], [-147.81568003897365, 64.17390728298723], [-147.80763495276622, 64.17304503993131], [-147.80376421102162, 64.17272089301017], [-147.80077576400637, 64.17208947419061], [-147.79347422683435, 64.16949477298473], [-147.78100443659267, 64.16610686283492], [-147.77224591108157, 64.1643827029826]]}, "properties": {"fault_name": "Gold King faults (Northern Foothills fold and thrust belt)", "section_name": "Gold King B fault", "class": "A"}}, {"type": "Feature", "geometry": {"type": "LineString", "coordinates": [[-147.91695320434357, 64.20513458690381], [-147.913318520991, 64.20312742802984], [-147.9112774965632, 64.20134347018599], [-147.91012794944356, 64.19953665405484], [-147.9076041479242, 64.1981270880257], [-147.90240132319087, 64.19660449499223], [-147.89901733358298, 64.1961502789348], [-147.88711612391558, 64.19364696809701]]}, "properties": {"fault_name": "Gold King faults (Northern Foothills fold and thrust belt)", "section_name": "Gold King B fault", "class": "A"}}, {"type": "Feature", "geometry": {"type": "LineString", "coordinates": [[-147.88711612391558, 64.19364696809701], [-147.88544939602562, 64.19329627494484], [-147.87692102877176, 64.18993574499527], [-147.86865534687325, 64.18540703593007], [-147.8593191785833, 64.1814024541026], [-147.85409954457435, 64.1791440319661]]}, "properties": {"fault_name": "Gold King faults (Northern Foothills fold and thrust belt)", "section_name": "Gold King B fault", "class": "A"}}, {"type": "Feature", "geometry": {"type": "LineString", "coordinates": [[-147.85409954457435, 64.1791440319661], [-147.85167390735597, 64.17771626005455], [-147.84855620085617, 64.17655815110258], [-147.8444499442003, 64.17395443899898]]}, "properties": {"fault_name": "Gold King faults (Northern Foothills fold and thrust belt)", "section_name": "Gold King B fault", "class": "A"}}, {"type": "Feature", "geometry": {"type": "LineString", "coordinates": [[-146.86866175539407, 63.86323458296489], [-146.85705775693168, 63.86463029181231], [-146.83906054740686, 63.86831998508006], [-146.827164570426, 63.86945720992377], [-146.81497511563842, 63.87097672687095], [-146.7911742234396, 63.87375775900278]]}, "properties": {"fault_name": "Molybdenum Ridge fault (Northern Foothills fold and thrust belt)", "section_name": "", "class": "A"}}, {"type": "Feature", "geometry": {"type": "LineString", "coordinates": [[-146.58123412280258, 63.88834197815646], [-146.53543231340097, 63.889520761934904], [-146.48848007293745, 63.891725150107085], [-146.41475064656737, 63.89363146712392], [-146.3311582097561, 63.89264503694606], [-146.2822873960178, 63.89178659709021], [-146.21789460685824, 63.88864303599562], [-146.13312020003377, 63.88066665693131]]}, "properties": {"fault_name": "Molybdenum Ridge fault (Northern Foothills fold and thrust belt)", "section_name": "", "class": "A"}}, {"type": "Feature", "geometry": {"type": "LineString", "coordinates": [[-147.05490670542264, 63.88302301095415], [-147.04630035991053, 63.88037863799911], [-147.04304214881546, 63.879751451806996], [-147.03413370256823, 63.87802629810444], [-147.02792361756806, 63.87654689098354], [-147.02385213290023, 63.87598673294267], [-147.02100186294535, 63.875157061943014], [-147.0180502809927, 63.87477605795903], [-147.01576010432927, 63.87410326187059], [-147.01433514721828, 63.87365470202148], [-147.01234569956253, 63.873563947086424], [-147.01026434257506, 63.8730717260585], [-146.99164277069013, 63.86970652988549], [-146.9848253041837, 63.87004250683598], [-146.9824086662878, 63.870681883113036], [-146.97765105828742, 63.87098386609631], [-146.97266507877882, 63.87096057597904], [-146.96670989792705, 63.87079940282215], [-146.96009989194556, 63.86985831907076], [-146.9548626276009, 63.868039508139105], [-146.95094843793925, 63.8663331378707], [-146.9430163499131, 63.864602699102434], [-146.9355450581018, 63.8619746118292], [-146.9315314932102, 63.86013305705923], [-146.92914145263327, 63.860019729040744], [-146.92283454361854, 63.86021842192231], [-146.91775030997744, 63.85967716893716], [-146.91263474759083, 63.85848397381403], [-146.90746525664275, 63.85927856897873], [-146.899451907016, 63.86052691992967], [-146.89402244182804, 63.8615487989655], [-146.8858795829851, 63.86256835907818], [-146.879935367868, 63.8629054668627], [-146.8695321124116, 63.86310748796455]]}, "properties": {"fault_name": "Molybdenum Ridge fault (Northern Foothills fold and thrust belt)", "section_name": "", "class": "A"}}, {"type": "Feature", "geometry": {"type": "LineString", "coordinates": [[-146.78681797821656, 63.874518702807315], [-146.7815913651962, 63.875278205974475], [-146.77257105444158, 63.87884502588298], [-146.7586065816532, 63.88355406900697], [-146.74958184040761, 63.886991569902214], [-146.74289403133935, 63.88851444000967], [-146.73680025391397, 63.88850349114281], [-146.73214327159843, 63.88826082910853], [-146.72382904114872, 63.88963529190261], [-146.71983873813141, 63.890212925135465], [-146.7115526033905, 63.88873340893859], [-146.703437759408, 63.887671702819], [-146.68601471258862, 63.888785913847286], [-146.67119604257633, 63.89041550113931], [-146.6511660883957, 63.89088016296822], [-146.64046436229626, 63.89128135299159], [-146.6321706242148, 63.89067521988573], [-146.61841246929438, 63.88903003693853], [-146.60712861961943, 63.888634045021995], [-146.59385297768586, 63.88823159904142], [-146.58372210040676, 63.888495477864765]]}, "properties": {"fault_name": "Molybdenum Ridge fault (Northern Foothills fold and thrust belt)", "section_name": "", "class": "A"}}, {"type": "Feature", "geometry": {"type": "LineString", "coordinates": [[-146.79375129056373, 63.957396168056476], [-146.75508037795603, 63.95528992991059], [-146.69629971292272, 63.95748063882347], [-146.62200882063541, 63.965746304806714], [-146.59456649514297, 63.971938450820375], [-146.56976733840656, 63.97583140512873], [-146.53421758542265, 63.978023557125226], [-146.511491754735, 63.97909979307812]]}, "properties": {"fault_name": "Rex fault (Northern Foothills fold and thrust belt)", "section_name": "", "class": "A"}}, {"type": "Feature", "geometry": {"type": "LineString", "coordinates": [[-147.86618817335275, 64.08698139105122], [-147.86024867708585, 64.0867051798674], [-147.85366127271692, 64.0885087370688], [-147.84631407956886, 64.088759257975], [-147.83732183757363, 64.08953792494714], [-147.8249127222412, 64.08711732687681], [-147.81874249189696, 64.08704835112769], [-147.81495944279206, 64.08748481700754], [-147.80927560885166, 64.08782795588843], [-147.80581179943923, 64.08782640803459]]}, "properties": {"fault_name": "Bear Creek fault (Northern Foothills fold and thrust belt)", "section_name": "", "class": "A"}}, {"type": "Feature", "geometry": {"type": "LineString", "coordinates": [[-148.1900209320468, 64.15534624202714], [-148.188587271159, 64.15383989584537], [-148.18597831384227, 64.15045451596251], [-148.18570636416132, 64.14728916604821], [-148.18425146799856, 64.1452689690042], [-148.1817806589961, 64.14188239681718], [-148.17783864401855, 64.13928462799592], [-148.17238519471084, 64.13651962611515], [-148.1687007878107, 64.13350118989018], [-148.15793500464497, 64.12704779989917], [-148.15587744313112, 64.12451916209866], [-148.14804582627954, 64.12033776113094], [-148.14232322374647, 64.11751402286484], [-148.1370679463837, 64.11606101301089], [-148.13115343675642, 64.11637286016847], [-148.12514158029506, 64.11602047901565], [-148.11950713842393, 64.11532300590167], [-148.11476705835133, 64.11271472907241], [-148.10951548204756, 64.1095798310508], [-148.1048870589715, 64.10597311018836], [-148.10330753234282, 64.10383729500997], [-148.10324466284936, 64.10225027390463], [-148.09975180731047, 64.10031566804173], [-148.09484244241753, 64.10035266290046], [-148.08856113988, 64.09806520687417], [-148.0861260065707, 64.0958422251229], [-148.08086635620916, 64.09233285388036], [-148.0758970853649, 64.09078217304227], [-148.07188131600756, 64.08724295601492], [-148.07008393624434, 64.0839147681614], [-148.0650418632345, 64.08040324409312], [-148.05872496675045, 64.07699421294699], [-148.04665538225606, 64.07371979009123], [-148.0423394201853, 64.07238740188863], [-148.03832729798805, 64.06774701918714], [-148.0349941206859, 64.06412889488801], [-148.0280176110516, 64.0599762061037]]}, "properties": {"fault_name": "Ditch Creek fault (Northern Foothills fold and thrust belt)", "section_name": "", "class": "A"}}, {"type": "Feature", "geometry": {"type": "LineString", "coordinates": [[-147.998235991711, 64.060183506165], [-147.98882341182463, 64.05893703094267], [-147.98074421928078, 64.05554022596012], [-147.9733658950166, 64.0579056278937], [-147.97186420111908, 64.0576355279782], [-147.96825001642299, 64.05177667099868], [-147.96242325513097, 64.04350449914043], [-147.95832284021938, 64.04218785181199], [-147.95565844157827, 64.0403247298428], [-147.94410816865806, 64.03327649287337], [-147.93731762196572, 64.02847632491734]]}, "properties": {"fault_name": "Ditch Creek fault (Northern Foothills fold and thrust belt)", "section_name": "", "class": "A"}}, {"type": "Feature", "geometry": {"type": "LineString", "coordinates": [[-149.00000004313924, 64.0554170099323], [-148.98409894093885, 64.05553067614395], [-148.97281717984694, 64.05561023989762], [-148.95796719815712, 64.05574734482482], [-148.94784363585939, 64.05583988195737], [-148.94051262406455, 64.0558523780506], [-148.93415735065324, 64.0558629271762], [-148.93086568899193, 64.05591996084708], [-148.92705414532625, 64.05592188304573], [-148.91986488588662, 64.05608843117079], [-148.91425317139215, 64.05621815393492], [-148.9082367946083, 64.05629723901498], [-148.89472563506848, 64.05647393293212], [-148.87581744760732, 64.05693709313236], [-148.867145432553, 64.05698265905698]]}, "properties": {"fault_name": "Eva Creek fault (Northern Foothills fold and thrust belt)", "section_name": "", "class": "A"}}, {"type": "Feature", "geometry": {"type": "LineString", "coordinates": [[-148.8485016471277, 64.05707143509441], [-148.84524904870656, 64.05707855609164], [-148.8394678176264, 64.05716517784693], [-148.8346285240206, 64.0571498528146], [-148.83215476674735, 64.05718786395674], [-148.82954909097634, 64.05720622402366], [-148.8262404385798, 64.05718562195197], [-148.82079609369748, 64.05715024187467], [-148.82047472589616, 64.05714816413669], [-148.81546377232436, 64.0571558879608], [-148.80944412477456, 64.05706632699604], [-148.8030579115882, 64.05702225614891], [-148.80092072610253, 64.0570074588262], [-148.7996989104166, 64.05700589393214], [-148.7969112036297, 64.05700222692363], [-148.79252386142645, 64.0569208640903], [-148.7898226632997, 64.05687992006474], [-148.78673622715496, 64.05690001815177], [-148.785520337655, 64.05690791496168]]}, "properties": {"fault_name": "Eva Creek fault (Northern Foothills fold and thrust belt)", "section_name": "", "class": "A"}}, {"type": "Feature", "geometry": {"type": "LineString", "coordinates": [[-148.78532569069918, 64.05690448491531], [-148.7498100350685, 64.05716793388389]]}, "properties": {"fault_name": "Eva Creek fault (Northern Foothills fold and thrust belt)", "section_name": "", "class": "A"}}, {"type": "Feature", "geometry": {"type": "LineString", "coordinates": [[-148.867145432553, 64.05698265905698], [-148.8648354210881, 64.05699470898483], [-148.8623298158431, 64.0570083348053], [-148.85754095096237, 64.05703252502171], [-148.85501452456575, 64.05704817512242], [-148.8487699927677, 64.05707403590917]]}, "properties": {"fault_name": "Eva Creek fault (Northern Foothills fold and thrust belt)", "section_name": "", "class": "A"}}, {"type": "Feature", "geometry": {"type": "LineString", "coordinates": [[-147.56140160221216, 63.997703893028486], [-147.53793759441453, 63.997324711026145], [-147.50467516414636, 63.99624064797092], [-147.4789642560241, 63.995725958892194]]}, "properties": {"fault_name": "Glacier Creek fault (Northern Foothills fold and thrust belt)", "section_name": "", "class": "A"}}, {"type": "Feature", "geometry": {"type": "LineString", "coordinates": [[-147.46573888740713, 64.00794668912745], [-147.44355108918418, 64.00777869087517], [-147.41103088742793, 64.00407528483767], [-147.3855284881646, 63.99868406414823], [-147.36921064313086, 63.99184066800316], [-147.3491356069977, 63.988057044049945], [-147.3313357375779, 63.985913285909895], [-147.31065361009425, 63.98002702417997], [-147.2992347705816, 63.97568007106109], [-147.2799661053666, 63.967601056978054], [-147.2707061887729, 63.965120947871405]]}, "properties": {"fault_name": "Glacier Creek fault (Northern Foothills fold and thrust belt)", "section_name": "", "class": "A"}}, {"type": "Feature", "geometry": {"type": "LineString", "coordinates": [[-147.66230501202796, 64.14404363017879], [-147.66147518789438, 64.14371182214082], [-147.65915344712678, 64.14285936100647]]}, "properties": {"fault_name": "Hunter fault (Northern Foothills fold and thrust belt)", "section_name": "", "class": "A"}}, {"type": "Feature", "geometry": {"type": "LineString", "coordinates": [[-147.6782185765563, 64.15195076695113], [-147.67213756059786, 64.14993079082929], [-147.66499045639955, 64.14733025103496], [-147.66045675617866, 64.14588790887092]]}, "properties": {"fault_name": "Hunter fault (Northern Foothills fold and thrust belt)", "section_name": "", "class": "A"}}, {"type": "Feature", "geometry": {"type": "LineString", "coordinates": [[-147.66826937006866, 64.14593445401385], [-147.66665749780154, 64.1449594000723]]}, "properties": {"fault_name": "Hunter fault (Northern Foothills fold and thrust belt)", "section_name": "", "class": "A"}}, {"type": "Feature", "geometry": {"type": "LineString", "coordinates": [[-147.66396475192332, 64.14509048490915], [-147.66284920783383, 64.14423305507592]]}, "properties": {"fault_name": "Hunter fault (Northern Foothills fold and thrust belt)", "section_name": "", "class": "A"}}, {"type": "Feature", "geometry": {"type": "LineString", "coordinates": [[-147.65932984929913, 64.14379265809359], [-147.65683953158364, 64.14274928517722]]}, "properties": {"fault_name": "Hunter fault (Northern Foothills fold and thrust belt)", "section_name": "", "class": "A"}}, {"type": "Feature", "geometry": {"type": "LineString", "coordinates": [[-147.65583399159058, 64.14309829005398], [-147.65516774168708, 64.14271788299351], [-147.65416171570544, 64.14183598984572]]}, "properties": {"fault_name": "Hunter fault (Northern Foothills fold and thrust belt)", "section_name": "", "class": "A"}}, {"type": "Feature", "geometry": {"type": "LineString", "coordinates": [[-147.65166871023064, 64.14157359409958], [-147.65021806938736, 64.14040612996192]]}, "properties": {"fault_name": "Hunter fault (Northern Foothills fold and thrust belt)", "section_name": "", "class": "A"}}, {"type": "Feature", "geometry": {"type": "LineString", "coordinates": [[-147.64140338210296, 64.1358365500701], [-147.63872223437335, 64.13401728691765], [-147.63612524890442, 64.13246887418342], [-147.63275479690785, 64.13102549895395], [-147.62883074374443, 64.12910972195164], [-147.62437166118428, 64.1275352171783], [-147.62123047631624, 64.12587903517377]]}, "properties": {"fault_name": "Hunter fault (Northern Foothills fold and thrust belt)", "section_name": "", "class": "A"}}, {"type": "Feature", "geometry": {"type": "LineString", "coordinates": [[-147.6485207206243, 64.13969997810821], [-147.64671075366735, 64.13865686911181], [-147.64388629680218, 64.13738086592039]]}, "properties": {"fault_name": "Hunter fault (Northern Foothills fold and thrust belt)", "section_name": "", "class": "A"}}, {"type": "Feature", "geometry": {"type": "LineString", "coordinates": [[-147.60987896194086, 63.852300120005786], [-147.5965178003922, 63.85176685317042], [-147.58899533515245, 63.850744581022596], [-147.5736111550076, 63.84870022102764], [-147.5599725281222, 63.84860330010376], [-147.5388364828238, 63.84830716095172], [-147.49857653132688, 63.84313386010533], [-147.4570697415718, 63.842680481141805]]}, "properties": {"fault_name": "Kansas Creek fault (Northern Foothills fold and thrust belt)", "section_name": "", "class": "A"}}, {"type": "Feature", "geometry": {"type": "LineString", "coordinates": [[-148.23438063280366, 64.00549468595092], [-148.21795418504536, 63.99856842986616], [-148.17906292288498, 63.98639525894591], [-148.10929405631316, 63.972201044975094], [-148.0763912962134, 63.9625190650501], [-148.05847127083612, 63.959341058837786], [-148.02982190963914, 63.95277709014672], [-148.02489520456626, 63.95006813591022]]}, "properties": {"fault_name": "Kansas Creek fault (Northern Foothills fold and thrust belt)", "section_name": "", "class": "A"}}, {"type": "Feature", "geometry": {"type": "LineString", "coordinates": [[-147.7966706536008, 63.87017799490189], [-147.7923475481269, 63.86842790713308], [-147.78651110119952, 63.867105704047226], [-147.78307519256145, 63.866221641119076], [-147.77997638122534, 63.865185227924826], [-147.7775682018662, 63.864445939184634], [-147.77415775956814, 63.86446424289054], [-147.77108423131568, 63.864330217115445], [-147.7635485752143, 63.8631665998822], [-147.757397873346, 63.862747600917395], [-147.74921725022682, 63.86294070191292], [-147.74340380556058, 63.862368947924494], [-147.7372337917103, 63.86119697398062], [-147.72900269674687, 63.85943335706616], [-147.71938564143724, 63.85677348215612], [-147.7094446572294, 63.854716368905166], [-147.70363370179481, 63.85414300994443], [-147.69442492090036, 63.85403715995538], [-147.68486060837597, 63.85333060912022], [-147.67837224057217, 63.852909901878455], [-147.67085414563627, 63.85219279516907], [-147.66164256738801, 63.851934422841445], [-147.64869513392662, 63.85229410903084], [-147.6398349074472, 63.85248411919123], [-147.62175286641687, 63.85196134113222], [-147.61358047905222, 63.85244763195296], [-147.60987896194086, 63.852300120005786]]}, "properties": {"fault_name": "Kansas Creek fault (Northern Foothills fold and thrust belt)", "section_name": "", "class": "A"}}, {"type": "Feature", "geometry": {"type": "LineString", "coordinates": [[-148.02489520456626, 63.95006813591022], [-148.01550705436406, 63.94490412703332], [-147.9978186595828, 63.93810621304453], [-147.96715415442134, 63.93154370699244], [-147.95097530211825, 63.928340829117026], [-147.93618225924442, 63.92557856896249], [-147.92072344616741, 63.92327039498532], [-147.9072882939821, 63.92004522311514], [-147.90348107211125, 63.91856450600127], [-147.89317767068687, 63.91697343390845], [-147.87700150883805, 63.913311001962725], [-147.85808772307607, 63.90936219882169]]}, "properties": {"fault_name": "Kansas Creek fault (Northern Foothills fold and thrust belt)", "section_name": "", "class": "A"}}, {"type": "Feature", "geometry": {"type": "LineString", "coordinates": [[-145.39394730574875, 63.867581375829836], [-145.39531177120685, 63.867113781986816], [-145.3975043432197, 63.86598488602271], [-145.40013580423263, 63.86461944601402], [-145.40199983000673, 63.86391594802763], [-145.40393212235253, 63.8630790880663], [-145.40656300035886, 63.86171352907857], [-145.40905696433606, 63.86061460313781], [-145.41123486236876, 63.859726711993076], [-145.41249831586643, 63.85888239308132], [-145.4159663895815, 63.85666766502405]]}, "properties": {"fault_name": "Panoramic fault (Northern Foothills fold and thrust belt)", "section_name": "", "class": "A"}}, {"type": "Feature", "geometry": {"type": "LineString", "coordinates": [[-145.4203268434117, 63.8552860380928], [-145.4719753962305, 63.82992267688493]]}, "properties": {"fault_name": "Panoramic fault (Northern Foothills fold and thrust belt)", "section_name": "", "class": "A"}}, {"type": "Feature", "geometry": {"type": "LineString", "coordinates": [[-145.41608939319843, 63.85664219318922], [-145.4270999807538, 63.85105003799267]]}, "properties": {"fault_name": "Panoramic fault (Northern Foothills fold and thrust belt)", "section_name": "", "class": "A"}}, {"type": "Feature", "geometry": {"type": "LineString", "coordinates": [[-148.8918945091106, 63.72734231489225], [-148.88517349112294, 63.729294732996124], [-148.88054836216907, 63.73018846080384], [-148.87253546708982, 63.73142269094541]]}, "properties": {"fault_name": "Park Road fault (Northern Foothills fold and thrust belt)", "section_name": "", "class": "A"}}, {"type": "Feature", "geometry": {"type": "LineString", "coordinates": [[-148.6534260431589, 63.77155533282066], [-148.62124608101144, 63.77192051518818], [-148.5839018031103, 63.77589749893715], [-148.55717874519112, 63.777969386931254], [-148.51694324044635, 63.77839767094363], [-148.4653437275572, 63.79258617089088], [-148.43895933719512, 63.801757229069224], [-148.4124091402894, 63.807956388981246], [-148.38316128372094, 63.814176442187794], [-148.35218706999223, 63.812688556036505], [-148.3333018237068, 63.8110829869892], [-148.30384096041476, 63.81313305019711], [-148.2823532579203, 63.813325412025485]]}, "properties": {"fault_name": "Park Road fault (Northern Foothills fold and thrust belt)", "section_name": "", "class": "A"}}, {"type": "Feature", "geometry": {"type": "LineString", "coordinates": [[-149.54245507567384, 63.717078297920146], [-149.52251151157577, 63.71181667192735], [-149.49661128081246, 63.710800517023884], [-149.44190386743318, 63.71335275486662], [-149.417521359207, 63.7184599158999], [-149.3816667072358, 63.71714956087346], [-149.35880058934524, 63.72075411886248], [-149.34608224604426, 63.719054194124254], [-149.3305355732409, 63.7191598179728], [-149.3154271165994, 63.720577358984]]}, "properties": {"fault_name": "Park Road fault (Northern Foothills fold and thrust belt)", "section_name": "", "class": "A"}}, {"type": "Feature", "geometry": {"type": "LineString", "coordinates": [[-149.3124761347214, 63.72091823400687], [-149.29617423658058, 63.72396698486123], [-149.27936118895826, 63.724820903822526], [-149.25907721277486, 63.723673034052744], [-149.22071428756232, 63.71711804780371], [-149.16109439662765, 63.72002750888596], [-149.13614822520506, 63.71864743596542], [-149.11691821000517, 63.71818040788798], [-149.06983886781043, 63.72286955488624], [-149.00606875577157, 63.72327111498106]]}, "properties": {"fault_name": "Park Road fault (Northern Foothills fold and thrust belt)", "section_name": "", "class": "A"}}, {"type": "Feature", "geometry": {"type": "LineString", "coordinates": [[-148.87247178372272, 63.73142351790325], [-148.86022866178345, 63.73340888810882], [-148.83096543144717, 63.7367526071166], [-148.81902849757753, 63.73868513110759]]}, "properties": {"fault_name": "Park Road fault (Northern Foothills fold and thrust belt)", "section_name": "", "class": "A"}}, {"type": "Feature", "geometry": {"type": "LineString", "coordinates": [[-149.00597017375398, 63.71573275310501], [-149.00596972459633, 63.715697017036184], [-148.99893659774298, 63.71646568719681], [-148.98628295290538, 63.71715271086585], [-148.96067483630614, 63.71995757883854], [-148.94337247095868, 63.72199281895515], [-148.92777156955654, 63.72331465688734], [-148.9206936976189, 63.72347979593818], [-148.91324523559223, 63.724055568102266], [-148.9090089442057, 63.724429543007766]]}, "properties": {"fault_name": "Park Road fault (Northern Foothills fold and thrust belt)", "section_name": "", "class": "A"}}, {"type": "Feature", "geometry": {"type": "LineString", "coordinates": [[-148.90861102197587, 63.72443481417896], [-148.90527678825495, 63.724602522013214], [-148.90263107906333, 63.72494114307649], [-148.89535315141356, 63.726647171034585], [-148.8919881351228, 63.727312837925375]]}, "properties": {"fault_name": "Park Road fault (Northern Foothills fold and thrust belt)", "section_name": "", "class": "A"}}, {"type": "Feature", "geometry": {"type": "LineString", "coordinates": [[-148.81902849757753, 63.73868513110759], [-148.78986744521495, 63.74380048817725], [-148.76482581162378, 63.75064083597464], [-148.73709175195464, 63.75750913809986], [-148.7055017565734, 63.76738646995756], [-148.6804891421592, 63.775398927896546]]}, "properties": {"fault_name": "Park Road fault (Northern Foothills fold and thrust belt)", "section_name": "", "class": "A"}}, {"type": "Feature", "geometry": {"type": "LineString", "coordinates": [[-151.7039506016176, 63.105110516057714], [-151.6646408278411, 63.10871837903226]]}, "properties": {"fault_name": "Peters Dome fault (Northern Foothills fold and thrust belt)", "section_name": "", "class": "A"}}, {"type": "Feature", "geometry": {"type": "LineString", "coordinates": [[-151.92371815198695, 63.02457248602457], [-151.91640099580704, 63.02803186006273], [-151.908931750358, 63.030598874951885], [-151.897618240109, 63.033811527003955], [-151.8911828261946, 63.03582897580048], [-151.88461824172882, 63.03708154396865], [-151.88114051920923, 63.03822714911535], [-151.87748858011838, 63.040019532051225], [-151.86921325929686, 63.04286844604769]]}, "properties": {"fault_name": "Peters Dome fault (Northern Foothills fold and thrust belt)", "section_name": "", "class": "A"}}, {"type": "Feature", "geometry": {"type": "LineString", "coordinates": [[-151.80465828290602, 63.07083948806734], [-151.80160171933775, 63.07286577179747], [-151.7971814799305, 63.07519457797403], [-151.7920013080137, 63.0780616301754], [-151.78890111417036, 63.07983275417999], [-151.78646776042368, 63.08222203501908], [-151.78461732166824, 63.08471970318382], [-151.7789976256425, 63.08837002880436], [-151.7751566405917, 63.09080662703671], [-151.7693253311294, 63.09318206611165], [-151.76284691755723, 63.095066397002725], [-151.75589853507284, 63.095812794162235], [-151.74910603544308, 63.09578467008739], [-151.7463348369961, 63.096133983817325], [-151.7429070042125, 63.097658660200146], [-151.7417918059744, 63.099490219952365], [-151.73734194641727, 63.10168976791244], [-151.7294526891655, 63.1036196970132], [-151.72282418687234, 63.10461001211647], [-151.7139440761841, 63.10567502899485], [-151.7042113430187, 63.10497369717797]]}, "properties": {"fault_name": "Peters Dome fault (Northern Foothills fold and thrust belt)", "section_name": "", "class": "A"}}, {"type": "Feature", "geometry": {"type": "LineString", "coordinates": [[-151.6646408278411, 63.10871837903226], [-151.65925740759968, 63.110433470172275], [-151.6530902072729, 63.11255854613183], [-151.64935356962718, 63.11396279007352], [-151.6458818307857, 63.11702411900051], [-151.64085884787394, 63.11923919208061], [-151.63126878514197, 63.12121911106966]]}, "properties": {"fault_name": "Peters Dome fault (Northern Foothills fold and thrust belt)", "section_name": "", "class": "A"}}, {"type": "Feature", "geometry": {"type": "LineString", "coordinates": [[-151.80493930287636, 63.07082993594721], [-151.8203782748637, 63.06338345595899], [-151.8309596168336, 63.05904904705543], [-151.84833018407406, 63.05140495682838], [-151.8684350227151, 63.04327978010993]]}, "properties": {"fault_name": "Peters Dome fault (Northern Foothills fold and thrust belt)", "section_name": "", "class": "A"}}, {"type": "Feature", "geometry": {"type": "LineString", "coordinates": [[-151.53391912675983, 63.21864357086197], [-151.54076303517667, 63.21249864098169], [-151.54791333108918, 63.19929611791693], [-151.55455404508032, 63.18514842598479], [-151.56539731871908, 63.16397766217489], [-151.57217213411417, 63.155270217091484], [-151.58301819342864, 63.138742415181085], [-151.5940312845887, 63.127814150854036], [-151.60305667890952, 63.124477719992704], [-151.62025157969788, 63.12135482595217], [-151.63048427562453, 63.121180699051415]]}, "properties": {"fault_name": "Peters Dome fault (Northern Foothills fold and thrust belt)", "section_name": "", "class": "A"}}, {"type": "Feature", "geometry": {"type": "LineString", "coordinates": [[-151.40361683291496, 63.273384232911106], [-151.41930648157899, 63.26995060001246], [-151.43449361357133, 63.265121487947624], [-151.442836150834, 63.26204225286624], [-151.44770238581347, 63.25855884014265], [-151.4513766399543, 63.2547282099495], [-151.46062924426158, 63.25020992893077], [-151.4736807816846, 63.24454637989121], [-151.48246003312602, 63.2406820610847], [-151.49230339561527, 63.23819289182576], [-151.49850910402338, 63.23607453499704], [-151.50507618041573, 63.234456936806765], [-151.50982679143843, 63.23212793995716], [-151.5157870863991, 63.2302728201238], [-151.52007393586808, 63.226805014028635], [-151.5273686054198, 63.22260050410523], [-151.53233806940187, 63.21987928719431]]}, "properties": {"fault_name": "Peters Dome fault (Northern Foothills fold and thrust belt)", "section_name": "", "class": "A"}}, {"type": "Feature", "geometry": {"type": "LineString", "coordinates": [[-147.24792058328794, 63.89973223589799], [-147.22380853623426, 63.89338276419541], [-147.16968201843343, 63.87863130414305]]}, "properties": {"fault_name": "Red Mountain fault (Northern Foothills fold and thrust belt)", "section_name": "", "class": "A"}}, {"type": "Feature", "geometry": {"type": "LineString", "coordinates": [[-147.42720838327494, 63.932586486115355], [-147.42011290705267, 63.932607222073344], [-147.40277042114795, 63.93073227497423], [-147.35724853577204, 63.923663710845155], [-147.29844616744143, 63.91301490184165], [-147.24792058328794, 63.89973223589799]]}, "properties": {"fault_name": "Red Mountain fault (Northern Foothills fold and thrust belt)", "section_name": "", "class": "A"}}, {"type": "Feature", "geometry": {"type": "LineString", "coordinates": [[-149.9984772281132, 63.8526795989949], [-149.97303771361467, 63.85042531484677], [-149.94611887955745, 63.84402676016202], [-149.90293267410735, 63.84258454812285], [-149.87445325709413, 63.851493880188414], [-149.84891329837046, 63.8584861158214], [-149.82869536542842, 63.86629619694949], [-149.79441925283743, 63.87020599793981], [-149.7688888989008, 63.86699091997852], [-149.71965364044837, 63.86838886885937], [-149.68631950755253, 63.87132846903853], [-149.65560029768523, 63.879771450104265], [-149.6294169143511, 63.88071313405472]]}, "properties": {"fault_name": "Stampede fault (Northern Foothills fold and thrust belt)", "section_name": "", "class": "A"}}, {"type": "Feature", "geometry": {"type": "LineString", "coordinates": [[-149.53029683195248, 63.87727712792346], [-149.51196555783815, 63.87940832213792]]}, "properties": {"fault_name": "Stampede fault (Northern Foothills fold and thrust belt)", "section_name": "", "class": "A"}}, {"type": "Feature", "geometry": {"type": "LineString", "coordinates": [[-149.43669725091104, 63.894308006985206], [-149.42708044712964, 63.89641801296901]]}, "properties": {"fault_name": "Stampede fault (Northern Foothills fold and thrust belt)", "section_name": "", "class": "A"}}, {"type": "Feature", "geometry": {"type": "LineString", "coordinates": [[-149.5472688750919, 63.87142373398524], [-149.54123854657334, 63.87378095107334], [-149.53435261856077, 63.87629201981085], [-149.53035428640143, 63.877235661158586]]}, "properties": {"fault_name": "Stampede fault (Northern Foothills fold and thrust belt)", "section_name": "", "class": "A"}}, {"type": "Feature", "geometry": {"type": "LineString", "coordinates": [[-149.3981087865784, 63.90457679886022], [-149.3836389584421, 63.906975295120084], [-149.36527541055457, 63.912611775849825], [-149.35128830740754, 63.91575284202148], [-149.33564635569186, 63.9191433051072], [-149.32042321922293, 63.92271739790086], [-149.30432861272382, 63.92469885716591], [-149.29101932798454, 63.925842499151216], [-149.2762923490133, 63.92613866089118], [-149.25684455793404, 63.9258026569845]]}, "properties": {"fault_name": "Stampede fault (Northern Foothills fold and thrust belt)", "section_name": "", "class": "A"}}, {"type": "Feature", "geometry": {"type": "LineString", "coordinates": [[-149.25684455793404, 63.9258026569845], [-149.25423819764677, 63.92564583409382], [-149.25089833957384, 63.924595568098404], [-149.2443664187501, 63.92276807215896], [-149.23499447056238, 63.92142501719365], [-149.22741742907584, 63.92090709989677], [-149.21011948343957, 63.92267718010159], [-149.19191760715034, 63.92450806116809], [-149.18138153488084, 63.92587948696552], [-149.17468758762425, 63.9267516430223], [-149.16669571132604, 63.9270367128638], [-149.15532949602104, 63.92606142493819], [-149.14177533143362, 63.925368290896046], [-149.13487980132896, 63.925249641926975], [-149.12589151641257, 63.92560224892572], [-149.11640061241656, 63.92678596218683], [-149.10976093508125, 63.92944135487654], [-149.1045768932222, 63.93327928815324]]}, "properties": {"fault_name": "Stampede fault (Northern Foothills fold and thrust belt)", "section_name": "", "class": "A"}}, {"type": "Feature", "geometry": {"type": "LineString", "coordinates": [[-149.51196555783815, 63.87940832213792], [-149.50293819171532, 63.880663769954396], [-149.47611691559624, 63.88561707300633], [-149.44560591814383, 63.89251929681718], [-149.44103982377544, 63.893354898888056], [-149.43669725091104, 63.894308006985206]]}, "properties": {"fault_name": "Stampede fault (Northern Foothills fold and thrust belt)", "section_name": "", "class": "A"}}, {"type": "Feature", "geometry": {"type": "LineString", "coordinates": [[-149.42708044712964, 63.89641801296901], [-149.41904355355763, 63.89818064216852], [-149.40870066219335, 63.901298626170046], [-149.40151915341798, 63.904011234933186], [-149.3981087865784, 63.90457679886022]]}, "properties": {"fault_name": "Stampede fault (Northern Foothills fold and thrust belt)", "section_name": "", "class": "A"}}, {"type": "Feature", "geometry": {"type": "LineString", "coordinates": [[-146.30505792417898, 63.753371426874], [-146.25066580958296, 63.77547679695711]]}, "properties": {"fault_name": "Trident fault (Northern Foothills fold and thrust belt)", "section_name": "", "class": "A"}}, {"type": "Feature", "geometry": {"type": "LineString", "coordinates": [[-146.3560793226738, 63.73258567791207], [-146.30505792417898, 63.753371426874]]}, "properties": {"fault_name": "Trident fault (Northern Foothills fold and thrust belt)", "section_name": "", "class": "A"}}, {"type": "Feature", "geometry": {"type": "LineString", "coordinates": [[-146.7391691777935, 63.74006436688217], [-146.72535196403305, 63.73574071294876], [-146.7115858760903, 63.72681081697436], [-146.69714918590654, 63.71665016908124], [-146.6785144016004, 63.7113907730433], [-146.66330699014048, 63.709514028087256], [-146.63839978494002, 63.708532667062165], [-146.61971125892202, 63.70848455402883], [-146.60380004258985, 63.70782767390575], [-146.57481736959153, 63.70191197602101], [-146.55002717265174, 63.69416154092998]]}, "properties": {"fault_name": "Trident Glacier fault (Northern Foothills fold and thrust belt)", "section_name": "", "class": "A"}}, {"type": "Feature", "geometry": {"type": "LineString", "coordinates": [[-146.50118966035936, 63.678036307815496], [-146.47849156785108, 63.67150870015127]]}, "properties": {"fault_name": "Trident Glacier fault (Northern Foothills fold and thrust belt)", "section_name": "", "class": "A"}}, {"type": "Feature", "geometry": {"type": "LineString", "coordinates": [[-146.4585448704293, 63.66621589312487], [-146.42903669197293, 63.655663495986836], [-146.3988143896966, 63.64725106790274], [-146.35763228791615, 63.63571354780658]]}, "properties": {"fault_name": "Trident Glacier fault (Northern Foothills fold and thrust belt)", "section_name": "", "class": "A"}}, {"type": "Feature", "geometry": {"type": "LineString", "coordinates": [[-146.3329619145572, 63.62806340406241], [-146.2999544998285, 63.62299420910187]]}, "properties": {"fault_name": "Trident Glacier fault (Northern Foothills fold and thrust belt)", "section_name": "", "class": "A"}}, {"type": "Feature", "geometry": {"type": "LineString", "coordinates": [[-146.28555600960385, 63.61923915986981], [-146.26633229069577, 63.61545810317749], [-146.24915870064092, 63.61260623818076]]}, "properties": {"fault_name": "Trident Glacier fault (Northern Foothills fold and thrust belt)", "section_name": "", "class": "A"}}, {"type": "Feature", "geometry": {"type": "LineString", "coordinates": [[-146.23364071643445, 63.599629473827136], [-146.22138969291396, 63.59373019614581], [-146.21047957832982, 63.589372336114806], [-146.1850839034138, 63.585546207901395], [-146.1569934497321, 63.57985761281519], [-146.13099947437902, 63.57356211999795], [-146.09898387069092, 63.562004708134104], [-146.07116372277315, 63.54923911511601], [-146.03997016380828, 63.53521730990962], [-146.01021420304707, 63.52027736894747]]}, "properties": {"fault_name": "Trident Glacier fault (Northern Foothills fold and thrust belt)", "section_name": "", "class": "A"}}, {"type": "Feature", "geometry": {"type": "LineString", "coordinates": [[-146.54714191331655, 63.69360884419239], [-146.53057890905865, 63.69006190992003], [-146.5271449353917, 63.68616855706251], [-146.51406659403725, 63.6837957420537], [-146.50798565713055, 63.681445814160874]]}, "properties": {"fault_name": "Trident Glacier fault (Northern Foothills fold and thrust belt)", "section_name": "", "class": "A"}}, {"type": "Feature", "geometry": {"type": "LineString", "coordinates": [[-146.4758265062533, 63.67085054018053], [-146.46276687411125, 63.6680848820792]]}, "properties": {"fault_name": "Trident Glacier fault (Northern Foothills fold and thrust belt)", "section_name": "", "class": "A"}}, {"type": "Feature", "geometry": {"type": "LineString", "coordinates": [[-146.34732305822223, 63.63305598198193], [-146.33781167802763, 63.629130267915606]]}, "properties": {"fault_name": "Trident Glacier fault (Northern Foothills fold and thrust belt)", "section_name": "", "class": "A"}}, {"type": "Feature", "geometry": {"type": "LineString", "coordinates": [[-146.29652702457432, 63.62205642604079], [-146.28898278057883, 63.62017720394823]]}, "properties": {"fault_name": "Trident Glacier fault (Northern Foothills fold and thrust belt)", "section_name": "", "class": "A"}}, {"type": "Feature", "geometry": {"type": "LineString", "coordinates": [[-146.75436339929013, 63.74592403811584], [-146.7453891298888, 63.741917480979126]]}, "properties": {"fault_name": "Trident Glacier fault (Northern Foothills fold and thrust belt)", "section_name": "", "class": "A"}}, {"type": "Feature", "geometry": {"type": "LineString", "coordinates": [[-146.245742543261, 63.611982943994484], [-146.23969919186578, 63.60962172715318], [-146.2380484018856, 63.60611892115301], [-146.23636678531815, 63.60378061911105]]}, "properties": {"fault_name": "Trident Glacier fault (Northern Foothills fold and thrust belt)", "section_name": "", "class": "A"}}, {"type": "Feature", "geometry": {"type": "LineString", "coordinates": [[-147.7143217573323, 64.13786299494112], [-147.70717171923627, 64.13453142309385], [-147.69782401657807, 64.13129019395545], [-147.69265151357885, 64.12987211210641]]}, "properties": {"fault_name": "Potts fault (Northern Foothills fold and thrust belt)", "section_name": "", "class": "A"}}, {"type": "Feature", "geometry": {"type": "LineString", "coordinates": [[-147.69147593867214, 64.1292606688066], [-147.68854131421716, 64.12795635905906], [-147.68439809997216, 64.12651352008254], [-147.68158175489398, 64.1255677580255], [-147.67755098726468, 64.12422003210472], [-147.6771423705914, 64.12405938098775]]}, "properties": {"fault_name": "Potts fault (Northern Foothills fold and thrust belt)", "section_name": "", "class": "A"}}, {"type": "Feature", "geometry": {"type": "LineString", "coordinates": [[-147.67687349314878, 64.123870655894], [-147.6753862315846, 64.12294304184167], [-147.67340268765687, 64.1220817170524], [-147.670501137374, 64.12080214110361], [-147.66978989175624, 64.12045977104927], [-147.6690133449055, 64.12007468390136]]}, "properties": {"fault_name": "Potts fault (Northern Foothills fold and thrust belt)", "section_name": "", "class": "A"}}, {"type": "Feature", "geometry": {"type": "LineString", "coordinates": [[-145.88237366857655, 63.75496168118102], [-145.86597174392713, 63.75951752787457], [-145.85020623523235, 63.76563790611743], [-145.83158659921688, 63.772358035107125], [-145.82655814736168, 63.77450305205327]]}, "properties": {"fault_name": "Donnelly Dome fault (Northern Foothills fold and thrust belt)", "section_name": "", "class": "A"}}, {"type": "Feature", "geometry": {"type": "LineString", "coordinates": [[-145.8697029261041, 63.7720370998534], [-145.85410850065688, 63.77378766118476], [-145.83982053105998, 63.778045124979506], [-145.82765812544392, 63.78200622091299]]}, "properties": {"fault_name": "Donnelly Dome fault (Northern Foothills fold and thrust belt)", "section_name": "", "class": "A"}}, {"type": "Feature", "geometry": {"type": "LineString", "coordinates": [[-145.82500299831483, 63.79574606011963], [-145.80812552531697, 63.79404646080998], [-145.7975364865817, 63.792486282052515]]}, "properties": {"fault_name": "Donnelly Dome fault (Northern Foothills fold and thrust belt)", "section_name": "", "class": "A"}}, {"type": "Feature", "geometry": {"type": "LineString", "coordinates": [[-145.7975364865817, 63.792486282052515], [-145.79689718793335, 63.79239205919098], [-145.7882523307467, 63.78952891998816], [-145.77941667678357, 63.787723824947086], [-145.76207978558645, 63.781518838837414], [-145.74616014036198, 63.77782391488273], [-145.74141095496566, 63.777109535026284], [-145.72740802529995, 63.77439070690951], [-145.71893191484278, 63.77415505400901], [-145.71197328078435, 63.774542230196175], [-145.7050711318927, 63.77342281301804], [-145.6946456898454, 63.773328890905205], [-145.69174927882426, 63.77297534511597], [-145.6826127090039, 63.77043117618016], [-145.67508828633515, 63.76872772094678], [-145.66818450789953, 63.767702655178795], [-145.6649136368472, 63.767960880938766], [-145.6535007774194, 63.76583564909543]]}, "properties": {"fault_name": "Donnelly Dome fault (Northern Foothills fold and thrust belt)", "section_name": "", "class": "A"}}, {"type": "Feature", "geometry": {"type": "LineString", "coordinates": [[-145.85290198328028, 63.7789273641566], [-145.84366328579188, 63.78085209292279], [-145.83596436987077, 63.78258434903611], [-145.83019018158245, 63.783739187153955], [-145.8205665380285, 63.785856389028226], [-145.8092106371796, 63.78835853594325], [-145.80189666822233, 63.79028326493767], [-145.79669989993064, 63.79028326493767]]}, "properties": {"fault_name": "Donnelly Dome fault (Northern Foothills fold and thrust belt)", "section_name": "", "class": "A"}}, {"type": "Feature", "geometry": {"type": "LineString", "coordinates": [[-145.64811082732416, 63.765454263082574], [-145.64233664083244, 63.765454263082574], [-145.63386783278023, 63.76526179012884], [-145.62886353841967, 63.76660909985767], [-145.6221269867641, 63.76891877504563], [-145.61596785330852, 63.77142092304658], [-145.60923130255128, 63.77411554107529], [-145.60307217089235, 63.77623274306824], [-145.59729798440068, 63.77873489096551], [-145.59210121521068, 63.7812370388765], [-145.58882917634844, 63.78412413300675], [-145.5826700437912, 63.78855100896013], [-145.57959047706345, 63.78893595502148], [-145.5768958564012, 63.789513374182434], [-145.57593349213565, 63.79009079302874], [-145.57227650720785, 63.79028326493767], [-145.56496253735227, 63.789513374182434], [-145.55668620323112, 63.78835853594325], [-145.55052707067392, 63.787011226143534], [-145.54590772058225, 63.78758864502666], [-145.5426356826183, 63.78778111813863]]}, "properties": {"fault_name": "Donnelly Dome fault (Northern Foothills fold and thrust belt)", "section_name": "", "class": "A"}}, {"type": "Feature", "geometry": {"type": "LineString", "coordinates": [[-145.1138369146771, 63.72736562016826], [-145.09658086017748, 63.71511874400569], [-145.0815956236469, 63.702899899976615], [-145.07010907721295, 63.694733004076355]]}, "properties": {"fault_name": "Granite Mountain fault (Northern Foothills fold and thrust belt)", "section_name": "", "class": "A"}}, {"type": "Feature", "geometry": {"type": "LineString", "coordinates": [[-145.0686509983191, 63.69404566701234], [-145.05477988923482, 63.687848820999285]]}, "properties": {"fault_name": "Granite Mountain fault (Northern Foothills fold and thrust belt)", "section_name": "", "class": "A"}}, {"type": "Feature", "geometry": {"type": "LineString", "coordinates": [[-145.41624202055849, 63.85579945600615], [-145.410154736156, 63.856400364966156], [-145.40183639142225, 63.856308683113916], [-145.39132574686522, 63.85485675217375], [-145.3785478281929, 63.85337864285829], [-145.3635805876124, 63.85053921995719], [-145.3509038021731, 63.84739050899865], [-145.3437367077648, 63.840631463822106], [-145.32458293258304, 63.832064286943606], [-145.30913723670582, 63.82487334018285], [-145.29592449840172, 63.81837474702568], [-145.28484076193106, 63.81423722595831], [-145.2761473759561, 63.80812418192563], [-145.25873070627694, 63.7965637829697], [-145.23584018205838, 63.788273033928775], [-145.22787764922893, 63.78283356782424], [-145.2193534052422, 63.774381850072956], [-145.2065024544356, 63.76287098011158], [-145.19297253717434, 63.75034871308007], [-145.16953234730815, 63.73976959289494], [-145.16137939768961, 63.737662558825676], [-145.1464298763781, 63.73580169608544], [-145.12703158696254, 63.73287986686813], [-145.1167365632265, 63.72907297185693]]}, "properties": {"fault_name": "Granite Mountain fault (Northern Foothills fold and thrust belt)", "section_name": "", "class": "A"}}, {"type": "Feature", "geometry": {"type": "LineString", "coordinates": [[-145.53310297641892, 63.79190954105654], [-145.52464939301413, 63.79558991399767], [-145.50066309033727, 63.80223017699251], [-145.48579592387605, 63.808962423936414], [-145.44885911909284, 63.82590779513365], [-145.43527934443497, 63.82837387111458], [-145.40733372612652, 63.83756858384614]]}, "properties": {"fault_name": "Granite Mountain fault (Northern Foothills fold and thrust belt)", "section_name": "", "class": "A"}}, {"type": "Feature", "geometry": {"type": "LineString", "coordinates": [[-149.71615867656354, 61.63042151091959], [-149.71719478083583, 61.63029762693726], [-149.71818749109, 61.63014315819658], [-149.71884064804826, 61.63000441798693], [-149.72060659216638, 61.62968185300382], [-149.72220430159473, 61.62937159602263], [-149.72349839932167, 61.62915719394351], [-149.72424375037752, 61.62900760706105], [-149.7264079706617, 61.628641100007215], [-149.72785312729022, 61.62842813312029], [-149.72866968869695, 61.62829057490792], [-149.72961281913396, 61.628137013069164], [-149.7303799094197, 61.62800043195846], [-149.73122547203707, 61.62783084117461], [-149.7315046935802, 61.62775340309872], [-149.7321906920469, 61.627586995058905], [-149.73261023582734, 61.62751573206028], [-149.73325523159122, 61.627386065843034], [-149.7335281900802, 61.627344679105946], [-149.7345209156057, 61.62718559892017], [-149.73504779279122, 61.62710769093495], [-149.73550166209696, 61.627031241001845], [-149.73603366057787, 61.62698466581725], [-149.73665536392477, 61.626958748991626], [-149.7370174290017, 61.626938026956125], [-149.73750350291036, 61.626892365174896], [-149.73794326866613, 61.62685661101913], [-149.73842875058503, 61.62681095893626], [-149.7389283845629, 61.62679196699082], [-149.73937618664718, 61.626747064861085], [-149.73985692995296, 61.626674553828735], [-149.7406767306846, 61.62654134897437], [-149.74122280307108, 61.62645404979973], [-149.74170155481187, 61.626359116182186], [-149.74222326488785, 61.62624984403941], [-149.7425636715833, 61.62617115588741], [-149.74343541739626, 61.626005453972375], [-149.74355035504024, 61.625944760857735]]}, "properties": {"fault_name": "Castle Mountain fault", "section_name": "Susitna section", "class": "A"}}]}