{"type": "FeatureCollection", "features": [{"type": "Feature", "geometry": {"type": "LineString", "coordinates": [[-124.76907408508599, 48.36747944006576], [-124.75141819225003, 48.360156838981716]]}, "properties": {"fault_name": "Calawah fault"}}, {"type": "Feature", "geometry": {"type": "LineString", "coordinates": [[-124.74456794891383, 48.35983446375324], [-124.72747192299384, 48.34879330406483], [-124.71331334942538, 48.337076697266504], [-124.7005267287729, 48.32644669919046], [-124.68875325774226, 48.317769149943885], [-124.67161514215798, 48.30586928204004]]}, "properties": {"fault_name": "Calawah fault"}}, {"type": "Feature", "geometry": {"type": "LineString", "coordinates": [[-124.73804728757386, 48.36887962120032], [-124.72482266276188, 48.35826773670741]]}, "properties": {"fault_name": "Calawah fault"}}, {"type": "Feature", "geometry": {"type": "LineString", "coordinates": [[-124.72080084325113, 48.320607954244224], [-124.7051391339891, 48.31661859901211], [-124.69191623124755, 48.311119546221924]]}, "properties": {"fault_name": "Calawah fault"}}, {"type": "Feature", "geometry": {"type": "LineString", "coordinates": [[-125.00438118641516, 48.49463301578375], [-124.99539322129895, 48.48957327373852], [-124.97273456034009, 48.479628710857014]]}, "properties": {"fault_name": "unnamed faults in the Strait of Juan de Fuca and Puget Sound"}}, {"type": "Feature", "geometry": {"type": "LineString", "coordinates": [[-124.96859754626719, 48.45619131397241], [-124.92394943599842, 48.44365447878894]]}, "properties": {"fault_name": "unnamed faults in the Strait of Juan de Fuca and Puget Sound"}}, {"type": "Feature", "geometry": {"type": "LineString", "coordinates": [[-125.0028460895621, 48.44693482282251], [-124.98151626687714, 48.44234279994283], [-124.96705188522638, 48.43805679920653], [-124.95431718360409, 48.43398831470333]]}, "properties": {"fault_name": "unnamed faults in the Strait of Juan de Fuca and Puget Sound"}}, {"type": "Feature", "geometry": {"type": "LineString", "coordinates": [[-124.85318937822358, 48.49775053024115], [-124.8282153069249, 48.494401495885434]]}, "properties": {"fault_name": "unnamed faults in the Strait of Juan de Fuca and Puget Sound"}}, {"type": "Feature", "geometry": {"type": "LineString", "coordinates": [[-124.84515528559857, 48.405356306182874], [-124.80830236998816, 48.39846067080301]]}, "properties": {"fault_name": "unnamed faults in the Strait of Juan de Fuca and Puget Sound"}}, {"type": "Feature", "geometry": {"type": "LineString", "coordinates": [[-124.83620526801494, 48.42103372678807], [-124.80178898679861, 48.423142036842016], [-124.78357321536856, 48.42493944385967], [-124.76549449540983, 48.42843442570725]]}, "properties": {"fault_name": "unnamed faults in the Strait of Juan de Fuca and Puget Sound"}}, {"type": "Feature", "geometry": {"type": "LineString", "coordinates": [[-124.803297754929, 48.49357561079274], [-124.77833801894566, 48.491636816263615], [-124.76467214795436, 48.49184499608397], [-124.75529262786708, 48.49218203277114], [-124.74676568623957, 48.49248778680747]]}, "properties": {"fault_name": "unnamed faults in the Strait of Juan de Fuca and Puget Sound"}}, {"type": "Feature", "geometry": {"type": "LineString", "coordinates": [[-124.84378217834745, 48.48158266218369], [-124.80968278144084, 48.4828274469958], [-124.78240210329223, 48.48381621687268], [-124.75368046544412, 48.482860909114116], [-124.70537395360437, 48.482879355933235], [-124.69429050279798, 48.48327205722981]]}, "properties": {"fault_name": "unnamed faults in the Strait of Juan de Fuca and Puget Sound"}}, {"type": "Feature", "geometry": {"type": "LineString", "coordinates": [[-125.3436226851939, 46.69105488378612], [-125.3345413312208, 46.67659192001682], [-125.32557448280201, 46.66336079916838], [-125.31792758562405, 46.644712222902974], [-125.31299941989053, 46.62966057302006], [-125.30933931062218, 46.61538026315082], [-125.3077605188154, 46.604311625109325], [-125.30863925262297, 46.59396440981264]]}, "properties": {"fault_name": "unnamed faults in the Strait of Juan de Fuca and Puget Sound"}}, {"type": "Feature", "geometry": {"type": "LineString", "coordinates": [[-125.2076689353865, 46.24417312491929], [-125.19011839337375, 46.18510255183734]]}, "properties": {"fault_name": "unnamed faults in the Strait of Juan de Fuca and Puget Sound"}}, {"type": "Feature", "geometry": {"type": "LineString", "coordinates": [[-125.07017862806532, 46.42668807098824], [-125.06600155092738, 46.41242343324633], [-125.04933841865126, 46.362784358892945], [-125.04027701715893, 46.332632948304806], [-125.02873089625196, 46.29392099276452]]}, "properties": {"fault_name": "unnamed faults in the Strait of Juan de Fuca and Puget Sound"}}, {"type": "Feature", "geometry": {"type": "LineString", "coordinates": [[-124.41313410173142, 46.37289645892272], [-124.40435090219435, 46.36110787476911], [-124.40134825191615, 46.35241802294372], [-124.40004723536492, 46.345318465002336], [-124.40009455142756, 46.33487539117151], [-124.4018811550006, 46.32657086805264], [-124.40137191264243, 46.31944416194437], [-124.39738531517563, 46.30804025871103], [-124.39142806191053, 46.29120822830009], [-124.38117115009874, 46.26957696899599], [-124.37399212426682, 46.25773192530215], [-124.3615330787743, 46.23837254412217], [-124.34915999217297, 46.22010823308871], [-124.33612088563684, 46.203513948282065]]}, "properties": {"fault_name": "unnamed faults in the Strait of Juan de Fuca and Puget Sound"}}, {"type": "Feature", "geometry": {"type": "LineString", "coordinates": [[-124.39611532733261, 46.5094402449158], [-124.40076739406693, 46.49938966500321], [-124.40503765255096, 46.49027924094977], [-124.4068051938737, 46.48372726584225], [-124.40850590143758, 46.4762501792082], [-124.40766120479613, 46.4707149850687], [-124.4060126381463, 46.466443793235015], [-124.4029151446387, 46.46067658504464], [-124.39660685670997, 46.45378260329158], [-124.38635731018522, 46.441767760772635], [-124.37913932082618, 46.43459483894487], [-124.36911613717658, 46.4256620992876], [-124.36519867405406, 46.420849220126755], [-124.35845390820353, 46.41396821578659], [-124.35338504383866, 46.40548464230751], [-124.35207951235479, 46.39965569024786], [-124.3507089347595, 46.39290159386738], [-124.34684956209313, 46.382522253727444], [-124.34274164175736, 46.37493319669401], [-124.33383339763105, 46.36256003421591], [-124.32459190728046, 46.351743026714665], [-124.31743706229935, 46.34518288817721]]}, "properties": {"fault_name": "unnamed faults in the Strait of Juan de Fuca and Puget Sound"}}, {"type": "Feature", "geometry": {"type": "LineString", "coordinates": [[-124.60920088971676, 47.53431881826065], [-124.61399979955897, 47.536084876932016], [-124.6188064968964, 47.53819815677321], [-124.62416266943862, 47.54168087528923], [-124.63002939767594, 47.54526636716226], [-124.63944443625121, 47.54845959515167], [-124.6476761393741, 47.551438391769196], [-124.65526788179025, 47.55592053089602], [-124.660486295887, 47.56020047504476], [-124.6681692173045, 47.56742927915008], [-124.67395267261328, 47.57353699427226], [-124.677789961995, 47.577034729099815], [-124.68442007856076, 47.583016323257894], [-124.69364411195048, 47.590565110194575], [-124.70131201173979, 47.596989470913655], [-124.70891097571248, 47.60145994316919], [-124.72382671138615, 47.611446444183784], [-124.74028300566981, 47.621982930076804], [-124.75070536380073, 47.6293905940126], [-124.75907493586186, 47.63614272416061], [-124.76452227303237, 47.641906553012234], [-124.77190742628935, 47.649478693822466], [-124.77936151985453, 47.65922527928686]]}, "properties": {"fault_name": "unnamed fault set offshore of Queets River"}}, {"type": "Feature", "geometry": {"type": "LineString", "coordinates": [[-124.86445607726309, 47.688311368937505], [-124.8592987117747, 47.681739202953665], [-124.85533856789641, 47.67526924701351], [-124.85124900822672, 47.66994762518452], [-124.84842616473578, 47.66689598998243], [-124.84087324121798, 47.65979329724218], [-124.83528815099193, 47.65529946976525], [-124.8277963793888, 47.64979899777813], [-124.82294354727334, 47.64689183002452], [-124.81777072986377, 47.64445077713719], [-124.81022570074069, 47.64215808373984], [-124.80335900835328, 47.64008316021942], [-124.79771344174567, 47.6386832250033], [-124.79086175841002, 47.636951077746225], [-124.7839344566904, 47.63270171223366], [-124.78064609094787, 47.63080230281282]]}, "properties": {"fault_name": "unnamed fault set offshore of Queets River"}}, {"type": "Feature", "geometry": {"type": "LineString", "coordinates": [[-124.80729630627728, 47.66627478610002], [-124.79975838462474, 47.65928598090406], [-124.79453997771449, 47.65546381589367], [-124.78913044793936, 47.651195542842885], [-124.78562871435055, 47.64791891722231], [-124.78229420215186, 47.6446456199071], [-124.77823577270003, 47.6401251097831], [-124.77645794027744, 47.63763068492223]]}, "properties": {"fault_name": "unnamed fault set offshore of Queets River"}}, {"type": "Feature", "geometry": {"type": "LineString", "coordinates": [[-124.71873518342497, 47.67471022614531], [-124.71449285535975, 47.669728051160206], [-124.71131109808186, 47.66564641977739], [-124.70865602934327, 47.662362005041295], [-124.70563482166794, 47.658051482790995], [-124.70439867964987, 47.65657482872161]]}, "properties": {"fault_name": "unnamed fault set offshore of Queets River"}}, {"type": "Feature", "geometry": {"type": "LineString", "coordinates": [[-124.69650346566948, 47.691766034083486], [-124.69372620628933, 47.68985828701334], [-124.68988836534201, 47.68670388408157], [-124.68773717512104, 47.68318279775906]]}, "properties": {"fault_name": "unnamed fault set offshore of Queets River"}}, {"type": "Feature", "geometry": {"type": "LineString", "coordinates": [[-124.65379209081394, 47.60686261617139], [-124.64926034532708, 47.602914332979644], [-124.64001295214675, 47.59455665924216], [-124.63372616180114, 47.58857506177019], [-124.62915604837018, 47.583250112798375], [-124.62460928484843, 47.57861127527349], [-124.61968804782067, 47.572713551237655], [-124.61632349865387, 47.56794914526884], [-124.6097999869595, 47.55967144019151], [-124.60522986544373, 47.55399926777495], [-124.60171254877969, 47.549692085116256], [-124.5986913393077, 47.545144896038266], [-124.59729520015101, 47.54379491193059]]}, "properties": {"fault_name": "unnamed fault set offshore of Queets River"}}, {"type": "Feature", "geometry": {"type": "LineString", "coordinates": [[-124.58175575698907, 47.60933898112419], [-124.5718528164335, 47.60121798079157], [-124.56384934557992, 47.59444695980356], [-124.55791366625466, 47.58844980317436], [-124.5505890783124, 47.58155321820053], [-124.53697768834645, 47.56809114809709], [-124.53226258413373, 47.56310953388567], [-124.52735690413009, 47.55732625476463], [-124.52126845820594, 47.55178743403552], [-124.51879671765052, 47.548380794891656], [-124.51615664269235, 47.54497415685402], [-124.5133337740486, 47.5408886333014]]}, "properties": {"fault_name": "unnamed fault set offshore of Queets River"}}, {"type": "Feature", "geometry": {"type": "LineString", "coordinates": [[-124.55596688857489, 47.538382042802134], [-124.55254839916853, 47.531435413024084], [-124.55051882376901, 47.52584321396956], [-124.54872596702329, 47.522314900117294], [-124.54431583186634, 47.51618439321034], [-124.54114240197114, 47.51175554080969], [-124.5388000673257, 47.50674334274794], [-124.53644994518501, 47.5015017038751], [-124.53568709584577, 47.498415600121476]]}, "properties": {"fault_name": "unnamed fault set offshore of Queets River"}}, {"type": "Feature", "geometry": {"type": "LineString", "coordinates": [[-124.55468776037382, 47.641451511988], [-124.55378701784181, 47.63378374292253], [-124.55129956305717, 47.623957103030854], [-124.5501550159604, 47.619616004195784], [-124.54850713921668, 47.615282689046964], [-124.54631757386507, 47.61004160300435], [-124.54125135593702, 47.604948881083665], [-124.53354561910793, 47.59644952202573], [-124.52255872910975, 47.58570408892136], [-124.51554744658915, 47.57765083375229], [-124.50853560441813, 47.56937702388934], [-124.50270653176091, 47.56108042170335], [-124.49899863301778, 47.5555143509628], [-124.49619077791733, 47.55199771703101], [-124.49336013255815, 47.54790441404982], [-124.49207838127649, 47.54425387301423], [-124.48952990393457, 47.53797834621037], [-124.48901155984596, 47.53741390685468]]}, "properties": {"fault_name": "unnamed fault set offshore of Queets River"}}, {"type": "Feature", "geometry": {"type": "LineString", "coordinates": [[-124.54441579728947, 47.537386616736235], [-124.54070790393622, 47.53216443584448], [-124.5371144056445, 47.52487447588376], [-124.53464210903195, 47.521467834854164], [-124.53252092613471, 47.51828674903461], [-124.52966024829895, 47.51282011387724], [-124.52847733685135, 47.507105682296576], [-124.5271650069174, 47.50253958509713], [-124.52570769967636, 47.49888515681634], [-124.52354870489218, 47.494212402254696]]}, "properties": {"fault_name": "unnamed fault set offshore of Queets River"}}, {"type": "Feature", "geometry": {"type": "LineString", "coordinates": [[-124.51506901015705, 47.66363084807444], [-124.50969003298302, 47.65934313020962], [-124.50069492805696, 47.653613231084684], [-124.49498040676812, 47.64967273899554], [-124.48977699543494, 47.64572446377838], [-124.48593913741965, 47.64187561803001], [-124.4827957382044, 47.638705652134306], [-124.47895065144603, 47.63462791679387], [-124.4759750296781, 47.63145406174191], [-124.47212994112306, 47.62726188284516], [-124.47090880636014, 47.6261285628538]]}, "properties": {"fault_name": "unnamed fault set offshore of Queets River"}}, {"type": "Feature", "geometry": {"type": "LineString", "coordinates": [[-124.50622012131485, 47.729884287087515], [-124.50168837672632, 47.726043226716406], [-124.49354771695916, 47.7206416507122], [-124.48575817360229, 47.71546896091563], [-124.48107366510979, 47.712089012233356], [-124.47362690359398, 47.70713742914563], [-124.46706572464146, 47.703437502204025], [-124.45398896342355, 47.697639316932595], [-124.44865614797706, 47.69529326511318], [-124.4438338810391, 47.69271831990943], [-124.43625047858205, 47.688800627199804], [-124.4293915593168, 47.68647403598014]]}, "properties": {"fault_name": "unnamed fault set offshore of Queets River"}}, {"type": "Feature", "geometry": {"type": "LineString", "coordinates": [[-124.53306189429374, 47.65987162127838], [-124.52782792227457, 47.655126119872946], [-124.52466952209241, 47.65138392901557], [-124.5188632720333, 47.64412121312129], [-124.51707042606733, 47.64070678570248], [-124.51491867799255, 47.636724032200746]]}, "properties": {"fault_name": "unnamed fault set offshore of Queets River"}}, {"type": "Feature", "geometry": {"type": "LineString", "coordinates": [[-124.47324759894842, 47.652608917264914], [-124.46919638835818, 47.64726840276664], [-124.46453453537718, 47.63815900713937], [-124.46300828603135, 47.631872356295325], [-124.46254317700479, 47.62706624994632], [-124.46029968039677, 47.61941405020788], [-124.45918556912018, 47.60957183791256], [-124.45838436081995, 47.60510851173832], [-124.45808647318354, 47.600298515125424], [-124.45707189434209, 47.59423685809963]]}, "properties": {"fault_name": "unnamed fault set offshore of Queets River"}}, {"type": "Feature", "geometry": {"type": "LineString", "coordinates": [[-124.39922035231555, 47.49944591969709], [-124.39448244526764, 47.4929726380192], [-124.38976733925826, 47.48752157777763], [-124.38676890387536, 47.482631055093506], [-124.38324379432622, 47.47716831389046], [-124.37907037512811, 47.47274336008295], [-124.37524030011643, 47.468665623997396], [-124.37108244512896, 47.46458400301573], [-124.36861792433349, 47.46083014026265], [-124.36510838168991, 47.45594017790842], [-124.36388779489928, 47.45435296904482]]}, "properties": {"fault_name": "unnamed fault zone near and offshore of Raft River"}}, {"type": "Feature", "geometry": {"type": "LineString", "coordinates": [[-124.37376193097526, 47.519951509091065], [-124.37059570916192, 47.51528599119345], [-124.36601776601496, 47.508461601869115], [-124.36234042256787, 47.50346053387837], [-124.35967752860485, 47.49867667573039], [-124.3563435221577, 47.49378282705087]]}, "properties": {"fault_name": "unnamed fault zone near and offshore of Raft River"}}, {"type": "Feature", "geometry": {"type": "LineString", "coordinates": [[-124.44305383884361, 47.446962543789375], [-124.43221982683544, 47.44021821776497], [-124.42427748633692, 47.434122195266426], [-124.41599958914722, 47.42791562018482], [-124.40758450124729, 47.42297182501207], [-124.39659771455534, 47.41634250290231], [-124.39213488961373, 47.413641440793384], [-124.38576424692621, 47.409132621858014], [-124.37991973222927, 47.405302687882624], [-124.37509021229373, 47.40146162997383], [-124.36958958795887, 47.39774224687153], [-124.36719401286148, 47.39662449573146]]}, "properties": {"fault_name": "unnamed fault zone near and offshore of Duck Creek"}}, {"type": "Feature", "geometry": {"type": "LineString", "coordinates": [[-124.46327641068578, 47.41221104693793], [-124.46094129490194, 47.40708051776468], [-124.45672227362677, 47.401061120758364], [-124.45381543136854, 47.39341226285378], [-124.4526480742501, 47.38769783214806], [-124.45109900589944, 47.38015284921157], [-124.44995444622626, 47.375235639181206], [-124.44899267664543, 47.37089453911284], [-124.44803146402008, 47.36654954912515], [-124.44841301175887, 47.36173121100482], [-124.44743622593977, 47.35669622173023]]}, "properties": {"fault_name": "unnamed fault zone near and offshore of Duck Creek"}}, {"type": "Feature", "geometry": {"type": "LineString", "coordinates": [[-124.39429132869093, 47.398372378724595], [-124.38608182024377, 47.39445469393118], [-124.37756734274082, 47.39180367781517], [-124.37293618519307, 47.38922484130041], [-124.36661168986001, 47.38619991128444]]}, "properties": {"fault_name": "unnamed fault zone near and offshore of Duck Creek"}}, {"type": "Feature", "geometry": {"type": "LineString", "coordinates": [[-124.34177978234496, 47.191521946037966], [-124.34127645718961, 47.191758618208425], [-124.33626372495355, 47.19307478794192], [-124.33158711624564, 47.19473039822377], [-124.32524719324593, 47.196981027929006], [-124.3150545262483, 47.200193366976144]]}, "properties": {"fault_name": "unnamed fault zone near and offshore of Aloha"}}, {"type": "Feature", "geometry": {"type": "LineString", "coordinates": [[-124.29497380916929, 47.19112582170279], [-124.2897782922308, 47.19198421524706], [-124.27898998111438, 47.19153045204807], [-124.26953720341568, 47.19037056130225], [-124.26244164544671, 47.18941342073312], [-124.25435498969951, 47.188810735731586], [-124.24762557156562, 47.188994147780726], [-124.23806620157194, 47.19081370390054], [-124.23103960367408, 47.19272489683544], [-124.2240130048779, 47.194513867154534], [-124.21578861583805, 47.19563174124107]]}, "properties": {"fault_name": "unnamed fault zone near and offshore of Aloha"}}, {"type": "Feature", "geometry": {"type": "LineString", "coordinates": [[-124.4428318229161, 47.20325808404751], [-124.43377578885759, 47.204856528118505], [-124.42690195037211, 47.205741613197816], [-124.419188682966, 47.20721059507374], [-124.41251265440437, 47.20935456721741], [-124.40213720719588, 47.21200191616382]]}, "properties": {"fault_name": "unnamed fault zone near and offshore of Aloha"}}, {"type": "Feature", "geometry": {"type": "LineString", "coordinates": [[-124.43869658032095, 47.19345091110554], [-124.4330127499738, 47.19489653715635], [-124.42782446537166, 47.19599160113575], [-124.4214539673129, 47.197212234175666], [-124.41526680372553, 47.19854730973473], [-124.40823243001056, 47.20023739579628], [-124.40018360231997, 47.20147749486364]]}, "properties": {"fault_name": "unnamed fault zone near and offshore of Aloha"}}, {"type": "Feature", "geometry": {"type": "LineString", "coordinates": [[-124.48504915939968, 47.15623841224625], [-124.47999083227305, 47.15595624622804], [-124.47500867868929, 47.15819519215561], [-124.46666265596335, 47.16082361779632], [-124.46116938793236, 47.16284201415115]]}, "properties": {"fault_name": "unnamed fault zone near and offshore of Aloha"}}, {"type": "Feature", "geometry": {"type": "LineString", "coordinates": [[-124.3578242269186, 47.19363120493592], [-124.35349873731595, 47.19563014381705], [-124.34615938556203, 47.19846856289143], [-124.3404755570115, 47.20013585119632], [-124.33278508435573, 47.20251594005607]]}, "properties": {"fault_name": "unnamed fault zone near and offshore of Aloha"}}, {"type": "Feature", "geometry": {"type": "LineString", "coordinates": [[-124.32280338939754, 47.17397857093505], [-124.31626509862014, 47.174974198814866], [-124.30599568405621, 47.17497042688937], [-124.2995945893789, 47.17481438727972], [-124.29268237127118, 47.17419613106701], [-124.28744903436092, 47.17345618995481], [-124.2791784773054, 47.172395728133004], [-124.27563069427848, 47.17174743385903]]}, "properties": {"fault_name": "unnamed fault zone near and offshore of Aloha"}}, {"type": "Feature", "geometry": {"type": "LineString", "coordinates": [[-124.32272856512427, 47.22706024085069], [-124.3186696703451, 47.226419175848164], [-124.3103457362937, 47.22352760303173], [-124.303449097668, 47.22383323482974], [-124.29504136158035, 47.22461499679777], [-124.28361252831014, 47.225538457952126], [-124.27468588758514, 47.22551966875221], [-124.26709478476947, 47.22503142174549], [-124.25882479185594, 47.224314292184104], [-124.25072201943422, 47.22359716207255], [-124.24310811917326, 47.222189468719854], [-124.23787422710417, 47.221437862079426], [-124.23093142944587, 47.219790160828275]]}, "properties": {"fault_name": "unnamed fault zone near and offshore of Aloha"}}, {"type": "Feature", "geometry": {"type": "LineString", "coordinates": [[-124.24708972021044, 47.19704275696478], [-124.24406863021437, 47.19753112375688], [-124.2348370150437, 47.19854233888761], [-124.22861927010914, 47.199183518783144], [-124.22358374402106, 47.199805243200665], [-124.2168470989407, 47.19987365293752], [-124.21449710975071, 47.20012923377095]]}, "properties": {"fault_name": "unnamed fault zone near and offshore of Aloha"}}, {"type": "Feature", "geometry": {"type": "LineString", "coordinates": [[-124.51229929482864, 47.0525619257352], [-124.50621873431602, 47.05138310424672], [-124.49964206391643, 47.05020484306875], [-124.4942559622039, 47.04981157022873], [-124.4866726280188, 47.04864832076788], [-124.47960763971898, 47.048049510128095], [-124.47152042521962, 47.04711904515631], [-124.46344877313429, 47.04653135602045], [-124.45538435338531, 47.04628755770031], [-124.44482551511157, 47.04687489572155], [-124.43475444676578, 47.04711167597498], [-124.42256287914066, 47.049438477298885], [-124.40985241586134, 47.05142250805038]]}, "properties": {"fault_name": "Langley Hill fault zone"}}, {"type": "Feature", "geometry": {"type": "LineString", "coordinates": [[-124.33277334606991, 47.07879781086365], [-124.32528176670625, 47.08140289506844], [-124.32028461125725, 47.08340961817829], [-124.31208300439133, 47.08464970870547], [-124.29781584426794, 47.08514931230412], [-124.28217588142233, 47.08428392997881], [-124.27241757142417, 47.083818482872914], [-124.25657923990254, 47.08157921504656], [-124.2260004573754, 47.08143844429231], [-124.21258831373946, 47.08272414811757], [-124.19555181917336, 47.087367116009425]]}, "properties": {"fault_name": "Langley Hill fault zone"}}, {"type": "Feature", "geometry": {"type": "LineString", "coordinates": [[-124.31232508688566, 47.038167053746584], [-124.30964732760134, 47.03842653172758], [-124.30413126571833, 47.0392927138164], [-124.29711967777054, 47.041085577827516], [-124.29128363777996, 47.042752875034914], [-124.2854548229392, 47.04453794777844]]}, "properties": {"fault_name": "Langley Hill fault zone"}}, {"type": "Feature", "geometry": {"type": "LineString", "coordinates": [[-124.4720811661964, 47.05855842288102], [-124.46370455044514, 47.05923407693687], [-124.45783735867714, 47.05953525896327], [-124.45029963106073, 47.060317571072446], [-124.44192246104895, 47.061107114726035], [-124.42921200675276, 47.06309837697102], [-124.41567768505166, 47.065780760257994]]}, "properties": {"fault_name": "Langley Hill fault zone"}}, {"type": "Feature", "geometry": {"type": "LineString", "coordinates": [[-124.44199052280474, 47.03975860980287], [-124.43530725292365, 47.04099091784012], [-124.4279601010981, 47.0423371249153], [-124.42010183662197, 47.043577226053046], [-124.4094136077097, 47.04565236518982]]}, "properties": {"fault_name": "Langley Hill fault zone"}}, {"type": "Feature", "geometry": {"type": "LineString", "coordinates": [[-124.4242673524422, 47.02277939178931], [-124.4205973886552, 47.023511661713044], [-124.41392190267602, 47.02496897126214], [-124.40458368173562, 47.02748687029582], [-124.39294885399099, 47.03186646618887]]}, "properties": {"fault_name": "Langley Hill fault zone"}}, {"type": "Feature", "geometry": {"type": "LineString", "coordinates": [[-124.40066390455293, 47.08957316191786], [-124.39318679525186, 47.09276214091477], [-124.3860152182503, 47.095135003928476], [-124.37483866964112, 47.09812958083795], [-124.36163991271606, 47.101265293877645], [-124.34875391503698, 47.10370322375902], [-124.33587569766658, 47.10625948897579], [-124.32152474718507, 47.110317992959715], [-124.30632713903987, 47.1146137292193], [-124.29397561380199, 47.11830276482251], [-124.27846525180071, 47.12351017198144], [-124.2674103512507, 47.12557752526952], [-124.26156597309763, 47.127363150260166], [-124.2532043843645, 47.12905325092284], [-124.24548332317497, 47.1298238978807], [-124.23390228295628, 47.13086125802269], [-124.22503681211224, 47.132788029161475], [-124.21246357008586, 47.134523734754275]]}, "properties": {"fault_name": "Langley Hill fault zone"}}, {"type": "Feature", "geometry": {"type": "LineString", "coordinates": [[-124.3225089863261, 47.102395203033474], [-124.31915956478866, 47.10277635387295], [-124.31365129489244, 47.10443975272841], [-124.30713580515356, 47.10600371921631], [-124.29742366227279, 47.10760272273879], [-124.28484262825961, 47.10865565025804], [-124.27359713485069, 47.1093535622953], [-124.26083330805022, 47.10983093577678], [-124.24822946760864, 47.10984608599507], [-124.23126176782361, 47.110254621193604], [-124.21431687087379, 47.111692598744426]]}, "properties": {"fault_name": "Langley Hill fault zone"}}, {"type": "Feature", "geometry": {"type": "LineString", "coordinates": [[-124.29972621592421, 47.05553158184089], [-124.29137962905627, 47.05734001324575], [-124.279844174745, 47.05953348487221], [-124.26812593393464, 47.06137640198918], [-124.25655933593079, 47.06229987287265], [-124.24316220314324, 47.06370336485381], [-124.22554618472614, 47.06468801924967], [-124.2188250939749, 47.064413098943696], [-124.2067323572007, 47.06419602078074]]}, "properties": {"fault_name": "Langley Hill fault zone"}}, {"type": "Feature", "geometry": {"type": "LineString", "coordinates": [[-124.29373722697672, 47.05066831912756], [-124.29140280738721, 47.051267236244385], [-124.28439120955798, 47.05294954199924], [-124.2751901748362, 47.05453631720395], [-124.26784302211233, 47.05610807186092], [-124.25761975220796, 47.05701652688903], [-124.24420761036862, 47.05807668527068], [-124.22710269561891, 47.05882855591452], [-124.21584940662996, 47.05882480022589], [-124.20325334200545, 47.05872606107503]]}, "properties": {"fault_name": "Langley Hill fault zone"}}, {"type": "Feature", "geometry": {"type": "LineString", "coordinates": [[-124.29109873125681, 47.02488626297701], [-124.28710878936224, 47.026534086767164], [-124.2806088647323, 47.02843749674754], [-124.27224671365376, 47.029902592010565], [-124.263221233993, 47.03137547701901], [-124.25418797222694, 47.032615025956645], [-124.24095916935057, 47.03390462415326], [-124.22300703369349, 47.034317054818956], [-124.20772542498439, 47.03401556628424], [-124.20002714866372, 47.03501121200905]]}, "properties": {"fault_name": "Saddle Hill fault zone"}}, {"type": "Feature", "geometry": {"type": "LineString", "coordinates": [[-124.26293445222844, 47.184094138779464], [-124.25634278086189, 47.18290421075273], [-124.24757669063774, 47.18230486301938], [-124.23851286369415, 47.18343440776427], [-124.23401181184393, 47.1852005676998], [-124.22870135815978, 47.188580627769], [-124.2232086668472, 47.191388466697546], [-124.22203368303201, 47.19185736895694]]}, "properties": {"fault_name": "Saddle Hill fault zone"}}, {"type": "Feature", "geometry": {"type": "LineString", "coordinates": [[-124.21815349011231, 47.03465367023728], [-124.183296738861, 47.04096421824246], [-124.17315644094953, 47.04283606005282]]}, "properties": {"fault_name": "Saddle Hill fault zone"}}, {"type": "Feature", "geometry": {"type": "LineString", "coordinates": [[-124.19325305461582, 47.04791629225995], [-124.20111131819363, 47.04646286695246], [-124.21150236015542, 47.045440523917385], [-124.22407562104644, 47.0446242659943], [-124.23529832509492, 47.04359024586327], [-124.24835211728931, 47.041961205969876], [-124.25504317466563, 47.040976682831364], [-124.26625809211723, 47.039595996878816], [-124.27543632669877, 47.03720366799713], [-124.2839273276301, 47.03424745719166], [-124.29007668202547, 47.03166127471219], [-124.29206776012347, 47.03060791800293]]}, "properties": {"fault_name": "Saddle Hill fault zone"}}, {"type": "Feature", "geometry": {"type": "LineString", "coordinates": [[-124.34537260869683, 46.987672997919624], [-124.35079709991305, 46.983255253069984], [-124.3550693571486, 46.97976527875439], [-124.35818216423684, 46.97686196477739], [-124.36079164257644, 46.97374198106135], [-124.36637613362619, 46.96908757003161], [-124.37131283964312, 46.965250377879364], [-124.37362451927952, 46.96384650307032]]}, "properties": {"fault_name": "Saddle Hill fault zone"}}, {"type": "Feature", "geometry": {"type": "LineString", "coordinates": [[-124.38768382541582, 46.96964869984341], [-124.38573046488163, 46.97196813213347], [-124.38211432365487, 46.97487477773325], [-124.37816984729344, 46.97812864304699], [-124.37273758744668, 46.98197805523028], [-124.36729754998616, 46.985941355193454], [-124.36004972039002, 46.99117853399152], [-124.35161912038177, 46.99609570502113]]}, "properties": {"fault_name": "Saddle Hill fault zone"}}, {"type": "Feature", "geometry": {"type": "LineString", "coordinates": [[-124.23735828780553, 47.023265606289456], [-124.23151384407551, 47.024585606037924], [-124.22615828777758, 47.02521504884043], [-124.21878828820107, 47.025978384252596], [-124.21092217694097, 47.026862828190296], [-124.2025449539286, 47.02740504889929]]}, "properties": {"fault_name": "Saddle Hill fault zone"}}, {"type": "Feature", "geometry": {"type": "LineString", "coordinates": [[-124.48604880015625, 46.96811395891901], [-124.47776329693102, 46.96546279671477], [-124.46811225655756, 46.96180051616247], [-124.46065064768672, 46.958683804009524], [-124.4518235043626, 46.95431986124799], [-124.4440263423938, 46.95097425821276], [-124.43349032941313, 46.94537030525603], [-124.42554038377742, 46.942375812197646], [-124.42078765093407, 46.93991133915833], [-124.41570657936278, 46.937679641279736], [-124.41113661235721, 46.935898501965404], [-124.40471221088984, 46.9337962421844], [-124.4025150026718, 46.93302178471873]]}, "properties": {"fault_name": "Grays Harbor fault zone"}}, {"type": "Feature", "geometry": {"type": "LineString", "coordinates": [[-124.34834709499427, 46.90991978808036], [-124.34785875643277, 46.91038534095501], [-124.34257150892736, 46.91330697514926], [-124.3349648077651, 46.917404152187736], [-124.32191862699611, 46.9251212940482], [-124.3095057980283, 46.931331220264106], [-124.28928738718254, 46.94084165414819], [-124.27417345890268, 46.946620450693636], [-124.25705341832023, 46.95299090170138], [-124.24575394514588, 46.95724416781619], [-124.23093003526054, 46.96152407677773], [-124.22127890685216, 46.96460290894213], [-124.20795777423263, 46.968635049848864], [-124.19395054163671, 46.97198774413405]]}, "properties": {"fault_name": "Grays Harbor fault zone"}}, {"type": "Feature", "geometry": {"type": "LineString", "coordinates": [[-124.45896166134065, 46.93244922116445], [-124.45105780377062, 46.931404173150874], [-124.4413150615763, 46.93037411519352], [-124.43592120380961, 46.92894741491085], [-124.42919956508611, 46.92799737495978], [-124.41863292763905, 46.92755508916958], [-124.40738740997563, 46.92676890970704], [-124.39849910216044, 46.92641774574956], [-124.3861241219105, 46.92702044871021], [-124.37895245417909, 46.92848151595455], [-124.36394578833742, 46.93128920414104], [-124.35313466270773, 46.93427969405104], [-124.33699852888964, 46.93893348571095], [-124.323189617359, 46.94321729204], [-124.30989125793022, 46.947718878837975], [-124.29044399506031, 46.954470428769135], [-124.27568894104151, 46.961394230162135], [-124.26838725025753, 46.964568073901575], [-124.25642443772122, 46.969279113797825], [-124.24340110470317, 46.97182347877253], [-124.23671777373661, 46.97280732808048], [-124.2286761217885, 46.97312394616711], [-124.21428725341887, 46.97430663795785], [-124.20742059516743, 46.97471493011268], [-124.19989060743549, 46.9753671071676]]}, "properties": {"fault_name": "Grays Harbor fault zone"}}, {"type": "Feature", "geometry": {"type": "LineString", "coordinates": [[-124.40865431659724, 46.90904881569971], [-124.42331056042636, 46.90600906922152], [-124.43028397895773, 46.90385752317655], [-124.43660904472098, 46.90229374416441], [-124.44407804133671, 46.89968053987131], [-124.44938811233855, 46.89789563197432], [-124.45834546466645, 46.894691340842975]]}, "properties": {"fault_name": "Grays Harbor fault zone"}}, {"type": "Feature", "geometry": {"type": "LineString", "coordinates": [[-124.35912241287842, 46.964912410249696], [-124.35612407720852, 46.965747949760335], [-124.34864739820047, 46.96858568481572], [-124.34300183338951, 46.97082509774502], [-124.33587569766658, 46.974235614851494], [-124.3290779033665, 46.977405575163544], [-124.31364342385393, 46.98388271209025], [-124.30500729380023, 46.987414884873424], [-124.29418117259351, 46.99085982486037], [-124.2853311788235, 46.99244644107297], [-124.27980730159756, 46.99285085521138], [-124.2742756512494, 46.992793602160006], [-124.26723400118063, 46.9930985617715], [-124.2593756774157, 46.994216295258894], [-124.25218124637497, 46.994750142123614], [-124.24200346715658, 46.9971495306948], [-124.23519067368623, 47.00008671476907], [-124.22907952733482, 47.004508347254564]]}, "properties": {"fault_name": "Grays Harbor fault zone"}}, {"type": "Feature", "geometry": {"type": "LineString", "coordinates": [[-124.34998233334025, 46.88048567311716], [-124.3530185168297, 46.87449291385174], [-124.35533805762314, 46.86666903827433], [-124.35729150529389, 46.85759016170901], [-124.35748209006793, 46.855396273895984], [-124.3579399353171, 46.850014054087595], [-124.3577800208235, 46.84336905273751], [-124.35711621793081, 46.83672738289714], [-124.35652857420791, 46.82641626593905], [-124.35346980437727, 46.81739458224933], [-124.34877768625604, 46.80988344297479], [-124.34568004722135, 46.79925564622922], [-124.3419418429138, 46.78966951201505], [-124.33701365023082, 46.77928948215573], [-124.33518984472694, 46.772892247751564], [-124.33130663167127, 46.76399222476332], [-124.3301700373597, 46.758388884220416], [-124.3296973321791, 46.75277332529385], [-124.32958295328723, 46.74773054702828], [-124.33031523026244, 46.74336666328194], [-124.33152085112043, 46.73807944774511], [-124.33094089607805, 46.734531665793284]]}, "properties": {"fault_name": "unnamed fault set offshore of mouth of Willapa Bay"}}, {"type": "Feature", "geometry": {"type": "LineString", "coordinates": [[-124.3915502166195, 46.90776327209883], [-124.3889560841999, 46.90423889387241], [-124.38363776666375, 46.899256759138474], [-124.37763272212717, 46.89325242271332], [-124.37162823095287, 46.88735919781526], [-124.36786617817111, 46.884307029985145], [-124.36442529196809, 46.88021766375128], [-124.36215120592801, 46.87634996129075], [-124.35948878897041, 46.86996064399256], [-124.35836707435323, 46.86527240492469], [-124.3578176593356, 46.860106955964326], [-124.35771821942689, 46.85920308602199], [-124.35724548729682, 46.85370653127749], [-124.35527702159114, 46.84822830878387], [-124.3537891851052, 46.84205288006335], [-124.35298807561965, 46.83667410098023]]}, "properties": {"fault_name": "unnamed fault set offshore of mouth of Willapa Bay"}}, {"type": "Feature", "geometry": {"type": "LineString", "coordinates": [[-124.25338723733886, 46.73356372699282], [-124.24805431678948, 46.72639600604969], [-124.24346146879532, 46.72255049806998], [-124.23888362985295, 46.71915554706189], [-124.23412300800474, 46.71542504101729], [-124.23088794739287, 46.71224729791004], [-124.22730954888277, 46.70884067011213], [-124.2257761911681, 46.7074867982034]]}, "properties": {"fault_name": "unnamed fault set offshore of mouth of Willapa Bay"}}, {"type": "Feature", "geometry": {"type": "LineString", "coordinates": [[-124.22699799697256, 46.69915376514833], [-124.23135411732976, 46.70002316017593], [-124.23872412858435, 46.70132029973136], [-124.24526248134552, 46.70286133675786], [-124.24980195144549, 46.70441795295438], [-124.25569199186273, 46.70676010875724], [-124.26209315211709, 46.709445593182586], [-124.26832653043256, 46.71213107827582], [-124.27762663585543, 46.71753263997617], [-124.28374562809253, 46.72262479407512], [-124.28888019074573, 46.7280758470381]]}, "properties": {"fault_name": "unnamed fault set offshore of mouth of Willapa Bay"}}, {"type": "Feature", "geometry": {"type": "LineString", "coordinates": [[-124.40101074318581, 46.81286880224208], [-124.40544331376698, 46.80296209083384], [-124.40812095357538, 46.7963931751782], [-124.41049362432798, 46.79120148510956], [-124.41335461387916, 46.78544089972058], [-124.41572727744524, 46.78002420927402], [-124.41645941877485, 46.776232535196506], [-124.41737489816909, 46.772551414790875], [-124.41814540115458, 46.77013640799566]]}, "properties": {"fault_name": "unnamed fault set offshore of mouth of Willapa Bay"}}, {"type": "Feature", "geometry": {"type": "LineString", "coordinates": [[-124.20028932197941, 46.761600473937904], [-124.19030978477453, 46.75585169493913], [-124.17765245684426, 46.749210724005586], [-124.16856574442049, 46.74575082415742], [-124.16316403986978, 46.74316477282421], [-124.15693122300135, 46.740360952047496], [-124.15204840691833, 46.73799933915134], [-124.1473406158903, 46.73655772489058], [-124.1421300395944, 46.73477222708751]]}, "properties": {"fault_name": "unnamed fault zone offshore of Cape Shoalwater"}}, {"type": "Feature", "geometry": {"type": "LineString", "coordinates": [[-124.13697249713792, 46.74398895075412], [-124.14438865844193, 46.74735720206008], [-124.1491036836029, 46.749264373262335], [-124.15683204719737, 46.75182762107802], [-124.16189819685347, 46.754414231101514], [-124.16746768513968, 46.7572252809105], [-124.1750510669355, 46.76059019677905], [-124.18399280025557, 46.76497287600376], [-124.19108063091646, 46.76845557610791], [-124.19852681930712, 46.77308271616257]]}, "properties": {"fault_name": "unnamed fault zone offshore of Cape Shoalwater"}}, {"type": "Feature", "geometry": {"type": "LineString", "coordinates": [[-125.18435807507343, 46.84368958902116], [-125.18240471184431, 46.836735133213224], [-125.183289942268, 46.8294951509155], [-125.18641124113063, 46.807083542152334], [-125.1877616183101, 46.794789123854244], [-125.19181405959229, 46.77476585287228], [-125.19375222242847, 46.764637550091834], [-125.19594219831019, 46.74832203412753], [-125.19686591256064, 46.733857058895865], [-125.1988040718036, 46.72384708769412], [-125.2022608617804, 46.70589547373435], [-125.20311546324618, 46.70209604205565], [-125.20431341608487, 46.69863605728447], [-125.20585481461966, 46.69138441322615]]}, "properties": {"fault_name": "unnamed offshore fault set near Grays Canyon"}}, {"type": "Feature", "geometry": {"type": "LineString", "coordinates": [[-124.99477864428722, 46.938904414780325], [-124.9862781391802, 46.9310233012442], [-124.98265379902983, 46.9278721867144], [-124.97830492268707, 46.923473852876754], [-124.97374158704494, 46.91759163182392], [-124.97054452966115, 46.91260218996125], [-124.96822480381478, 46.908631082125616], [-124.9667907449733, 46.905899417054165]]}, "properties": {"fault_name": "unnamed offshore fault set near Grays Canyon"}}, {"type": "Feature", "geometry": {"type": "LineString", "coordinates": [[-124.95756548717989, 46.943199879826835], [-124.9529565925798, 46.936054884036665], [-124.94686750436021, 46.92973377097385], [-124.94373933877557, 46.92657877079838], [-124.93814587086116, 46.919907102776385], [-124.9336058662636, 46.914593214185146], [-124.9292642168673, 46.91008043620878], [-124.92473198898514, 46.90510599071759], [-124.92473198988347, 46.90499543389428]]}, "properties": {"fault_name": "unnamed offshore fault set near Grays Canyon"}}, {"type": "Feature", "geometry": {"type": "LineString", "coordinates": [[-125.29750426367207, 46.91423525114248], [-125.28805868417375, 46.90043354679525], [-125.27978759262064, 46.89074017715978], [-125.27476729207831, 46.88281349129962], [-125.26956364987808, 46.874314026877194], [-125.27372246785954, 46.86150850921043], [-125.2790175396911, 46.84397967070931], [-125.28296246071857, 46.830258597264105], [-125.28608337689889, 46.82079806715743], [-125.28776966470582, 46.817208637742716], [-125.28923488790112, 46.808236433124904], [-125.28986055371674, 46.80318199772732], [-125.2904173448012, 46.79652533982791], [-125.29041734569951, 46.79640700669952]]}, "properties": {"fault_name": "unnamed offshore fault set near Grays Canyon"}}, {"type": "Feature", "geometry": {"type": "LineString", "coordinates": [[-125.100833583237, 46.94970535469581], [-125.09734671676613, 46.94174037511607], [-125.09012136661167, 46.932356521108005], [-125.08441385397867, 46.923284883928474], [-125.07847024342779, 46.91663213608645], [-125.06919262732802, 46.91037218127723], [-125.06200566128732, 46.906370546148224], [-125.05448257082013, 46.90214780381067], [-125.04475495176361, 46.897272849072074], [-125.0326772429058, 46.89198179100157], [-125.02467358430434, 46.888339049950005], [-125.01866888561915, 46.88431463406377], [-125.01482315027715, 46.87990854223038], [-125.00819339663076, 46.872458573836084], [-125.00522492455417, 46.869070811735995], [-125.0015247423393, 46.863856385203555], [-124.99909074180565, 46.86137695202946]]}, "properties": {"fault_name": "unnamed offshore fault set near Grays Canyon"}}, {"type": "Feature", "geometry": {"type": "LineString", "coordinates": [[-125.00702084096177, 47.1429128617282], [-125.00557072024301, 47.13548898581829], [-125.00211441625476, 47.128325116036635], [-125.00055041700575, 47.12239345976885], [-124.99543850177918, 47.11583237494577], [-124.99013602333814, 47.108809069276724], [-124.98713754393779, 47.10496408402556], [-124.98350558966708, 47.08817188818915], [-124.98111707442948, 47.077784684118356], [-124.97793576630927, 47.06889248096996], [-124.97405219931737, 47.05887139228802], [-124.97039754641604, 47.05079530173023], [-124.96797128486854, 47.043959760696964], [-124.96615507192541, 47.0400875477071], [-124.96522445861358, 47.03758533184999]]}, "properties": {"fault_name": "unnamed offshore fault set near Grays Canyon"}}, {"type": "Feature", "geometry": {"type": "LineString", "coordinates": [[-124.79594439933813, 46.79058449283182], [-124.7885666212496, 46.779464493847556], [-124.78365328759973, 46.772083383205675], [-124.7821199550379, 46.76591504829346], [-124.78144828919154, 46.760768938796545], [-124.78211995593622, 46.755714493939635], [-124.78362273320197, 46.75041949508043], [-124.7847821770611, 46.74501060521839], [-124.78594217787568, 46.73949060488226], [-124.7867888418276, 46.73454671625929], [-124.7867355106458, 46.72778338270673]]}, "properties": {"fault_name": "unnamed offshore fault set near Grays Canyon"}}, {"type": "Feature", "geometry": {"type": "LineString", "coordinates": [[-124.77228299933324, 47.059124337749516], [-124.77369445835879, 47.0508465439433], [-124.77604376932074, 47.045769293959395], [-124.77650137921131, 47.0389942893042], [-124.77775994767046, 47.02613871909423], [-124.7777368986969, 47.01490482890542], [-124.77656164987866, 47.00460484113092], [-124.77123645034914, 46.99551101192354], [-124.76511739882324, 46.98780885900127], [-124.75799890596674, 46.98011838376898], [-124.75416881209046, 46.975594539987036], [-124.74749304943016, 46.96595072472974], [-124.743456817349, 46.96039299420692], [-124.74166395162011, 46.956517458740336], [-124.7415798738011, 46.948723570217524], [-124.74507402381226, 46.93720741777674], [-124.74769829021807, 46.9302912757968], [-124.75029975558533, 46.922459579063734], [-124.75120732711017, 46.91407457005879], [-124.75004721490447, 46.909279582297756], [-124.74804820917406, 46.904149049252204], [-124.74322646325899, 46.90009021410628], [-124.74099865213417, 46.89840412980097]]}, "properties": {"fault_name": "unnamed offshore fault set near Grays Canyon"}}, {"type": "Feature", "geometry": {"type": "LineString", "coordinates": [[-124.6022646407769, 46.98861036304841], [-124.59924340794872, 46.98280428376165], [-124.59597057407747, 46.97975265278037], [-124.59243766804997, 46.97361102523637], [-124.59199535826532, 46.969719917844394], [-124.59002693478048, 46.96550493989543], [-124.59020249343476, 46.965615493247604]]}, "properties": {"fault_name": "unnamed offshore fault set near Grays Canyon"}}, {"type": "Feature", "geometry": {"type": "LineString", "coordinates": [[-125.03839937382342, 46.817224016751624], [-125.03858244868168, 46.808625691921534], [-125.03878053528668, 46.80036681192514], [-125.03736128157942, 46.7936262877741], [-125.03460633455428, 46.786908560818596], [-125.03458338439542, 46.78163689997335], [-125.03672732611035, 46.776441318853], [-125.04302167038922, 46.77048234211473], [-125.04674528066668, 46.76720951116948], [-125.05346753204125, 46.76388274579043], [-125.05809129465759, 46.76242212204379], [-125.06501916141751, 46.76023979598986], [-125.06909393391933, 46.757416959877226], [-125.07261861676871, 46.75357135519796], [-125.07554870742646, 46.74698353996256], [-125.0783866372243, 46.74268794701746], [-125.08113336196962, 46.735764580260124], [-125.08264393391711, 46.7314917851404], [-125.08278893008878, 46.73091956116084]]}, "properties": {"fault_name": "unnamed offshore fault set near Grays Canyon"}}, {"type": "Feature", "geometry": {"type": "LineString", "coordinates": [[-124.99135967877376, 46.83437769878541], [-124.9863313652591, 46.829532715987604], [-124.98133360973544, 46.82537495296575], [-124.97790047240008, 46.82279218723406], [-124.97619860600948, 46.81720775312837], [-124.96845389667011, 46.811146108932974], [-124.95602426112164, 46.80470280907682], [-124.94691385383562, 46.79740561272339], [-124.93986366258514, 46.79179063516036], [-124.93619326760678, 46.787147869785855], [-124.93431638514431, 46.781334549098865], [-124.93221058140473, 46.773571229057424], [-124.9321799811929, 46.763138465267325], [-124.93346175403416, 46.75681347072358], [-124.93332450223852, 46.752918475282186]]}, "properties": {"fault_name": "unnamed offshore fault set near Grays Canyon"}}, {"type": "Feature", "geometry": {"type": "LineString", "coordinates": [[-124.82533176966014, 46.970921466099924], [-124.82067694869116, 46.957005446882], [-124.8186621281202, 46.951763819815575], [-124.81744090801729, 46.93504442023292], [-124.81766176960969, 46.926560540912064], [-124.81916492686281, 46.91621886794782], [-124.81901976899437, 46.91174776496603], [-124.82253703625108, 46.901833282851584], [-124.82452816734968, 46.896073262159994], [-124.82670267783544, 46.891106571218096], [-124.82772485642423, 46.886506006021314], [-124.82802985871767, 46.88558266924523]]}, "properties": {"fault_name": "unnamed offshore fault set near Grays Canyon"}}, {"type": "Feature", "geometry": {"type": "LineString", "coordinates": [[-126.34101814495386, 47.29344230915518], [-126.31140301307977, 47.2862999749755], [-126.29160505600778, 47.28454567982788], [-126.27996475842137, 47.28355808013531], [-126.27053512401935, 47.2816742842897], [-126.23921535265538, 47.274599283192316], [-126.23085222870137, 47.27187469525406], [-126.20991528330761, 47.270163251275456], [-126.19119065040509, 47.26755450607481], [-126.17177047892753, 47.263799800861975], [-126.13641953389575, 47.25650337481909], [-126.1140178611767, 47.25170755470923], [-126.08371602296349, 47.24846636006342], [-126.06271193568872, 47.24594753872719], [-126.03102830710883, 47.24040534813992], [-126.01228266081516, 47.23737726572593]]}, "properties": {"fault_name": "North Ninitat fault zone"}}, {"type": "Feature", "geometry": {"type": "LineString", "coordinates": [[-126.00865404917565, 47.23692667571044], [-125.99966461890723, 47.235897473301144], [-125.98734868402258, 47.23564300778969], [-125.97945915368302, 47.23607481594338], [-125.9692872925657, 47.234961827714024], [-125.9498884650593, 47.228463563971545], [-125.91764010877938, 47.220791436960106], [-125.89322108942679, 47.214636389273345], [-125.86500887719315, 47.20662057098203], [-125.83691928858907, 47.197681410921135], [-125.81706265266442, 47.19140040529752], [-125.80597476058726, 47.18857083499643], [-125.78982759905077, 47.18220172107663], [-125.78071597993741, 47.178517536124396], [-125.76585769242448, 47.17096220128357], [-125.75089238322185, 47.16455465108145], [-125.74417684765237, 47.16161413886822], [-125.73935398692802, 47.159436238140024], [-125.7299217599881, 47.15575985775101]]}, "properties": {"fault_name": "North Ninitat fault zone"}}, {"type": "Feature", "geometry": {"type": "LineString", "coordinates": [[-125.78298219493894, 47.180066221256546], [-125.77477149083415, 47.177510840797005], [-125.76687294679903, 47.17437987878425], [-125.75985249607263, 47.17213717227157], [-125.75439632936119, 47.17066154604546], [-125.74859675558127, 47.16907872713244], [-125.72856563269247, 47.165651613843], [-125.7226055209881, 47.164297696947145], [-125.7076720453842, 47.161670686142536], [-125.69122714173835, 47.155743817753695], [-125.6733015809423, 47.15053874481703], [-125.6630916689862, 47.14802576093812], [-125.6578183750121, 47.14688178416549], [-125.63518478243951, 47.14143656912308], [-125.6122691161728, 47.13702470581092], [-125.57590072128392, 47.13267180217251], [-125.55114642731108, 47.128286767749145], [-125.53938667265655, 47.12498836626008], [-125.51710421805379, 47.119397559910695], [-125.49090702042726, 47.1126254330683], [-125.47678958071563, 47.108911124808415], [-125.45703308358898, 47.103255653143584], [-125.43574232324582, 47.09693642408094], [-125.41158268704164, 47.09021689415373], [-125.3955953771167, 47.08584664008433], [-125.37676986161115, 47.08164496686624], [-125.36302649835014, 47.078597846200765], [-125.35454085407287, 47.0765919280239], [-125.33594454101708, 47.07387411790857], [-125.32565822465112, 47.07281835384804], [-125.30659643066625, 47.07090113815337], [-125.2942574135704, 47.069082778002965], [-125.28385611913627, 47.06527258526761], [-125.27788083129349, 47.062984225789045], [-125.27087526924463, 47.060135402006296], [-125.26596874033307, 47.05920138916066], [-125.26375601282014, 47.05844213902291]]}, "properties": {"fault_name": "North Ninitat fault zone"}}, {"type": "Feature", "geometry": {"type": "LineString", "coordinates": [[-125.70747294188632, 47.157771826822405], [-125.70245938589517, 47.15502616494492], [-125.69317933985256, 47.15100199401495], [-125.68231991719992, 47.145750188036864], [-125.67491025341039, 47.14213473799976], [-125.66561516418004, 47.13787834790968], [-125.65686193064424, 47.134179128282575], [-125.65065814373254, 47.131223015731535], [-125.63950100771665, 47.1265512332623], [-125.63038929967009, 47.12239760217415]]}, "properties": {"fault_name": "North Ninitat fault zone"}}, {"type": "Feature", "geometry": {"type": "LineString", "coordinates": [[-125.27667223791023, 47.086391487846456], [-125.26569907866119, 47.084999671921004], [-125.2482402088249, 47.085451752914985], [-125.23945688621866, 47.08424696721948], [-125.22112748778663, 47.07966691601445], [-125.1997374285703, 47.074221575015024], [-125.1934421302806, 47.07216602022458], [-125.17718829739738, 47.06879911424162], [-125.14371180039365, 47.063228715752814], [-125.12645058417436, 47.05987301019058], [-125.10378666627446, 47.05569832989554], [-125.08568582530184, 47.05212158516363], [-125.07804750883149, 47.0499666999864], [-125.0622741362847, 47.045661419755056], [-125.05719922176637, 47.04460519790222], [-125.04992722838739, 47.04324416905756]]}, "properties": {"fault_name": "North Ninitat fault zone"}}, {"type": "Feature", "geometry": {"type": "LineString", "coordinates": [[-126.01598636712087, 47.071826768979996], [-126.00520123783717, 47.06988719618988]]}, "properties": {"fault_name": "South Ninitat fault zone"}}, {"type": "Feature", "geometry": {"type": "LineString", "coordinates": [[-126.01598636712087, 47.071826768979996], [-126.00403372620849, 47.073657069097514]]}, "properties": {"fault_name": "South Ninitat fault zone"}}, {"type": "Feature", "geometry": {"type": "LineString", "coordinates": [[-126.00257492057759, 47.07460321199838], [-125.99543299067533, 47.07593122191085], [-125.98759706730031, 47.07705314489539], [-125.97544955215844, 47.07919743023239], [-125.96462996170382, 47.0809638937814], [-125.95596950617056, 47.08233362127864], [-125.94634788113108, 47.08464170978852], [-125.93241466701963, 47.08797271591974], [-125.91233965424266, 47.09272225576698], [-125.89719346027442, 47.095393303926656], [-125.88319182238608, 47.09757153708828]]}, "properties": {"fault_name": "South Ninitat fault zone"}}, {"type": "Feature", "geometry": {"type": "LineString", "coordinates": [[-126.00244507089991, 47.069102671916504], [-125.98241501520965, 47.065262231294824], [-125.96091260010746, 47.062142391825425], [-125.95383166042313, 47.061635402976414], [-125.94043255224025, 47.059224740109606], [-125.92257741756585, 47.05818366229132], [-125.91072688905014, 47.056417946066674], [-125.89758737332316, 47.05559837806799], [-125.88813331283022, 47.05457258205746], [-125.87375021883122, 47.05252472491859], [-125.85960335300588, 47.05172741510546], [-125.84913415761434, 47.05060664892427], [-125.84015344908903, 47.04899305876818], [-125.82710495066664, 47.04667404920278], [-125.8206729476553, 47.04568259379358], [-125.8046107433885, 47.04354701523291], [-125.78417629580173, 47.041174911705106], [-125.76914423818023, 47.039241519274924], [-125.754631173231, 47.03786477577806], [-125.73705096435602, 47.03529813390542], [-125.71966861840555, 47.03352870702093], [-125.69715101540416, 47.02958111722586], [-125.68011973825324, 47.02661001384758]]}, "properties": {"fault_name": "South Ninitat fault zone"}}, {"type": "Feature", "geometry": {"type": "LineString", "coordinates": [[-125.7034832748762, 47.01854093495236], [-125.69770766724974, 47.02039889782272], [-125.69080198708069, 47.023309672107274], [-125.68011973825324, 47.02661001384758]]}, "properties": {"fault_name": "South Ninitat fault zone"}}, {"type": "Feature", "geometry": {"type": "LineString", "coordinates": [[-125.68011973825324, 47.02661001384758], [-125.67683872432299, 47.026041787712444], [-125.67009337187257, 47.02539367589598]]}, "properties": {"fault_name": "South Ninitat fault zone"}}, {"type": "Feature", "geometry": {"type": "LineString", "coordinates": [[-125.68011973825324, 47.02661001384758], [-125.6747636124234, 47.028265740983684], [-125.65496322540858, 47.03514026086948], [-125.63387331578656, 47.043300930961934], [-125.61969632585647, 47.048775270230244], [-125.59657725495828, 47.056744893846805], [-125.5752505763768, 47.063871685068406]]}, "properties": {"fault_name": "South Ninitat fault zone"}}, {"type": "Feature", "geometry": {"type": "LineString", "coordinates": [[-125.60142738314472, 47.017770375961156], [-125.59351442204759, 47.013707863830895], [-125.58036683675442, 47.0087260811373], [-125.56534231689648, 47.00332880279489], [-125.55135517961347, 46.99836260079211], [-125.5400013323133, 46.99585686398836], [-125.49308882433479, 46.98219785993387], [-125.45553881336897, 46.971182433739365], [-125.44584848337989, 46.96829497583547], [-125.41986630021155, 46.96069305421848], [-125.39718860574843, 46.95565824207382], [-125.38487301491855, 46.953850310810985], [-125.37086328410781, 46.951501323764994], [-125.35798307427412, 46.94820952406047], [-125.34370647465373, 46.94344943921272], [-125.33091003361857, 46.9382043058008], [-125.31592326456213, 46.93231146688053], [-125.30435539095056, 46.9281840709329], [-125.29229134007834, 46.924064468265264], [-125.27600057475883, 46.91899555790321], [-125.24589066430099, 46.91166820685595], [-125.23018677374645, 46.90853316369755]]}, "properties": {"fault_name": "South Ninitat fault zone"}}, {"type": "Feature", "geometry": {"type": "LineString", "coordinates": [[-126.26412825407306, 47.11613533393208], [-126.01598636712087, 47.071826768979996]]}, "properties": {"fault_name": "South Ninitat fault zone"}}, {"type": "Feature", "geometry": {"type": "LineString", "coordinates": [[-126.08965494969846, 47.0605158578093], [-126.01598636712087, 47.071826768979996]]}, "properties": {"fault_name": "South Ninitat fault zone"}}, {"type": "Feature", "geometry": {"type": "LineString", "coordinates": [[-125.6453249563835, 46.3049278272755], [-125.62886051078696, 46.303466715690305], [-125.61554717913734, 46.30205171470402], [-125.59823606689393, 46.30014393811467], [-125.5823743998362, 46.297405049886706], [-125.56809217855877, 46.296458936704276], [-125.55740328938474, 46.29440282696701], [-125.53108995486329, 46.29096227222408], [-125.49913773360667, 46.287296158901114], [-125.4615782876354, 46.28385171592958], [-125.44319162340062, 46.279888382755566], [-125.4287260658552, 46.278354492712936], [-125.416336066672, 46.27715671571363], [-125.41310106714559, 46.2768439369644], [-125.40014662323172, 46.275737827888925], [-125.36053439927545, 46.270469494049316], [-125.33924106525902, 46.267917827255495], [-125.30634328901246, 46.264678937857994], [-125.2799149557616, 46.261756715950746], [-125.24779495615938, 46.2571067157292], [-125.22569273414535, 46.25466171472656], [-125.21155550993794, 46.25275393791073], [-125.20042439901417, 46.25170116089224], [-125.18927773376123, 46.24996171585656], [-125.18212106609843, 46.24895115974595], [-125.17234051111886, 46.2484433808436]]}, "properties": {"fault_name": "Willapa Canyon fault zone"}}, {"type": "Feature", "geometry": {"type": "LineString", "coordinates": [[-125.45372773429767, 46.282417270894825], [-125.44266495642091, 46.28299338274352], [-125.42258439924203, 46.28180671582328], [-125.40314495530835, 46.28014727130383], [-125.39018273288247, 46.27891893707109], [-125.37540440081972, 46.277736716206775], [-125.36296106596316, 46.27706893682444], [-125.33860773232249, 46.27652727086131], [-125.32199884481479, 46.275142826740215], [-125.29711940114984, 46.27380004788358], [-125.2697221791695, 46.271583383189224], [-125.24432384524029, 46.26966838202703], [-125.22441884491904, 46.268562270946646], [-125.20719162274676, 46.26796727075843], [-125.19044495523406, 46.267139492957746], [-125.17420217791702, 46.266525049044674], [-125.16255940008215, 46.26513671614335], [-125.15510551133285, 46.2649306042925]]}, "properties": {"fault_name": "Willapa Canyon fault zone"}}, {"type": "Feature", "geometry": {"type": "LineString", "coordinates": [[-125.74090431112343, 46.26309943089889], [-125.74320112813345, 46.26543772813936], [-125.74467354413926, 46.27043877615014], [-125.75639367590327, 46.29921618607772], [-125.76545863023254, 46.32497642626662], [-125.78809604513664, 46.34001393521328], [-125.79022507841114, 46.342241679849124], [-125.79892296404736, 46.35401762619262], [-125.81201619857093, 46.3723123697723], [-125.82797782206863, 46.3886887872031], [-125.84028533524747, 46.402188587253065], [-125.82256201935786, 46.42829617180722], [-125.82420999761122, 46.43328944613759], [-125.82738429887222, 46.44397098417048], [-125.82857470676085, 46.457352503773706], [-125.83124572418899, 46.470459575869235], [-125.83550343410684, 46.48248331785108], [-125.8465443137519, 46.49923364475867], [-125.84820736483739, 46.50686688783486], [-125.8490317766214, 46.52472669118982], [-125.84862826776885, 46.53906987103256], [-125.85061980760088, 46.5518569461542], [-125.85038324255902, 46.555877459938856], [-125.85324462108072, 46.56151905178558], [-125.85821966899059, 46.576617754979424], [-125.86783350383992, 46.601664664244396], [-125.8732129661042, 46.61514560499118], [-125.87951521465925, 46.627565999194104], [-125.88604686688672, 46.63825863175049], [-125.88657308291216, 46.64122248493555], [-125.888473321572, 46.64735241094536], [-125.89012921218637, 46.657278407848615], [-125.8932119320008, 46.6711749122262], [-125.89479890386653, 46.6800670318594], [-125.89437954693572, 46.683866437177166], [-125.8922663644344, 46.69229690991784], [-125.89036716512534, 46.70382457229406], [-125.88929133106299, 46.715440561823094], [-125.88776598272737, 46.72511824279451], [-125.8872394936141, 46.732358724150664], [-125.88896416643314, 46.73826754218906], [-125.89596866218176, 46.75077570974577], [-125.91106827580755, 46.77714258288225], [-125.92380265044312, 46.79795897108484], [-125.9330273072636, 46.81349598912842], [-125.9425878836947, 46.821567525786364], [-125.94762314927137, 46.82439080784617], [-125.95832035325164, 46.82932682224307], [-125.96457679581204, 46.83292009118365], [-125.97309169372654, 46.8378105567725], [-125.97435072930963, 46.84155273507441], [-125.97590705335286, 46.84723655684572], [-125.97721944706721, 46.85178372522528], [-125.97859297922145, 46.85724255085843], [-125.978433039575, 46.85977141187575], [-125.97599915941557, 46.86340305104069], [-125.97551094302496, 46.86846522214411], [-125.97391660407554, 46.87458738371767], [-125.97269611160803, 46.878756789215174], [-125.97023166177948, 46.881930656872676], [-125.96778276897503, 46.88521507521745], [-125.96508167864611, 46.889770036781734], [-125.96485288942135, 46.893790551710126], [-125.96505137757326, 46.89928771386809], [-125.9661654843583, 46.90579152913335], [-125.96624954241439, 46.91197868501785], [-125.9655402533273, 46.918765282280646], [-125.96718112141518, 46.928118507854265], [-125.9695541353242, 46.93354677520679], [-125.97394111011651, 46.93891392170073], [-125.97668019289372, 46.94226720899395], [-125.97950320167466, 46.946879370855584], [-125.982929606137, 46.9529631812872], [-125.98640102697486, 46.95961642669637], [-125.98869017866056, 46.96619246174364], [-125.9912615378894, 46.97184572415521], [-125.9923756437761, 46.97834620504804], [-125.99261247921089, 46.984300586257326], [-125.9919409175691, 46.98913775886446], [-125.99162827061255, 46.99442103693713], [-125.99086555691888, 46.99788878122625], [-125.98969842527757, 47.00296595613082], [-125.98737903180783, 47.00820368780606], [-125.98785972390962, 47.012769751281965], [-125.988287065965, 47.01665693184376], [-125.9888671809075, 47.02019300329884], [-125.98795946744889, 47.02400352420828], [-125.98683784266322, 47.027250162762336], [-125.98541900128268, 47.03108012786112], [-125.98527406889136, 47.03383398881711], [-125.98573191144558, 47.03565396994261], [-125.98681537759461, 47.03917448278177], [-125.98827276658231, 47.04337110322267], [-125.99135519174935, 47.04671605613234], [-125.99229359884458, 47.04817715023684], [-125.99356757341086, 47.049626572959184], [-125.99703169723365, 47.053647630246154], [-125.99897736459573, 47.05507038374632]]}, "properties": {"fault_name": "Cascadia megathrust"}}, {"type": "Feature", "geometry": {"type": "LineString", "coordinates": [[-125.79042229993851, 45.99960908827687], [-125.78918644088976, 46.011457307189154], [-125.78882841374002, 46.02407995826629], [-125.78769973358611, 46.055993528772284], [-125.78529700071253, 46.083356041041256], [-125.78422237039265, 46.121342327307055], [-125.78233017255289, 46.125412849209596], [-125.77678357603509, 46.13681498298947], [-125.76806377240428, 46.15829147403446], [-125.75869526835733, 46.188037883101266], [-125.75289703306717, 46.20093555886864], [-125.74947879429074, 46.20975493070496], [-125.74931100696199, 46.209644377796835], [-125.7439321492639, 46.218749872226695], [-125.73935497866808, 46.227485364051425], [-125.73321334259764, 46.237754738260406], [-125.73604415055188, 46.24340410870956], [-125.73816527685526, 46.26157724008205], [-125.73808141912347, 46.262840007201355]]}, "properties": {"fault_name": "Cascadia megathrust"}}, {"type": "Feature", "geometry": {"type": "LineString", "coordinates": [[-125.50219052335245, 45.79588875173508], [-125.50202224913683, 45.79865817222065], [-125.50181675143074, 45.80142758908605], [-125.50160292185039, 45.80419700982642], [-125.50142742517986, 45.80697031683465], [-125.50104659160169, 45.819066311710664], [-125.50095521407266, 45.831170643116586], [-125.50100866203543, 45.83586615276799], [-125.5011615436187, 45.839852780070245], [-125.50142109475206, 45.84383496218347], [-125.50196293517524, 45.85015989920268], [-125.50263422642414, 45.85647705609289], [-125.50324490205259, 45.86050534684768], [-125.50377110639994, 45.86341975979244], [-125.50436619895315, 45.86632250711889], [-125.50503796091925, 45.869218031024275], [-125.50583919077904, 45.872788549787984], [-125.50628148708896, 45.87507741176609], [-125.50666322257568, 45.87736960981589], [-125.50698384567362, 45.879666254809884], [-125.50725835734971, 45.881970117745546], [-125.50738061716157, 45.88338565917043], [-125.50744175829647, 45.884411760013236], [-125.50748011456244, 45.8854417507355], [-125.50749514158053, 45.88647173986945], [-125.50748016666473, 45.88749784123773], [-125.50744962304677, 45.888092836985656], [-125.50741907583551, 45.88839783426356], [-125.50738852592936, 45.88870338573737], [-125.50735019840943, 45.88900449484251], [-125.50729686902427, 45.88930949086623], [-125.50724354143574, 45.88961115692408], [-125.50718243443686, 45.88991226423446], [-125.50710632826765, 45.89021392826906], [-125.50702966424471, 45.89051503918956], [-125.50694577956345, 45.89081281275553], [-125.5068541172685, 45.89111003388045], [-125.50675523162033, 45.891407806757464], [-125.5066407898464, 45.891701695281995], [-125.50652634897077, 45.891995027039], [-125.50640412868479, 45.89228891183105], [-125.50627468414731, 45.8925789111229], [-125.50613746558936, 45.89286890827523], [-125.502711377334, 45.89946442027952], [-125.4992936281394, 45.9060599340266], [-125.49415914363964, 45.91251045877281], [-125.48901688422107, 45.91896098630141], [-125.4868196328839, 45.921204312205774], [-125.48527071994178, 45.92271486485111], [-125.48368403014702, 45.924202635866784], [-125.48206622720237, 45.92567096820909], [-125.48040286529981, 45.927120963768054], [-125.47870950236168, 45.92854762723263], [-125.47697724955829, 45.92995484922867], [-125.47521499482103, 45.93134373587275], [-125.4734144035807, 45.932705399784396], [-125.47158325614598, 45.93404817921477], [-125.46971432826535, 45.935368177713286], [-125.4678142890315, 45.93666539877869], [-125.46588424696549, 45.937935399736254], [-125.46392309174958, 45.93918651105855], [-125.46284751191044, 45.93985040087413], [-125.46214527280168, 45.940304288738936], [-125.46145914857084, 45.9407620678305], [-125.46077968804276, 45.941231512878616], [-125.46011634329089, 45.94170817899359], [-125.45946021919724, 45.94219262319818], [-125.45881909517225, 45.94268484528847], [-125.45818575055758, 45.943184287857925], [-125.45757518542189, 45.943692065099434], [-125.45696517275012, 45.94421039929268], [-125.45637738619509, 45.944733174864716], [-125.45579793420929, 45.94526372976212], [-125.45523292443828, 45.94579761512354], [-125.45468402864688, 45.946343170249754], [-125.45414957866353, 45.94689261326924], [-125.45362345965613, 45.94744927701009], [-125.4531123434123, 45.94801372090362], [-125.45261622813541, 45.94858205094397], [-125.45213566898425, 45.94915816073925], [-125.45167010990173, 45.949738158233714], [-125.45122010604666, 45.95032537670055], [-125.45077788339863, 45.95091704217011], [-125.45035787968078, 45.95151203714605], [-125.44994621322711, 45.952114812775044], [-125.44955676839861, 45.95272480982607], [-125.44917565903765, 45.953335362256745], [-125.44881677130185, 45.95395313515416], [-125.44846566207812, 45.95457146574424], [-125.44813788569557, 45.95519701771521], [-125.44781733536115, 45.955826457757766], [-125.4475201169696, 45.95645978823733], [-125.44723734438618, 45.957096448838385], [-125.44697068308733, 45.95773366979405], [-125.44671124514171, 45.9583781087889], [-125.44648236159384, 45.95902310170012], [-125.44626125925295, 45.959671431801794], [-125.44605515608237, 45.9603236491342], [-125.44725308466658, 45.96466471276011]]}, "properties": {"fault_name": "Cascadia megathrust"}}, {"type": "Feature", "geometry": {"type": "LineString", "coordinates": [[-125.49223956065846, 46.04272419986767], [-125.49041607495481, 46.03945480077874], [-125.49063720065186, 46.039771462301935], [-125.49085110658902, 46.04008812512816], [-125.49104945640039, 46.04041256512962], [-125.49124780531342, 46.040732559718485], [-125.49143059810069, 46.04106088881464], [-125.4916061693314, 46.04138866411327], [-125.4917817396638, 46.04172087902514], [-125.49194230992757, 46.04205254321732], [-125.49209454831708, 46.04238420479495], [-125.49223956065846, 46.04272419986767]]}, "properties": {"fault_name": "Cascadia megathrust"}}, {"type": "Feature", "geometry": {"type": "LineString", "coordinates": [[-125.49037047467434, 46.0379364831614], [-125.49015657143215, 46.03763926487587], [-125.48994266459667, 46.03733760370552], [-125.48974431568365, 46.03703649402542], [-125.48955374438434, 46.036730945111344], [-125.48937095339366, 46.03642206192886], [-125.4891876018543, 46.03611317701986], [-125.48901981093228, 46.03580040274763], [-125.48885923887187, 46.03548374029346], [-125.48870700407562, 46.03516707789557], [-125.48856199083592, 46.03485041493041], [-125.49037047467434, 46.0379364831614]]}, "properties": {"fault_name": "Cascadia megathrust"}}, {"type": "Feature", "geometry": {"type": "LineString", "coordinates": [[-125.44725308466658, 45.96466471276011], [-125.44716919010388, 45.964573602222025], [-125.44709307495151, 45.96448193704673], [-125.44700862522998, 45.96438638218421], [-125.44694028589475, 45.96429082903014], [-125.44686416804745, 45.964191941276766], [-125.44679527535001, 45.964096387162925], [-125.44672638355087, 45.963997497813594], [-125.44665804421564, 45.963898053794566], [-125.44659692823359, 45.96379916971107], [-125.44653581314986, 45.96369583575202], [-125.4464746953712, 45.96359694818547], [-125.44642135969784, 45.96349361822024], [-125.4463680213295, 45.96339083881398], [-125.44631468296123, 45.96328806421256], [-125.44626856614946, 45.96318473179793], [-125.44622300719152, 45.96307806718677], [-125.44617744823357, 45.96297529013178], [-125.44613910903558, 45.9628680699894], [-125.4461007734308, 45.96276140227081], [-125.44606299028996, 45.96265473871794], [-125.44603243229892, 45.962547514833], [-125.4460018734096, 45.96244085274165], [-125.44597909033737, 45.96233418482493], [-125.44594853144802, 45.96222751982509], [-125.44593297262732, 45.96211696617395], [-125.4459101913517, 45.96200974499496], [-125.4458946334293, 45.96189919215813], [-125.44587962976743, 45.9617925256964], [-125.44587184856043, 45.96168196992833], [-125.44586462430892, 45.96157474978084], [-125.44585684310192, 45.96146419482714], [-125.44585684040698, 45.961353642150655], [-125.44585683771203, 45.96124697526303], [-125.4458568359154, 45.961136420904175], [-125.44725308466658, 45.96466471276011]]}, "properties": {"fault_name": "Cascadia megathrust"}}, {"type": "Feature", "geometry": {"type": "LineString", "coordinates": [[-126.99668430260404, 48.45594600728526], [-126.56258666026268, 47.94464495275542], [-126.3050200131672, 47.53020434921877], [-126.14540710465151, 47.18181664673195], [-126.12160106420778, 47.117704009162274]]}, "properties": {"fault_name": "Cascadia megathrust"}}, {"type": "Feature", "geometry": {"type": "LineString", "coordinates": [[-125.49223956065846, 46.04272419986767], [-125.49259849510663, 46.04383029798906], [-125.49292631460833, 46.04491361877172], [-125.49322413217617, 46.046000827052694], [-125.49349861780111, 46.04709581380783], [-125.4937425436384, 46.0481902451602], [-125.49392590595757, 46.04901801516626], [-125.4941164898333, 46.049792448846325], [-125.49433040744854, 46.05056688476065], [-125.49456710274613, 46.051337430754266], [-125.49481879990897, 46.052104088236476], [-125.49508549803872, 46.05286741284101], [-125.49681786582646, 46.055872926281836], [-125.50237207287138, 46.05995451482811], [-125.5070645772682, 46.06372722822557], [-125.51174152643756, 46.06751160679437], [-125.51631958367057, 46.071348764844615], [-125.52149267955787, 46.075797024824226], [-125.52666577544521, 46.080244726245304], [-125.53357065611364, 46.0865962910051], [-125.54001828801425, 46.0926461927849], [-125.54094890402105, 46.09357284577195], [-125.54181118338754, 46.0944694990821], [-125.54265790662828, 46.09537726113289], [-125.54347462883344, 46.09629669326266], [-125.54427579491286, 46.09722389973821], [-125.5450464056962, 46.098162220855656], [-125.54580145855712, 46.09911220482485], [-125.54652651307744, 46.10006552670443], [-125.54723601057368, 46.10103051425096], [-125.54791495187551, 46.10200327515438], [-125.5510279673729, 46.10640543704701], [-125.55301922603228, 46.109064285853364], [-125.55508715230789, 46.11169647180116], [-125.55968025272864, 46.11717416685382], [-125.56435002076562, 46.12262519779116], [-125.56792082132509, 46.12666124724757], [-125.57101102859735, 46.13000286217862], [-125.57417734742879, 46.13330280978351], [-125.57542853712619, 46.13447390207364], [-125.57645082261445, 46.13538944330284], [-125.57749644184221, 46.13629331829196], [-125.57855706203694, 46.137182191158075], [-125.5796404608123, 46.13805939778568], [-125.58075441488374, 46.138921604870355], [-125.58188336992211, 46.1397721463037], [-125.58291343032919, 46.1405582451332], [-125.58360791428206, 46.14110712186028], [-125.58429462241786, 46.141664334824], [-125.58495799591581, 46.14222877213573], [-125.58560692540236, 46.14280487384417], [-125.58624752031966, 46.14338486514571], [-125.58687311516834, 46.143975965716805], [-125.58748370994844, 46.1445709548564], [-125.58807097098902, 46.14517761222491], [-125.58865100867641, 46.14578760195534], [-125.59236683774687, 46.15073530916199], [-125.59277131228839, 46.151303633789425], [-125.59319856541056, 46.151860848719984], [-125.59363359704479, 46.15241750727275], [-125.59408362874761, 46.152966942820484], [-125.59498368856002, 46.15394748215999], [-125.59533482203827, 46.154283035192016], [-125.59569373313026, 46.15461136279619], [-125.5960598657788, 46.15493913524122], [-125.59643377873603, 46.1552596849263], [-125.59681491055488, 46.15557634483066], [-125.59721215725163, 46.155889118132755], [-125.59794442434537, 46.15645743994319], [-125.59811998928787, 46.15660243893758], [-125.59829555602701, 46.15674743630542], [-125.59846334335576, 46.156900213287734], [-125.59863113158283, 46.15704854325714], [-125.59879114309453, 46.157201318159], [-125.59895170886671, 46.157357426004126], [-125.59910394006971, 46.15751409218101], [-125.59925672732986, 46.15767408877115], [-125.59940173877293, 46.15783464117843], [-125.59954674841933, 46.15799852893485], [-125.5996839795537, 46.1581624149587], [-125.59981343397268, 46.15833019070258], [-125.5999434444488, 46.158498519721626], [-125.6000728961728, 46.158666296307416], [-125.60019512634028, 46.15883796130939], [-125.60030958069063, 46.159009625775845], [-125.60218641015247, 46.16244235714973], [-125.60395657275919, 46.16603953326611], [-125.60507056455987, 46.16840894706933], [-125.60670350681198, 46.17221945425922], [-125.60704687884618, 46.173138887707054], [-125.60705465735823, 46.173169444236365], [-125.60735192066552, 46.1743366522526], [-125.60748972043349, 46.174962200261724], [-125.60761140801849, 46.175587749241764], [-125.60771865069374, 46.176213294838256], [-125.60781033724324, 46.176842735280566], [-125.60788646856525, 46.17747217100605], [-125.60794759802201, 46.17810549891058], [-125.60799317225131, 46.17873493573162], [-125.60802374641203, 46.17936826277589], [-125.60803931780914, 46.17999770317944], [-125.6080315572634, 46.18063102811845], [-125.6080160182056, 46.18126379904658], [-125.6079854772826, 46.181893240141086], [-125.6079321577789, 46.182522677139225], [-125.60784052423001, 46.18385044174539], [-125.60782554033109, 46.18452543382853], [-125.60781778068367, 46.18519709278486], [-125.60783335477576, 46.1858720869912], [-125.60786392893644, 46.18654374690791], [-125.60791728257611, 46.18721485009563], [-125.60797841382951, 46.18788650977522], [-125.60806232456189, 46.18855761522641], [-125.60815401111135, 46.189229274045815], [-125.60826792198095, 46.18989648880855], [-125.60840572264723, 46.19056426012961], [-125.60855074576841, 46.19122814105299], [-125.61025977442675, 46.19408921282301], [-125.61035866995637, 46.19417310069144], [-125.61045811974654, 46.19425698718815], [-125.6105647928899, 46.19434087480044], [-125.61066424357838, 46.19442087276371], [-125.61077091582341, 46.19450087123231], [-125.61087758896677, 46.19458087082812], [-125.61099203972385, 46.19465753609138], [-125.61109871286722, 46.19473753483729], [-125.6112131636243, 46.19480975510188], [-125.61133539109682, 46.194886421289446], [-125.61144984275221, 46.19495864073657], [-125.61157207112304, 46.195027527760544], [-125.6116865209818, 46.195095860036275], [-125.61181597180752, 46.19516474813183], [-125.61193820107665, 46.195233080858756], [-125.61206042944745, 46.1952980787016], [-125.6121898820698, 46.19535919012203], [-125.61231988895264, 46.195420300230865], [-125.61244933798173, 46.19548140778453], [-125.61407441907677, 46.1961791687393], [-125.61470778435267, 46.19643138574323], [-125.61534114783197, 46.19667526884283], [-125.61652398022783, 46.19710248075282], [-125.6168667746453, 46.19721692024476], [-125.61721790093704, 46.19732747329201], [-125.6175768048425, 46.197434136809136], [-125.61792737867034, 46.19753357802064], [-125.61829350682733, 46.19763246379414], [-125.61865241163109, 46.19772801784699], [-125.61901853799144, 46.197815791928896], [-125.6193846661484, 46.19789967721763], [-125.61975134856593, 46.19794189713051], [-125.62638108065275, 46.19937240122789], [-125.6318668711073, 46.20038291599425], [-125.637368215891, 46.20136731869054], [-125.64286178306097, 46.20235505615086], [-125.65287165367805, 46.2041516471325], [-125.66289708131923, 46.20589879371639], [-125.67292250626545, 46.20764205272173], [-125.68293293114306, 46.209427535252324], [-125.68622862893493, 46.21007584289646], [-125.6880064829171, 46.210456937753314], [-125.68976878257016, 46.210857481082364], [-125.69152386156489, 46.21128468902021], [-125.69326338173894, 46.21173134009063], [-125.69499568305139, 46.2121968818164], [-125.69671187038425, 46.21268520008066], [-125.69842139401432, 46.21319629614055], [-125.70011480366483, 46.213726281205616], [-125.70325106127359, 46.21476014203069], [-125.70546338723955, 46.21553067913999], [-125.70765293642147, 46.2163278792207], [-125.70982748373817, 46.21715174919163], [-125.7119792533725, 46.21800228287928], [-125.71410768836905, 46.21887614878397], [-125.71621390443534, 46.219780016768624], [-125.71763286259687, 46.22039778009455], [-125.71889181373834, 46.220973879988414], [-125.72014298726607, 46.22156553418203], [-125.72137916072515, 46.222168297119545], [-125.72259978075344, 46.222789950297646], [-125.72380539622151, 46.22342660374233], [-125.72499545736048, 46.224075480734435], [-125.7261932988081, 46.22476213310004], [-125.72688000155398, 46.22517768022198], [-125.72756670789313, 46.225601006284116], [-125.72823840967213, 46.22603599590374], [-125.72890233473566, 46.226478767766594], [-125.72955070367344, 46.226928756778975], [-125.7301912949975, 46.2273826392336], [-125.73081688804957, 46.22784818685777], [-125.7314352559518, 46.228320954178535], [-125.73203807042322, 46.228801502788066], [-125.73262532517559, 46.229289828131876], [-125.73321313778175, 46.22979370900803], [-125.7335870516373, 46.23013314675496], [-125.73396040763905, 46.230476473721325], [-125.73431931873104, 46.230827026205134], [-125.73467045220929, 46.231178130747644], [-125.7350138071755, 46.2315370142883], [-125.73534938542633, 46.23189923116681], [-125.73562384769508, 46.232208114178334]]}, "properties": {"fault_name": "Cascadia megathrust"}}, {"type": "Feature", "geometry": {"type": "LineString", "coordinates": [[-125.44869481332394, 45.964974142291105], [-125.45025935874864, 45.966679117036534], [-125.45281508100332, 45.9695896290433], [-125.4554396932605, 45.972469583127406], [-125.4566453266949, 45.97380845206459], [-125.45741593478327, 45.97470510529335], [-125.45817154010811, 45.975612868981976], [-125.45889603318138, 45.976532298822946], [-125.4595983064261, 45.977455618871886], [-125.46027724323636, 45.978390051690425], [-125.46068949628992, 45.97906892983739], [-125.46093340595756, 45.979492257718], [-125.46116231375993, 45.97991558610756], [-125.46138344305028, 45.9803466918364], [-125.46158957406863, 45.98077779670554], [-125.46179570329036, 45.981212792190405], [-125.46197849787424, 45.9816477861303], [-125.46215406910498, 45.982086113755464], [-125.4623218654169, 45.98252888796953], [-125.462482436579, 45.982971103091806], [-125.46261967579818, 45.983413875221814], [-125.4627569132208, 45.983859980806635], [-125.46306972906059, 45.98488274810352], [-125.46326808156691, 45.985454963821624], [-125.46348199379226, 45.986026623722594], [-125.4637109060862, 45.98659550576623], [-125.46394759509556, 45.98715994226377], [-125.46420650662846, 45.987720493223094], [-125.46447375273054, 45.988281595875826], [-125.46475599979954, 45.98883825577208], [-125.46505380119768, 45.989387691869425], [-125.46661003361275, 45.991954879045146], [-125.4682351542337, 45.99450706586269], [-125.46899076764335, 45.99563594024947], [-125.46954025183128, 45.99641037317402], [-125.47010473608783, 45.9971770289083], [-125.47069199802672, 45.997939794954426], [-125.4712948169897, 45.9986914507413], [-125.47546841135927, 46.00268916184592], [-125.47617067741749, 46.00326915116657], [-125.47639180041962, 46.003467480189975], [-125.47661292521839, 46.00367358891946], [-125.47682682756229, 46.003875805751186], [-125.47704017474729, 46.00408524686412], [-125.47723852276202, 46.00429524501673], [-125.47743686808184, 46.0045085737555], [-125.47763521429994, 46.00472634807437], [-125.4778185595511, 46.00494356682977], [-125.47800135144006, 46.00516134130814], [-125.47817691817919, 46.00538633915573], [-125.47835248761325, 46.00561133484026], [-125.47852027763696, 46.00583633085762], [-125.47880252111271, 46.00627910414937], [-125.47890975570311, 46.00647743486108], [-125.47901642974483, 46.00667909673823], [-125.47912310558311, 46.00687798382238], [-125.47921478225112, 46.00707964673505], [-125.47930645712248, 46.00728575573352], [-125.47939035438013, 46.00749186521192], [-125.47947425163778, 46.007697973298384], [-125.4795431488268, 46.00790408186472], [-125.48228235736819, 46.01592620383795], [-125.48427370855403, 46.02207168501059], [-125.48626505884158, 46.02821660914345], [-125.49037047467434, 46.0379364831614]]}, "properties": {"fault_name": "Cascadia megathrust"}}, {"type": "Feature", "geometry": {"type": "LineString", "coordinates": [[-125.3375092984442, 45.91638025917669], [-125.3379448403215, 45.93739503020137], [-125.33838038040217, 45.95840979984936], [-125.3382432031667, 45.96034755694617], [-125.33809823124953, 45.9617175432022], [-125.33792270313796, 45.96308697605033], [-125.33770884121827, 45.964452516739335], [-125.33746497556808, 45.96581416992546], [-125.33718277610978, 45.96717193714166], [-125.33687002225373, 45.968530254870515], [-125.3365267077117, 45.96988079970209], [-125.33614506115819, 45.97122745314154], [-125.33573341356914, 45.972570219216365], [-125.33528287341984, 45.97390909820698], [-125.33480233403164, 45.97524019600082], [-125.33429123665243, 45.9765640762632], [-125.33374958218054, 45.977884065004496], [-125.33316959300215, 45.97919627712642], [-125.33255182427621, 45.98050071130701], [-125.33191127876627, 45.98179736684538], [-125.33123183979775, 45.983086802956535], [-125.330255183336, 45.98496400981957], [-125.3295918592454, 45.98634455815725], [-125.32895075857655, 45.98773343581803], [-125.32834799441079, 45.98912564589297], [-125.32778356405318, 45.9905295252443], [-125.32724968988994, 45.991940624303346], [-125.32675359527427, 45.99335616715522], [-125.32629583536504, 45.9947789318654], [-125.32586863344686, 45.99620558599118], [-125.32547976623509, 45.997636129228894], [-125.32512867677428, 45.9990744489978], [-125.32480814710112, 46.00051221282161], [-125.32452595393103, 46.0019583089996], [-125.32428209456906, 46.0034077387655], [-125.32406823714095, 46.00485716674853], [-125.32389271711423, 46.00631048515275], [-125.32375552820065, 46.0077638028121], [-125.32374070599846, 46.01432539372465], [-125.32388531499626, 46.0202458811478], [-125.32403817412163, 46.02294251614326], [-125.32418322329393, 46.02456360924515], [-125.32436660717268, 46.02618525483702], [-125.32459554821271, 46.02780245571305], [-125.32486226880036, 46.02941965917173], [-125.3251678801516, 46.031029638719566], [-125.32551849260699, 46.03263961814516], [-125.32674700523336, 46.03755621907475], [-125.32802163287484, 46.042466155257074], [-125.32925014460288, 46.04738275727504], [-125.33037143162198, 46.05231158175497], [-125.33102042668551, 46.055355430749], [-125.33166108897646, 46.05840372673577], [-125.33225619500445, 46.0614514648683], [-125.33278296439211, 46.06450698177374], [-125.33401933907382, 46.072536881729754], [-125.33520182471996, 46.0805706688538], [-125.3363693093992, 46.08860390378615], [-125.33754457259047, 46.09664158093373], [-125.33977284724598, 46.11188861388147], [-125.34197834242254, 46.127139534192715], [-125.34416884022541, 46.14239045571607], [-125.3463587819711, 46.15764526528869], [-125.34763304130334, 46.16959678626534], [-125.34819771510439, 46.17722614007361], [-125.34857182389437, 46.18486660425826], [-125.34922825341519, 46.19564314321333], [-125.34976286689192, 46.20112085377001], [-125.35044193036464, 46.20659134070678], [-125.35125099712697, 46.212050160772506], [-125.35323470903965, 46.223268907812], [-125.35549342939677, 46.234460985716424], [-125.35630244315851, 46.2379398300413], [-125.35692030800418, 46.24027479882739], [-125.35759928434032, 46.24260532301388], [-125.3583399300207, 46.24492473585494], [-125.35913335621562, 46.24723636977249], [-125.35998011628728, 46.24953633825598], [-125.36089576725975, 46.25182519374416], [-125.3618569780885, 46.25410627070885], [-125.36287985736317, 46.25637234518852], [-125.36629017838865, 46.26342168015195], [-125.36969327516263, 46.27046768083187]]}, "properties": {"fault_name": "Cascadia fold and fault belt"}}, {"type": "Feature", "geometry": {"type": "LineString", "coordinates": [[-124.9415048244221, 45.86537321684687], [-124.94173372683457, 45.865617656251914], [-124.9418637364124, 45.86576265283009], [-124.94198541142099, 45.865907652157745], [-124.94209986307641, 45.8660565369069], [-124.94222209414217, 45.86620487016586], [-124.94232876818383, 45.86635764490191], [-124.94244322073754, 45.86651041984363], [-124.94254267232436, 45.866662640150935], [-124.94264934816263, 45.86681541613099], [-124.9427410221357, 45.866971523840945], [-124.94283269521047, 45.86713207792773], [-124.94292437008183, 45.867288187250466], [-124.94300826733947, 45.8674487397971], [-124.94444228485844, 45.87036314528205], [-124.94575462916544, 45.873178107070174], [-124.94699085921842, 45.876008626184145], [-124.94885270837459, 45.88031912497247], [-124.95079066819152, 45.88461462369416], [-124.95156129155127, 45.88615571289284], [-124.95213356420135, 45.887231253272404], [-124.9529119651748, 45.88870012179509], [-124.95347646021114, 45.889844551997456], [-124.95459045740172, 45.89240396074764], [-124.95525441390629, 45.89406338617001], [-124.95588003660279, 45.895734473828036], [-124.95646732279619, 45.89741278577476], [-124.95700183117002, 45.899098875866976], [-124.95750522819061, 45.90078885626979], [-124.95796306715158, 45.90248605914418], [-124.95960385169613, 45.90891376425708], [-124.96123630167148, 45.91534535494234], [-124.96196918141625, 45.91812643417484], [-124.96243480517747, 45.92012529969257], [-124.96285431841515, 45.922128055068], [-124.96322049508115, 45.92413414373144], [-124.96353333697209, 45.92614856727505], [-124.96370893155901, 45.92750244201471], [-124.96380062888825, 45.92845243216664], [-124.96386898888474, 45.92940242291872], [-124.9639151245611, 45.93035630307039], [-124.96393015068084, 45.93130573576073], [-124.96393017583368, 45.932259618167585], [-124.96389964479214, 45.933213499163315], [-124.96385411278365, 45.93416293729765], [-124.96377802458076, 45.93511292582929], [-124.96367859994345, 45.93606292120277], [-124.9635563994204, 45.93701235615998], [-124.96341918625231, 45.93758124004418], [-124.96333530157108, 45.937886239103214], [-124.96324364107276, 45.93819123585988], [-124.96314475542458, 45.9384929018298], [-124.96303753790218, 45.9387940120389], [-124.96292309612824, 45.93909567722827], [-124.96280143189942, 45.93939289724701], [-124.96267143489801, 45.93969067415617], [-124.96252643603138, 45.93998789473368], [-124.96238143985968, 45.94028178096799], [-124.96223699974514, 45.94057178005964], [-124.96207644385443, 45.94086178013324], [-124.96190867000038, 45.94115177868999], [-124.96173311224442, 45.94143788770692], [-124.96155033562682, 45.94172010974291], [-124.96131367177026, 45.94209399772465], [-124.96112256238007, 45.942413997808316], [-124.96093978486417, 45.942738441180715], [-124.96075645308773, 45.94306288327914], [-124.96058867743704, 45.94339065979004], [-124.96042868119675, 45.94372288129382], [-124.96027590741132, 45.94405454486566], [-124.96013090944301, 45.94438621082583], [-124.95999369088503, 45.94472231977845], [-124.95987147059905, 45.945057873260815], [-124.95974981086182, 45.94539731683016], [-124.95963536998619, 45.94573676081961], [-124.95953593187413, 45.94607620023199], [-124.95944426957917, 45.94641953211074], [-124.95852880276134, 45.95105449671749], [-124.95768222504768, 45.95569668604614], [-124.95740781667783, 45.95742889670436], [-124.95720951357886, 45.95894332877973], [-124.95704121421039, 45.96045776192802], [-124.95691958232094, 45.96197608085522], [-124.95683573087736, 45.96349773573679], [-124.95678187867271, 45.96501605690045], [-124.95674422578756, 45.96979990107992], [-124.95669823833322, 45.974583191024315], [-124.95666058365147, 45.97936703482488], [-124.95663015232289, 45.984154216169664], [-124.95656151834024, 45.99401134921053], [-124.95653109060495, 45.99893963718381], [-124.9564934431097, 46.00386847525107]]}, "properties": {"fault_name": "Cascadia fold and fault belt"}}, {"type": "Feature", "geometry": {"type": "LineString", "coordinates": [[-124.95449486228244, 46.017822234202235], [-124.95439542776364, 46.01831834075637], [-124.95430376726532, 46.01867666925783], [-124.95421210766528, 46.01903166680015], [-124.95411322381376, 46.01938666331088], [-124.9539987847348, 46.01974110672745], [-124.95387656894036, 46.02009610429755], [-124.95374712799612, 46.020447210871794], [-124.95360991033648, 46.020793878214896], [-124.9534649141648, 46.02114498597218], [-124.95330436276564, 46.021488316708414], [-124.953144365627, 46.02183553829834], [-124.95296881236261, 46.02217497989399], [-124.95278548238281, 46.02251442314819]]}, "properties": {"fault_name": "Cascadia fold and fault belt"}}, {"type": "Feature", "geometry": {"type": "LineString", "coordinates": [[-124.9506799768839, 46.027164393770846], [-124.94934505162561, 46.03174991302818], [-124.94871176540146, 46.0342332257538], [-124.94813958617618, 46.036724316159564], [-124.94696470836216, 46.04278204129746], [-124.9463853417163, 46.04637534109979], [-124.94606484438248, 46.0489386499781], [-124.94593487882213, 46.05039585922976], [-124.94584324976485, 46.05185695519695], [-124.94578273206079, 46.05332194006192], [-124.94575943784716, 46.05478303529983], [-124.94583621505785, 46.05873465680912], [-124.94595794576199, 46.06097018872644], [-124.94614134940367, 46.06320182981603], [-124.94751515913735, 46.078841646098326], [-124.94888896887102, 46.09447812826707]]}, "properties": {"fault_name": "Cascadia fold and fault belt"}}, {"type": "Feature", "geometry": {"type": "LineString", "coordinates": [[-125.26193169886982, 47.267958321726326], [-125.26998505766271, 47.258804882952916], [-125.27472103962097, 47.25071630912863], [-125.27857026312124, 47.24034252724645], [-125.27970141813371, 47.23008087720926]]}, "properties": {"fault_name": "Cascadia fold and fault belt"}}, {"type": "Feature", "geometry": {"type": "LineString", "coordinates": [[-125.24092390065465, 47.5137841612292], [-125.2430834290381, 47.50658405112684], [-125.24393207826681, 47.500385633126356], [-125.24260543008553, 47.49332767486657], [-125.24210194143676, 47.48765853309155]]}, "properties": {"fault_name": "Cascadia fold and fault belt"}}, {"type": "Feature", "geometry": {"type": "LineString", "coordinates": [[-125.20781904836204, 46.81082530782526], [-125.2037829258753, 46.79357772825204]]}, "properties": {"fault_name": "Cascadia fold and fault belt"}}, {"type": "Feature", "geometry": {"type": "LineString", "coordinates": [[-125.1210219912506, 48.33571998170926], [-125.11702456998295, 48.32905261282734], [-125.11429383165641, 48.3238520137813], [-125.11439582637378, 48.31854073378498]]}, "properties": {"fault_name": "Cascadia fold and fault belt"}}, {"type": "Feature", "geometry": {"type": "LineString", "coordinates": [[-125.11633231924183, 47.53776008725444], [-125.11785540382293, 47.52300293982649], [-125.11786041462557, 47.506883660046626], [-125.11790378259253, 47.499296446227646], [-125.1187668291203, 47.49309892674805]]}, "properties": {"fault_name": "Cascadia fold and fault belt"}}, {"type": "Feature", "geometry": {"type": "LineString", "coordinates": [[-125.05106534713998, 46.828640055808165], [-125.04791377415398, 46.80926462672302]]}, "properties": {"fault_name": "Cascadia fold and fault belt"}}, {"type": "Feature", "geometry": {"type": "LineString", "coordinates": [[-125.02634509302823, 46.889915961099305], [-125.02548519599387, 46.86348591398769]]}, "properties": {"fault_name": "Cascadia fold and fault belt"}}, {"type": "Feature", "geometry": {"type": "LineString", "coordinates": [[-124.91977717383041, 46.83620676705108], [-124.9185528087257, 46.81501447707948]]}, "properties": {"fault_name": "Cascadia fold and fault belt"}}, {"type": "Feature", "geometry": {"type": "LineString", "coordinates": [[-124.69078017502684, 47.49367160911765], [-124.67432609419205, 47.4710400047067]]}, "properties": {"fault_name": "Cascadia fold and fault belt"}}, {"type": "Feature", "geometry": {"type": "LineString", "coordinates": [[-124.63737386264044, 47.70694832897129], [-124.64146538692567, 47.6963777248254], [-124.64327170043435, 47.68351854697312], [-124.64445107072312, 47.671629293140874], [-124.64430443961761, 47.66073485386199], [-124.64305324183535, 47.653670808969366]]}, "properties": {"fault_name": "Cascadia fold and fault belt"}}, {"type": "Feature", "geometry": {"type": "LineString", "coordinates": [[-124.61355748977432, 46.85002058419695], [-124.61338096183783, 46.834361831817084]]}, "properties": {"fault_name": "Cascadia fold and fault belt"}}, {"type": "Feature", "geometry": {"type": "LineString", "coordinates": [[-124.4430773351782, 46.38410426173522], [-124.44285053572177, 46.36009292893349], [-124.44051839875144, 46.327799952993544], [-124.43736190030273, 46.30493431786247], [-124.43560985042707, 46.28758971106603], [-124.4288517095603, 46.27041826504394], [-124.42034711172883, 46.24982578594225], [-124.41214695204883, 46.23339959629337], [-124.40500176485536, 46.21763288598889], [-124.39189029632817, 46.195456716791696], [-124.38161620693151, 46.1707456511552], [-124.38034585706741, 46.166960054242686]]}, "properties": {"fault_name": "Cascadia fold and fault belt"}}, {"type": "Feature", "geometry": {"type": "LineString", "coordinates": [[-124.3849439494262, 46.96734582527977], [-124.38649752282801, 46.96068043416409], [-124.38559035015521, 46.955142245211015], [-124.38311229983324, 46.94896095629131], [-124.3784323017818, 46.940417497815595], [-124.36909241985644, 46.93063847972758], [-124.36666711142145, 46.92515121971496], [-124.36646820555293, 46.92237350573285]]}, "properties": {"fault_name": "Cascadia fold and fault belt"}}, {"type": "Feature", "geometry": {"type": "LineString", "coordinates": [[-125.29298959426046, 47.260562826840314], [-125.30634677986563, 47.23710228393948]]}, "properties": {"fault_name": "Cascadia fold and fault belt"}}, {"type": "Feature", "geometry": {"type": "LineString", "coordinates": [[-125.28546720178427, 48.23481256180393], [-125.28130102480397, 48.21706598515973]]}, "properties": {"fault_name": "Cascadia fold and fault belt"}}, {"type": "Feature", "geometry": {"type": "LineString", "coordinates": [[-125.13679860761387, 46.89061998988976], [-125.13370203128618, 46.87031499370063]]}, "properties": {"fault_name": "Cascadia fold and fault belt"}}, {"type": "Feature", "geometry": {"type": "LineString", "coordinates": [[-125.13008243603714, 48.200638700208486], [-125.12921219400396, 48.17621890201812]]}, "properties": {"fault_name": "Cascadia fold and fault belt"}}, {"type": "Feature", "geometry": {"type": "LineString", "coordinates": [[-124.99449464640173, 46.82904552899503], [-124.99346798162645, 46.81211066302942]]}, "properties": {"fault_name": "Cascadia fold and fault belt"}}, {"type": "Feature", "geometry": {"type": "LineString", "coordinates": [[-124.98199822111191, 46.800270455839005], [-124.98290454397845, 46.77856888378781], [-124.98201449139833, 46.75693741007854], [-124.97833072230203, 46.73417697597986], [-124.97405859981376, 46.715153652847725], [-124.96334163289721, 46.68338177818639]]}, "properties": {"fault_name": "Cascadia fold and fault belt"}}, {"type": "Feature", "geometry": {"type": "LineString", "coordinates": [[-124.92004103597881, 46.18349068426859], [-124.91555862866231, 46.167172846936296], [-124.91480061225928, 46.14796122025458], [-124.91606128816608, 46.13416842611799], [-124.91421313472472, 46.1210464857214], [-124.9120129234387, 46.10354028217525], [-124.910337207006, 46.082715174979]]}, "properties": {"fault_name": "Cascadia fold and fault belt"}}, {"type": "Feature", "geometry": {"type": "LineString", "coordinates": [[-124.90744218208533, 46.39068272311769], [-124.91275796098249, 46.37783292495571], [-124.91578511819996, 46.36617105296915], [-124.9172724255782, 46.355118558760275], [-124.91699907183052, 46.341935414196826], [-124.91369441873357, 46.33051914308223], [-124.90708925467148, 46.30768627104464], [-124.89631675659898, 46.282265783941114], [-124.88024288141997, 46.24990266606316], [-124.86664404900337, 46.21854219873198], [-124.85113403734508, 46.18285618318602], [-124.84128758734616, 46.15849610670484], [-124.8247200789354, 46.11900017771674], [-124.81799398366974, 46.10386479721767]]}, "properties": {"fault_name": "Cascadia fold and fault belt"}}, {"type": "Feature", "geometry": {"type": "LineString", "coordinates": [[-124.85286828710336, 46.841199898210924], [-124.85251083577371, 46.82415310281406]]}, "properties": {"fault_name": "Cascadia fold and fault belt"}}, {"type": "Feature", "geometry": {"type": "LineString", "coordinates": [[-124.83837120857291, 46.131671564157784], [-124.82150138113643, 46.0982339282026]]}, "properties": {"fault_name": "Cascadia fold and fault belt"}}, {"type": "Feature", "geometry": {"type": "LineString", "coordinates": [[-124.73844148269356, 47.29565381810677], [-124.73160809534532, 47.27528438393592]]}, "properties": {"fault_name": "Cascadia fold and fault belt"}}, {"type": "Feature", "geometry": {"type": "LineString", "coordinates": [[-124.7151261299058, 46.8445974140357], [-124.71295114960112, 46.8297073541088]]}, "properties": {"fault_name": "Cascadia fold and fault belt"}}, {"type": "Feature", "geometry": {"type": "LineString", "coordinates": [[-124.71353322915914, 47.35770764191725], [-124.70378805881865, 47.333532528156965]]}, "properties": {"fault_name": "Cascadia fold and fault belt"}}, {"type": "Feature", "geometry": {"type": "LineString", "coordinates": [[-124.65940724495762, 47.47272867900556], [-124.6562395678735, 47.452225286984465]]}, "properties": {"fault_name": "Cascadia fold and fault belt"}}, {"type": "Feature", "geometry": {"type": "LineString", "coordinates": [[-124.57582747708679, 46.8831201708291], [-124.56814711766448, 46.868772094232675], [-124.56445712234498, 46.860200185181384], [-124.56438898423232, 46.85254439020284], [-124.56757552324248, 46.84094424078099]]}, "properties": {"fault_name": "Cascadia fold and fault belt"}}, {"type": "Feature", "geometry": {"type": "LineString", "coordinates": [[-124.55581188966251, 46.853195637103056], [-124.5581816858062, 46.837447450821784]]}, "properties": {"fault_name": "Cascadia fold and fault belt"}}, {"type": "Feature", "geometry": {"type": "LineString", "coordinates": [[-124.45097957128914, 46.77336803114311], [-124.4646310503713, 46.76299591501971], [-124.47459447090166, 46.75151221995636], [-124.4819962124487, 46.74197298296122], [-124.48746364493212, 46.73064396789715], [-124.49292879210144, 46.719314664142345], [-124.49938004241604, 46.70918825369855], [-124.5085203564145, 46.69896730495654], [-124.51492058242096, 46.68822272817175], [-124.51934173182161, 46.67507175912166], [-124.52196766819551, 46.66198360104134], [-124.52450079512585, 46.64766085199174], [-124.52737914731482, 46.62589947113674], [-124.52805205912449, 46.5986457779012], [-124.52688848032011, 46.570837787214565], [-124.52701241099841, 46.53617672230545], [-124.52672512258404, 46.495960098157234], [-124.52396790910942, 46.44654726281031]]}, "properties": {"fault_name": "Cascadia fold and fault belt"}}, {"type": "Feature", "geometry": {"type": "LineString", "coordinates": [[-124.37780667459376, 46.8680432841298], [-124.37816264909307, 46.844711327865305]]}, "properties": {"fault_name": "Cascadia fold and fault belt"}}, {"type": "Feature", "geometry": {"type": "LineString", "coordinates": [[-124.36755700230486, 46.86664841974308], [-124.36752611193717, 46.852031095788234]]}, "properties": {"fault_name": "Cascadia fold and fault belt"}}, {"type": "Feature", "geometry": {"type": "LineString", "coordinates": [[-124.36087391478173, 46.94162669786565], [-124.35341580664556, 46.92969506993672]]}, "properties": {"fault_name": "Cascadia fold and fault belt"}}, {"type": "Feature", "geometry": {"type": "LineString", "coordinates": [[-126.48660222806915, 48.16840794697282], [-126.49704232702862, 48.19680151527818], [-126.50329966431104, 48.212150294111886], [-126.50860254429902, 48.219111096219045], [-126.52294144927087, 48.226212714198326], [-126.53907764058113, 48.233220653842345], [-126.55949509024607, 48.23819865626804], [-126.58253762288543, 48.24243522076466], [-126.61041633287489, 48.24943006626564], [-126.62091006125684, 48.25430942785197], [-126.63755750804978, 48.26549693825043], [-126.64627595702116, 48.27830122219273], [-126.65756618024302, 48.29759995120771], [-126.66559150800578, 48.30441267696931], [-126.6833739105832, 48.31734334509488], [-126.71270001041295, 48.328459344796165], [-126.77530268717996, 48.360707254975225], [-126.81884344779124, 48.384302713788834], [-126.83542942107267, 48.3942635762063], [-126.85073095890638, 48.40851045980509], [-126.86445974071367, 48.424648498830756], [-126.87880516206461, 48.43834105225741], [-126.88576160782698, 48.44339026481137]]}, "properties": {"fault_name": "Cascadia fold and fault belt"}}, {"type": "Feature", "geometry": {"type": "LineString", "coordinates": [[-126.84452699412824, 48.58904418696128], [-126.82256086508316, 48.55767483975098], [-126.80393818827044, 48.52371367473293], [-126.78739191603297, 48.49928206295593], [-126.75537704087854, 48.46662736681872]]}, "properties": {"fault_name": "Cascadia fold and fault belt"}}, {"type": "Feature", "geometry": {"type": "LineString", "coordinates": [[-126.77194850726649, 48.53686098978223], [-126.75306711834685, 48.51556209193948], [-126.73493253036399, 48.485182106964906], [-126.72108542067082, 48.46783206712864], [-126.68891870597889, 48.43336198991879], [-126.66374020686766, 48.41177775885657], [-126.62065626473118, 48.38388640703588], [-126.57588987957718, 48.356670317255215], [-126.54533336359097, 48.34257147493459], [-126.51700191796967, 48.3319673900903], [-126.48902356864554, 48.324351823767906], [-126.45649434331226, 48.3163572309664], [-126.42217882162977, 48.30844379499606], [-126.39063476968542, 48.30098504770579], [-126.37552949757165, 48.29511075900856], [-126.36202269036937, 48.28734781313222], [-126.35570112444246, 48.27922699084028], [-126.35223772466176, 48.26433671609342], [-126.35947520476756, 48.24831236977857], [-126.36541055710603, 48.22873693683509], [-126.37468657779783, 48.19875119294356], [-126.38659740393037, 48.16019613318258]]}, "properties": {"fault_name": "Cascadia fold and fault belt"}}, {"type": "Feature", "geometry": {"type": "LineString", "coordinates": [[-126.52423111740514, 48.26109742692537], [-126.45196921930739, 48.228614185114544]]}, "properties": {"fault_name": "Cascadia fold and fault belt"}}, {"type": "Feature", "geometry": {"type": "LineString", "coordinates": [[-126.21199751615244, 47.671100175244945], [-126.19548581108714, 47.65021374571836], [-126.1866680982769, 47.64281034077597], [-126.17791678893241, 47.63600574303782]]}, "properties": {"fault_name": "Cascadia fold and fault belt"}}, {"type": "Feature", "geometry": {"type": "LineString", "coordinates": [[-126.14535537965746, 48.153716186109435], [-126.11657867598073, 48.06111539800366]]}, "properties": {"fault_name": "Cascadia fold and fault belt"}}, {"type": "Feature", "geometry": {"type": "LineString", "coordinates": [[-125.91828638015099, 47.25448942977292], [-125.89805560758856, 47.225229492234504]]}, "properties": {"fault_name": "Cascadia fold and fault belt"}}, {"type": "Feature", "geometry": {"type": "LineString", "coordinates": [[-125.90612454766006, 48.033041216242964], [-125.87735665286306, 48.02171338821601], [-125.85714393104796, 48.014957964144934], [-125.83751564417359, 48.00726922785764], [-125.82110727770528, 47.998076284275086], [-125.80997327869787, 47.9877391989924], [-125.80357686334483, 47.97763880497352], [-125.79749217687012, 47.96391019387514], [-125.79569707074293, 47.95269800289721], [-125.78863830237813, 47.94262681894284]]}, "properties": {"fault_name": "Cascadia fold and fault belt"}}, {"type": "Feature", "geometry": {"type": "LineString", "coordinates": [[-125.77281964935112, 47.461058733735875], [-125.75878475942423, 47.44482659010533], [-125.75235974081427, 47.43367093905276], [-125.74923684205213, 47.419955882981455], [-125.72444685980972, 47.39336227503283]]}, "properties": {"fault_name": "Cascadia fold and fault belt"}}, {"type": "Feature", "geometry": {"type": "LineString", "coordinates": [[-125.75216046843312, 48.17729267576389], [-125.74624536412112, 48.16366806500051], [-125.73402092264818, 48.13745175676939], [-125.73378655039392, 48.135090983191056], [-125.72947319343749, 48.08650319991709]]}, "properties": {"fault_name": "Cascadia fold and fault belt"}}, {"type": "Feature", "geometry": {"type": "LineString", "coordinates": [[-125.61161402693837, 47.9125390129399], [-125.61089390686391, 47.89811682798108], [-125.61047786471649, 47.886843026169345], [-125.61398651263805, 47.87449442078049], [-125.6191343685608, 47.86523569271124], [-125.62606786775757, 47.85363994422397], [-125.63317250589745, 47.84384286589763], [-125.65128120443384, 47.82994746198709]]}, "properties": {"fault_name": "Cascadia fold and fault belt"}}, {"type": "Feature", "geometry": {"type": "LineString", "coordinates": [[-125.61250594082777, 46.766367760242865], [-125.6077992682023, 46.740689430096864], [-125.60822958278295, 46.72105790293718], [-125.60716160897934, 46.709730342114845], [-125.60248307877508, 46.69032653126799], [-125.59606882916871, 46.67060766910023]]}, "properties": {"fault_name": "Cascadia fold and fault belt"}}, {"type": "Feature", "geometry": {"type": "LineString", "coordinates": [[-125.61016501474069, 47.12849614007778], [-125.5970901399849, 47.11181749000539], [-125.58230758494199, 47.09521288270391], [-125.57804683422691, 47.08049699295891], [-125.57343769798003, 47.068149511749475], [-125.57172503563633, 47.056066670870436], [-125.5683526100411, 47.050724219909945], [-125.55967550333574, 47.037770754740144], [-125.55092931259176, 47.024035401953135], [-125.54723158277763, 47.015176942051994]]}, "properties": {"fault_name": "Cascadia fold and fault belt"}}, {"type": "Feature", "geometry": {"type": "LineString", "coordinates": [[-125.60026428673568, 46.41231486211625], [-125.58761930525068, 46.39836678982178], [-125.58035235681034, 46.38731574716686], [-125.56977728238617, 46.36503629797062], [-125.56661272964261, 46.355370825261105]]}, "properties": {"fault_name": "Cascadia fold and fault belt"}}, {"type": "Feature", "geometry": {"type": "LineString", "coordinates": [[-125.59783207834099, 47.18630213282519], [-125.59352282578709, 47.17119671719687], [-125.5899189833949, 47.163511741017096], [-125.57527345826374, 47.13631080772959]]}, "properties": {"fault_name": "Cascadia fold and fault belt"}}, {"type": "Feature", "geometry": {"type": "LineString", "coordinates": [[-125.58291362706021, 48.260244539756485], [-125.57747285298119, 48.24591595223359], [-125.57040797158083, 48.22522211627762], [-125.5654463849255, 48.21053363590425], [-125.56099204277513, 48.19582313213891], [-125.55902950684862, 48.18066673095169], [-125.55680915263896, 48.16281177212086]]}, "properties": {"fault_name": "Cascadia fold and fault belt"}}, {"type": "Feature", "geometry": {"type": "LineString", "coordinates": [[-125.54480831441664, 46.57285909610938], [-125.53611461582798, 46.546570637169964]]}, "properties": {"fault_name": "Cascadia fold and fault belt"}}, {"type": "Feature", "geometry": {"type": "LineString", "coordinates": [[-125.54242464559003, 46.988325839893875], [-125.53496513787864, 46.969826839069356], [-125.53179522937937, 46.95427752285156], [-125.52782631075738, 46.93013464010276], [-125.52320671183239, 46.898960397280476], [-125.52320830095213, 46.88052671717717], [-125.51795370002077, 46.84859551599809]]}, "properties": {"fault_name": "Cascadia fold and fault belt"}}, {"type": "Feature", "geometry": {"type": "LineString", "coordinates": [[-125.51721756208647, 46.64977418616419], [-125.50691021975294, 46.58747007413043]]}, "properties": {"fault_name": "Cascadia fold and fault belt"}}, {"type": "Feature", "geometry": {"type": "LineString", "coordinates": [[-125.51550258658092, 46.49570329482245], [-125.49612025932966, 46.46399892326979]]}, "properties": {"fault_name": "Cascadia fold and fault belt"}}, {"type": "Feature", "geometry": {"type": "LineString", "coordinates": [[-125.40188193390036, 46.0845760659199], [-125.39512353521707, 46.03414258392424]]}, "properties": {"fault_name": "Cascadia fold and fault belt"}}, {"type": "Feature", "geometry": {"type": "LineString", "coordinates": [[-125.19572164573827, 46.22193876297782], [-125.19959606428728, 46.24949023883633], [-125.2075337039019, 46.271644746898865], [-125.21879932496307, 46.297320890857094], [-125.23848317623104, 46.32421444928587], [-125.27179687065755, 46.35994647080936], [-125.29171257799865, 46.38891454804966], [-125.3036758253196, 46.40462025007745], [-125.32956013434278, 46.432285359224515], [-125.33745152868659, 46.444500407937035], [-125.34369986305325, 46.45521614083857], [-125.35308399868444, 46.484100134928305]]}, "properties": {"fault_name": "Cascadia fold and fault belt"}}, {"type": "Feature", "geometry": {"type": "LineString", "coordinates": [[-124.53006973543974, 46.17225781711779], [-124.53474314884015, 46.18463462300046], [-124.537051404997, 46.19552759485969], [-124.53737600763165, 46.230531730788115], [-124.54153607337307, 46.30720910110757], [-124.54495330334142, 46.3635305059299]]}, "properties": {"fault_name": "Cascadia fold and fault belt"}}, {"type": "Feature", "geometry": {"type": "LineString", "coordinates": [[-124.54074433960413, 46.38824292921856], [-124.5200056488003, 46.42451411391941], [-124.4978455689938, 46.46239801194499], [-124.47203260327213, 46.502493857845224]]}, "properties": {"fault_name": "Cascadia fold and fault belt"}}, {"type": "Feature", "geometry": {"type": "LineString", "coordinates": [[-124.49555950481775, 47.41697884517639], [-124.49385076990848, 47.401935239124526], [-124.49488400136849, 47.38441257205906], [-124.49684679870472, 47.36367819986262]]}, "properties": {"fault_name": "Cascadia fold and fault belt"}}, {"type": "Feature", "geometry": {"type": "LineString", "coordinates": [[-124.39147259768735, 47.330301453267474], [-124.39381897115832, 47.31432584299645], [-124.3962503791541, 47.299539450103076], [-124.39619932879484, 47.290797810113794], [-124.3955656913294, 47.282075734961644], [-124.39149471510798, 47.27426405626638]]}, "properties": {"fault_name": "Cascadia fold and fault belt"}}, {"type": "Feature", "geometry": {"type": "LineString", "coordinates": [[-124.98538127557357, 48.34269919012354], [-124.97460976295298, 48.341401764174684], [-124.96433607869652, 48.34093742705384], [-124.9532124669087, 48.34050423228432]]}, "properties": {"fault_name": "Cascadia fold and fault belt"}}, {"type": "Feature", "geometry": {"type": "LineString", "coordinates": [[-124.64359816078503, 47.75324060779999], [-124.639531411137, 47.7568499461144], [-124.6366261014047, 47.76015146100602], [-124.63372043144793, 47.76345289682717], [-124.62894629893785, 47.76815301423241], [-124.62398560430958, 47.77046053125359], [-124.61655552900018, 47.77152206493652], [-124.60947836044339, 47.77203761812124], [-124.6035635031681, 47.77224539718086], [-124.59798141241679, 47.77164157783648], [-124.59273232983621, 47.77022620608039], [-124.58738127409787, 47.76748145903744], [-124.58211869612677, 47.76073524500687], [-124.5760282801972, 47.75348460576698], [-124.5677450299467, 47.743378067857904]]}, "properties": {"fault_name": "Cascadia fold and fault belt"}}, {"type": "Feature", "geometry": {"type": "LineString", "coordinates": [[-124.9076103682661, 48.1416739997659], [-124.89636132471517, 48.14049537001412], [-124.87761403630117, 48.14012782102292], [-124.85941775921113, 48.14160262886436], [-124.84166124877513, 48.14359143210921], [-124.8256223953158, 48.147113572773975]]}, "properties": {"fault_name": "Cascadia fold and fault belt"}}, {"type": "Feature", "geometry": {"type": "LineString", "coordinates": [[-125.27090073738124, 48.499842081915524], [-125.2640053078879, 48.489884055250485], [-125.26067569689744, 48.481488355251905], [-125.25528299166925, 48.469194917045904], [-125.24914370289662, 48.4580684372178], [-125.24921016115967, 48.45408528783834]]}, "properties": {"fault_name": "Cascadia fold and fault belt"}}, {"type": "Feature", "geometry": {"type": "LineString", "coordinates": [[-125.2635879263524, 48.04430827615283], [-125.2441966527792, 48.02909535907843]]}, "properties": {"fault_name": "Cascadia fold and fault belt"}}, {"type": "Feature", "geometry": {"type": "LineString", "coordinates": [[-125.20101994791156, 48.008435333721394], [-125.17581853187912, 47.987045741704065]]}, "properties": {"fault_name": "Cascadia fold and fault belt"}}, {"type": "Feature", "geometry": {"type": "LineString", "coordinates": [[-125.18682806571067, 48.03957475686008], [-125.16376416304902, 48.024495995141244]]}, "properties": {"fault_name": "Cascadia fold and fault belt"}}, {"type": "Feature", "geometry": {"type": "LineString", "coordinates": [[-125.11233353073835, 48.40917410190321], [-125.09874352965929, 48.405154224064724], [-125.0877086381839, 48.40103381499199], [-125.07652719465474, 48.395212323784], [-125.07105138897457, 48.391159583792614], [-125.06457776162624, 48.385439348232914], [-125.06033071920241, 48.38077013996732], [-125.05798954787524, 48.37346868483444], [-125.05820041301514, 48.36606881679494], [-125.05888559131999, 48.35921921578588], [-125.06039622165797, 48.352053425722325], [-125.06466020810473, 48.34222251815091], [-125.06940282501965, 48.32810819503799], [-125.07306573703168, 48.316309745203405], [-125.07487464667153, 48.307710308991005], [-125.0745348912547, 48.29890971516771], [-125.07349391002873, 48.29184213611323], [-125.0689827853692, 48.28405593070592], [-125.06270123130336, 48.275485062042996], [-125.05455225403502, 48.26499574689413], [-125.0374066249417, 48.24888160197494], [-125.02370334900027, 48.23803523070211], [-125.01411441185732, 48.23044177570892]]}, "properties": {"fault_name": "Cascadia fold and fault belt"}}, {"type": "Feature", "geometry": {"type": "LineString", "coordinates": [[-125.06986281185247, 48.42162480883592], [-125.04953617287958, 48.41871208724478], [-125.03349268770666, 48.41591626297733], [-125.01472644484018, 48.41123226029732], [-125.0006691922526, 48.40665067527891]]}, "properties": {"fault_name": "Cascadia fold and fault belt"}}, {"type": "Feature", "geometry": {"type": "LineString", "coordinates": [[-125.03899129173044, 48.3659548809297], [-125.02431934355353, 48.34917530220782]]}, "properties": {"fault_name": "Cascadia fold and fault belt"}}, {"type": "Feature", "geometry": {"type": "LineString", "coordinates": [[-124.99568352895102, 48.31359413396433], [-124.97003093316881, 48.302627400773275]]}, "properties": {"fault_name": "Cascadia fold and fault belt"}}, {"type": "Feature", "geometry": {"type": "LineString", "coordinates": [[-124.9471482503444, 48.32343871426179], [-124.94185755779985, 48.32136347219881], [-124.93766841538933, 48.31886758884817], [-124.93039239755787, 48.313455028769056], [-124.92614079169242, 48.3102030249127], [-124.92053449493743, 48.304348284173685], [-124.91429968740236, 48.29775870909609], [-124.90617777457686, 48.28896500893946], [-124.896265476271, 48.27910035300963], [-124.88340093305584, 48.267828446000266], [-124.87352828458998, 48.258339615270486], [-124.86510420904561, 48.25258687298478], [-124.85561297716458, 48.24763106170487], [-124.84681409394098, 48.244165188188454], [-124.83047551309552, 48.23870150079666], [-124.81935511098824, 48.23456081528769], [-124.80513025702317, 48.227121202707316], [-124.78852428005699, 48.21825048306573], [-124.77255060925299, 48.210112723214145], [-124.75250251269688, 48.200603888939064], [-124.73237057637532, 48.18995778829597]]}, "properties": {"fault_name": "Cascadia fold and fault belt"}}, {"type": "Feature", "geometry": {"type": "LineString", "coordinates": [[-124.82925683342827, 48.28683571272643], [-124.81977457661522, 48.28547742220966], [-124.80774494559141, 48.284211358081265], [-124.79368525138291, 48.28415498521851], [-124.77877628181996, 48.28412772022993], [-124.76077991760985, 48.282788757116556], [-124.74566543956107, 48.28020647285216], [-124.72961205225872, 48.276518944092025], [-124.71608567435969, 48.27245482783412], [-124.7054879004066, 48.26771642107699]]}, "properties": {"fault_name": "Cascadia fold and fault belt"}}, {"type": "Feature", "geometry": {"type": "LineString", "coordinates": [[-124.80873921262598, 48.32667198379034], [-124.77067755541029, 48.31289373509516]]}, "properties": {"fault_name": "Cascadia fold and fault belt"}}, {"type": "Feature", "geometry": {"type": "LineString", "coordinates": [[-124.79381977499503, 48.24406865071884], [-124.78088243141092, 48.241980417780546], [-124.77339294961342, 48.23884076778871], [-124.76498694008781, 48.23488101591054], [-124.7564676179705, 48.2295034668741], [-124.74357118366443, 48.222577352238545], [-124.73729069230556, 48.21853924690994]]}, "properties": {"fault_name": "Cascadia fold and fault belt"}}, {"type": "Feature", "geometry": {"type": "LineString", "coordinates": [[-124.79325817882211, 48.226748556224386], [-124.78058798432204, 48.2226607987654], [-124.77140473085299, 48.21958255781632], [-124.7613972578394, 48.216817694213795]]}, "properties": {"fault_name": "Cascadia fold and fault belt"}}, {"type": "Feature", "geometry": {"type": "LineString", "coordinates": [[-124.76801457790394, 48.12340801206673], [-124.73234722556784, 48.11545687992096]]}, "properties": {"fault_name": "Cascadia fold and fault belt"}}, {"type": "Feature", "geometry": {"type": "LineString", "coordinates": [[-124.32182655956096, 46.26884640071358], [-124.31064956987899, 46.252513920878016], [-124.29452293305009, 46.23704216380798]]}, "properties": {"fault_name": "Cascadia fold and fault belt"}}, {"type": "Feature", "geometry": {"type": "LineString", "coordinates": [[-125.29900643188007, 48.05704289514297], [-125.28329763203254, 48.04168545427877], [-125.27631086723102, 48.034770651053165]]}, "properties": {"fault_name": "Cascadia fold and fault belt"}}, {"type": "Feature", "geometry": {"type": "LineString", "coordinates": [[-125.24965436189798, 48.05664833794119], [-125.2339209257538, 48.045285225118846], [-125.22918237730876, 48.04121010673933], [-125.22434953899656, 48.03607212201247]]}, "properties": {"fault_name": "Cascadia fold and fault belt"}}, {"type": "Feature", "geometry": {"type": "LineString", "coordinates": [[-125.06813863310686, 47.95474215870944], [-125.06122959503524, 47.94825709190429], [-125.05708065043709, 47.94308631301808], [-125.05460568403149, 47.93891680779192], [-125.05197881161304, 47.93297579205463], [-125.04749728464553, 47.92390742029768], [-125.04348352931108, 47.91410980673396], [-125.0406769219706, 47.90604266510362]]}, "properties": {"fault_name": "Cascadia fold and fault belt"}}, {"type": "Feature", "geometry": {"type": "LineString", "coordinates": [[-124.89814887062094, 48.23965641889411], [-124.89015637179023, 48.230572578093856], [-124.88586644559133, 48.22504637597529], [-124.88138913980737, 48.222369905982085], [-124.87740707164623, 48.220527766886555], [-124.87264769396474, 48.219567200199734]]}, "properties": {"fault_name": "Cascadia fold and fault belt"}}, {"type": "Feature", "geometry": {"type": "LineString", "coordinates": [[-124.80860217912097, 48.31113757088137], [-124.77410347298574, 48.29912567277652]]}, "properties": {"fault_name": "Cascadia fold and fault belt"}}, {"type": "Feature", "geometry": {"type": "LineString", "coordinates": [[-124.46654907297882, 46.098184458888895], [-124.46013300697898, 46.092490974848474], [-124.45112300079899, 46.085495240733934], [-124.43827314863198, 46.08072112923335], [-124.42298045381395, 46.076726500859564], [-124.41093111465112, 46.076098955805726], [-124.4009519511454, 46.07644315094682]]}, "properties": {"fault_name": "Cascadia fold and fault belt"}}, {"type": "Feature", "geometry": {"type": "LineString", "coordinates": [[-124.91555129301972, 48.06607599810393], [-124.92576063005406, 48.05502968792395], [-124.93523614860418, 48.04791955785759], [-124.94644312494862, 48.042520136274796], [-124.95683031942607, 48.039994045252435], [-124.968711446357, 48.03634389376394]]}, "properties": {"fault_name": "Cascadia fold and fault belt"}}, {"type": "Feature", "geometry": {"type": "LineString", "coordinates": [[-124.80751632614825, 48.041653371183166], [-124.81985652722364, 48.030538594895795]]}, "properties": {"fault_name": "Cascadia fold and fault belt"}}, {"type": "Feature", "geometry": {"type": "LineString", "coordinates": [[-124.80035770285308, 48.06195031025975], [-124.8092216510527, 48.053629557991336]]}, "properties": {"fault_name": "Cascadia fold and fault belt"}}, {"type": "Feature", "geometry": {"type": "LineString", "coordinates": [[-124.78788215890201, 48.055209619297386], [-124.79442626806753, 48.05257187224383], [-124.79931947676009, 48.04919452614259], [-124.80679128510266, 48.04332361275774]]}, "properties": {"fault_name": "Cascadia fold and fault belt"}}, {"type": "Feature", "geometry": {"type": "LineString", "coordinates": [[-124.69176056039532, 47.913660642997854], [-124.69682186992868, 47.906371764938164], [-124.70250949565789, 47.898112415101785], [-124.71389068318375, 47.890595772187304]]}, "properties": {"fault_name": "Cascadia fold and fault belt"}}, {"type": "Feature", "geometry": {"type": "LineString", "coordinates": [[-124.97803409590026, 48.140882129851256], [-124.95999767581164, 48.14423234514411]]}, "properties": {"fault_name": "Cascadia fold and fault belt"}}, {"type": "Feature", "geometry": {"type": "LineString", "coordinates": [[-125.28308139766219, 48.409171853227605], [-125.26485753510637, 48.40914886795267]]}, "properties": {"fault_name": "Cascadia fold and fault belt"}}, {"type": "Feature", "geometry": {"type": "LineString", "coordinates": [[-124.98898888819504, 48.34000362102923], [-124.96317296521946, 48.33728565779525], [-124.94512978171504, 48.33569144780397], [-124.93908370483125, 48.334781591712265], [-124.93154768042062, 48.331368801898094], [-124.92800446263196, 48.32979595404342]]}, "properties": {"fault_name": "Cascadia fold and fault belt"}}, {"type": "Feature", "geometry": {"type": "LineString", "coordinates": [[-124.89997771926684, 47.832095836808364], [-124.8799796310243, 47.828580652725606], [-124.85854218657505, 47.8246418460459], [-124.83515765362893, 47.822667069008006]]}, "properties": {"fault_name": "Cascadia fold and fault belt"}}, {"type": "Feature", "geometry": {"type": "LineString", "coordinates": [[-124.37047731120748, 46.957043614981444], [-124.34567821825145, 46.95857087825613], [-124.3268896306906, 46.95884898710078], [-124.30326733524835, 46.95545546181595]]}, "properties": {"fault_name": "Cascadia fold and fault belt"}}, {"type": "Feature", "geometry": {"type": "LineString", "coordinates": [[-124.92840110027096, 48.13316391173726], [-124.87604835899924, 48.130857223759946]]}, "properties": {"fault_name": "Cascadia fold and fault belt"}}, {"type": "Feature", "geometry": {"type": "LineString", "coordinates": [[-124.89036444586456, 48.149781464779345], [-124.87320218176879, 48.14935398577889], [-124.85464940376666, 48.151374227724524], [-124.8357636508314, 48.154203333810806], [-124.82170691028352, 48.15765179525088], [-124.81320877493224, 48.16089507103419], [-124.80632009807486, 48.16434537813647]]}, "properties": {"fault_name": "Cascadia fold and fault belt"}}, {"type": "Feature", "geometry": {"type": "LineString", "coordinates": [[-124.59718198008586, 47.357128876016326], [-124.56709240568941, 47.34819533415077], [-124.54483061503315, 47.34544724208951], [-124.51811807279269, 47.335208044302135]]}, "properties": {"fault_name": "Cascadia fold and fault belt"}}, {"type": "Feature", "geometry": {"type": "LineString", "coordinates": [[-125.17985912258604, 46.18571466694934], [-125.1485947835633, 46.23703556079036], [-125.1329869489638, 46.26791421120856], [-125.12396596087949, 46.29247408921535]]}, "properties": {"fault_name": "Cascadia fold and fault belt"}}, {"type": "Feature", "geometry": {"type": "LineString", "coordinates": [[-124.37613520898901, 47.34052222710148], [-124.35340842518885, 47.3516754589215]]}, "properties": {"fault_name": "Cascadia fold and fault belt"}}, {"type": "Feature", "geometry": {"type": "LineString", "coordinates": [[-125.22593804967642, 48.23550707908024], [-125.24783786329061, 48.209318670912594]]}, "properties": {"fault_name": "Cascadia fold and fault belt"}}, {"type": "Feature", "geometry": {"type": "LineString", "coordinates": [[-125.20910446566839, 48.22338437873031], [-125.22884630588288, 48.20155115178469]]}, "properties": {"fault_name": "Cascadia fold and fault belt"}}, {"type": "Feature", "geometry": {"type": "LineString", "coordinates": [[-124.36206082013908, 47.281282038251284], [-124.2928689810001, 47.30542585924438]]}, "properties": {"fault_name": "Cascadia fold and fault belt"}}, {"type": "Feature", "geometry": {"type": "LineString", "coordinates": [[-125.10947683333761, 48.42172162179176], [-125.11013493013161, 48.412937070247104], [-125.110874746667, 48.40833835278735], [-125.11463251807811, 48.40228904997205], [-125.12018356395151, 48.3938845597899], [-125.12687287230798, 48.382198054252676], [-125.13278851111757, 48.37149337404713], [-125.13962308514027, 48.36151385375116], [-125.14488111943264, 48.3531191319486], [-125.14893161676056, 48.34400985594414]]}, "properties": {"fault_name": "Cascadia fold and fault belt"}}, {"type": "Feature", "geometry": {"type": "LineString", "coordinates": [[-124.55069387397684, 46.285261533011166], [-124.56198173283286, 46.25457894412729]]}, "properties": {"fault_name": "Cascadia fold and fault belt"}}, {"type": "Feature", "geometry": {"type": "LineString", "coordinates": [[-124.54741773700027, 46.37268853926501], [-124.48846627887524, 46.391230707755554]]}, "properties": {"fault_name": "Cascadia fold and fault belt"}}, {"type": "Feature", "geometry": {"type": "LineString", "coordinates": [[-125.55160727742489, 46.25069895517026], [-125.53250933613133, 46.23001986021668], [-125.5189359763429, 46.206609099227315]]}, "properties": {"fault_name": "Cascadia fold and fault belt"}}, {"type": "Feature", "geometry": {"type": "LineString", "coordinates": [[-125.49768670558947, 46.20176094302108], [-125.4839683163917, 46.17728632114175], [-125.47026436761216, 46.15281169871376], [-125.46747191861883, 46.14815399513471], [-125.46457279558386, 46.143534069294866], [-125.461093080601, 46.13826248728612], [-125.45968908028722, 46.136137519833184], [-125.45833119588693, 46.133993663752015], [-125.45703386602159, 46.13183481079458], [-125.45579042788677, 46.12966428927101], [-125.45459254691326, 46.12747487771706], [-125.45260847836943, 46.123545491750306], [-125.45058661141337, 46.11896055914263], [-125.44864085960965, 46.11435618069756], [-125.44671844064713, 46.109751803027784], [-125.44472657742158, 46.105159091931576], [-125.4425291392348, 46.100253608840475], [-125.44031670277606, 46.0953553471453], [-125.43811149056883, 46.09045764214794], [-125.43591405058544, 46.08555160122267], [-125.43325878691245, 46.07938724570976], [-125.43055739295298, 46.07266956411914], [-125.42826102959219, 46.06652409485332], [-125.42588020034016, 46.05965808010985], [-125.42555960059842, 46.058520872767545], [-125.4252623372911, 46.057376998698764], [-125.42500285173475, 46.05622867986801], [-125.42475836714534, 46.055080360846866], [-125.42455221726236, 46.05392815527566], [-125.42437717873263, 46.05277261277501], [-125.42422436542135, 46.05161651679586], [-125.42404097255945, 46.049762651170646], [-125.42391926700813, 46.04839711182538], [-125.42375866889658, 46.047035461729685], [-125.42356806705456, 46.04567714625262], [-125.42334691171308, 46.044319384733534], [-125.42308742166514, 46.04296495694596], [-125.42279737542285, 46.041614418722894], [-125.4223545311406, 46.039840554829446], [-125.42106545230115, 46.03455729103054], [-125.41988248695465, 46.029259026865475], [-125.41976024510909, 46.02869070130208], [-125.4196230022966, 46.02811848608412], [-125.41946298090346, 46.02755404823754], [-125.41929462673778, 46.026985723231554], [-125.41911182766229, 46.026424618850825], [-125.41891346976608, 46.02586407200318], [-125.41870733515447, 46.025302968711905], [-125.41847842465715, 46.02474630888485], [-125.41824173295282, 46.024192984254], [-125.41799004207817, 46.023644103956926], [-125.41772335203326, 46.02309855720665], [-125.4174405480088, 46.02255300819181], [-125.4171510775866, 46.022015239739865], [-125.4168454976764, 46.02147691401185], [-125.4165249141043, 46.02094303375544], [-125.41618933226026, 46.02041637372622], [-125.41584597010751, 46.01989027321745], [-125.41536538041368, 46.01920361783735], [-125.41528148405435, 46.019111953269245], [-125.41520536890201, 46.01902417611853], [-125.41512147344099, 46.01894029014652], [-125.41502980126457, 46.01885251272327], [-125.41494590760016, 46.018768625867054], [-125.41485423542373, 46.01868473825975], [-125.41475478383694, 46.018600851772774], [-125.414663668616, 46.018520852139474], [-125.41456421792752, 46.01844085426186], [-125.4144653223979, 46.01836030107308], [-125.41436587260773, 46.01828419120839], [-125.41425920036268, 46.0182080787436], [-125.41415975057255, 46.01813197178847], [-125.41405307832747, 46.018059195295784], [-125.41392362480684, 46.01797530785984]]}, "properties": {"fault_name": "Cascadia fold and fault belt"}}, {"type": "Feature", "geometry": {"type": "LineString", "coordinates": [[-125.4134958282039, 46.017838089863346], [-125.41351138343138, 46.01779975916756], [-125.41351916104513, 46.017758090997994], [-125.41353416021542, 46.0177158688427], [-125.4135419360325, 46.01767753681452], [-125.41354971364623, 46.01763586980047], [-125.41355693340618, 46.01759364817573], [-125.41355693340618, 46.01755587126633], [-125.4135647110199, 46.017513650204315], [-125.41357248863363, 46.017471983066805], [-125.41357248593869, 46.017429760693055], [-125.41357248504038, 46.01739142721887], [-125.41357248414207, 46.0173497612369], [-125.41357248324374, 46.01730754126518], [-125.41357248234543, 46.017265875220005], [-125.41357248144712, 46.01722754225604], [-125.41356470203677, 46.01718587490291], [-125.41356470203677, 46.017143654182206], [-125.41355692172807, 46.01710198614207], [-125.41354969657826, 46.01705976598111], [-125.4135419180662, 46.01702143225047], [-125.41353413955416, 46.016979767861194], [-125.41352636104212, 46.016941432827416], [-125.41351135917685, 46.01689976713018], [-125.4135035788682, 46.016857546191034], [-125.41348857879956, 46.016819211696365], [-125.41346579662566, 46.01675476976009], [-125.41045163713203, 46.01095263471866], [-125.40729303213398, 46.00518494399003], [-125.4042255432552, 45.99956947317947], [-125.40114305879939, 45.993615115693885], [-125.39985350025958, 45.99100570618632], [-125.3985639444147, 45.98839296675074]]}, "properties": {"fault_name": "Cascadia fold and fault belt"}}, {"type": "Feature", "geometry": {"type": "LineString", "coordinates": [[-125.14674615760809, 46.25176239901877], [-125.13583496324901, 46.22289670483861], [-125.12494654836891, 46.19403489783945], [-125.12435869533854, 46.192108813786355], [-125.123816956425, 46.190174949750336], [-125.12332855228651, 46.1882366438762], [-125.12288625956981, 46.186291669856985], [-125.12249730342484, 46.18433836019283], [-125.12215390444119, 46.18238505202672], [-125.12185606172054, 46.180424519775244], [-125.1216121098321, 46.17846398976631], [-125.12141371510496, 46.17649901325841], [-125.1212686569495, 46.17453070200935], [-125.12116915505707, 46.172562391847045], [-125.12112354489514, 46.17059408029065], [-125.12112349099624, 46.16862576921374], [-125.12116899336031, 46.16665357024855], [-125.12126838835323, 46.16468525814716], [-125.12142056296237, 46.16272083271198], [-125.12181714400748, 46.15911586897913], [-125.12229760883552, 46.15504924500813], [-125.12267917723561, 46.15097539784633], [-125.12295407608556, 46.146897661822905], [-125.12312897178319, 46.14281937287651], [-125.12320552800834, 46.13873775106267], [-125.12318208197942, 46.13465612982558], [-125.12305252335588, 46.130574511098544], [-125.12260231917651, 46.123711812713935], [-125.12105300378916, 46.110230865153596], [-125.11961035795184, 46.09674269382005], [-125.11932805788227, 46.09427050230163], [-125.1189774238673, 46.0918060888266], [-125.11857289632519, 46.08934222998407], [-125.11810725819093, 46.086885594277305], [-125.11757328161974, 46.08443618019349], [-125.11698541421634, 46.081991212189145], [-125.11633698958302, 46.07955346688881], [-125.11561967494717, 46.077127390205874], [-125.1148490264346, 46.07470520080927], [-125.11324662241057, 46.07022692970277], [-125.11075914157476, 46.06414646217978], [-125.10825665887373, 46.05806599374519], [-125.1057308451281, 46.05199275023366], [-125.10319002861893, 46.0459239502988], [-125.10093924487734, 46.040594583207664], [-125.09868068172538, 46.03526965982844], [-125.09640711940312, 46.02994807205635], [-125.09411022244308, 46.024634260812064], [-125.09370573981674, 46.023775940141675], [-125.09328625532513, 46.022929284871765], [-125.09284343799236, 46.022082075824535], [-125.09237839723774, 46.02124320125407], [-125.09189002274363, 46.02041154682409], [-125.09138664997754, 46.01958378176193], [-125.09085994077702, 46.018759908114326], [-125.09031045389415, 46.01794714302732], [-125.089745965146, 46.01713826804364], [-125.08915814355669, 46.01633716984501], [-125.08854810034218, 46.01554385126531], [-125.08792250190021, 46.01475831014448], [-125.08727356612549, 46.01397998970333], [-125.08661018633931, 46.01320944798988], [-125.085488445671, 46.01197335974908], [-125.08398556779393, 46.010393943718434], [-125.08244380364484, 46.008833975178085], [-125.08086481241205, 46.00729289298336], [-125.07924693400894, 46.005770699964245], [-125.07758405270503, 46.00427184287489], [-125.07589005914957, 46.002787982731185], [-125.07334935403152, 46.00065525218452], [-125.072250400927, 45.999861935181386], [-125.0711442298592, 45.999080284951006], [-125.07000750080033, 45.998313078972], [-125.06885521561574, 45.99756198530641], [-125.0676879312608, 45.99682200091347], [-125.06649786832524, 45.99609701916459], [-125.06529225016219, 45.995387589835204], [-125.06407163013391, 45.99469316308341], [-125.06282767816279, 45.99401428929737], [-125.06157650104178, 45.99334652984605], [-125.06030254983173, 45.992698211936], [-125.05901304159755, 45.99206489569603], [-125.05770797633932, 45.99144713523468], [-125.05522063384407, 45.99033327813218], [-125.05441948213772, 45.989982175106846], [-125.05362610984172, 45.98961996329677], [-125.05284051695608, 45.989249972913534], [-125.0520621447287, 45.988872205049496], [-125.0512993304237, 45.98848332594906], [-125.05053595557, 45.98808278112718], [-125.04979591804906, 45.987674456982624], [-125.04905587962979, 45.987258355840034], [-125.0483313982346, 45.98683114382826], [-125.04761413659936, 45.986400041778055], [-125.04691187862599, 45.985953941057176], [-125.0462179516286, 45.98550395118549], [-125.04553847043925, 45.98504229277746], [-125.04486732112422, 45.98457285990153], [-125.04421117457267, 45.984096202281584], [-125.04356280473658, 45.98361176918048], [-125.04292943317247, 45.983119556024775], [-125.04231106437192, 45.98262012190659], [-125.04170102834395, 45.982112909198584], [-125.04110599507953, 45.98159792018407], [-125.04051817977843, 45.98107515090071], [-125.03994592329805, 45.980548495147396], [-125.03938922114678, 45.98001072714738], [-125.03863361941524, 45.97924796182137], [-125.03665737160425, 45.97687522289938], [-125.0332471314271, 45.9725419582186], [-125.03174369030637, 45.97051254600875], [-125.03028635881084, 45.96846368811902], [-125.02838677322619, 45.96564484092], [-125.02484650011506, 45.960232144285065], [-125.02130622700393, 45.954818890103], [-125.01778095575804, 45.949398413958555], [-125.01430179413737, 45.943966271971036], [-125.01274500476683, 45.94146741830929], [-125.01121932674957, 45.938961342190396], [-125.00967809260649, 45.9364630438712], [-125.00809074524491, 45.933975860046125], [-125.00781628117956, 45.93359030908122], [-125.00754181621583, 45.93321309180998], [-125.00725179512636, 45.932835320292895], [-125.00695399821979, 45.932465327256395], [-125.00664119765133, 45.932095331126746], [-125.00632839887952, 45.931732561994245], [-125.00600004488021, 45.93137034530761], [-125.00568724700672, 45.93102312769853], [-125.00538222764524, 45.93067202226186], [-125.00509220475914, 45.93032147318064], [-125.004802184568, 45.92996259127053], [-125.00452772140092, 45.92960426124986], [-125.0042604788921, 45.929238156156174], [-125.003924899743, 45.9287609398413], [-125.00342874763516, 45.92794095317927], [-125.00295593016514, 45.92711318571353], [-125.00249811276376, 45.92628153118106], [-125.0020708560483, 45.9254426538913], [-125.00130022729869, 45.92382100682693], [-125.00088796616028, 45.9229321310781], [-125.00046070764822, 45.9220510317262], [-125.00000288755187, 45.92117382219818], [-124.99953006918354, 45.92030050017954], [-124.99869833523167, 45.918877186126174], [-124.9983933113786, 45.918438860164976], [-124.99808050991184, 45.91800775574602], [-124.99775993083134, 45.91758053892358], [-124.99742435258054, 45.91715721291227], [-124.9970809958177, 45.91673721971135], [-124.99649317871996, 45.91605056622198], [-124.99621093614255, 45.91572668417341], [-124.99593647387377, 45.91539835478247], [-124.99566923316159, 45.91507058280553], [-124.99540977185976, 45.91473836588766], [-124.99515808637503, 45.914398927757084], [-124.99492140185724, 45.914059488175276], [-124.9946852733966, 45.91372005026729], [-124.99435691400743, 45.91320505794656], [-124.99388409743572, 45.912338958124785], [-124.993426279136, 45.91146563705672], [-124.99267065404825, 45.90990899417905], [-124.99226617232023, 45.90905456130587], [-124.99184668962525, 45.90820401813401], [-124.99098439408908, 45.9066173739704], [-124.99074770957128, 45.90622404626565], [-124.99049602318824, 45.90583516386758], [-124.9902443368052, 45.90544961421353], [-124.98997709519469, 45.9050685100368], [-124.98958817857559, 45.904537961264644]]}, "properties": {"fault_name": "Cascadia fold and fault belt"}}, {"type": "Feature", "geometry": {"type": "LineString", "coordinates": [[-124.98787921639254, 45.90417964830545], [-124.98771142726716, 45.90399631870141], [-124.98753586142635, 45.90381354421134], [-124.98736029468722, 45.90363410282155], [-124.98717694943605, 45.90345855028734], [-124.98699416024202, 45.903282997823084], [-124.98680303737713, 45.90311133613894], [-124.98660469295565, 45.90293967079848], [-124.98640634673755, 45.902771898786646], [-124.98620800231608, 45.902608013262466], [-124.985994657826, 45.90244412725452], [-124.98578853489248, 45.90228357579623], [-124.98557463344692, 45.90212746726333], [-124.98535351044478, 45.90197469396856], [-124.98513238744265, 45.9018219177529], [-124.9847356985997, 45.90156303514769], [-124.98419400370359, 45.90121582227242], [-124.98366008642122, 45.9008608298669], [-124.98314116741082, 45.900498617285436], [-124.98262225019705, 45.900132513922976], [-124.9821183330519, 45.89975863313391], [-124.9812716169977, 45.89909864830902], [-124.98083659344833, 45.89871310125846], [-124.98040934122446, 45.898324218135286], [-124.97998987290256, 45.89792755826984], [-124.97957762523887, 45.8975270107215], [-124.97918093370102, 45.89712257415571], [-124.97879201977683, 45.89671035983004], [-124.97841032920586, 45.89629481080251], [-124.97804419206574, 45.89587537495082], [-124.97768583343765, 45.89545149325776], [-124.97734247757315, 45.895020944267806], [-124.97700634057024, 45.894589841754936], [-124.97667853993316, 45.89415095884722], [-124.9763046251793, 45.893628189780465], [-124.97595348720947, 45.89311319798928], [-124.97561790626372, 45.89259431685331], [-124.9752973253866, 45.892072102100535], [-124.97498452032659, 45.89154544507893], [-124.97468727408724, 45.89101545173004], [-124.97440447096109, 45.89048101400435], [-124.97413000330243, 45.88994713324693], [-124.97387831242781, 45.88940547402184], [-124.9736338458047, 45.888863813891454], [-124.97339771195418, 45.888318266111696], [-124.97309212306082, 45.887528831844655], [-124.96865942581722, 45.875581206199925], [-124.96421839400439, 45.86363746830007]]}, "properties": {"fault_name": "Cascadia fold and fault belt"}}, {"type": "Feature", "geometry": {"type": "LineString", "coordinates": [[-125.29312463170892, 47.78331656771391], [-125.26375775016193, 47.76176116703931], [-125.22538111755645, 47.73345283891414], [-125.18185520609681, 47.702021322288935]]}, "properties": {"fault_name": "Cascadia fold and fault belt"}}, {"type": "Feature", "geometry": {"type": "LineString", "coordinates": [[-125.24785319304092, 47.05115969204342], [-125.23184019040055, 47.033864132890535]]}, "properties": {"fault_name": "Cascadia fold and fault belt"}}, {"type": "Feature", "geometry": {"type": "LineString", "coordinates": [[-125.05047670718542, 48.409863039909204], [-125.02055940630429, 48.39963830003735]]}, "properties": {"fault_name": "Cascadia fold and fault belt"}}, {"type": "Feature", "geometry": {"type": "LineString", "coordinates": [[-124.83787843502887, 48.272589979000244], [-124.83000333971756, 48.2700364177395], [-124.81873295668707, 48.26760664485724], [-124.80590482308871, 48.26693827927155], [-124.79269876196207, 48.26685081002165], [-124.78187834236246, 48.26468549712574], [-124.76884442180047, 48.261462267039875], [-124.75737230859819, 48.25647575506211], [-124.74804723809524, 48.251695167946025], [-124.74048982479768, 48.24770314527842], [-124.73216736577994, 48.239474248028024], [-124.72014291444209, 48.23279861482924]]}, "properties": {"fault_name": "Cascadia fold and fault belt"}}, {"type": "Feature", "geometry": {"type": "LineString", "coordinates": [[-124.42433936498865, 46.62948062109204], [-124.41372621457283, 46.61932429780633], [-124.40110387332795, 46.60614159401249], [-124.38907381290944, 46.588605848268664], [-124.37807876531019, 46.572890356720336], [-124.36673882842216, 46.55223520320054], [-124.35366225944375, 46.532256564163525]]}, "properties": {"fault_name": "Cascadia fold and fault belt"}}, {"type": "Feature", "geometry": {"type": "LineString", "coordinates": [[-124.38608399057351, 46.53425195727735], [-124.36620201497132, 46.51945653610626]]}, "properties": {"fault_name": "Cascadia fold and fault belt"}}, {"type": "Feature", "geometry": {"type": "LineString", "coordinates": [[-125.17066817684324, 48.01342375302829], [-125.15039678965019, 47.99076642224348]]}, "properties": {"fault_name": "Cascadia fold and fault belt"}}, {"type": "Feature", "geometry": {"type": "LineString", "coordinates": [[-125.09433370442115, 47.95804891924015], [-125.08352380589011, 47.94780752608463], [-125.07401914509387, 47.93884736886582], [-125.0632170897536, 47.92860399177021], [-125.0553919102294, 47.920643523987025], [-125.04650489508991, 47.90952450578389], [-125.04337367164003, 47.905380235985575]]}, "properties": {"fault_name": "Cascadia fold and fault belt"}}, {"type": "Feature", "geometry": {"type": "LineString", "coordinates": [[-125.02244883284136, 48.05041566806807], [-125.00799808222673, 48.020847445936546]]}, "properties": {"fault_name": "Cascadia fold and fault belt"}}, {"type": "Feature", "geometry": {"type": "LineString", "coordinates": [[-124.94171182500963, 48.12573205676158], [-124.95963069066187, 48.13518346602497]]}, "properties": {"fault_name": "Cascadia fold and fault belt"}}, {"type": "Feature", "geometry": {"type": "LineString", "coordinates": [[-124.8952685502232, 48.225549188180466], [-124.88881073771545, 48.219535274130706], [-124.88211900929763, 48.21580407178685], [-124.87429733679627, 48.213820197192994], [-124.858819957339, 48.211834834788604]]}, "properties": {"fault_name": "Cascadia fold and fault belt"}}, {"type": "Feature", "geometry": {"type": "LineString", "coordinates": [[-124.79565717470413, 46.17177757495456], [-124.77814105433647, 46.14000764001678], [-124.75932478519012, 46.111582741767876], [-124.74518757894904, 46.09232473221934], [-124.73425263223551, 46.07349528894593], [-124.72468864759621, 46.0518655187286], [-124.71745078480815, 46.029598853226204], [-124.7069464940351, 46.00580449222502]]}, "properties": {"fault_name": "Cascadia fold and fault belt"}}, {"type": "Feature", "geometry": {"type": "LineString", "coordinates": [[-125.09823508410682, 47.27681235222686], [-125.07990451067839, 47.27126663674156], [-125.0662445020926, 47.259653717269266]]}, "properties": {"fault_name": "Cascadia fold and fault belt"}}, {"type": "Feature", "geometry": {"type": "LineString", "coordinates": [[-124.45936195781779, 47.127058963756966], [-124.42292960737223, 47.06669600822176]]}, "properties": {"fault_name": "Cascadia fold and fault belt"}}, {"type": "Feature", "geometry": {"type": "LineString", "coordinates": [[-125.65213763397121, 46.30733436116294], [-125.63981518180918, 46.295688460883255], [-125.62749272874885, 46.284038117273134], [-125.61517805240392, 46.27239221907561], [-125.60287115457106, 46.260738541071134], [-125.59570680271932, 46.25382255525502], [-125.58868745871737, 46.2468304560015], [-125.58175201107474, 46.23980002387663], [-125.57483934111445, 46.232754587695595], [-125.56736163443374, 46.22514805312348], [-125.55988448381018, 46.21753818391255]]}, "properties": {"fault_name": "Cascadia fold and fault belt"}}, {"type": "Feature", "geometry": {"type": "LineString", "coordinates": [[-125.55173203814651, 45.75751347594739], [-125.54646014015437, 45.756693512938455], [-125.5411954646171, 45.75587355104283], [-125.53592300966946, 45.755049699843234], [-125.53065111167732, 45.75422918227724], [-125.52795043637008, 45.753798091890324], [-125.52525698531436, 45.753359776832944], [-125.51811558631643, 45.75332148384336], [-125.50890630506036, 45.7524521012401], [-125.4996975798614, 45.75158604728764], [-125.49597408905987, 45.75120440782971], [-125.49226615797737, 45.7507772117476], [-125.48855822509823, 45.75033501669407], [-125.48484973885691, 45.74990004494092], [-125.47525156523625, 45.74881289283941], [-125.46820960884195, 45.74801572180768], [-125.44860101393694, 45.74523087275796], [-125.44827322318133, 45.74524643026989], [-125.44795265577892, 45.74525754313393], [-125.44785376294422, 45.74526143109996], [-125.44774653464204, 45.74526143109996], [-125.44764764540061, 45.74526143109996], [-125.44754819471214, 45.745261432980655], [-125.44744930277578, 45.74525754501463], [-125.4473042958243, 45.74525365830209], [-125.44313079667612, 45.745036462734646], [-125.44062791871634, 45.74490703580355]]}, "properties": {"fault_name": "Cascadia fold and fault belt"}}, {"type": "Feature", "geometry": {"type": "LineString", "coordinates": [[-125.50293194158402, 45.741717250253856], [-125.49289930316606, 45.740695096729176], [-125.48287389259286, 45.73966905807945]]}, "properties": {"fault_name": "Cascadia fold and fault belt"}}, {"type": "Feature", "geometry": {"type": "LineString", "coordinates": [[-125.5024286793107, 45.74606220715997], [-125.49183879975233, 45.74521949910254], [-125.48124837222161, 45.74437235116287]]}, "properties": {"fault_name": "Cascadia fold and fault belt"}}, {"type": "Feature", "geometry": {"type": "LineString", "coordinates": [[-124.95439531188097, 46.01405727523671], [-124.95433418691577, 46.013645612893704], [-124.95428861897469, 46.013229506134635], [-124.95425027259014, 46.0128178457404], [-124.95421970561598, 46.012405628274465], [-124.95419691356058, 46.011990076179664], [-124.95418912516708, 46.01157785815902], [-124.95419689289932, 46.0111623092031], [-124.95420465883498, 46.01075009000412], [-124.95423520335125, 46.0102845399975], [-124.95427297391569, 46.01006343217879], [-124.95432630509747, 46.00984620981908], [-124.95438018964147, 46.00962454371719], [-124.95444074058318, 46.0094034357558], [-124.9545018475821, 46.0091862151715], [-124.9545785134017, 46.00896843969218], [-124.9546546195709, 46.00875121927138], [-124.95473850694705, 46.00853788505619], [-124.95482239342493, 46.00832011076787], [-124.95491405661821, 46.008106779257474], [-124.9550129449613, 46.00789677997539], [-124.9551123857683, 46.00768289215359], [-124.95522682933888, 46.007473447814874], [-124.95544015855762, 46.00708067312025]]}, "properties": {"fault_name": "Cascadia fold and fault belt"}}, {"type": "Feature", "geometry": {"type": "LineString", "coordinates": [[-125.23405397073897, 46.31964956621251], [-125.21523211407153, 46.264704562811595]]}, "properties": {"fault_name": "Cascadia fold and fault belt"}}, {"type": "Feature", "geometry": {"type": "LineString", "coordinates": [[-125.15276883158211, 47.18821047179786], [-125.1570604457154, 47.18202469887187], [-125.1609471747771, 47.1733232752334], [-125.16264761374472, 47.16831769812328], [-125.1632659313413, 47.16474824581607]]}, "properties": {"fault_name": "Cascadia fold and fault belt"}}, {"type": "Feature", "geometry": {"type": "LineString", "coordinates": [[-125.12662467318486, 48.42595865903798], [-125.10606923600406, 48.420505726891726], [-125.08636930579084, 48.41501622493862], [-125.0754074572295, 48.411744704232305], [-125.06439766827641, 48.40790548004576], [-125.04458410117974, 48.40099227312439]]}, "properties": {"fault_name": "Cascadia fold and fault belt"}}, {"type": "Feature", "geometry": {"type": "LineString", "coordinates": [[-125.12074274635125, 47.78267301823142], [-125.11864482442998, 47.76663893129806], [-125.11988628627118, 47.748576562878284], [-125.11589434921834, 47.73498730208819], [-125.11149119307284, 47.724732410072704], [-125.10889925883075, 47.71914627519745]]}, "properties": {"fault_name": "Cascadia fold and fault belt"}}, {"type": "Feature", "geometry": {"type": "LineString", "coordinates": [[-125.0547239032212, 47.253776887077855], [-125.04495412712672, 47.23709274104329]]}, "properties": {"fault_name": "Cascadia fold and fault belt"}}, {"type": "Feature", "geometry": {"type": "LineString", "coordinates": [[-125.01374802408722, 46.85938231513505], [-124.99922801605913, 46.84757136088779], [-124.98951737605984, 46.839285003943765], [-124.98340591619642, 46.830857422823634], [-124.97894089038233, 46.82050826418016], [-124.97797025802294, 46.808784616898286]]}, "properties": {"fault_name": "Cascadia fold and fault belt"}}, {"type": "Feature", "geometry": {"type": "LineString", "coordinates": [[-125.01134992831714, 47.84542312079146], [-125.01118314620315, 47.83725348871494], [-125.01064084943582, 47.83087571491376], [-125.01018903367884, 47.825560882298156], [-125.00821923038171, 47.82101551120215], [-125.00569362055367, 47.816136034841286]]}, "properties": {"fault_name": "Cascadia fold and fault belt"}}, {"type": "Feature", "geometry": {"type": "LineString", "coordinates": [[-124.98215304485282, 47.82486087728888], [-124.97790183873762, 47.818269612299154], [-124.96827211538584, 47.81046188874989], [-124.9559857781932, 47.80239922390912], [-124.94475489139079, 47.79429526279193], [-124.9300538512734, 47.78881015294295], [-124.92140474595375, 47.78629379304406]]}, "properties": {"fault_name": "Cascadia fold and fault belt"}}, {"type": "Feature", "geometry": {"type": "LineString", "coordinates": [[-124.96899134702649, 47.83780586620132], [-124.96006431912761, 47.832103446016895], [-124.9491830521422, 47.828252066941275]]}, "properties": {"fault_name": "Cascadia fold and fault belt"}}, {"type": "Feature", "geometry": {"type": "LineString", "coordinates": [[-124.9685265703766, 48.415259770094636], [-124.95671304526404, 48.406892866275314], [-124.94442975156359, 48.397973983230735], [-124.93319304008487, 48.391288851021514], [-124.91581251771446, 48.38255811123759], [-124.8998087991625, 48.37491082301162], [-124.88442434592977, 48.36951264492086], [-124.86441215683222, 48.36485197917795], [-124.85101701560964, 48.36278730370532], [-124.83518838229985, 48.3622316667924], [-124.81546279620208, 48.360963460798054], [-124.80688776236754, 48.36042336402948], [-124.78400178542094, 48.35699108291781]]}, "properties": {"fault_name": "Cascadia fold and fault belt"}}, {"type": "Feature", "geometry": {"type": "LineString", "coordinates": [[-124.95126698819284, 47.83421575606664], [-124.92722430185887, 47.82446395176529]]}, "properties": {"fault_name": "Cascadia fold and fault belt"}}, {"type": "Feature", "geometry": {"type": "LineString", "coordinates": [[-124.94898184478993, 46.50790035813977], [-124.9502734353189, 46.499028490225], [-124.9505160307513, 46.4855545961559], [-124.94978600136092, 46.46840429187049], [-124.94764161587823, 46.45038056186078], [-124.94438643030902, 46.43518588520577], [-124.94079360036389, 46.41582568902472], [-124.93742935572593, 46.399242276097965], [-124.93515001364315, 46.38772376976064], [-124.93338128474763, 46.3659709250415], [-124.93306337366351, 46.34555441814296]]}, "properties": {"fault_name": "Cascadia fold and fault belt"}}, {"type": "Feature", "geometry": {"type": "LineString", "coordinates": [[-124.93498252275843, 47.83518950379386], [-124.9298022664, 47.83005378112616], [-124.9118179836321, 47.82326859719541], [-124.89188051101, 47.818331417816665]]}, "properties": {"fault_name": "Cascadia fold and fault belt"}}, {"type": "Feature", "geometry": {"type": "LineString", "coordinates": [[-124.90325617389684, 47.678736785948956], [-124.90977759610983, 47.6642709942543], [-124.91524960191637, 47.65411024186026], [-124.91512602966587, 47.644161127098094], [-124.9130227816333, 47.63570890215805], [-124.90820252512498, 47.628307403816514], [-124.90280187339978, 47.62234963507654]]}, "properties": {"fault_name": "Cascadia fold and fault belt"}}, {"type": "Feature", "geometry": {"type": "LineString", "coordinates": [[-124.8956380596389, 47.679971997254896], [-124.89948095720294, 47.66702972072178], [-124.89920411529698, 47.655190612952204], [-124.89251775790625, 47.642171129856145], [-124.88400988122399, 47.6325377127804], [-124.87503899128474, 47.625765021741124]]}, "properties": {"fault_name": "Cascadia fold and fault belt"}}, {"type": "Feature", "geometry": {"type": "LineString", "coordinates": [[-124.77830894856476, 45.99955855020826], [-124.78432533792503, 46.02544498029999], [-124.78944166477797, 46.04614255289456], [-124.79667483836025, 46.06188501390989], [-124.80087341757284, 46.07077860179957], [-124.80509234093168, 46.086287006927414], [-124.8151787444177, 46.112714272972795], [-124.82630106802138, 46.13944965401258], [-124.84203700417699, 46.173668237162296], [-124.85168499297346, 46.20045843223771]]}, "properties": {"fault_name": "Cascadia fold and fault belt"}}, {"type": "Feature", "geometry": {"type": "LineString", "coordinates": [[-124.8386819484061, 46.207223937756304], [-124.823815904839, 46.184113833797475], [-124.81232286178891, 46.15913303803875], [-124.80239288104501, 46.13478851277295], [-124.79040357090274, 46.103209428273836], [-124.78202801696014, 46.07288570204134], [-124.77159860076603, 46.03532731823346], [-124.76228747121796, 45.99911908291654]]}, "properties": {"fault_name": "Cascadia fold and fault belt"}}, {"type": "Feature", "geometry": {"type": "LineString", "coordinates": [[-124.74458682431458, 48.31345506580961], [-124.7181619468826, 48.30985367810403]]}, "properties": {"fault_name": "Cascadia fold and fault belt"}}, {"type": "Feature", "geometry": {"type": "LineString", "coordinates": [[-124.33661104598173, 46.38532332973949], [-124.3318809425987, 46.375272237171515], [-124.32587985244602, 46.36619192307693], [-124.31793934271404, 46.35810462418838], [-124.30812445412434, 46.35193597273955]]}, "properties": {"fault_name": "Cascadia fold and fault belt"}}, {"type": "Feature", "geometry": {"type": "LineString", "coordinates": [[-125.27728839685521, 46.90785137326173], [-125.27731517114222, 46.89794384193932], [-125.28009593664696, 46.888540911186496], [-125.28857174437186, 46.8720898508028], [-125.29895045426146, 46.856796717840844], [-125.30267927207264, 46.847972437200845], [-125.30169282756756, 46.83686858509855], [-125.30252641204893, 46.81578174817269], [-125.30077411244166, 46.796041378209075], [-125.29020159911434, 46.75809438293847]]}, "properties": {"fault_name": "Cascadia fold and fault belt"}}, {"type": "Feature", "geometry": {"type": "LineString", "coordinates": [[-125.2409771482931, 46.81841840770783], [-125.23614842067164, 46.80190083072877]]}, "properties": {"fault_name": "Cascadia fold and fault belt"}}, {"type": "Feature", "geometry": {"type": "LineString", "coordinates": [[-125.17424408432504, 47.95724674186612], [-125.17656797655772, 47.9535990977065], [-125.1784531603517, 47.944991848773434], [-125.18452381424336, 47.935861831109825], [-125.18814515671562, 47.928962410794064]]}, "properties": {"fault_name": "Cascadia fold and fault belt"}}, {"type": "Feature", "geometry": {"type": "LineString", "coordinates": [[-124.82339813163802, 48.1256509737624], [-124.81753338328758, 48.112362114153385]]}, "properties": {"fault_name": "Cascadia fold and fault belt"}}, {"type": "Feature", "geometry": {"type": "LineString", "coordinates": [[-124.7834881763522, 46.17484981819469], [-124.76143094017098, 46.14260322019734], [-124.73356023686563, 46.10604433789664], [-124.71151436437277, 46.07970859473868]]}, "properties": {"fault_name": "Cascadia fold and fault belt"}}, {"type": "Feature", "geometry": {"type": "LineString", "coordinates": [[-124.73629259126139, 47.127329665724695], [-124.73430270073615, 47.110693260018955]]}, "properties": {"fault_name": "Cascadia fold and fault belt"}}, {"type": "Feature", "geometry": {"type": "LineString", "coordinates": [[-124.7199933647102, 46.76935568477796], [-124.71956050610069, 46.76380130884145], [-124.71595324921206, 46.752174461825376], [-124.705057449282, 46.72781780205694], [-124.68863673636847, 46.69004628111093]]}, "properties": {"fault_name": "Cascadia fold and fault belt"}}, {"type": "Feature", "geometry": {"type": "LineString", "coordinates": [[-124.6955032679574, 47.35794659397334], [-124.68977665534487, 47.33824641880933]]}, "properties": {"fault_name": "Cascadia fold and fault belt"}}, {"type": "Feature", "geometry": {"type": "LineString", "coordinates": [[-124.6864590826775, 46.813289119157275], [-124.68388966380968, 46.79172122495719]]}, "properties": {"fault_name": "Cascadia fold and fault belt"}}, {"type": "Feature", "geometry": {"type": "LineString", "coordinates": [[-124.6114913547394, 46.70460069322281], [-124.6101343488914, 46.68670167374267]]}, "properties": {"fault_name": "Cascadia fold and fault belt"}}, {"type": "Feature", "geometry": {"type": "LineString", "coordinates": [[-124.3527381876638, 46.772378150102746], [-124.36783549261934, 46.76939496913825], [-124.38814390836836, 46.76375805321955], [-124.41271608868027, 46.75487799786634], [-124.42919840086948, 46.7462699218424], [-124.4480991107542, 46.733863116715476], [-124.46344609256147, 46.722194651764006], [-124.47349275907094, 46.711945479030454], [-124.48169586612336, 46.701140530128555]]}, "properties": {"fault_name": "Cascadia fold and fault belt"}}, {"type": "Feature", "geometry": {"type": "LineString", "coordinates": [[-124.46377470617391, 46.14748183269714], [-124.41255993543272, 46.15970365219949], [-124.33504914160396, 46.17592633210736], [-124.27425488399666, 46.188059109724605], [-124.15949662999313, 46.21061220815451]]}, "properties": {"fault_name": "Cascadia fold and fault belt"}}, {"type": "Feature", "geometry": {"type": "LineString", "coordinates": [[-124.42095577602937, 46.570189666054304], [-124.4131284522266, 46.56117560981722], [-124.40168023331256, 46.55166599699628], [-124.3837971781008, 46.539899083711106], [-124.36784237820598, 46.529920745812205]]}, "properties": {"fault_name": "Cascadia fold and fault belt"}}, {"type": "Feature", "geometry": {"type": "LineString", "coordinates": [[-124.41115181275013, 46.658397659063304], [-124.35901228122123, 46.63294038388019]]}, "properties": {"fault_name": "Cascadia fold and fault belt"}}, {"type": "Feature", "geometry": {"type": "LineString", "coordinates": [[-124.38718581828691, 46.68767887028966], [-124.36098018368322, 46.63534917382703]]}, "properties": {"fault_name": "Cascadia fold and fault belt"}}, {"type": "Feature", "geometry": {"type": "LineString", "coordinates": [[-127.08343390082071, 48.57679808985069], [-126.97513436303007, 48.47733572473466], [-126.95279629013483, 48.460158938952524], [-126.9368781172491, 48.451827663785245], [-126.9247379790723, 48.44824222822432], [-126.90660463974768, 48.447810519908984], [-126.89709568769933, 48.44832508397304], [-126.89015578261626, 48.4437474342195]]}, "properties": {"fault_name": "Cascadia fold and fault belt"}}, {"type": "Feature", "geometry": {"type": "LineString", "coordinates": [[-127.02442967296093, 48.386174112269074], [-126.86354085939944, 48.45225720199964]]}, "properties": {"fault_name": "Cascadia fold and fault belt"}}, {"type": "Feature", "geometry": {"type": "LineString", "coordinates": [[-126.57045810302404, 47.57386498100176], [-126.57003330499752, 47.55807195727561], [-126.56782183692263, 47.538650831920265], [-126.56246095900497, 47.51567263913972], [-126.55217171233453, 47.48550852176992], [-126.53801234824861, 47.457405731982476]]}, "properties": {"fault_name": "Cascadia fold and fault belt"}}, {"type": "Feature", "geometry": {"type": "LineString", "coordinates": [[-126.35495533500877, 47.68302552524478], [-126.26438099687489, 47.68361515623679]]}, "properties": {"fault_name": "Cascadia fold and fault belt"}}, {"type": "Feature", "geometry": {"type": "LineString", "coordinates": [[-126.2144526791976, 47.383632833938314], [-125.89956894994039, 47.35485862724658]]}, "properties": {"fault_name": "Cascadia fold and fault belt"}}, {"type": "Feature", "geometry": {"type": "LineString", "coordinates": [[-126.19837971131705, 48.332797414051406], [-126.19069732978703, 48.29127117618904], [-126.18242443621344, 48.26621325275934], [-126.16744253782245, 48.23776497203209], [-126.14339732901918, 48.206037058008214], [-126.12625585732899, 48.17927878106818], [-126.11436781876027, 48.16446605022234], [-126.09848767156049, 48.14931194209726], [-126.08267252735301, 48.13468324511368], [-126.05594350731529, 48.121629481843094], [-126.03828333131207, 48.11185572107447], [-126.01769895220946, 48.10433815387626], [-125.99627761455325, 48.09632603929827], [-125.97374654670405, 48.08518008500742], [-125.95510801103332, 48.073319230090924], [-125.93973596892454, 48.06236513171887], [-125.9232036268622, 48.047750697072246], [-125.90920339214235, 48.03460851029552]]}, "properties": {"fault_name": "Cascadia fold and fault belt"}}, {"type": "Feature", "geometry": {"type": "LineString", "coordinates": [[-126.04599198497085, 47.27798172495964], [-125.97335336308734, 47.2758608502571]]}, "properties": {"fault_name": "Cascadia fold and fault belt"}}, {"type": "Feature", "geometry": {"type": "LineString", "coordinates": [[-126.01047465038889, 47.26479955793455], [-125.96931162882504, 47.263033291883914]]}, "properties": {"fault_name": "Cascadia fold and fault belt"}}, {"type": "Feature", "geometry": {"type": "LineString", "coordinates": [[-125.97891802742048, 46.306981999739826], [-125.96165533616754, 46.24177492813561], [-125.9586825890085, 46.18518089087667]]}, "properties": {"fault_name": "Cascadia fold and fault belt"}}, {"type": "Feature", "geometry": {"type": "LineString", "coordinates": [[-125.943531547731, 47.922712019991074], [-125.93424317520402, 47.91677899272827], [-125.91897484000155, 47.906348979030824], [-125.90728326657874, 47.89999485189432], [-125.89031520028111, 47.89600402280127], [-125.87099507238011, 47.89211875515915], [-125.8563867312135, 47.888014973847774], [-125.8392667175805, 47.88243307986302], [-125.82491764727288, 47.873010625216395]]}, "properties": {"fault_name": "Cascadia fold and fault belt"}}, {"type": "Feature", "geometry": {"type": "LineString", "coordinates": [[-125.91279964826198, 47.08540473878919], [-125.88782050597356, 47.053151038131716]]}, "properties": {"fault_name": "Cascadia fold and fault belt"}}, {"type": "Feature", "geometry": {"type": "LineString", "coordinates": [[-125.84836286231477, 46.98871786724949], [-125.82941696806957, 46.94609374612594]]}, "properties": {"fault_name": "Cascadia fold and fault belt"}}, {"type": "Feature", "geometry": {"type": "LineString", "coordinates": [[-125.82390202908064, 46.89807110791179], [-125.81658426204638, 46.87878034126774], [-125.810405044956, 46.863150313010905], [-125.80192009687308, 46.84762657409979], [-125.79857503935129, 46.83717046418936]]}, "properties": {"fault_name": "Cascadia fold and fault belt"}}, {"type": "Feature", "geometry": {"type": "LineString", "coordinates": [[-125.77083895577782, 47.765154410267925], [-125.77762012495691, 47.7542417031618], [-125.78726671687308, 47.7405470187616], [-125.79169378886637, 47.729739660015966], [-125.79361419200943, 47.717454673987355], [-125.79407452289699, 47.70629649473576], [-125.79150555498344, 47.688381112250696], [-125.78737498542439, 47.67053640888871]]}, "properties": {"fault_name": "Cascadia fold and fault belt"}}, {"type": "Feature", "geometry": {"type": "LineString", "coordinates": [[-125.77469821166318, 47.59690682611723], [-125.76594195170317, 47.54996750087343], [-125.75973694757427, 47.522801146767016], [-125.75579935859614, 47.51263677408731], [-125.74687639557393, 47.499515163840094], [-125.73351861708066, 47.483012766941805], [-125.71724884269437, 47.46663992213613]]}, "properties": {"fault_name": "Cascadia fold and fault belt"}}, {"type": "Feature", "geometry": {"type": "LineString", "coordinates": [[-125.71895912360424, 47.04076431916566], [-125.70534798067499, 46.996290961153164], [-125.69006412438102, 46.950300514222754], [-125.6755658708542, 46.91223018730306]]}, "properties": {"fault_name": "Cascadia fold and fault belt"}}, {"type": "Feature", "geometry": {"type": "LineString", "coordinates": [[-125.70920681614881, 46.95266217224216], [-125.69366952355365, 46.91198824028773], [-125.68946926718642, 46.90050761220712], [-125.68116521464886, 46.88655967502449], [-125.67809428522257, 46.87874109991716], [-125.67805433085367, 46.87025538387986], [-125.67633340221273, 46.85229695074053], [-125.67383265326019, 46.84233071221016], [-125.66856937370488, 46.82771463189358], [-125.65932432782239, 46.80372905179446], [-125.6507411247086, 46.786609334078875]]}, "properties": {"fault_name": "Cascadia fold and fault belt"}}, {"type": "Feature", "geometry": {"type": "LineString", "coordinates": [[-125.64347664034707, 46.98638558475306], [-125.63455051525504, 46.97405367594087], [-125.63384635285331, 46.96665898523401], [-125.63124763812745, 46.955635742243054], [-125.63473657341841, 46.935323327293275]]}, "properties": {"fault_name": "Cascadia fold and fault belt"}}, {"type": "Feature", "geometry": {"type": "LineString", "coordinates": [[-125.45414297604617, 46.86443612527406], [-125.45023395439239, 46.83009232373033], [-125.4437721300086, 46.8010875452786], [-125.43451707419888, 46.74971723989807], [-125.4303464882872, 46.72897994793234], [-125.42911409763373, 46.71543703022427], [-125.42882895080301, 46.70394500686854], [-125.43318073678897, 46.693299097030604], [-125.44405432587364, 46.6708668931521], [-125.45312540671314, 46.65374061989659], [-125.45827231042172, 46.64358177426761], [-125.45977931336257, 46.635149350199676], [-125.45820862256303, 46.617960328868776]]}, "properties": {"fault_name": "Cascadia fold and fault belt"}}, {"type": "Feature", "geometry": {"type": "LineString", "coordinates": [[-125.43138683979416, 46.904732010109996], [-125.4342252897165, 46.884986808252684]]}, "properties": {"fault_name": "Cascadia fold and fault belt"}}, {"type": "Feature", "geometry": {"type": "LineString", "coordinates": [[-125.43227605424612, 46.65830193069916], [-125.42031426129763, 46.64365215421255], [-125.41322580630762, 46.6324525417267], [-125.41006174943409, 46.62265289821468], [-125.40524860309125, 46.60298842901043], [-125.40190292663023, 46.58273796380312], [-125.39855591796764, 46.570854280209055], [-125.35632834338479, 46.51409154814366]]}, "properties": {"fault_name": "Cascadia fold and fault belt"}}, {"type": "Feature", "geometry": {"type": "LineString", "coordinates": [[-125.41947193620854, 46.52550593692027], [-125.36787986316658, 46.51621391917164], [-125.35632834338479, 46.51409154814366]]}, "properties": {"fault_name": "Cascadia fold and fault belt"}}, {"type": "Feature", "geometry": {"type": "LineString", "coordinates": [[-125.32156624042845, 48.10048065775047], [-125.34794420514135, 48.08614534176299], [-125.36519403611267, 48.07589193292097], [-125.3778568931735, 48.067416295840815], [-125.38569199638665, 48.05807977720159], [-125.38973342522176, 48.05049072783621], [-125.39151432808599, 48.03557457517146], [-125.39103069040839, 48.021812722734616]]}, "properties": {"fault_name": "Cascadia fold and fault belt"}}, {"type": "Feature", "geometry": {"type": "LineString", "coordinates": [[-125.36809933506522, 46.950206150742204], [-125.37429385675307, 46.934257761218355], [-125.37496766418307, 46.9248175069086], [-125.38101596799045, 46.9073060011954], [-125.38230688208803, 46.89627072130634], [-125.38085394335423, 46.87175704319823], [-125.38182747996699, 46.84034257320497], [-125.37662221001945, 46.824877223224824], [-125.37014530921024, 46.80371393394684], [-125.35955451157365, 46.77906459002626], [-125.35436148476514, 46.76359800330123], [-125.34839009920398, 46.730908947236834], [-125.34311173873166, 46.71439985296249], [-125.33040108321288, 46.67415168895919]]}, "properties": {"fault_name": "Cascadia fold and fault belt"}}, {"type": "Feature", "geometry": {"type": "LineString", "coordinates": [[-125.35632834338479, 46.51409154814366], [-125.30782179290094, 46.50516483221423], [-125.25565035141648, 46.49741676282084]]}, "properties": {"fault_name": "Cascadia fold and fault belt"}}, {"type": "Feature", "geometry": {"type": "LineString", "coordinates": [[-125.27594150244406, 48.26080530118183], [-125.28214622270534, 48.25048486274204], [-125.29002550057258, 48.24115584515869], [-125.29634182932139, 48.22341021523229], [-125.30270205963643, 48.20619204913044], [-125.30989600379027, 48.18946912301804], [-125.31816447675436, 48.17588141402065], [-125.33087375066424, 48.15893068124859], [-125.33724955596969, 48.15071874121342]]}, "properties": {"fault_name": "Cascadia fold and fault belt"}}, {"type": "Feature", "geometry": {"type": "LineString", "coordinates": [[-125.30395776875802, 47.292790427144695], [-125.25487165938885, 47.22045239897305]]}, "properties": {"fault_name": "Cascadia fold and fault belt"}}, {"type": "Feature", "geometry": {"type": "LineString", "coordinates": [[-125.24094479277319, 48.392044583178844], [-125.24926296592868, 48.378463634289446], [-125.25361518580094, 48.36504132280175], [-125.25433916144462, 48.35547396822424]]}, "properties": {"fault_name": "Cascadia fold and fault belt"}}, {"type": "Feature", "geometry": {"type": "LineString", "coordinates": [[-125.22056424679843, 46.67768870289028], [-125.17848375517366, 46.676865143997055]]}, "properties": {"fault_name": "Cascadia fold and fault belt"}}, {"type": "Feature", "geometry": {"type": "LineString", "coordinates": [[-125.17848375517366, 46.676865143997055], [-125.17861772362693, 46.675751106733316], [-125.17753918294063, 46.66324737986937]]}, "properties": {"fault_name": "Cascadia fold and fault belt"}}, {"type": "Feature", "geometry": {"type": "LineString", "coordinates": [[-125.17848375517366, 46.676865143997055], [-125.14295250478965, 46.67615771085985]]}, "properties": {"fault_name": "Cascadia fold and fault belt"}}, {"type": "Feature", "geometry": {"type": "LineString", "coordinates": [[-125.13409131711285, 46.74134448103767], [-125.13471538841884, 46.730863223847074], [-125.14073138431702, 46.72120924128751], [-125.15084538404858, 46.71504817970107], [-125.1629602867524, 46.70566779022854], [-125.17084200534228, 46.70011841974421], [-125.17729064605098, 46.68678464326735], [-125.17848375517366, 46.676865143997055]]}, "properties": {"fault_name": "Cascadia fold and fault belt"}}, {"type": "Feature", "geometry": {"type": "LineString", "coordinates": [[-125.09379113276931, 46.74139856412473], [-125.10128681204392, 46.73116489319938], [-125.10770754928326, 46.726201756097836], [-125.12486665939406, 46.722373596249504], [-125.13868099405407, 46.71501862404952], [-125.14857062966193, 46.706252758112484]]}, "properties": {"fault_name": "Cascadia fold and fault belt"}}, {"type": "Feature", "geometry": {"type": "LineString", "coordinates": [[-125.08063440442317, 47.822335556059244], [-125.07817330620892, 47.79381088325031], [-125.07795514225731, 47.78215888820367], [-125.07996038678738, 47.7598190737663]]}, "properties": {"fault_name": "Cascadia fold and fault belt"}}, {"type": "Feature", "geometry": {"type": "LineString", "coordinates": [[-125.04756194537968, 47.59253061620418], [-125.04690068561759, 47.5755942637847], [-125.04945191000763, 47.55959241612655], [-125.05258408207843, 47.52289437591575], [-125.05670364907189, 47.49781883296357]]}, "properties": {"fault_name": "Cascadia fold and fault belt"}}, {"type": "Feature", "geometry": {"type": "LineString", "coordinates": [[-124.99416129956609, 48.23022482278397], [-124.99228674194357, 48.20825756881136], [-124.9926268926192, 48.196784359836165], [-124.9938928712811, 48.185863459044626], [-124.99192422321742, 48.14215340982353]]}, "properties": {"fault_name": "Cascadia fold and fault belt"}}, {"type": "Feature", "geometry": {"type": "LineString", "coordinates": [[-124.96110939936622, 48.276142747974866], [-124.97886055224987, 48.303678380123785], [-124.98216877884501, 48.311486251703364], [-124.98675327520196, 48.33423068185165]]}, "properties": {"fault_name": "Cascadia fold and fault belt"}}, {"type": "Feature", "geometry": {"type": "LineString", "coordinates": [[-124.9803739502972, 47.71680452925075], [-124.8352670720238, 47.76165797073709]]}, "properties": {"fault_name": "Cascadia fold and fault belt"}}, {"type": "Feature", "geometry": {"type": "LineString", "coordinates": [[-124.89430522565858, 47.84695614625493], [-124.59012167111032, 47.945820743889115]]}, "properties": {"fault_name": "Cascadia fold and fault belt"}}, {"type": "Feature", "geometry": {"type": "LineString", "coordinates": [[-124.8656224803707, 47.112318364709395], [-124.00019734580101, 47.39220293287683]]}, "properties": {"fault_name": "Cascadia fold and fault belt"}}, {"type": "Feature", "geometry": {"type": "LineString", "coordinates": [[-124.84740914607004, 47.26035787125067], [-124.84663837808152, 47.250845612891894], [-124.85126645261121, 47.24311818714902], [-124.85586102806569, 47.23499420996025], [-124.86430140803242, 47.223942015946335], [-124.86498156205988, 47.21795294374702], [-124.86440158366132, 47.21081873014354], [-124.86243322485515, 47.20095395502365], [-124.85520048426085, 47.19089004286171], [-124.85013166032013, 47.18591261498303]]}, "properties": {"fault_name": "Cascadia fold and fault belt"}}, {"type": "Feature", "geometry": {"type": "LineString", "coordinates": [[-124.78789306175463, 46.42887239725007], [-124.77722235538025, 46.40849623308657]]}, "properties": {"fault_name": "Cascadia fold and fault belt"}}, {"type": "Feature", "geometry": {"type": "LineString", "coordinates": [[-124.73816060465704, 47.24493091315946], [-124.72026234725573, 47.2177587058684]]}, "properties": {"fault_name": "Cascadia fold and fault belt"}}, {"type": "Feature", "geometry": {"type": "LineString", "coordinates": [[-124.68017939890407, 46.815056605235675], [-124.04736324426662, 47.075172659698154]]}, "properties": {"fault_name": "Cascadia fold and fault belt"}}, {"type": "Feature", "geometry": {"type": "LineString", "coordinates": [[-124.66712196943111, 47.26977083517316], [-124.6610196148914, 47.258860360974374], [-124.65344946977132, 47.25157978476474], [-124.64695368188323, 47.24306777823193], [-124.63295705839086, 47.2280662062322], [-124.6240486462796, 47.2184467527003], [-124.61884661565699, 47.21147721092981], [-124.61722719035495, 47.205572450066875], [-124.61958829889156, 47.198333418838736], [-124.62730438161775, 47.19249324189824], [-124.66744963172764, 47.16123955227376]]}, "properties": {"fault_name": "Cascadia fold and fault belt"}}, {"type": "Feature", "geometry": {"type": "LineString", "coordinates": [[-124.6610434013818, 46.68139401407967], [-124.57486007327249, 46.710026274269275], [-124.4888983101364, 46.742837853761024], [-124.39713444715781, 46.78246473710381], [-124.30978149997215, 46.82369050912051], [-124.16490563155887, 46.89404242600916], [-124.07751709491828, 46.939941739258764]]}, "properties": {"fault_name": "Cascadia fold and fault belt"}}, {"type": "Feature", "geometry": {"type": "LineString", "coordinates": [[-124.61628333318087, 47.54709738511514], [-124.6438942526892, 47.47934566328864]]}, "properties": {"fault_name": "Cascadia fold and fault belt"}}, {"type": "Feature", "geometry": {"type": "LineString", "coordinates": [[-124.62472307444547, 46.70731522219117], [-124.6162037307686, 46.700174394873684], [-124.56714922682607, 46.669002903172796]]}, "properties": {"fault_name": "Cascadia fold and fault belt"}}, {"type": "Feature", "geometry": {"type": "LineString", "coordinates": [[-124.56457028401961, 46.73337385770117], [-124.48197139020077, 46.67983576775728]]}, "properties": {"fault_name": "Cascadia fold and fault belt"}}, {"type": "Feature", "geometry": {"type": "LineString", "coordinates": [[-124.5406333365811, 46.718150695216636], [-124.47638246327014, 46.68904429121147]]}, "properties": {"fault_name": "Cascadia fold and fault belt"}}, {"type": "Feature", "geometry": {"type": "LineString", "coordinates": [[-124.45874182742097, 46.517599040707154], [-124.47495398566151, 46.45197371577556]]}, "properties": {"fault_name": "Cascadia fold and fault belt"}}, {"type": "Feature", "geometry": {"type": "LineString", "coordinates": [[-124.46840129129686, 46.57997315369596], [-124.47181968907506, 46.51008993121606]]}, "properties": {"fault_name": "Cascadia fold and fault belt"}}, {"type": "Feature", "geometry": {"type": "LineString", "coordinates": [[-124.43685355086996, 46.51326086016963], [-124.45513235888014, 46.46794848610164]]}, "properties": {"fault_name": "Cascadia fold and fault belt"}}, {"type": "Feature", "geometry": {"type": "LineString", "coordinates": [[-124.43907001896768, 46.222367718790004], [-124.40321492233048, 46.2263494312023]]}, "properties": {"fault_name": "Cascadia fold and fault belt"}}, {"type": "Feature", "geometry": {"type": "LineString", "coordinates": [[-124.43067987638487, 46.20776476402766], [-124.39064123743462, 46.20836022279604]]}, "properties": {"fault_name": "Cascadia fold and fault belt"}}, {"type": "Feature", "geometry": {"type": "LineString", "coordinates": [[-124.38104619983261, 47.351247844862336], [-124.366967763174, 47.30204149704303]]}, "properties": {"fault_name": "Cascadia fold and fault belt"}}, {"type": "Feature", "geometry": {"type": "LineString", "coordinates": [[-124.32263561105192, 46.27729566803687], [-124.32429516140276, 46.25254936597069]]}, "properties": {"fault_name": "Cascadia fold and fault belt"}}, {"type": "Feature", "geometry": {"type": "LineString", "coordinates": [[-124.3007382166008, 46.72635790404206], [-124.30670959677207, 46.71401139469863], [-124.3111107748273, 46.70367612122923], [-124.31017665628923, 46.690383116101835], [-124.3088671138276, 46.67984577110266]]}, "properties": {"fault_name": "Cascadia fold and fault belt"}}, {"type": "Feature", "geometry": {"type": "LineString", "coordinates": [[-124.30702348699698, 46.62112395504621], [-124.30154593139859, 46.599752218831185]]}, "properties": {"fault_name": "Cascadia fold and fault belt"}}, {"type": "Feature", "geometry": {"type": "LineString", "coordinates": [[-124.28105246270106, 46.72191462181469], [-124.28397225956398, 46.7147644787762], [-124.28604990022107, 46.70372327592622], [-124.28706704914255, 46.685663214075014], [-124.2866576159007, 46.679798551179196]]}, "properties": {"fault_name": "Cascadia fold and fault belt"}}, {"type": "Feature", "geometry": {"type": "LineString", "coordinates": [[-125.29823794561241, 48.034721323977735], [-125.28783314774864, 48.025191483266596], [-125.27644024978474, 48.0164120460627], [-125.2597725495754, 48.007845590160656]]}, "properties": {"fault_name": "Cascadia fold and fault belt"}}, {"type": "Feature", "geometry": {"type": "LineString", "coordinates": [[-125.12493461694531, 47.226099222734305], [-125.11585306713947, 47.20548095127886]]}, "properties": {"fault_name": "Cascadia fold and fault belt"}}, {"type": "Feature", "geometry": {"type": "LineString", "coordinates": [[-125.08000368019418, 46.843836455248955], [-125.07731440271124, 46.83605056803994], [-125.07720523404805, 46.82676887719632], [-125.07701778439434, 46.81656168323165]]}, "properties": {"fault_name": "Cascadia fold and fault belt"}}, {"type": "Feature", "geometry": {"type": "LineString", "coordinates": [[-125.03182975160554, 47.949141565054916], [-125.02392170608964, 47.91852140175959], [-125.01942908313173, 47.90305408928805], [-125.010031486246, 47.87959965607348]]}, "properties": {"fault_name": "Cascadia fold and fault belt"}}, {"type": "Feature", "geometry": {"type": "LineString", "coordinates": [[-125.02886927812823, 47.769204446774594], [-125.02712160574298, 47.75694814971179], [-125.02595448577975, 47.74324727172978], [-125.02378951091075, 47.73432503277208]]}, "properties": {"fault_name": "Cascadia fold and fault belt"}}, {"type": "Feature", "geometry": {"type": "LineString", "coordinates": [[-125.02227962258117, 46.865624032175745], [-125.01400745484634, 46.855735279887426], [-125.01020976589729, 46.850777425804324], [-125.00566117160896, 46.84492037918755], [-125.00357980204512, 46.83618078123258], [-125.0020577666963, 46.82602638604655], [-125.0009408409979, 46.81260613416389]]}, "properties": {"fault_name": "Cascadia fold and fault belt"}}, {"type": "Feature", "geometry": {"type": "LineString", "coordinates": [[-124.96844322198957, 47.45204326272376], [-124.95535187662306, 47.445909427960984], [-124.94009551955659, 47.43890891870118]]}, "properties": {"fault_name": "Cascadia fold and fault belt"}}, {"type": "Feature", "geometry": {"type": "LineString", "coordinates": [[-124.82135792916868, 47.45665957218208], [-124.82014463040998, 47.43300449175484]]}, "properties": {"fault_name": "Cascadia fold and fault belt"}}, {"type": "Feature", "geometry": {"type": "LineString", "coordinates": [[-124.55577709611492, 47.649630187096115], [-124.53287445901307, 47.6527937160014], [-124.50340014524629, 47.66186465776579], [-124.47454496833964, 47.66995899415956]]}, "properties": {"fault_name": "Cascadia fold and fault belt"}}, {"type": "Feature", "geometry": {"type": "LineString", "coordinates": [[-124.44774183639267, 47.29312895475571], [-124.44062844866195, 47.29585920727862], [-124.43083043582315, 47.297613813800346], [-124.42147517563845, 47.2982862962571], [-124.40946200085234, 47.29833687680165], [-124.40417264500094, 47.29744896478889]]}, "properties": {"fault_name": "Cascadia fold and fault belt"}}, {"type": "Feature", "geometry": {"type": "LineString", "coordinates": [[-125.31931988178793, 48.02177040403119], [-125.31389057021192, 48.01452708277476], [-125.3011826572497, 48.00295962888526], [-125.29601477608263, 47.998549078859405]]}, "properties": {"fault_name": "Cascadia fold and fault belt"}}, {"type": "Feature", "geometry": {"type": "LineString", "coordinates": [[-125.30984849997974, 48.02251425173856], [-125.30075715494404, 48.01577585474087], [-125.28133362197067, 48.00021458585751]]}, "properties": {"fault_name": "Cascadia fold and fault belt"}}, {"type": "Feature", "geometry": {"type": "LineString", "coordinates": [[-125.22830234902891, 48.07061812893298], [-125.19631128372109, 48.04488383105194]]}, "properties": {"fault_name": "Cascadia fold and fault belt"}}, {"type": "Feature", "geometry": {"type": "LineString", "coordinates": [[-125.16157121194713, 46.88598060982321], [-125.16542498182105, 46.867870229858966]]}, "properties": {"fault_name": "Cascadia fold and fault belt"}}, {"type": "Feature", "geometry": {"type": "LineString", "coordinates": [[-125.06704174882242, 46.83591797876466], [-125.065804662675, 46.81058549424303]]}, "properties": {"fault_name": "Cascadia fold and fault belt"}}, {"type": "Feature", "geometry": {"type": "LineString", "coordinates": [[-124.93092883191972, 46.649975263700256], [-124.930482310833, 46.60047002587806]]}, "properties": {"fault_name": "Cascadia fold and fault belt"}}, {"type": "Feature", "geometry": {"type": "LineString", "coordinates": [[-124.86364263031543, 48.13731483015636], [-124.85832024880094, 48.13715662127139], [-124.84729228603135, 48.138630512150485], [-124.83943977795954, 48.13998634207426], [-124.82991151842081, 48.140337164935715], [-124.82197120721652, 48.14062892882725], [-124.81400182203808, 48.14056585107201], [-124.8021824102655, 48.138866171736964], [-124.7914800813965, 48.137835337100896]]}, "properties": {"fault_name": "Cascadia fold and fault belt"}}, {"type": "Feature", "geometry": {"type": "LineString", "coordinates": [[-124.82513542668512, 48.18493125318619], [-124.81310539770766, 48.18338221328815], [-124.78409993175563, 48.18216612329106]]}, "properties": {"fault_name": "Cascadia fold and fault belt"}}, {"type": "Feature", "geometry": {"type": "LineString", "coordinates": [[-124.81304936798674, 48.3030159749165], [-124.80182399414524, 48.297740171142685], [-124.79475006311674, 48.29458652526474], [-124.78776942123218, 48.292566127797244]]}, "properties": {"fault_name": "Cascadia fold and fault belt"}}, {"type": "Feature", "geometry": {"type": "LineString", "coordinates": [[-124.80047588880511, 48.315981803212445], [-124.7671087032967, 48.30392665288284]]}, "properties": {"fault_name": "Cascadia fold and fault belt"}}, {"type": "Feature", "geometry": {"type": "LineString", "coordinates": [[-124.78919579318975, 46.89243366706531], [-124.7888221128962, 46.87635533498175]]}, "properties": {"fault_name": "Cascadia fold and fault belt"}}, {"type": "Feature", "geometry": {"type": "LineString", "coordinates": [[-124.7857449841961, 47.96923914795769], [-124.77848902664323, 47.97767802926369], [-124.7724994412144, 47.98216094071475], [-124.76351316403264, 47.988884713287]]}, "properties": {"fault_name": "Cascadia fold and fault belt"}}, {"type": "Feature", "geometry": {"type": "LineString", "coordinates": [[-124.74385617688327, 46.683061649874446], [-124.77869887668689, 46.58892023273553]]}, "properties": {"fault_name": "Cascadia fold and fault belt"}}, {"type": "Feature", "geometry": {"type": "LineString", "coordinates": [[-124.76924486380467, 46.89131960904226], [-124.76897462810933, 46.87647543876924]]}, "properties": {"fault_name": "Cascadia fold and fault belt"}}, {"type": "Feature", "geometry": {"type": "LineString", "coordinates": [[-124.3844738709195, 46.83813627882845], [-124.38301135075487, 46.81776607528778]]}, "properties": {"fault_name": "Cascadia fold and fault belt"}}, {"type": "Feature", "geometry": {"type": "LineString", "coordinates": [[-124.38206921205794, 46.93288908402391], [-124.37511179431841, 46.911467051246404]]}, "properties": {"fault_name": "Cascadia fold and fault belt"}}, {"type": "Feature", "geometry": {"type": "LineString", "coordinates": [[-124.34080859482668, 46.8953120807596], [-124.34050168630817, 46.86956675585223]]}, "properties": {"fault_name": "Cascadia fold and fault belt"}}, {"type": "Feature", "geometry": {"type": "LineString", "coordinates": [[-125.4138312052321, 46.276963407756995], [-125.40994764183347, 46.273907915861635], [-125.3964579574188, 46.26327647287234], [-125.39603848640193, 46.262887592753174], [-125.39562623873827, 46.26249482082793], [-125.39522954540375, 46.262098163223584], [-125.39484063058129, 46.26169761488739], [-125.39445894090863, 46.26128928908522], [-125.39408502615477, 46.26087707418494], [-125.393726668425, 46.26046152596396], [-125.39338330986554, 46.260042089098405], [-125.39303995130606, 46.25961487486821], [-125.39271159640845, 46.25918710329462], [-125.39239879404339, 46.25875655580427], [-125.39209377019034, 46.25831767594873], [-125.39179596969049, 46.25787879382264], [-125.39151372531643, 46.257436579020776], [-125.3912392576578, 46.25698992028323], [-125.39097979006776, 46.25653992682659], [-125.39072810278638, 46.256086043901774], [-125.39049141287872, 46.25562827513906], [-125.39026250238139, 46.25517050379726], [-125.39004137219273, 46.254708844003424], [-125.38984301788977, 46.25424385220855], [-125.38964466538347, 46.25377830426518], [-125.38946908786455, 46.25330886515514], [-125.38929351483722, 46.252836095069185], [-125.38914071859394, 46.25236276930876], [-125.38899569996434, 46.25188999727879], [-125.3888584598468, 46.251413338172746], [-125.38873621889957, 46.25093223282185], [-125.38862953407812, 46.25045557284627], [-125.38853062956535, 46.24997502376216], [-125.38844672332455, 46.249490584846114], [-125.38837004043694, 46.24901003724669], [-125.38830891457341, 46.24852559788354], [-125.38826334573402, 46.248041159832816], [-125.38820220819241, 46.24721728129497], [-125.388026589351, 46.245080638759966], [-125.38779040968639, 46.24294455478156], [-125.3875075652377, 46.2408084702637], [-125.3871719393762, 46.23867960874006], [-125.38677520022763, 46.2365551917668], [-125.38633290481602, 46.2344379967853], [-125.38583671857216, 46.2323208021445], [-125.38502049403368, 46.22926528718445], [-125.38248689369118, 46.222917599786975], [-125.37986217992436, 46.21658546924089], [-125.37795476103044, 46.21191275878405], [-125.37496331993036, 46.20385953877824], [-125.37357482094518, 46.19964070920449], [-125.37229299240836, 46.1954063187275], [-125.37111783342168, 46.19115693282742], [-125.37004212332683, 46.18689199024544], [-125.36827960897642, 46.17858765073014], [-125.36763059684493, 46.17492547589395], [-125.3670810327069, 46.171259967875145], [-125.36661591559552, 46.16758223520236], [-125.3662496904205, 46.16390117003094], [-125.3659745795681, 46.160220101822986], [-125.36569992955143, 46.15297241030248], [-125.36562304544123, 46.145060833777755], [-125.36559282881002, 46.13715314779233], [-125.3657524064354, 46.12133721719929], [-125.36604219755617, 46.11328064170894], [-125.36615654860027, 46.10968734803419], [-125.36617920590834, 46.105224622249814], [-125.36615642014118, 46.10499184922248], [-125.36613363617062, 46.10475907396656], [-125.36610307368802, 46.104522408700156], [-125.36606473179506, 46.10428963270775], [-125.36602639080043, 46.104060747907134], [-125.36597304973718, 46.10382797183394], [-125.36591970957224, 46.10359575472254], [-125.36585858730199, 46.10336686828683], [-125.36579746862499, 46.10313798276939], [-125.36572912659483, 46.10290909630164], [-125.36565245179203, 46.102680210752254], [-125.36556855273777, 46.102451324875496], [-125.36542353770145, 46.10209244090997], [-125.36530908065617, 46.10180244379305], [-125.3651946254075, 46.10151633875085], [-125.36509572538631, 46.101226341718075], [-125.3649962684096, 46.10093690126301], [-125.36491236755872, 46.10064301811013], [-125.36482846940274, 46.10034913276784], [-125.3647601237793, 46.10005580272528], [-125.364691222997, 46.09976191923624], [-125.36463788193375, 46.09946414292764], [-125.36455397659127, 46.09896081789025], [-125.36412658423025, 46.093311439246946], [-125.36379086224899, 46.08766150676089], [-125.36345458421057, 46.082008240801116], [-125.36302719364619, 46.0763627527146], [-125.36249312185359, 46.07034338192441], [-125.36194349303688, 46.064323456198096], [-125.36138664266362, 46.05830797182886], [-125.36081423706287, 46.05228860080016], [-125.36049357443906, 46.048836420744124], [-125.36016513509982, 46.04538368385602], [-125.35980669562338, 46.04201205873894], [-125.35934102784469, 46.0384909897303], [-125.35749451382874, 46.02617725616337], [-125.35564799981276, 46.01386741011251]]}, "properties": {"fault_name": "Cascadia fold and fault belt"}}, {"type": "Feature", "geometry": {"type": "LineString", "coordinates": [[-125.31736830171465, 47.50779726797392], [-125.31646089278492, 47.4822298769008]]}, "properties": {"fault_name": "Cascadia fold and fault belt"}}, {"type": "Feature", "geometry": {"type": "LineString", "coordinates": [[-125.30053295161879, 47.51513178795458], [-125.30206424500493, 47.49325724079106]]}, "properties": {"fault_name": "Cascadia fold and fault belt"}}, {"type": "Feature", "geometry": {"type": "LineString", "coordinates": [[-125.295330447584, 47.503966712992266], [-125.29084118073203, 47.46953820229216]]}, "properties": {"fault_name": "Cascadia fold and fault belt"}}, {"type": "Feature", "geometry": {"type": "LineString", "coordinates": [[-125.29001200967363, 47.522677914107604], [-125.28643328058351, 47.49058285687917]]}, "properties": {"fault_name": "Cascadia fold and fault belt"}}, {"type": "Feature", "geometry": {"type": "LineString", "coordinates": [[-125.26645984929887, 46.72379129722182], [-125.25898800143042, 46.710480181298045], [-125.25008252411521, 46.69103648208883], [-125.24276008943473, 46.669050011709125], [-125.2336518982925, 46.64713712882747], [-125.21955361874761, 46.629763937261394], [-125.21147855665747, 46.61957118404035]]}, "properties": {"fault_name": "Cascadia fold and fault belt"}}, {"type": "Feature", "geometry": {"type": "LineString", "coordinates": [[-125.26241031406666, 47.52713040323058], [-125.26478411310327, 47.490998204149214]]}, "properties": {"fault_name": "Cascadia fold and fault belt"}}, {"type": "Feature", "geometry": {"type": "LineString", "coordinates": [[-125.25987996742214, 46.30835442123541], [-125.25117260276305, 46.27760353487772]]}, "properties": {"fault_name": "Cascadia fold and fault belt"}}, {"type": "Feature", "geometry": {"type": "LineString", "coordinates": [[-125.25037444603987, 47.50201912896649], [-125.25120457829557, 47.48776092715911], [-125.25089281438296, 47.47639418498385], [-125.25038860708199, 47.47072503597283]]}, "properties": {"fault_name": "Cascadia fold and fault belt"}}, {"type": "Feature", "geometry": {"type": "LineString", "coordinates": [[-125.04888012783772, 48.0318451899536], [-125.04539618807804, 48.015984737199915]]}, "properties": {"fault_name": "Cascadia fold and fault belt"}}, {"type": "Feature", "geometry": {"type": "LineString", "coordinates": [[-125.03970577667312, 47.23368366287572], [-125.03362684570445, 47.21116436889195]]}, "properties": {"fault_name": "Cascadia fold and fault belt"}}, {"type": "Feature", "geometry": {"type": "LineString", "coordinates": [[-125.03675413183844, 48.02022887773268], [-125.0321580283497, 48.003700156730496]]}, "properties": {"fault_name": "Cascadia fold and fault belt"}}, {"type": "Feature", "geometry": {"type": "LineString", "coordinates": [[-125.00585000017662, 47.26155719970328], [-124.99718403078415, 47.249567639136735], [-124.99145557662526, 47.23935992288424], [-124.98858334825158, 47.22998937312343], [-124.98501847657305, 47.2206456209042]]}, "properties": {"fault_name": "Cascadia fold and fault belt"}}, {"type": "Feature", "geometry": {"type": "LineString", "coordinates": [[-124.94600148620552, 47.518321525225424], [-124.93529369557957, 47.50735366103968], [-124.92048501303664, 47.497488970053034]]}, "properties": {"fault_name": "Cascadia fold and fault belt"}}, {"type": "Feature", "geometry": {"type": "LineString", "coordinates": [[-124.9402569854407, 47.64273276888261], [-124.93888823771366, 47.63472687627877], [-124.93538370497443, 47.62632824475401]]}, "properties": {"fault_name": "Cascadia fold and fault belt"}}, {"type": "Feature", "geometry": {"type": "LineString", "coordinates": [[-124.85734920770805, 47.272338722921496], [-124.85191738983241, 47.256899396870566]]}, "properties": {"fault_name": "Cascadia fold and fault belt"}}, {"type": "Feature", "geometry": {"type": "LineString", "coordinates": [[-124.81712679680683, 47.707074515722], [-124.82203612037728, 47.69836183401229], [-124.82818973458375, 47.68770689677861], [-124.83496356362863, 47.6760805322988], [-124.84278089187727, 47.66868040570219], [-124.84741235844547, 47.65665878603918], [-124.85219621701512, 47.64652702383978], [-124.85157835486439, 47.63896655718834], [-124.85026161599902, 47.63143214727538], [-124.84646282841038, 47.61925055704852], [-124.84219806492091, 47.60993005376139]]}, "properties": {"fault_name": "Cascadia fold and fault belt"}}, {"type": "Feature", "geometry": {"type": "LineString", "coordinates": [[-124.82717741500521, 47.278210753941735], [-124.81813014670723, 47.2610091238507]]}, "properties": {"fault_name": "Cascadia fold and fault belt"}}, {"type": "Feature", "geometry": {"type": "LineString", "coordinates": [[-124.78772106132716, 47.525211456849206], [-124.78162405984826, 47.5102687828063], [-124.77722788810406, 47.49905508776461], [-124.76919638442372, 47.48607887994113], [-124.75849367197411, 47.47462202627032], [-124.75613898100191, 47.471390437069076]]}, "properties": {"fault_name": "Cascadia fold and fault belt"}}, {"type": "Feature", "geometry": {"type": "LineString", "coordinates": [[-124.71158794807266, 47.49149788174995], [-124.69585984522631, 47.46931665393574]]}, "properties": {"fault_name": "Cascadia fold and fault belt"}}, {"type": "Feature", "geometry": {"type": "LineString", "coordinates": [[-124.70447292989967, 47.7031294150468], [-124.69830434886225, 47.6872385511547], [-124.6929135543507, 47.67226723799593], [-124.69054684661492, 47.6600305457668], [-124.68806972065941, 47.646375986963186], [-124.68677591129169, 47.63883977588585]]}, "properties": {"fault_name": "Cascadia fold and fault belt"}}, {"type": "Feature", "geometry": {"type": "LineString", "coordinates": [[-124.47082286992678, 46.28270998625635], [-124.47499643734693, 46.229650634286884]]}, "properties": {"fault_name": "Cascadia fold and fault belt"}}, {"type": "Feature", "geometry": {"type": "LineString", "coordinates": [[-124.40845461661802, 46.919910401927865], [-124.39346451121857, 46.90928095082431]]}, "properties": {"fault_name": "Cascadia fold and fault belt"}}, {"type": "Feature", "geometry": {"type": "LineString", "coordinates": [[-124.34062610836492, 46.86615944481622], [-124.34062715759715, 46.851889339977]]}, "properties": {"fault_name": "Cascadia fold and fault belt"}}, {"type": "Feature", "geometry": {"type": "LineString", "coordinates": [[-125.11646046391714, 47.21861434820492], [-125.10875793856519, 47.20185229020154]]}, "properties": {"fault_name": "Cascadia fold and fault belt"}}, {"type": "Feature", "geometry": {"type": "LineString", "coordinates": [[-125.07171983975051, 48.19467137382731], [-125.06168570114606, 48.16719531108954]]}, "properties": {"fault_name": "Cascadia fold and fault belt"}}, {"type": "Feature", "geometry": {"type": "LineString", "coordinates": [[-125.03156786485243, 46.435652206868454], [-125.02720910524492, 46.41191007682374], [-125.01913510765836, 46.37924403811798], [-125.01142636865961, 46.34367687828408], [-125.00308386193969, 46.31473187780439]]}, "properties": {"fault_name": "Cascadia fold and fault belt"}}, {"type": "Feature", "geometry": {"type": "LineString", "coordinates": [[-125.02732596169034, 47.31281140489663], [-125.02382279888191, 47.30228100201287], [-125.01637605084082, 47.288348615007486], [-125.00932060264928, 47.279023064016414], [-125.00406783607774, 47.2724716188056], [-124.99615359488132, 47.26531223222737], [-124.98818215256085, 47.25744344008937], [-124.98321765985557, 47.24803541697641], [-124.97807744590094, 47.236500577977516], [-124.97369603886678, 47.22778078605033], [-124.97113126339067, 47.21579047101548], [-124.96676091282103, 47.19462491812033], [-124.96234521619418, 47.17915014712016]]}, "properties": {"fault_name": "Cascadia fold and fault belt"}}, {"type": "Feature", "geometry": {"type": "LineString", "coordinates": [[-124.9543307499615, 47.18941540294307], [-124.93665363981685, 47.16484980498942], [-124.92777733888376, 47.15203423584142], [-124.91855570130093, 47.134964460263895], [-124.90956858239777, 47.11432940614033]]}, "properties": {"fault_name": "Cascadia fold and fault belt"}}, {"type": "Feature", "geometry": {"type": "LineString", "coordinates": [[-124.67171624125498, 47.35815298916692], [-124.66575252820466, 47.34201529019439]]}, "properties": {"fault_name": "Cascadia fold and fault belt"}}, {"type": "Feature", "geometry": {"type": "LineString", "coordinates": [[-124.62666033177985, 46.093664816044395], [-124.62258172796335, 46.08670239482098], [-124.61747914084269, 46.07792208001278], [-124.61338340795037, 46.064776641296696]]}, "properties": {"fault_name": "Cascadia fold and fault belt"}}, {"type": "Feature", "geometry": {"type": "LineString", "coordinates": [[-124.5590668039405, 46.16070398089936], [-124.56136849161597, 46.149079675826606], [-124.56071826765711, 46.140309134212536], [-124.5597839362183, 46.12770146571112], [-124.55648542400466, 46.11517845693641], [-124.54975284290263, 46.0989309271532], [-124.54583232910143, 46.08862842095], [-124.54191328584233, 46.078325776012065], [-124.54259972358523, 46.06620987223634], [-124.54443684930814, 46.05899932900051], [-124.547888527871, 46.05228062086678], [-124.55083540085491, 46.04942713224847]]}, "properties": {"fault_name": "Cascadia fold and fault belt"}}, {"type": "Feature", "geometry": {"type": "LineString", "coordinates": [[-124.49651031405381, 46.88103218498934], [-124.48594197699423, 46.8685201761975]]}, "properties": {"fault_name": "Cascadia fold and fault belt"}}, {"type": "Feature", "geometry": {"type": "LineString", "coordinates": [[-126.94571686590838, 48.599259344020375], [-126.9024145837505, 48.54254107088877], [-126.86718710766294, 48.49923756917836], [-126.83429462608665, 48.467251415938485]]}, "properties": {"fault_name": "Cascadia fold and fault belt"}}, {"type": "Feature", "geometry": {"type": "LineString", "coordinates": [[-126.86089094160067, 48.596604966190704], [-126.83912981079835, 48.56703510699245], [-126.82248100126114, 48.5420104440419], [-126.80840758618497, 48.515641406095526], [-126.80252980058485, 48.504503955062624], [-126.792221876143, 48.49420437610723], [-126.66963408398948, 48.384955205847504]]}, "properties": {"fault_name": "Cascadia fold and fault belt"}}, {"type": "Feature", "geometry": {"type": "LineString", "coordinates": [[-126.41813316442465, 48.03907478003934], [-126.40312220014432, 48.02536790210212], [-126.39680889961635, 48.01709806926159], [-126.39111723236662, 48.008344783986225], [-126.38693570497479, 47.99499588725128], [-126.38134806982153, 47.98714091208133], [-126.37285503510441, 47.97129597270293]]}, "properties": {"fault_name": "Cascadia fold and fault belt"}}, {"type": "Feature", "geometry": {"type": "LineString", "coordinates": [[-126.36681702868512, 47.87442426570514], [-126.33412791311274, 47.85210390393796], [-126.31780681527934, 47.83800172080627], [-126.30411517521581, 47.8233151021872], [-126.29614216533517, 47.80563185172182], [-126.28844919176964, 47.78431848287649], [-126.28185107319433, 47.76069058014133], [-126.27799167357851, 47.74370645908994], [-126.27418360369803, 47.72717162016991], [-126.27128811794164, 47.712851411737404], [-126.26878453121111, 47.70212760821247], [-126.26386221800166, 47.69378324374213], [-126.24403676799044, 47.67758618700409]]}, "properties": {"fault_name": "Cascadia fold and fault belt"}}, {"type": "Feature", "geometry": {"type": "LineString", "coordinates": [[-126.33918896123635, 47.62682750519625], [-126.3057143390166, 47.58149052418481]]}, "properties": {"fault_name": "Cascadia fold and fault belt"}}, {"type": "Feature", "geometry": {"type": "LineString", "coordinates": [[-126.32517747781253, 47.5395327402378], [-126.32272099783717, 47.52519030404335], [-126.31679210618219, 47.5116243797818], [-126.30372442693184, 47.497812329227514], [-126.28371856826207, 47.485550194028725], [-126.25923620330893, 47.472904393829886]]}, "properties": {"fault_name": "Cascadia fold and fault belt"}}, {"type": "Feature", "geometry": {"type": "LineString", "coordinates": [[-126.30496083035965, 47.86169029195124], [-126.27635553062906, 47.82107424813047]]}, "properties": {"fault_name": "Cascadia fold and fault belt"}}, {"type": "Feature", "geometry": {"type": "LineString", "coordinates": [[-126.26967055844047, 48.166664479019936], [-126.26672004099146, 48.158223693949225], [-126.26573621507544, 48.149234612895235], [-126.26542424634694, 48.14021255882082], [-126.26478508244588, 48.13436958702905], [-126.26060920994874, 48.11469185183957], [-126.25836719106937, 48.10034167502447], [-126.25602830505629, 48.085092368737115], [-126.25043553692949, 48.070906016777116], [-126.24469901589936, 48.0553707999551], [-126.2374788112948, 48.038552171026325], [-126.22300348007909, 48.0044635470612]]}, "properties": {"fault_name": "Cascadia fold and fault belt"}}, {"type": "Feature", "geometry": {"type": "LineString", "coordinates": [[-126.21199091443346, 47.971108487259116], [-126.20193115587703, 47.95894515090117], [-126.18747465155303, 47.94337940986533], [-126.17207432688585, 47.93147296692163], [-126.15634462144506, 47.91641746270577], [-126.13603813617557, 47.896157935162904], [-126.11899246082729, 47.88116146589598]]}, "properties": {"fault_name": "Cascadia fold and fault belt"}}, {"type": "Feature", "geometry": {"type": "LineString", "coordinates": [[-126.1850477656764, 47.61095033680973], [-126.168494473105, 47.58102351430268], [-126.15847692638381, 47.55379018777095], [-126.1373997369062, 47.506000932044955], [-126.10986140666274, 47.43863411074828]]}, "properties": {"fault_name": "Cascadia fold and fault belt"}}, {"type": "Feature", "geometry": {"type": "LineString", "coordinates": [[-126.16543531071058, 47.63601078776738], [-126.13932656390186, 47.61678917020094], [-126.11728798393246, 47.602186872073034], [-126.09931049871635, 47.592206300784255], [-126.08646800914141, 47.580169113872266], [-126.07325510644557, 47.56453297712295], [-126.05802867585449, 47.54658152198685], [-126.04761312066523, 47.53201442597669], [-126.03519826060655, 47.50669543225015], [-126.02588320362408, 47.48544601210563], [-126.02192682009355, 47.472980009764775], [-126.01927807369795, 47.438758721267966], [-126.01692515869507, 47.415972216754746], [-126.01297599133125, 47.403505532064294], [-126.00820738525678, 47.39168025086966], [-126.00570040738604, 47.38456818997876], [-125.9960082322574, 47.37659175285553]]}, "properties": {"fault_name": "Cascadia fold and fault belt"}}, {"type": "Feature", "geometry": {"type": "LineString", "coordinates": [[-126.13328380808966, 47.69971125702457], [-126.05844655864993, 47.624217406037]]}, "properties": {"fault_name": "Cascadia fold and fault belt"}}, {"type": "Feature", "geometry": {"type": "LineString", "coordinates": [[-126.1331910633248, 47.37487544413044], [-126.12621289899378, 47.36344405512033], [-126.11919671885828, 47.351621837096026], [-126.11107738509597, 47.33475227070278], [-126.10591510043308, 47.31852383705171], [-126.10132744290465, 47.3077602372532], [-126.09780495104627, 47.30165311804599], [-126.08719776544395, 47.28843362880983], [-126.0728294388499, 47.272255859852095], [-126.05793683569311, 47.256494156120915], [-126.04456273211618, 47.244189063272934], [-126.03511715441448, 47.23640262272941], [-126.03104327932964, 47.2248276561529], [-126.02272969656526, 47.2056086358847]]}, "properties": {"fault_name": "Cascadia fold and fault belt"}}, {"type": "Feature", "geometry": {"type": "LineString", "coordinates": [[-126.06095875842743, 47.36987853193909], [-126.04302040472342, 47.35085128679832], [-126.03126913914828, 47.33152644312765], [-126.02217154363484, 47.312074133716116], [-126.01086805409285, 47.2969446522677], [-126.00018644666251, 47.287810873751845]]}, "properties": {"fault_name": "Cascadia fold and fault belt"}}, {"type": "Feature", "geometry": {"type": "LineString", "coordinates": [[-126.00877002796702, 47.265907953913754], [-125.99803169372309, 47.25111849588262], [-125.99195149972313, 47.242384134003075], [-125.9851660545633, 47.23799843389045], [-125.97620847136832, 47.2348922177117], [-125.96940130494491, 47.224622068720436], [-125.95546000599592, 47.20645010893046]]}, "properties": {"fault_name": "Cascadia fold and fault belt"}}, {"type": "Feature", "geometry": {"type": "LineString", "coordinates": [[-126.00450419099077, 47.140174522934096], [-125.98776665664958, 47.117039456194355], [-125.97970910002935, 47.10565258003293], [-125.96688266784011, 47.09252981024299], [-125.95930868960872, 47.0858267848394]]}, "properties": {"fault_name": "Cascadia fold and fault belt"}}, {"type": "Feature", "geometry": {"type": "LineString", "coordinates": [[-125.95864571316609, 47.022693109269945], [-125.93778967184343, 46.980915961873464], [-125.93033357593352, 46.95812059593306], [-125.92376793055739, 46.93842154196482], [-125.91656186094383, 46.906590128801135], [-125.91626953208241, 46.897972590135694], [-125.91664635737779, 46.884615469214324], [-125.910503144764, 46.874704341207256], [-125.90363658712388, 46.863257679263306], [-125.89745917115567, 46.852955302952815], [-125.88871114425528, 46.845519703716086], [-125.87506341384278, 46.834782190897194], [-125.86571367470384, 46.826980949787846], [-125.8591723089932, 46.818655586072], [-125.8530746328795, 46.80324744670745], [-125.84035982983903, 46.77284703309251], [-125.8357463888653, 46.75501519976466], [-125.83112725526765, 46.731298716026004], [-125.83008078892854, 46.714869951245504], [-125.83152724991082, 46.694794154939125], [-125.83127050780936, 46.67479757809881], [-125.829022400149, 46.66352488692342], [-125.82026086528165, 46.64392422676725], [-125.80984328528973, 46.62479237295285], [-125.80533468309955, 46.613624408742346], [-125.80142722092107, 46.59693595420371], [-125.7889416140422, 46.5680907700034], [-125.782929883345, 46.553068674995075], [-125.76533531939182, 46.52995043296811], [-125.7297359273019, 46.49078792827395], [-125.70630702117398, 46.46557608070445], [-125.69979607601215, 46.456850486928644], [-125.68329342955816, 46.42661122416725], [-125.66514318393988, 46.4027216542486], [-125.65571274015576, 46.39294969093992], [-125.65060580608746, 46.386904345700316]]}, "properties": {"fault_name": "Cascadia fold and fault belt"}}, {"type": "Feature", "geometry": {"type": "LineString", "coordinates": [[-125.94191888314978, 47.26593343188512], [-125.93165372570199, 47.2499395457402], [-125.90521981481155, 47.204887971202226]]}, "properties": {"fault_name": "Cascadia fold and fault belt"}}, {"type": "Feature", "geometry": {"type": "LineString", "coordinates": [[-125.94118219275161, 47.739103013064366], [-125.93265214115655, 47.68844166083386], [-125.930011139137, 47.682238723745705], [-125.92698019821557, 47.678764999164656]]}, "properties": {"fault_name": "Cascadia fold and fault belt"}}, {"type": "Feature", "geometry": {"type": "LineString", "coordinates": [[-125.93800331367589, 47.538999549997136], [-125.92130610291115, 47.50603842280959], [-125.91081413971872, 47.490259484141795], [-125.89572401769225, 47.47288592625874], [-125.87551949300412, 47.45755513091714]]}, "properties": {"fault_name": "Cascadia fold and fault belt"}}, {"type": "Feature", "geometry": {"type": "LineString", "coordinates": [[-125.59572209204546, 46.46076655696146], [-125.60887568257633, 46.47390703803639], [-125.62027960915697, 46.48045627400301], [-125.63993560636293, 46.490163304299195], [-125.66490260792027, 46.50786479773493], [-125.68121128564655, 46.52399354726307], [-125.69733710590681, 46.54405159418361], [-125.70740013612748, 46.5600692640439], [-125.71305438674896, 46.571580068278905], [-125.71968710842903, 46.59324562520401], [-125.72304003698935, 46.6103533517487], [-125.72756657494249, 46.62779966028089], [-125.72910981682021, 46.64381313799378], [-125.73072498859938, 46.672376647980734], [-125.73230414781713, 46.70054940401126], [-125.73343392840722, 46.71815079375644], [-125.7370662752417, 46.72622282322993], [-125.750659334186, 46.7487457549779], [-125.76801638537474, 46.77462522091651], [-125.78729104684423, 46.80826026082221], [-125.79534520962932, 46.82632685214046], [-125.80788137728561, 46.84340126983229], [-125.82199506563259, 46.87060141998364], [-125.8302628693518, 46.89061786824216], [-125.83504965912421, 46.915895497792704], [-125.84060442492122, 46.94309880718715], [-125.84592206602596, 46.96207458086959], [-125.85164793573176, 46.97357744771107], [-125.86114959974823, 46.98843501572413], [-125.8695148679808, 47.003344983696806], [-125.88264760412235, 47.01999328975148], [-125.89854288613802, 47.04121868970719], [-125.9132508262151, 47.05622110678091], [-125.92040081310715, 47.06451595427961], [-125.9276711715523, 47.073981722140225], [-125.93204649609368, 47.08319124106881]]}, "properties": {"fault_name": "Cascadia fold and fault belt"}}, {"type": "Feature", "geometry": {"type": "LineString", "coordinates": [[-125.87842665775753, 47.41584712130196], [-125.87523048341764, 47.38406163494889]]}, "properties": {"fault_name": "Cascadia fold and fault belt"}}, {"type": "Feature", "geometry": {"type": "LineString", "coordinates": [[-125.87325478896888, 47.54984124589205], [-125.87262988133139, 47.534808081916275], [-125.87071774358726, 47.52465418423763], [-125.86373630759199, 47.517144185889386], [-125.84937522141915, 47.5069612956999], [-125.8340747426992, 47.49621748819698], [-125.81900788164864, 47.478834033930596]]}, "properties": {"fault_name": "Cascadia fold and fault belt"}}, {"type": "Feature", "geometry": {"type": "LineString", "coordinates": [[-125.82728270390514, 47.75881300815888], [-125.8225322231382, 47.731470058814885]]}, "properties": {"fault_name": "Cascadia fold and fault belt"}}, {"type": "Feature", "geometry": {"type": "LineString", "coordinates": [[-125.82334568895047, 47.80643011878266], [-125.82266816159688, 47.766252053154474]]}, "properties": {"fault_name": "Cascadia fold and fault belt"}}, {"type": "Feature", "geometry": {"type": "LineString", "coordinates": [[-125.8120396904139, 47.471320781791434], [-125.7900185018284, 47.43738294488837]]}, "properties": {"fault_name": "Cascadia fold and fault belt"}}, {"type": "Feature", "geometry": {"type": "LineString", "coordinates": [[-125.76327276683823, 46.420589491750306], [-125.75077242579206, 46.402727707039546], [-125.74271866635058, 46.39564491798938], [-125.72781863322807, 46.38809169114031], [-125.70720898900808, 46.37412894894771], [-125.68619430161297, 46.36175059089508], [-125.67631428606349, 46.353177813880535], [-125.67174430917647, 46.34083234378819], [-125.66886797460363, 46.32840978875521], [-125.66181557529417, 46.31970752092459], [-125.65401731019418, 46.30907729691088]]}, "properties": {"fault_name": "Cascadia fold and fault belt"}}, {"type": "Feature", "geometry": {"type": "LineString", "coordinates": [[-125.70287675485423, 47.154163259906305], [-125.70376020391875, 47.10391747687675]]}, "properties": {"fault_name": "Cascadia fold and fault belt"}}, {"type": "Feature", "geometry": {"type": "LineString", "coordinates": [[-125.67418912273124, 46.74280983384637], [-125.66458617186986, 46.73186742577813], [-125.6563088846362, 46.72282600090088], [-125.65408466767083, 46.71743443704151], [-125.65432855398225, 46.70800914091324], [-125.65582955078713, 46.69382002924417], [-125.65831611803628, 46.678017332055965], [-125.65842045286496, 46.66114509501359], [-125.65719463698107, 46.648255486096126], [-125.65734650077313, 46.62588923016233], [-125.6514867021399, 46.60614764888303], [-125.64315464642, 46.57827955022223], [-125.63965606412121, 46.55333176721399], [-125.63604970734454, 46.5452563939226], [-125.63342893358856, 46.53556754215929]]}, "properties": {"fault_name": "Cascadia fold and fault belt"}}, {"type": "Feature", "geometry": {"type": "LineString", "coordinates": [[-125.66232482394052, 47.09715027085296], [-125.65489438930499, 47.07355693925166], [-125.65274131891012, 47.06306310311679], [-125.6504614989236, 47.03923916108261]]}, "properties": {"fault_name": "Cascadia fold and fault belt"}}, {"type": "Feature", "geometry": {"type": "LineString", "coordinates": [[-125.59894618422773, 46.91327486811472], [-125.59875406513115, 46.88700414594659], [-125.59863964222184, 46.8736734192589], [-125.60129868600556, 46.8594350087982], [-125.60083560627322, 46.8484730569393], [-125.59873501006736, 46.82620903325003], [-125.59874771404212, 46.80816561584763]]}, "properties": {"fault_name": "Cascadia fold and fault belt"}}, {"type": "Feature", "geometry": {"type": "LineString", "coordinates": [[-125.57147661283273, 46.52343149295268], [-125.55673167114907, 46.51153395477764], [-125.54680862809411, 46.50255948499238], [-125.53851338443624, 46.492727905151106], [-125.53124381201697, 46.48167386972882], [-125.52514405360841, 46.47096016798721]]}, "properties": {"fault_name": "Cascadia fold and fault belt"}}, {"type": "Feature", "geometry": {"type": "LineString", "coordinates": [[-125.56852797196433, 46.41255501004016], [-125.5444034904305, 46.390875744770774], [-125.53164597609157, 46.38163421729558], [-125.52347981135685, 46.37297334424569], [-125.51304872699126, 46.35813595814834], [-125.49623939839421, 46.34161701777351]]}, "properties": {"fault_name": "Cascadia fold and fault belt"}}, {"type": "Feature", "geometry": {"type": "LineString", "coordinates": [[-125.56627668786113, 46.57740030485576], [-125.56449582811605, 46.54609962099799]]}, "properties": {"fault_name": "Cascadia fold and fault belt"}}, {"type": "Feature", "geometry": {"type": "LineString", "coordinates": [[-125.51063973555509, 47.87489803627418], [-125.52570486824702, 47.86386430883596], [-125.53587193236073, 47.85078087326489], [-125.5440724208241, 47.83823271291634], [-125.55384434658704, 47.821099084940435], [-125.56001421041866, 47.80141006019062]]}, "properties": {"fault_name": "Cascadia fold and fault belt"}}, {"type": "Feature", "geometry": {"type": "LineString", "coordinates": [[-125.52217880828033, 46.29732764922991], [-125.48621360963031, 46.26910148390026], [-125.47567613598898, 46.2589733041413]]}, "properties": {"fault_name": "Cascadia fold and fault belt"}}, {"type": "Feature", "geometry": {"type": "LineString", "coordinates": [[-125.49704618702899, 46.44317010780893], [-125.48457809999309, 46.412337934978225], [-125.4765452991455, 46.39268566116315], [-125.47180343771369, 46.377988250789734], [-125.47041978963102, 46.36902748030524], [-125.47033777883547, 46.355695353964904], [-125.47589672898508, 46.34211656977307], [-125.47571256357205, 46.33388781029443], [-125.47507138205488, 46.326855732303635], [-125.46004545543518, 46.3110387077012], [-125.43720815190564, 46.29634412622087], [-125.41656675403696, 46.28076604627352], [-125.40135758008249, 46.26887251429568], [-125.3929105085652, 46.26296138409303]]}, "properties": {"fault_name": "Cascadia fold and fault belt"}}, {"type": "Feature", "geometry": {"type": "LineString", "coordinates": [[-125.23995935168631, 46.24670152709091], [-125.24721395727464, 46.27816358929498], [-125.25275650418718, 46.29636352717242], [-125.2576557064393, 46.30713913670069], [-125.2698703140548, 46.32388262125567], [-125.29594626606749, 46.35651277325813], [-125.321442468752, 46.395045401229844], [-125.34789623241022, 46.431179824260944], [-125.37240899275932, 46.46425487388571], [-125.39582005565072, 46.49737307115997], [-125.4128940414052, 46.516641255078184], [-125.43012261105041, 46.543744769228425], [-125.44445690766486, 46.56489241620586], [-125.44837915162132, 46.57465849218769], [-125.45377093427969, 46.59220494806181], [-125.45774967058944, 46.610858434219146]]}, "properties": {"fault_name": "Cascadia fold and fault belt"}}, {"type": "Feature", "geometry": {"type": "LineString", "coordinates": [[-125.18686658636835, 48.3271969302513], [-125.1990861140567, 48.293013800703065]]}, "properties": {"fault_name": "Cascadia fold and fault belt"}}, {"type": "Feature", "geometry": {"type": "LineString", "coordinates": [[-124.90932992158633, 46.509433695771285], [-124.90253279742946, 46.50028687196741], [-124.89997005573917, 46.487317339115016], [-124.89626904168435, 46.4508685233086]]}, "properties": {"fault_name": "Cascadia fold and fault belt"}}, {"type": "Feature", "geometry": {"type": "LineString", "coordinates": [[-124.90388759791342, 47.29495082093196], [-124.90655519006538, 47.27133113618029], [-124.90733841139867, 47.24582299183915], [-124.90503227436758, 47.22474404581675]]}, "properties": {"fault_name": "Cascadia fold and fault belt"}}, {"type": "Feature", "geometry": {"type": "LineString", "coordinates": [[-124.84228026885425, 47.281206878819056], [-124.8360378211477, 47.26811443123036], [-124.83489523956476, 47.26110205886448], [-124.83423219215523, 47.25289584701363], [-124.83417475387597, 47.24505888819232], [-124.8381020742121, 47.23668060290518], [-124.84645925491218, 47.22617593918367], [-124.85481316843958, 47.21567063027735], [-124.85714165735156, 47.2089194827974], [-124.85551928377875, 47.20310108881896], [-124.85297231291156, 47.200061266868694]]}, "properties": {"fault_name": "Cascadia fold and fault belt"}}, {"type": "Feature", "geometry": {"type": "LineString", "coordinates": [[-124.8348574330677, 47.38887723071947], [-124.82634832389688, 47.36215139205528]]}, "properties": {"fault_name": "Cascadia fold and fault belt"}}, {"type": "Feature", "geometry": {"type": "LineString", "coordinates": [[-124.70059321308709, 47.26644542586922], [-124.68138428314354, 47.234220018777435]]}, "properties": {"fault_name": "Cascadia fold and fault belt"}}, {"type": "Feature", "geometry": {"type": "LineString", "coordinates": [[-124.51364550023196, 47.4239063162987], [-124.51146641462645, 47.41046883604199], [-124.51135622457875, 47.39338284727693], [-124.5130455441998, 47.369080542098125]]}, "properties": {"fault_name": "Cascadia fold and fault belt"}}, {"type": "Feature", "geometry": {"type": "LineString", "coordinates": [[-124.50146204439385, 46.35722849977692], [-124.50878604304127, 46.34390562823148], [-124.51020146004394, 46.332358391284906], [-124.5125846886961, 46.31346043275771], [-124.51356323072159, 46.2857275411914], [-124.51246389223984, 46.250228757935325], [-124.51030940071018, 46.2105862949728], [-124.50745864566505, 46.181943278038545]]}, "properties": {"fault_name": "Cascadia fold and fault belt"}}, {"type": "Feature", "geometry": {"type": "LineString", "coordinates": [[-124.45484863138753, 46.46389712086511], [-124.48847142981509, 46.39635669708162]]}, "properties": {"fault_name": "Cascadia fold and fault belt"}}, {"type": "Feature", "geometry": {"type": "LineString", "coordinates": [[-124.46585689500127, 47.34804970026078], [-124.46482982957737, 47.33417458390718], [-124.4644742700997, 47.321468747758864], [-124.46601414419345, 47.31068519511685], [-124.46909626393324, 47.29706662490983], [-124.47237766413907, 47.278274203973986]]}, "properties": {"fault_name": "Cascadia fold and fault belt"}}, {"type": "Feature", "geometry": {"type": "LineString", "coordinates": [[-124.4316771384026, 47.33649595109403], [-124.43450749989417, 47.31931045028854], [-124.43701526379077, 47.30571257029489], [-124.43806483111423, 47.296138463088646], [-124.43681312937711, 47.27909122771869], [-124.43544514162481, 47.26840688371147]]}, "properties": {"fault_name": "Cascadia fold and fault belt"}}, {"type": "Feature", "geometry": {"type": "LineString", "coordinates": [[-124.3997229363608, 47.33121645973573], [-124.4039655842263, 47.30921537489686], [-124.406047392168, 47.28967128777451], [-124.40644306321971, 47.263030077930196]]}, "properties": {"fault_name": "Cascadia fold and fault belt"}}, {"type": "Feature", "geometry": {"type": "LineString", "coordinates": [[-124.38424942684576, 46.163234788942766], [-124.3907699112176, 46.17032735309975], [-124.39410493994755, 46.17491609792041], [-124.39616219603425, 46.1826841067602], [-124.39720132673072, 46.19728055028244], [-124.39307778918374, 46.23452481929811], [-124.38348377925438, 46.322122193297936], [-124.37771240269288, 46.3683046411586], [-124.3682552636735, 46.45850599379171], [-124.36412149521372, 46.47484521886647], [-124.35985886881635, 46.500071840037904]]}, "properties": {"fault_name": "Cascadia fold and fault belt"}}, {"type": "Feature", "geometry": {"type": "LineString", "coordinates": [[-124.27500974012654, 46.302259484835744], [-124.27963012597573, 46.22738343717906]]}, "properties": {"fault_name": "Cascadia fold and fault belt"}}, {"type": "Feature", "geometry": {"type": "LineString", "coordinates": [[-124.2771821808939, 46.191932382251764], [-124.27899200412041, 46.16365506283081]]}, "properties": {"fault_name": "Cascadia fold and fault belt"}}, {"type": "Feature", "geometry": {"type": "LineString", "coordinates": [[-124.8198706496382, 46.25317282986376], [-124.82856077383038, 46.24588337369125], [-124.83047580235305, 46.24426948206389], [-124.83235249257605, 46.24263670015487], [-124.83418362743433, 46.24097725569653], [-124.8368997672392, 46.23841003195975], [-124.83799866644479, 46.237288366262945], [-124.83906645339883, 46.23615169929048], [-124.84010423841903, 46.23500336685019], [-124.84131702064647, 46.233603369095476], [-124.84552870897397, 46.228709487186734], [-124.85569880400344, 46.21841726582878], [-124.86216105418868, 46.21068505779157]]}, "properties": {"fault_name": "unnamed offshore faults"}}, {"type": "Feature", "geometry": {"type": "LineString", "coordinates": [[-125.11768366300858, 45.82833553127713], [-125.12000313912333, 45.82616886872611], [-125.12164371885201, 45.82470776122609], [-125.1233142996162, 45.823266095011256], [-125.12502321778176, 45.82184665178732], [-125.12676324640228, 45.820446651742465], [-125.12854050030982, 45.8190694332444], [-125.13044053235718, 45.817593322696986], [-125.13199667044913, 45.816330545690434], [-125.1335228066072, 45.81505277113483], [-125.13501838387597, 45.813755548795086], [-125.13648284979149, 45.81243999684231], [-125.13790953526112, 45.81110833430471], [-125.13930566543466, 45.80975778173763], [-125.14127457221313, 45.80759112130293], [-125.14233457975682, 45.80635890474929], [-125.14336458626495, 45.80511557627975], [-125.1443640365787, 45.803860580311785], [-125.14533292890144, 45.80259392106861], [-125.1471262689408, 45.8002594872694], [-125.14846127774238, 45.79861171720358], [-125.1498268436367, 45.79698616616536], [-125.15123852185123, 45.795372841192815], [-125.15400799463447, 45.792386184773704], [-125.15682302368076, 45.78941786129739], [-125.15893637955693, 45.78727064620727], [-125.16081307157653, 45.785431762123096], [-125.16272809740428, 45.78361954522185], [-125.16896929824925, 45.77802344503457], [-125.17398215535113, 45.77370567578864], [-125.17977280616533, 45.76883790892139], [-125.18560178988936, 45.76399680477155], [-125.19276580397454, 45.7583590349628], [-125.19767923194753, 45.754654593182494], [-125.20022760957643, 45.75272070675285], [-125.20211930974952, 45.75123293199841], [-125.20396600792012, 45.74971849009654], [-125.205773820717, 45.7481851613002], [-125.20755162978342, 45.746628498268095], [-125.212877273979, 45.741665734232704]]}, "properties": {"fault_name": "unnamed offshore faults"}}, {"type": "Feature", "geometry": {"type": "LineString", "coordinates": [[-125.0582885898468, 45.890026480223995], [-125.05860137334727, 45.889832034222074], [-125.05891415864434, 45.88963758878998], [-125.0603408513005, 45.88856592295406], [-125.06158420589199, 45.887596476872375], [-125.06280533616334, 45.88661647694563], [-125.06399535597978, 45.885620922004456], [-125.06516259541893, 45.88460981183879], [-125.06630705627742, 45.883583702772704], [-125.06742873765693, 45.8825420367932], [-125.06851986284207, 45.881489261194204], [-125.06957987487733, 45.88042481876642], [-125.07061766259247, 45.879345376807294], [-125.07591271825433, 45.87384483574062], [-125.08190944528965, 45.86759985225204], [-125.08763890466334, 45.85977988622412], [-125.09336113978551, 45.851963808842214], [-125.09392558541452, 45.85126547778141], [-125.09442892404459, 45.85067047874156], [-125.09494059275237, 45.85008326093473], [-125.09547448757687, 45.84950326271334], [-125.09601615911676, 45.84892715169812], [-125.09657283342021, 45.84835882130394], [-125.09715284056489, 45.847794377184854], [-125.09774062532328, 45.847241046164086], [-125.09833563343487, 45.84669160179825], [-125.09895341922882, 45.84615382671925], [-125.0995789853314, 45.84561993679822], [-125.10022010666148, 45.84509715975619], [-125.10087622985681, 45.84458215928626], [-125.10154012976753, 45.8440710482686], [-125.1037907257612, 45.84233549268721], [-125.10518686042633, 45.84120271723889], [-125.10656021561249, 45.84005438515907], [-125.1079030119093, 45.838891051854866], [-125.10922303321871, 45.837708277232316], [-125.11408252185043, 45.83242107172291]]}, "properties": {"fault_name": "unnamed offshore faults"}}, {"type": "Feature", "geometry": {"type": "LineString", "coordinates": [[-125.05765524163887, 45.890419813261786], [-125.0582885898468, 45.890026480223995]]}, "properties": {"fault_name": "unnamed offshore faults"}}, {"type": "Feature", "geometry": {"type": "LineString", "coordinates": [[-125.05702189612592, 45.890812592041364], [-125.05734245903673, 45.890614257205954], [-125.05765524163887, 45.890419813261786]]}, "properties": {"fault_name": "unnamed offshore faults"}}, {"type": "Feature", "geometry": {"type": "LineString", "coordinates": [[-125.05508407195458, 45.89184648625673], [-125.05640410404376, 45.89114425875997]]}, "properties": {"fault_name": "unnamed offshore faults"}}, {"type": "Feature", "geometry": {"type": "LineString", "coordinates": [[-124.90047559434339, 46.16238738995287], [-124.90114725659649, 46.16133017176617]]}, "properties": {"fault_name": "unnamed offshore faults"}}, {"type": "Feature", "geometry": {"type": "LineString", "coordinates": [[-124.9000178173662, 46.16305072079804], [-124.9002239286216, 46.16278016606214]]}, "properties": {"fault_name": "unnamed offshore faults"}}, {"type": "Feature", "geometry": {"type": "LineString", "coordinates": [[-124.89940004055542, 46.16387460704865], [-124.9000178173662, 46.16305072079804]]}, "properties": {"fault_name": "unnamed offshore faults"}}, {"type": "Feature", "geometry": {"type": "LineString", "coordinates": [[-124.8654338557206, 46.207190615020785], [-124.87249109335619, 46.19818008172134], [-124.8763899784203, 46.19271009917636], [-124.88024997092423, 46.187228448722365], [-124.884087739108, 46.18173513386873], [-124.88702495520258, 46.17753126016511], [-124.88995494884227, 46.17332404989959], [-124.89215992299597, 46.169356847255145], [-124.89473105225608, 46.16653351699828], [-124.89728662269547, 46.16370685381055], [-124.89980441538393, 46.16082685924244]]}, "properties": {"fault_name": "unnamed offshore faults"}}, {"type": "Feature", "geometry": {"type": "LineString", "coordinates": [[-124.8989805946914, 46.16443182783819], [-124.89919392840167, 46.16415349719143], [-124.89940004055542, 46.16387460704865]]}, "properties": {"fault_name": "unnamed offshore faults"}}, {"type": "Feature", "geometry": {"type": "LineString", "coordinates": [[-125.05699939871795, 45.89021282593697], [-125.0563660666797, 45.89060616015614]]}, "properties": {"fault_name": "unnamed offshore faults"}}, {"type": "Feature", "geometry": {"type": "LineString", "coordinates": [[-125.0563660666797, 45.89060616015614], [-125.0560532876708, 45.8908006040732], [-125.05573273284483, 45.890998938243186]]}, "properties": {"fault_name": "unnamed offshore faults"}}, {"type": "Feature", "geometry": {"type": "LineString", "coordinates": [[-125.05379495358927, 45.892032825863495], [-125.05511495603405, 45.891330603848964]]}, "properties": {"fault_name": "unnamed offshore faults"}}, {"type": "Feature", "geometry": {"type": "LineString", "coordinates": [[-124.42216495511418, 46.26599893777386], [-124.41390217657069, 46.26400004921845], [-124.39841440001229, 46.25984171493329], [-124.38845050966304, 46.25715616028747], [-124.37597662130705, 46.25466893800907], [-124.3599321758351, 46.251968382096756], [-124.34345217680773, 46.248695605103705], [-124.33139050916594, 46.24590671504216], [-124.32861328841335, 46.24465949320724]]}, "properties": {"fault_name": "J Fault"}}, {"type": "Feature", "geometry": {"type": "LineString", "coordinates": [[-124.36307551037162, 46.26570504884107], [-124.35182162220639, 46.26246282715889], [-124.3418349550731, 46.25933838201122], [-124.32888051026092, 46.25540560471765]]}, "properties": {"fault_name": "J Fault"}}, {"type": "Feature", "geometry": {"type": "LineString", "coordinates": [[-124.31681734512757, 46.04663952322773], [-124.31430698240483, 46.03818634620689], [-124.31178884386502, 46.02973706113909], [-124.31172048476682, 46.029015959774824], [-124.31166712843222, 46.028294860229636], [-124.31162877036961, 46.02757375813793], [-124.31160596933104, 46.026853212976285], [-124.31160594597486, 46.026128221848765], [-124.31162870299595, 46.025407120808076], [-124.31165923493585, 46.02468657484915], [-124.31172032576504, 46.02396158212741], [-124.31178863994745, 46.02324436878993], [-124.31188028786936, 46.022523266933895], [-124.3119869358599, 46.02180605177896], [-124.3121091399762, 46.021088837300475], [-124.31225412267317, 46.020372176802645], [-124.3124141081337, 46.01965884996242], [-124.3125974264354, 46.01894496995834], [-124.31279574570405, 46.01823941929306], [-124.31300962020016, 46.01752998006055], [-124.31323793960603, 46.016828317778796], [-124.31349014791026, 46.016126100733324], [-124.31375680561581, 46.01542832717541], [-124.31403957191105, 46.01473388680977], [-124.31434456342475, 46.014043335001176], [-124.31466510926758, 46.01335667314337], [-124.31500065607734, 46.01267389576655], [-124.31535175901287, 46.011995012997204], [-124.31571786291536, 46.0113194591066], [-124.31610674539849, 46.0106522391598], [-124.316511185804, 46.009984462123484], [-124.31693062537984, 46.00932446226247], [-124.31736562287806, 46.00867224297507], [-124.31781562044493, 46.00802002098845], [-124.3182889517513, 46.0073789092815], [-124.31876950641083, 46.006742243248084], [-124.31927283785441, 46.00610890803735], [-124.31978394960669, 46.00548335322561], [-124.32031839599675, 46.004865018130374], [-124.32086728639828, 46.004251126932516], [-124.32142451226734, 46.00364445712023], [-124.32200451581873, 46.00304556677647], [-124.32259174182504, 46.00245445178611], [-124.32320230336745, 46.001870560157656], [-124.32400342273445, 46.001130556007425], [-124.3248423189541, 46.00032944122029], [-124.32566621780009, 45.99952054319395], [-124.32646734435362, 45.99870441822843], [-124.32724569502145, 45.99787273810821], [-124.32800126261701, 45.99703717072609], [-124.32874127498515, 45.99619049172836], [-124.32945850967093, 45.995332145803005], [-124.33015240702395, 45.99446991224679], [-124.3308240854467, 45.993596568234175], [-124.33148020415044, 45.99271544720535], [-124.3321057675581, 45.99182654816549], [-124.3327163282022, 45.99092987074044], [-124.33330355690343, 45.9900259750258], [-124.33386078277249, 45.9891142976899], [-124.33440245341407, 45.98819873182984], [-124.33492078941786, 45.98727150389355], [-124.33540912169114, 45.986344830298094], [-124.33588245569244, 45.985406488247605], [-124.33633245505592, 45.98446426026766], [-124.33675189732669, 45.98351814179119], [-124.33714856101682, 45.982568138237546], [-124.33753022463833, 45.981610352966406], [-124.3378813293705, 45.98064923828209], [-124.33820910215977, 45.979684232810065], [-124.33851465242557, 45.97871534071751], [-124.33878908774489, 45.97774255930432], [-124.3390485238939, 45.97676589023913], [-124.33927740025524, 45.97578533019563], [-124.33948350162919, 45.97480532902373], [-124.33966626656867, 45.97382088222579], [-124.3396206716781, 45.971833662955284], [-124.33951391499141, 45.967496449764816]]}, "properties": {"fault_name": "Nehalem Bank fault"}}, {"type": "Feature", "geometry": {"type": "LineString", "coordinates": [[-124.30909778681952, 46.329022690689975], [-124.3105391292013, 46.31805557104576], [-124.30906651736281, 46.30806514976922], [-124.30792947209696, 46.29807083798904], [-124.30681522786969, 46.288755402718465], [-124.30896607044268, 46.27868103998772], [-124.31307808080798, 46.26833554086011], [-124.31403189221372, 46.26503945418085], [-124.31590118840359, 46.258703384858016], [-124.31672476655103, 46.2486440451445], [-124.31693803109104, 46.24614574277584], [-124.3201806788738, 46.23832524423295], [-124.32274384456895, 46.230063093218995], [-124.32344514673483, 46.217516582062686], [-124.32336098357588, 46.20886114270275], [-124.31990443255091, 46.19868744280811], [-124.31757724170448, 46.184611554743455], [-124.31778306639735, 46.17526556382596], [-124.31877456302755, 46.16863175025328], [-124.3231076676489, 46.15622628901947], [-124.32608313041501, 46.14977577289635], [-124.32841726344193, 46.13696256969937], [-124.3231294023872, 46.12272617896661], [-124.31935283372879, 46.112556375155236], [-124.31818468519458, 46.10210042423189], [-124.3164832553852, 46.093937229256156], [-124.3163763046624, 46.08504901712643], [-124.31591842437894, 46.08232572571906]]}, "properties": {"fault_name": "Nehalem Bank fault"}}, {"type": "Feature", "geometry": {"type": "LineString", "coordinates": [[-124.5976757813026, 46.073719265861506], [-124.59651657100547, 46.07293396509831], [-124.59155358207994, 46.06979446516039], [-124.58560796469271, 46.06643487969328], [-124.58016388391512, 46.06375483618362], [-124.57422484938226, 46.060736889809576], [-124.56877393242534, 46.057600034897746], [-124.56166228562962, 46.052886141793216], [-124.55967724600696, 46.05153925571322], [-124.55373283775208, 46.048064922719924], [-124.5482702139504, 46.04413147228108], [-124.54314611577195, 46.04076350400797], [-124.53818885180974, 46.03762168628049], [-124.53702866324724, 46.03672268105959], [-124.53472224234855, 46.03560422329317], [-124.52861984379139, 46.03224443587192], [-124.52151949780196, 46.02786837605897], [-124.52002864836655, 46.02662953492968], [-124.51838038714388, 46.02573369970719], [-124.51738191599381, 46.024718662713475], [-124.51191917810607, 46.02044216876417], [-124.51043610718267, 46.01965854180497], [-124.50547396267355, 46.01594586111441], [-124.50266335603341, 46.01392231090071]]}, "properties": {"fault_name": "Fault H"}}, {"type": "Feature", "geometry": {"type": "LineString", "coordinates": [[-124.57579702599529, 46.08624994986759], [-124.57064772558154, 46.07994118475031], [-124.56549922556671, 46.073627423115575], [-124.56511643455953, 46.07320310671023], [-124.56471871984053, 46.072780255303904], [-124.5643157607569, 46.07236043629243], [-124.56390380684235, 46.07194853509083], [-124.5634839486516, 46.07154070913353], [-124.56304957368584, 46.071140040954276], [-124.56260729624054, 46.07074344824368], [-124.56214893715502, 46.070351212165626], [-124.56169105687155, 46.0699656150912], [-124.56121872718674, 46.06958812488263], [-124.56073815815415, 46.06920996522424], [-124.56008878400156, 46.06872538370644], [-124.55940229415638, 46.06821830226653], [-124.55873033725587, 46.06770405617832], [-124.55806699160566, 46.067176195081124], [-124.5574264928081, 46.06664278806436], [-124.5567936458601, 46.066101505783855], [-124.55617417123342, 46.06555595494386], [-124.55556610071929, 46.06499764497902], [-124.55445139565627, 46.06388513374135], [-124.55193341162669, 46.059593691231505], [-124.55114840174767, 46.05873517793765], [-124.55034616757139, 46.05788391229891], [-124.54951478396248, 46.057045053732296], [-124.54866754059721, 46.056213393774335], [-124.54779816364163, 46.05539675576244], [-124.54690618058196, 46.054588496723134], [-124.54558576940371, 46.05344017227274], [-124.54325849860726, 46.0514989028752], [-124.54088570658207, 46.0495876872294], [-124.53745188742538, 46.046944277262924], [-124.53443180174582, 46.0446813250918], [-124.5313494349693, 46.04246133028021], [-124.52680227798545, 46.03931738229789], [-124.52127826960545, 46.035655917048004], [-124.51563991557126, 46.032047565874755], [-124.50358549194391, 46.0244370917548], [-124.48988366498504, 46.01523964271625]]}, "properties": {"fault_name": "Fault H"}}, {"type": "Feature", "geometry": {"type": "LineString", "coordinates": [[-125.05699939871795, 45.89021282593697], [-125.05670162157429, 45.89043060519581], [-125.0563660666797, 45.89060616015614]]}, "properties": {"fault_name": "unnamed offshore faults"}}, {"type": "Feature", "geometry": {"type": "LineString", "coordinates": [[-125.05765524163887, 45.890419813261786], [-125.05799080641495, 45.89024425583669], [-125.0582885898468, 45.890026480223995]]}, "properties": {"fault_name": "unnamed offshore faults"}}, {"type": "Feature", "geometry": {"type": "LineString", "coordinates": [[-124.89940004055542, 46.16387460704865], [-124.89963670800522, 46.16361571778038], [-124.89983504074858, 46.163340719742706], [-124.9000178173662, 46.16305072079804]]}, "properties": {"fault_name": "unnamed offshore faults"}}]}