{
  "det_precision": 0.9973313417973612,
  "det_recall": 0.9720205745341615,
  "det_f1": 0.9845133069569704,
  "p_precision": 0.9064756203611948,
  "p_recall": 0.8700019409937888,
  "p_f1": 0.8878643517188785,
  "p_mae_sec": 0.07407886664061465,
  "s_precision": 0.9203274073301705,
  "s_recall": 0.8565993788819876,
  "s_f1": 0.8873206162507226,
  "s_mae_sec": 0.11175224327011962,
  "loss": 1.346669678946462,
  "skipped_batches": 0.0
}