{
  "best_epoch": 7,
  "strict_test": {
    "det_f1": 0.9845133069569704,
    "p_f1": 0.8878643517188785,
    "s_f1": 0.8873206162507226,
    "p_mae_sec": 0.07407886664061465,
    "s_mae_sec": 0.11175224327011962
  }
}