{
  "pick_checkpoint": "outputs/run20/20_wrongpeak_sharp/best.pt",
  "phase": "C_mixed_geo_only",
  "macro_head": "outputs/zhizi_inversion_mixed_geo/best_physics_head.pt",
  "proof": {
    "checkpoint": "outputs/run20/20_wrongpeak_sharp/best.pt",
    "physics_head": "outputs/zhizi_inversion_mixed_geo/best_physics_head.pt",
    "head_mode": "macro",
    "training_curves": "outputs/proof_suite_phase_c/training_curves.png",
    "stead_summary": {
      "n": 48,
      "pick_mae_p": 0.9421874999999998,
      "pick_mae_s": 0.156382978723404,
      "zhizi_refined_tt_mean": 3.5296413205911015,
      "perturb_refined_tt_mean": 11.219710501969706,
      "zhizi_refine_win_frac": 0.7708333333333334,
      "wilcoxon_zhizi_vs_perturb_refined_tt": {
        "n": 48,
        "w_min": 229.0,
        "w_pos": 229.0,
        "w_neg": 947.0,
        "z_approx": -3.682099699196685,
        "p_approx_two_sided": 0.00011566045420489036,
        "mean_delta_a_minus_b": -7.690069181378604
      }
    },
    "synth_summary": {
      "n": 32,
      "means": {
        "zhizi_wave": 1.098849793896079,
        "perturb_wave": 0.982438649982214,
        "zhizi_init": 0.6611104169860482,
        "perturb_init": 0.17637092771474272,
        "gn_tt": 0.13579009441309609,
        "lbfgs_tt": 0.20057974464725703,
        "adam_tt": 1.5969993639737368
      },
      "medians": {
        "zhizi_wave": 1.0831574201583862,
        "perturb_wave": 0.9725323617458344,
        "zhizi_init": 0.6414373517036438,
        "perturb_init": 0.14029037207365036,
        "gn_tt": 0.10302283987402916,
        "lbfgs_tt": 0.18527187407016754,
        "adam_tt": 1.7069845795631409
      },
      "zhizi_wave_better_than_perturb_frac": 0.09375,
      "wilcoxon_zhizi_wave_vs_perturb_wave": {
        "n": 32,
        "w_min": 33.0,
        "w_pos": 495.0,
        "w_neg": 33.0,
        "z_approx": -4.319455093839072,
        "p_approx_two_sided": 7.820746579629412e-06,
        "mean_delta_a_minus_b": 0.11641114391386509
      },
      "wilcoxon_zhizi_wave_vs_gn": {
        "n": 32,
        "w_min": 0.0,
        "w_pos": 528.0,
        "w_neg": 0.0,
        "z_approx": -4.936520107244654,
        "p_approx_two_sided": 3.9764420713463787e-07,
        "mean_delta_a_minus_b": 0.963059699482983
      }
    },
    "latent_n": 8,
    "verdict": {
      "stead_geom_gate": "PASS",
      "route_a2_wave_init": "FAIL",
      "absolute_tt_oracle": "GN/LBFGS still lower VpRMSE on synth travel-time oracle; Zhizi claim is FWI-lite init (Route A2), not TT-oracle solve."
    }
  }
}