{
  "phase": "D_dual_path",
  "pick_checkpoint": "outputs/run20/20_wrongpeak_sharp/best.pt",
  "stead_head": "outputs/zhizi_inversion_mixed_geo/best_physics_head.pt",
  "synth_head": "outputs/zhizi_inversion_bridge_macro/best_physics_head.pt",
  "proof": {
    "checkpoint": "outputs/run20/20_wrongpeak_sharp/best.pt",
    "head_mode": "macro",
    "dual_path": true,
    "physics_head_stead": "outputs/zhizi_inversion_mixed_geo/best_physics_head.pt",
    "physics_head_synth": "outputs/zhizi_inversion_bridge_macro/best_physics_head.pt",
    "training_curves": "outputs/proof_suite_dual_path/training_curves.png",
    "stead_summary": {
      "n": 48,
      "pick_mae_p": 0.9421874999999998,
      "pick_mae_s": 0.156382978723404,
      "zhizi_refined_tt_mean": 3.5296413205911015,
      "perturb_refined_tt_mean": 11.219710501969706,
      "zhizi_refine_win_frac": 0.7708333333333334,
      "wilcoxon_zhizi_vs_perturb_refined_tt": {
        "n": 48,
        "w_min": 229.0,
        "w_pos": 229.0,
        "w_neg": 947.0,
        "z_approx": -3.682099699196685,
        "p_approx_two_sided": 0.00011566045420489036,
        "mean_delta_a_minus_b": -7.690069181378604
      }
    },
    "synth_summary": {
      "n": 32,
      "means": {
        "zhizi_wave": 0.9244259316474199,
        "perturb_wave": 0.982438649982214,
        "zhizi_init": 0.30040742084383965,
        "perturb_init": 0.17637092771474272,
        "gn_tt": 0.13579009441309609,
        "lbfgs_tt": 0.20057974464725703,
        "adam_tt": 1.5969993639737368
      },
      "medians": {
        "zhizi_wave": 0.9092351198196411,
        "perturb_wave": 0.9725323617458344,
        "zhizi_init": 0.2724475711584091,
        "perturb_init": 0.14029037207365036,
        "gn_tt": 0.10302283987402916,
        "lbfgs_tt": 0.18527187407016754,
        "adam_tt": 1.7069845795631409
      },
      "zhizi_wave_better_than_perturb_frac": 0.9375,
      "wilcoxon_zhizi_wave_vs_perturb_wave": {
        "n": 32,
        "w_min": 5.0,
        "w_pos": 5.0,
        "w_neg": 523.0,
        "z_approx": -4.843025408243808,
        "p_approx_two_sided": 6.393846449734698e-07,
        "mean_delta_a_minus_b": -0.058012718334794044
      },
      "wilcoxon_zhizi_wave_vs_gn": {
        "n": 32,
        "w_min": 0.0,
        "w_pos": 528.0,
        "w_neg": 0.0,
        "z_approx": -4.936520107244654,
        "p_approx_two_sided": 3.9764420713463787e-07,
        "mean_delta_a_minus_b": 0.7886358372343238
      }
    },
    "latent_n": 8,
    "verdict": {
      "stead_geom_gate": "PASS",
      "route_a2_wave_init": "PASS",
      "dual_path": true,
      "absolute_tt_oracle": "GN/LBFGS still lower VpRMSE on synth travel-time oracle; Zhizi claim is FWI-lite init (Route A2), not TT-oracle solve."
    }
  }
}