{
  "checkpoint": "outputs/run20/20_wrongpeak_sharp/best.pt",
  "trainable_params": 9466,
  "total_params": 148868,
  "best_val_vp_rmse": 0.6207542705039183,
  "final_val": {
    "loss_tt": 0.6334009133279324,
    "loss_tp": 0.22134156276782355,
    "loss_ts": 0.4120593536645174,
    "loss_anchor": 0.003983331999431054,
    "loss_anchor_vp": 0.15322441359361014,
    "loss_anchor_vs": 0.24510879690448442,
    "loss_rho_smooth": 0.05910173741479715,
    "rmse_vp_rmse": 0.6675355844199657,
    "rmse_vs_rmse": 0.5157214688758055,
    "rmse_q_rmse": 0.0,
    "loss": 0.696485967685779,
    "loss_waveform": 0.0
  }
}