{
  "true_vp": [
    3.679616689682007,
    4.737722396850586,
    5.757826805114746,
    6.474932670593262,
    7.10969877243042
  ],
  "zhizi_init_vp": [
    2.7501869201660156,
    4.150240421295166,
    5.550293922424316,
    6.615991115570068,
    6.816023826599121
  ],
  "zhizi_wave_vp": [
    4.591076374053955,
    4.912002086639404,
    5.249919891357422,
    5.515074729919434,
    5.5954718589782715
  ],
  "perturb_init_vp": [
    3.812094211578369,
    4.908295154571533,
    5.965126037597656,
    6.70805025100708,
    7.3656697273254395
  ],
  "perturb_wave_vp": [
    5.290210723876953,
    5.542579650878906,
    5.800980567932129,
    5.99393367767334,
    6.153060436248779
  ]
}