{
  "frequency_hz": "4,8,12,16",
  "time_noise_std": 0.0,
  "amp_noise_std": 0.0,
  "true": {
    "vp": [
      3.5,
      4.5,
      5.5,
      6.199999809265137,
      6.800000190734863
    ],
    "vs": [
      2.0,
      2.5999999046325684,
      3.200000047683716,
      3.5999999046325684,
      3.9000000953674316
    ],
    "q": [
      80.0,
      120.0,
      150.0,
      200.0,
      250.0
    ]
  },
  "init_rmse": {
    "vp_rmse": 0.44666221737861633,
    "vs_rmse": 0.29514285922050476,
    "q_rmse": 25.61444854736328
  },
  "time_only": {
    "name": "time_only",
    "amp_weight": 0.0,
    "invert_q": false,
    "rmse": {
      "vp_rmse": 0.8047953844070435,
      "vs_rmse": 0.45948606729507446,
      "q_rmse": 25.61444854736328
    },
    "final_loss": {
      "loss": 0.03886127099394798,
      "loss_tp": 0.0008597989799454808,
      "loss_ts": 0.02405218407511711,
      "smooth": 0.1215091347694397,
      "anchor": 1.5747662782669067
    },
    "recovered": {
      "vp": [
        4.162433624267578,
        4.559224605560303,
        5.044623374938965,
        5.308639049530029,
        5.460500240325928
      ],
      "vs": [
        2.773503303527832,
        2.746185541152954,
        2.7554771900177,
        3.274339437484741,
        3.5362634658813477
      ],
      "q": [
        92.0,
        138.0,
        172.5,
        230.0,
        287.5
      ]
    }
  },
  "time_plus_amp": {
    "name": "time_plus_amp",
    "amp_weight": 2.0,
    "invert_q": true,
    "rmse": {
      "vp_rmse": 0.8204749226570129,
      "vs_rmse": 0.4528052806854248,
      "q_rmse": 21.923742294311523
    },
    "final_loss": {
      "loss": 1.2526705265045166,
      "loss_tp": 0.003809846006333828,
      "loss_ts": 0.036590203642845154,
      "smooth": 19.681657791137695,
      "anchor": 1.621203899383545,
      "loss_amp_p": 0.011349726468324661,
      "loss_amp_s": 0.04497213289141655
    },
    "recovered": {
      "vp": [
        4.050670623779297,
        4.4741644859313965,
        4.9883222579956055,
        5.260082244873047,
        5.415539741516113
      ],
      "vs": [
        2.7308738231658936,
        2.7265284061431885,
        2.7284533977508545,
        3.259722948074341,
        3.5300915241241455
      ],
      "q": [
        98.38056945800781,
        134.1402587890625,
        173.85397338867188,
        227.5217742919922,
        273.21636962890625
      ]
    }
  },
  "time_plus_amp_two_stage": {
    "name": "time_plus_amp_two_stage",
    "rmse": {
      "vp_rmse": 0.7233821153640747,
      "vs_rmse": 0.4631197154521942,
      "q_rmse": 22.895376205444336
    },
    "final_loss": {
      "loss_tp": 0.000574873760342598,
      "loss_ts": 0.023018676787614822,
      "loss_amp_p": 0.0008614340331405401,
      "loss_amp_s": 0.009050524793565273,
      "loss": 0.03962058573961258,
      "smooth": 0.0,
      "anchor": 98.98332977294922
    },
    "recovered": {
      "vp": [
        4.004481315612793,
        4.525130271911621,
        5.146369934082031,
        5.395596027374268,
        5.5393829345703125
      ],
      "vs": [
        2.7567105293273926,
        2.7596964836120605,
        2.756894826889038,
        3.2296502590179443,
        3.524787425994873
      ],
      "q": [
        74.47826385498047,
        126.08395385742188,
        165.72384643554688,
        230.0,
        287.4999694824219
      ]
    }
  }
}