{
  "true_vp": [
    3.679616689682007,
    4.737722396850586,
    5.757826805114746,
    6.474932670593262,
    7.10969877243042
  ],
  "zhizi_init_vp": [
    3.3542277812957764,
    4.593510150909424,
    5.832792282104492,
    6.700289726257324,
    7.443859577178955
  ],
  "zhizi_wave_vp": [
    5.041123390197754,
    5.328838348388672,
    5.632604598999023,
    5.8583269119262695,
    6.039324760437012
  ],
  "perturb_init_vp": [
    3.812094211578369,
    4.908295154571533,
    5.965126037597656,
    6.70805025100708,
    7.3656697273254395
  ],
  "perturb_wave_vp": [
    5.290210723876953,
    5.542579650878906,
    5.800980567932129,
    5.99393367767334,
    6.153060436248779
  ]
}